conversion_id,customer_id,campaign_id,conversion_date,conversion_stage
CONV000001,CUST008242,CAMP0134,2024-06-10,Opportunity
CONV000002,CUST000660,CAMP0058,2024-12-03,Customer
CONV000003,CUST001780,CAMP0035,15-10-2025,Opportunity
CONV000004,CUST006118,CAMP0089,25-07-2023,Customer
CONV000005,CUST006499,CAMP0105,20-04-2025,Opportunity
CONV000006,CUST001107,CAMP0134,2023-07-22,SQL
CONV000007,CUST000971,CAMP0188,2025-03-11,MQL
CONV000008,CUST008471,CAMP0165,2024-04-23,Customer
CONV000009,CUST004688,CAMP0047,2025-05-26,SQL
CONV000010,CUST005851,CAMP0046,11/04/2025,Opportunity
CONV000011,CUST000665,CAMP0186,2025-06-07,Customer
CONV000012,CUST002654,CAMP0190,11/24/2023,MQL
CONV000013,CUST900056,CAMP0002,2024-04-06,Opportunity
CONV000014,CUST009737,CAMP0128,06-06-2024,MQL
CONV000015,CUST008617,CAMP0138,09 Aug 2023,Opportunity
CONV000016,CUST004338,CAMP0198,2024-06-12,Opportunity
CONV000017,CUST003042,CAMP0098,2025-11-21,SQL
CONV000018,CUST000151,CAMP0067,2023-10-23,Customer
CONV000019,CUST006649,CAMP0038,08 Nov 2025,Lead
CONV000020,CUST004531,CAMP0031,2024-07-23,SQL
CONV000021,CUST003493,CAMP0150,2025-05-30,Customer
CONV000022,CUST004740,CAMP0007,2023-11-20,MQL
CONV000023,CUST004665,CAMP0211,2024-06-29,MQL
CONV000024,CUST002624,CAMP0139,2023-04-27,Lead
CONV000025,CUST003784,CAMP0107,17-10-2025,Lead
CONV000026,CUST006189,CAMP0063,12-10-2023,SQL
CONV000027,CUST000776,CAMP0046,2024-02-21,Lead
CONV000028,CUST002597,CAMP0214,10-03-2026,Lead
CONV000029,CUST009927,CAMP0049,2026-02-15,Lead
CONV000030,CUST000039,CAMP0031,2026-05-12,Customer
CONV000031,CUST006712,CAMP0159,2023-03-18,Lead
CONV000032,CUST008613,CAMP0136,2023-01-01,MQL
CONV000033,CUST009875,CAMP0148,2023-12-06,Lead
CONV000034,CUST002271,CAMP0026,12/28/2023,MQL
CONV000035,CUST008508,CAMP0189,2023-03-07,Opportunity
CONV000036,CUST006587,CAMP0115,2024-08-03,SQL
CONV000037,CUST000014,CAMP0169,05/17/2026,Lead
CONV000038,CUST002687,CAMP0002,08-10-2024,SQL
CONV000039,CUST007750,CAMP0024,18-04-2023,SQL
CONV000040,CUST002561,CAMP0018,21-12-2025,Customer
CONV000041,CUST001736,CAMP0089,13 Jun 2026,Customer
CONV000042,CUST009622,CAMP0124,13-07-2025,Opportunity
CONV000043,CUST005287,CAMP0168,14-04-2026,Customer
CONV000044,CUST004992,CAMP0161,2026-07-28,MQL
CONV000045,CUST003450,CAMP0123,,SQL
CONV000046,CUST005199,CAMP0014,2023-12-09,MQL
CONV000047,CUST002014,CAMP0078,19-11-2025,Lead
CONV000048,CUST007738,CAMP0039,2024-10-16,MQL
CONV000049,CUST001233,CAMP0178,2025-02-06,Customer
CONV000050,CUST009205,CAMP0005,2023-10-27,MQL
CONV000051,CUST006458,CAMP0161,2026-01-19,MQL
CONV000052,CUST006261,CAMP0024,2026-05-29,MQL
CONV000053,CUST004001,CAMP0179,2024-03-23,Customer
CONV000054,CUST009092,CAMP0028,16 Oct 2023,SQL
CONV000055,CUST009956,CAMP0107,24-03-2023,Opportunity
CONV000056,CUST000766,CAMP0193,01/23/2026,Customer
CONV000057,CUST001642,CAMP0131,2025-12-25,SQL
CONV000058,CUST004188,CAMP0106,08/06/2025,Customer
CONV000059,CUST004693,CAMP0165,10/06/2024,Opportunity
CONV000060,CUST003628,CAMP0021,02/03/2026,Lead
CONV000061,CUST001448,CAMP0060,10/20/2024,Opportunity
CONV000062,CUST001836,CAMP0091,2025-12-31,Lead
CONV000063,CUST009844,CAMP0167,2024-04-02,MQL
CONV000064,CUST006478,CAMP0163,2024-08-12,Customer
CONV000065,CUST000421,CAMP0141,2023-01-23,Lead
CONV000066,CUST000861,CAMP0048,2023-10-17,Lead
CONV000067,CUST000895,CAMP0097,2026-05-09,Lead
CONV000068,CUST007311,CAMP0029,01/09/2026,MQL
CONV000069,CUST000751,CAMP0085,07 Mar 2026,Opportunity
CONV000070,CUST001287,CAMP0069,31-03-2024,SQL
CONV000071,CUST001492,CAMP0043,,SQL
CONV000072,CUST000316,CAMP0036,2026-01-18,Customer
CONV000073,CUST007070,CAMP0191,2023-01-27,SQL
CONV000074,CUST008790,CAMP0007,02/17/2023,SQL
CONV000075,CUST007278,CAMP0151,11/09/2023,MQL
CONV000076,CUST006236,CAMP0128,08-07-2023,Opportunity
CONV000077,CUST004001,CAMP0194,2026-03-22,Customer
CONV000078,CUST007132,CAMP0140,05/31/2025,SQL
CONV000079,CUST007489,CAMP0039,,Opportunity
CONV000080,CUST003453,CAMP0036,2023-05-01,Customer
CONV000081,CUST008733,CAMP0178,2023-01-04,Lead
CONV000082,CUST007855,CAMP0184,2026-06-06,Opportunity
CONV000083,CUST004061,CAMP0062,27-07-2025,MQL
CONV000084,CUST001391,CAMP0113,06/02/2026,Opportunity
CONV000085,CUST001278,CAMP0079,21 Oct 2024,SQL
CONV000086,CUST008410,CAMP0220,11-04-2024,Lead
CONV000087,CUST007442,CAMP0131,2023-02-11,Customer
CONV000088,CUST000608,CAMP0049,2025-10-01,MQL
CONV000089,CUST009434,CAMP0096,09/25/2024,Lead
CONV000090,CUST004054,CAMP0167,2024-04-19,Lead
CONV000091,CUST004434,CAMP0065,03/03/2025,MQL
CONV000092,CUST009965,CAMP0060,2025-04-26,Lead
CONV000093,CUST008158,CAMP0170,02/26/2026,Customer
CONV000094,CUST002397,CAMP0100,2025-03-13,SQL
CONV000095,CUST008928,CAMP0038,2025-08-11,Lead
CONV000096,CUST004737,CAMP0003,2025-09-01,SQL
CONV000097,CUST006869,CAMP0063,2025-08-07,Lead
CONV000098,CUST007740,CAMP0030,01-06-2025,MQL
CONV000099,CUST002257,CAMP0124,2024-01-06,Opportunity
CONV000100,CUST000198,CAMP0042,18-03-2023,Opportunity
CONV000101,CUST001226,CAMP0163,29-04-2026,SQL
CONV000102,CUST006495,CAMP0177,2023-02-13,Lead
CONV000103,CUST005983,CAMP0009,2023-01-01,Customer
CONV000104,CUST004429,CAMP0039,01/31/2024,Customer
CONV000105,CUST004678,CAMP0002,2026-04-01,Lead
CONV000106,CUST001583,CAMP0118,2025-01-15,Lead
CONV000107,CUST004246,CAMP0028,03/20/2025,Opportunity
CONV000108,CUST006854,CAMP0030,2025-03-07,Opportunity
CONV000109,CUST002599,CAMP0090,2026-02-26,Customer
CONV000110,CUST009176,CAMP0076,2025-05-05,MQL
CONV000111,CUST003446,CAMP0046,31-01-2024,Opportunity
CONV000112,CUST003519,CAMP0092,2023-01-20,SQL
CONV000113,CUST002787,CAMP0002,2025-10-04,Lead
CONV000114,CUST002198,CAMP0169,,MQL
CONV000115,CUST000770,CAMP0050,2023-08-27,Opportunity
CONV000116,CUST001189,CAMP0080,2024-08-04,Opportunity
CONV000117,CUST008149,CAMP0133,2025-03-04,Opportunity
CONV000118,CUST006716,CAMP0185,2024-10-21,Lead
CONV000119,CUST004333,CAMP0192,05-05-2024,Lead
CONV000120,CUST009212,CAMP0110,2023-07-17,Lead
CONV000121,CUST004027,CAMP0127,2026-02-03,Lead
CONV000122,CUST006318,CAMP0105,2023-12-03,MQL
CONV000123,CUST007111,CAMP0042,04-03-2026,SQL
CONV000124,CUST007848,CAMP0047,2024-11-14,Customer
CONV000125,CUST005240,CAMP0033,06/11/2026,Opportunity
CONV000126,CUST003453,CAMP0220,2023-10-24,Opportunity
CONV000127,CUST003066,CAMP0022,2026-07-20,MQL
CONV000128,CUST002990,CAMP0168,06/17/2024,Customer
CONV000129,CUST004791,CAMP0107,2023-12-01,MQL
CONV000130,CUST004012,CAMP0139,2024-11-26,SQL
CONV000131,CUST002627,CAMP0181,2023-11-14,Lead
CONV000132,CUST002546,CAMP0131,07/22/2026,Lead
CONV000133,CUST009771,CAMP0164,31-08-2025,SQL
CONV000134,CUST005038,CAMP0188,2023-11-01,MQL
CONV000135,CUST006195,CAMP0139,22-02-2024,Customer
CONV000136,CUST004748,CAMP0194,05/11/2023,MQL
CONV000137,CUST003403,CAMP0155,2023-11-23,Customer
CONV000138,CUST004725,CAMP0218,2025-05-01,Customer
CONV000139,CUST003828,CAMP0214,2025-06-28,Lead
CONV000140,CUST008288,CAMP0137,2024-12-18,Opportunity
CONV000141,CUST003651,CAMP0100,2025-01-27,Opportunity
CONV000142,CUST004479,CAMP0143,2023-05-21,Opportunity
CONV000143,CUST000897,CAMP0084,28-06-2025,Opportunity
CONV000144,CUST004143,CAMP0049,2024-06-27,SQL
CONV000145,CUST006845,CAMP0102,2024-04-17,MQL
CONV000146,CUST001543,CAMP0015,2026-05-14,Lead
CONV000147,CUST004131,CAMP0004,07/25/2025,MQL
CONV000148,CUST009789,CAMP0161,2026-04-12,Opportunity
CONV000149,CUST007043,CAMP0144,2023-03-08,SQL
CONV000150,CUST006349,CAMP0014,2024-07-05,Customer
CONV000151,CUST008020,CAMP0111,2025-08-27,Lead
CONV000152,CUST006028,CAMP0072,2026-06-29,Customer
CONV000153,CUST004381,CAMP0098,2026-02-02,Opportunity
CONV000154,CUST008226,CAMP0035,2025-02-10,MQL
CONV000155,CUST000124,CAMP0133,2024-11-09,Customer
CONV000156,CUST005961,CAMP0044,2023-08-01,SQL
CONV000157,CUST001755,CAMP0213,2026-01-20,Opportunity
CONV000158,CUST000751,CAMP0058,2023-01-09,Customer
CONV000159,CUST009717,CAMP0134,11-12-2023,Lead
CONV000160,CUST009545,CAMP0154,11 Jan 2023,MQL
CONV000161,CUST001251,CAMP0122,10-04-2023,Opportunity
CONV000162,CUST008798,CAMP0060,09/10/2024,Opportunity
CONV000163,CUST007211,CAMP0171,2024-03-22,Customer
CONV000164,CUST006589,CAMP0156,2024-10-17,SQL
CONV000165,CUST004856,CAMP0161,06-12-2025,Customer
CONV000166,CUST001969,CAMP0013,2026-03-23,Customer
CONV000167,CUST005220,CAMP0014,20-04-2023,Customer
CONV000168,CUST007763,CAMP0123,19-10-2024,SQL
CONV000169,CUST000314,CAMP0126,2026-07-13,Lead
CONV000170,CUST008314,CAMP0148,2024-04-02,MQL
CONV000171,CUST001017,CAMP0138,19-05-2025,Customer
CONV000172,CUST005663,CAMP0169,2025-04-24,Customer
CONV000173,CUST005657,CAMP0194,2024-10-04,MQL
CONV000174,CUST008012,CAMP0039,22-07-2025,Customer
CONV000175,CUST004104,CAMP0117,2024-03-07,Lead
CONV000176,CUST008030,CAMP0189,2023-06-27,Lead
CONV000177,CUST004875,CAMP0022,2025-03-21,Customer
CONV000178,CUST007556,CAMP0018,,Opportunity
CONV000179,CUST006354,CAMP0075,2025-12-01,Customer
CONV000180,CUST008053,CAMP0038,2025-11-22,Opportunity
CONV000181,CUST000057,CAMP0068,2023-09-15,Opportunity
CONV000182,CUST003986,CAMP0064,2025-03-15,Customer
CONV000183,CUST007938,CAMP0160,11/13/2024,SQL
CONV000184,CUST000230,CAMP0015,2026-06-29,MQL
CONV000185,CUST007588,CAMP0100,2023-08-15,Lead
CONV000186,CUST004151,CAMP0100,,MQL
CONV000187,CUST009241,CAMP0073,2025-10-28,SQL
CONV000188,CUST005309,CAMP0199,09/23/2025,Customer
CONV000189,CUST000005,CAMP0187,2026-05-29,Lead
CONV000190,CUST004535,CAMP0048,27-07-2025,Customer
CONV000191,CUST002953,CAMP0189,18-07-2024,MQL
CONV000192,CUST004670,CAMP0141,21-05-2026,SQL
CONV000193,CUST001875,CAMP0167,02/28/2025,MQL
CONV000194,CUST003877,CAMP0012,,SQL
CONV000195,CUST002764,CAMP0102,2025-11-04,Lead
CONV000196,CUST009767,CAMP0074,08-07-2025,Opportunity
CONV000197,CUST004523,CAMP0091,2024-08-11,Opportunity
CONV000198,CUST009737,CAMP0023,2025-11-01,MQL
CONV000199,CUST005994,CAMP0060,11/01/2025,SQL
CONV000200,CUST009913,CAMP0217,2023-06-27,SQL
CONV000201,CUST006443,CAMP0058,2023-12-28,MQL
CONV000202,CUST003326,CAMP0190,2023-05-25,SQL
CONV000203,CUST004410,CAMP0216,,Customer
CONV000204,CUST001504,CAMP0023,19 Mar 2024,MQL
CONV000205,CUST006574,CAMP0060,2023-11-03,MQL
CONV000206,CUST004197,CAMP0066,05 Nov 2024,Lead
CONV000207,CUST003491,CAMP0067,05/05/2024,Opportunity
CONV000208,CUST006603,CAMP0137,2025-04-07,Customer
CONV000209,CUST000025,CAMP0132,2026-01-21,SQL
CONV000210,CUST004589,CAMP0212,01/24/2025,SQL
CONV000211,CUST003256,CAMP0214,13-10-2024,Customer
CONV000212,CUST006366,CAMP0106,2025-07-23,Customer
CONV000213,CUST002454,CAMP0094,01-09-2023,SQL
CONV000214,CUST000705,CAMP0051,2023-10-16,SQL
CONV000215,CUST003730,CAMP0059,03/07/2024,Lead
CONV000216,CUST000269,CAMP0123,04/25/2025,Customer
CONV000217,CUST002951,CAMP0191,2024-02-24,Lead
CONV000218,CUST005974,CAMP0002,03/12/2024,Lead
CONV000219,CUST000238,CAMP0153,05/02/2026,Customer
CONV000220,CUST005534,CAMP0121,2026-02-16,SQL
CONV000221,CUST009002,CAMP0049,2024-05-02,Customer
CONV000222,CUST900012,CAMP0122,30-04-2025,SQL
CONV000223,CUST000338,CAMP0066,2024-04-10,Customer
CONV000224,CUST001293,CAMP0201,2025-11-27,MQL
CONV000225,CUST001287,CAMP0146,18-07-2026,MQL
CONV000226,CUST009299,CAMP0069,01/23/2025,SQL
CONV000227,CUST003836,CAMP0135,2025-02-14,MQL
CONV000228,CUST005980,CAMP0065,2025-12-03,SQL
CONV000229,CUST002557,CAMP0037,14 Mar 2023,Opportunity
CONV000230,CUST000203,CAMP0089,2023-01-08,SQL
CONV000231,CUST004096,CAMP0148,05/02/2026,SQL
CONV000232,CUST004264,CAMP0037,2025-10-01,Lead
CONV000233,CUST003241,CAMP0128,2026-03-22,SQL
CONV000234,CUST006100,CAMP0087,2023-07-03,Lead
CONV000235,CUST003393,CAMP0052,2024-05-17,Lead
CONV000236,CUST008563,CAMP0167,09-06-2023,Opportunity
CONV000237,CUST003724,CAMP0152,18-09-2023,MQL
CONV000238,CUST007541,CAMP0033,2025-08-20,Lead
CONV000239,CUST009044,CAMP0141,30-11-2025,SQL
CONV000240,CUST009571,CAMP0013,12/06/2024,Opportunity
CONV000241,CUST007270,CAMP0183,24-02-2026,Opportunity
CONV000242,CUST004380,CAMP0208,2025-06-27,Lead
CONV000243,CUST006792,CAMP0060,2025-12-22,Customer
CONV000244,CUST002821,CAMP0083,16 Nov 2024,Customer
CONV000245,CUST008989,CAMP0178,2023-01-01,Opportunity
CONV000246,CUST002163,CAMP0141,2025-08-07,Customer
CONV000247,CUST003801,CAMP0151,08/26/2024,MQL
CONV000248,CUST000455,CAMP0211,30-04-2024,Opportunity
CONV000249,CUST009222,CAMP0165,05/21/2025,Customer
CONV000250,CUST004110,CAMP0019,21-08-2025,SQL
CONV000251,CUST007132,CAMP0200,2023-11-10,Opportunity
CONV000252,CUST005673,CAMP0066,2025-12-24,MQL
CONV000253,CUST006257,CAMP0214,2026-07-12,Lead
CONV000254,CUST008540,CAMP0135,24-03-2026,SQL
CONV000255,CUST001247,CAMP0005,31-01-2026,Customer
CONV000256,CUST002777,CAMP0003,2024-07-31,Opportunity
CONV000257,CUST001088,CAMP0008,10/02/2025,MQL
CONV000258,CUST004613,CAMP0163,2026-03-18,Customer
CONV000259,CUST009605,CAMP0127,2026-01-13,Lead
CONV000260,CUST009354,CAMP0058,2024-06-01,Lead
CONV000261,CUST005087,CAMP0201,17-12-2025,MQL
CONV000262,CUST003995,CAMP0115,11/29/2024,SQL
CONV000263,CUST007798,CAMP0030,2023-04-20,MQL
CONV000264,CUST002566,CAMP0199,02/01/2025,SQL
CONV000265,CUST000724,CAMP0067,2024-08-27,MQL
CONV000266,CUST009510,CAMP0090,15-04-2026,MQL
CONV000267,CUST003958,CAMP0036,13-06-2025,Opportunity
CONV000268,CUST004440,CAMP0178,2026-04-18,SQL
CONV000269,CUST003726,CAMP0190,2024-07-27,Customer
CONV000270,CUST001823,CAMP0160,11 Sep 2025,MQL
CONV000271,CUST000962,CAMP0026,2024-02-15,SQL
CONV000272,CUST009317,CAMP0108,2023-02-25,Customer
CONV000273,CUST006173,CAMP0155,2023-06-11,MQL
CONV000274,CUST000693,CAMP0149,2023-04-04,Lead
CONV000275,CUST003271,CAMP0122,2025-11-15,SQL
CONV000276,CUST001458,CAMP0197,08-05-2026,Customer
CONV000277,CUST009857,CAMP0101,07/18/2024,SQL
CONV000278,CUST000331,CAMP0193,2026-04-06,Opportunity
CONV000279,CUST001492,CAMP0014,2024-09-24,MQL
CONV000280,CUST008003,CAMP0006,07/20/2026,Opportunity
CONV000281,CUST009656,CAMP0038,10-11-2024,Opportunity
CONV000282,CUST000075,CAMP0052,09 Sep 2024,Lead
CONV000283,CUST005926,CAMP0070,17 Apr 2023,Customer
CONV000284,CUST003875,CAMP0039,2024-02-04,SQL
CONV000285,CUST000555,CAMP0043,2026-07-31,MQL
CONV000286,CUST003116,CAMP0102,2024-08-08,SQL
CONV000287,CUST000091,CAMP0125,09-12-2023,Customer
CONV000288,CUST004786,CAMP0146,13-07-2024,Lead
CONV000289,CUST006717,CAMP0085,02/21/2023,Customer
CONV000290,CUST008331,CAMP0219,28-11-2023,MQL
CONV000291,CUST000705,CAMP0045,2025-01-28,Opportunity
CONV000292,CUST001771,CAMP0213,2023-08-27,SQL
CONV000293,CUST001689,CAMP0123,2025-03-31,MQL
CONV000294,CUST001002,CAMP0080,23-05-2025,Lead
CONV000295,CUST007693,CAMP0024,2023-02-20,Lead
CONV000296,CUST008819,CAMP0110,2025-04-14,MQL
CONV000297,CUST003239,CAMP0054,2023-11-30,SQL
CONV000298,CUST004485,CAMP0062,2023-02-07,Opportunity
CONV000299,CUST001646,CAMP0050,,MQL
CONV000300,CUST006237,CAMP0159,2024-09-13,Customer
CONV000301,CUST008664,CAMP0218,2025-05-13,SQL
CONV000302,CUST005440,CAMP0025,02-06-2026,Opportunity
CONV000303,CUST007755,CAMP0178,26 Dec 2024,MQL
CONV000304,CUST000819,CAMP0213,2026-05-16,Customer
CONV000305,CUST002066,CAMP0192,2023-06-09,Lead
CONV000306,CUST001249,CAMP0019,07-01-2024,MQL
CONV000307,CUST007126,CAMP0199,2026-06-19,
CONV000308,CUST007146,CAMP0056,07/21/2024,Lead
CONV000309,CUST001132,CAMP0022,2023-01-02,SQL
CONV000310,CUST004944,CAMP0148,2025-01-25,Lead
CONV000311,CUST008504,CAMP0103,2023-07-17,Opportunity
CONV000312,CUST009374,CAMP0157,19-06-2025,SQL
CONV000313,CUST007401,CAMP0180,2024-01-29,SQL
CONV000314,CUST001190,CAMP0149,15-07-2023,MQL
CONV000315,CUST007360,CAMP0078,15-11-2024,Lead
CONV000316,CUST004960,CAMP0049,2024-11-24,Opportunity
CONV000317,CUST000654,CAMP0201,,SQL
CONV000318,CUST002531,CAMP0097,2023-03-21,Opportunity
CONV000319,CUST006584,CAMP0137,2025-01-21,Lead
CONV000320,CUST002831,CAMP0211,08/12/2025,MQL
CONV000321,CUST005447,CAMP0147,11-06-2024,Lead
CONV000322,CUST007520,CAMP0109,02 Nov 2024,
CONV000323,CUST003000,CAMP0108,2023-11-27,Lead
CONV000324,CUST003379,CAMP0114,26-06-2026,SQL
CONV000325,CUST000056,CAMP0181,,Customer
CONV000326,CUST004009,CAMP0074,2023-10-07,SQL
CONV000327,CUST009303,CAMP0068,2025-05-13,Opportunity
CONV000328,CUST004514,CAMP0150,2026-04-30,Customer
CONV000329,CUST001527,CAMP0047,2024-06-06,Lead
CONV000330,CUST002347,CAMP0137,12/25/2023,SQL
CONV000331,CUST009634,CAMP0101,,Lead
CONV000332,CUST004684,CAMP0147,2023-02-08,Lead
CONV000333,CUST009738,CAMP0125,2025-07-08,Customer
CONV000334,CUST008572,CAMP0027,2023-04-23,Lead
CONV000335,CUST002278,CAMP0142,2025-03-09,Lead
CONV000336,CUST007123,CAMP0209,2023-06-26,Lead
CONV000337,CUST008804,CAMP0129,2026-02-26,MQL
CONV000338,CUST001379,CAMP0040,31-08-2023,Customer
CONV000339,CUST003833,CAMP0191,10/18/2023,SQL
CONV000340,CUST004956,CAMP0105,15 Feb 2025,Opportunity
CONV000341,CUST007543,CAMP0054,2025-04-02,SQL
CONV000342,CUST006905,CAMP0082,2025-12-15,Lead
CONV000343,CUST000318,CAMP0163,26-10-2025,Opportunity
CONV000344,CUST004135,CAMP0085,2024-11-29,MQL
CONV000345,CUST005292,CAMP0197,15 Dec 2024,MQL
CONV000346,CUST005340,CAMP0056,2023-09-10,Lead
CONV000347,CUST000780,CAMP0071,11/12/2024,Lead
CONV000348,CUST009756,CAMP0068,13-02-2023,SQL
CONV000349,CUST004460,CAMP0002,2023-07-08,Lead
CONV000350,CUST004846,CAMP0106,2025-05-01,SQL
CONV000351,CUST007417,CAMP0159,2026-05-10,Lead
CONV000352,CUST009589,CAMP0118,2023-07-13,Opportunity
CONV000353,CUST003910,CAMP0164,2026-06-21,Lead
CONV000354,CUST002528,CAMP0126,2024-07-09,
CONV000355,CUST005096,CAMP0085,2024-07-05,Customer
CONV000356,CUST007693,CAMP0112,2025-12-21,Opportunity
CONV000357,CUST009614,CAMP0191,02/10/2024,Lead
CONV000358,CUST006819,CAMP0028,28-12-2024,MQL
CONV000359,CUST001685,CAMP0074,2024-01-21,Opportunity
CONV000360,CUST002991,CAMP0212,2023-11-28,Opportunity
CONV000361,CUST009732,CAMP0142,2023-11-09,SQL
CONV000362,CUST004958,CAMP0174,24-10-2025,Opportunity
CONV000363,CUST003169,CAMP0176,01/09/2026,Lead
CONV000364,CUST004211,CAMP0125,07-03-2026,SQL
CONV000365,CUST000625,CAMP0147,2025-10-05,Opportunity
CONV000366,CUST001868,CAMP0018,2026-06-27,SQL
CONV000367,CUST002783,CAMP0014,2024-12-16,MQL
CONV000368,CUST002089,CAMP0106,2026-02-01,SQL
CONV000369,CUST008020,CAMP0179,2025-04-29,SQL
CONV000370,CUST005532,CAMP0114,07/13/2026,Opportunity
CONV000371,CUST008125,CAMP0168,2023-06-19,Opportunity
CONV000372,CUST002792,CAMP0208,2026-04-10,Customer
CONV000373,CUST000857,CAMP0034,2023-04-16,SQL
CONV000374,CUST005348,CAMP0055,2023-11-06,Lead
CONV000375,CUST008496,CAMP0159,2025-08-27,MQL
CONV000376,CUST008029,CAMP0214,2023-09-05,Lead
CONV000377,CUST001248,CAMP0199,2023-04-30,Lead
CONV000378,CUST009355,CAMP0131,2025-11-27,Opportunity
CONV000379,CUST000291,CAMP0081,13 Jan 2023,MQL
CONV000380,CUST005642,CAMP0110,09/11/2024,Opportunity
CONV000381,CUST004685,CAMP0174,03/16/2024,Lead
CONV000382,CUST001062,CAMP0047,2024-01-02,Customer
CONV000383,CUST003547,CAMP0203,2025-11-09,MQL
CONV000384,CUST900015,CAMP0174,2026-02-12,Lead
CONV000385,CUST003357,CAMP0140,2023-07-04,Customer
CONV000386,CUST002327,CAMP0151,03-11-2025,Lead
CONV000387,CUST002594,CAMP0150,30-11-2023,Lead
CONV000388,CUST008219,CAMP0122,2026-02-03,Lead
CONV000389,CUST001876,CAMP0179,2024-05-17,SQL
CONV000390,CUST009141,CAMP0117,06/12/2025,MQL
CONV000391,CUST000508,CAMP0192,01-08-2023,SQL
CONV000392,CUST009116,CAMP0075,,SQL
CONV000393,CUST004929,CAMP0153,2024-01-09,Lead
CONV000394,CUST003821,CAMP0116,2023-06-27,SQL
CONV000395,CUST003648,CAMP0028,2025-05-11,SQL
CONV000396,CUST004114,CAMP0074,2025-05-07,MQL
CONV000397,CUST001458,CAMP0195,11-08-2023,Opportunity
CONV000398,CUST002891,CAMP0214,2026-06-17,SQL
CONV000399,CUST005580,CAMP0186,2025-08-12,SQL
CONV000400,CUST008762,CAMP0021,2024-12-26,Lead
CONV000401,CUST006026,CAMP0173,2024-02-02,MQL
CONV000402,CUST008517,CAMP0125,21-05-2026,Customer
CONV000403,CUST008474,CAMP0065,15-03-2025,SQL
CONV000404,CUST001748,CAMP0015,2023-07-04,MQL
CONV000405,CUST006812,CAMP0127,2023-10-18,Lead
CONV000406,CUST005840,CAMP0130,2026-03-22,SQL
CONV000407,CUST006736,CAMP0072,30-04-2026,Opportunity
CONV000408,CUST002694,CAMP0205,2023-11-27,Opportunity
CONV000409,CUST001559,CAMP0085,2025-03-22,SQL
CONV000410,CUST005929,CAMP0099,03/03/2026,SQL
CONV000411,CUST005942,CAMP0099,2025-05-11,Opportunity
CONV000412,CUST003839,CAMP0147,21-03-2023,Customer
CONV000413,CUST005274,CAMP0204,07/07/2023,Opportunity
CONV000414,CUST001280,CAMP0199,27-08-2023,SQL
CONV000415,CUST003255,CAMP0065,2023-05-20,SQL
CONV000416,CUST000639,CAMP0198,2024-05-20,Lead
CONV000417,CUST006027,CAMP0113,02/26/2023,Lead
CONV000418,CUST003172,CAMP0197,23-02-2026,SQL
CONV000419,CUST002080,CAMP0029,05/31/2023,MQL
CONV000420,CUST009691,CAMP0181,2024-04-08,Opportunity
CONV000421,CUST006190,CAMP0199,2024-03-22,Lead
CONV000422,CUST009887,CAMP0024,07/21/2023,SQL
CONV000423,CUST000221,CAMP0036,2026-04-06,SQL
CONV000424,CUST004315,CAMP0109,2025-11-12,SQL
CONV000425,CUST008626,CAMP0092,2024-02-12,Lead
CONV000426,CUST005853,CAMP0167,2025-02-01,Opportunity
CONV000427,CUST006690,CAMP0219,2023-02-02,Opportunity
CONV000428,CUST009113,CAMP0168,01 Sep 2023,Lead
CONV000429,CUST005316,CAMP0046,09/13/2024,Opportunity
CONV000430,CUST006990,CAMP0073,,Lead
CONV000431,CUST006927,CAMP0130,2024-04-03,Opportunity
CONV000432,CUST002196,CAMP0058,22-11-2023,SQL
CONV000433,CUST008932,CAMP0192,2025-03-24,Opportunity
CONV000434,CUST003508,CAMP0179,2023-09-29,Lead
CONV000435,CUST007454,CAMP0136,2023-09-18,Lead
CONV000436,CUST007620,CAMP0122,22-07-2024,Opportunity
CONV000437,CUST009890,CAMP0078,,Lead
CONV000438,CUST003393,CAMP0028,11/26/2025,Opportunity
CONV000439,CUST001770,CAMP0080,08/11/2025,SQL
CONV000440,CUST002350,CAMP0157,2024-04-01,MQL
CONV000441,CUST001763,CAMP0040,11/25/2023,Lead
CONV000442,CUST005241,CAMP0179,2024-05-18,MQL
CONV000443,CUST009374,CAMP0097,2023-07-02,Customer
CONV000444,CUST005206,CAMP0216,12-02-2026,Lead
CONV000445,CUST009149,CAMP0201,,Lead
CONV000446,CUST007948,CAMP0083,10/12/2024,Customer
CONV000447,CUST004713,CAMP0070,2025-05-19,Customer
CONV000448,CUST003622,CAMP0068,06/20/2023,Lead
CONV000449,CUST006654,CAMP0180,2023-01-18,Opportunity
CONV000450,CUST008477,CAMP0030,2025-06-06,SQL
CONV000451,CUST008336,CAMP0048,2025-11-29,MQL
CONV000452,CUST001990,CAMP0096,2024-01-03,Lead
CONV000453,CUST004119,CAMP0195,19-12-2024,Customer
CONV000454,CUST002757,CAMP0079,2025-08-09,MQL
CONV000455,CUST006388,CAMP0164,2023-07-11,Customer
CONV000456,CUST006691,CAMP0174,22-02-2023,Lead
CONV000457,CUST009179,CAMP0088,07/03/2023,MQL
CONV000458,CUST009421,CAMP0003,15-12-2025,Lead
CONV000459,CUST004789,CAMP0204,2023-10-25,Lead
CONV000460,CUST007994,CAMP0117,2025-05-25,Lead
CONV000461,CUST006199,CAMP0098,2025-08-18,MQL
CONV000462,CUST007667,CAMP0150,2024-06-25,Lead
CONV000463,CUST008269,CAMP0164,11/29/2023,SQL
CONV000464,CUST006825,CAMP0192,2025-06-14,Customer
CONV000465,CUST000643,CAMP0159,14-04-2023,Lead
CONV000466,CUST006787,CAMP0131,2025-10-04,Opportunity
CONV000467,CUST000716,CAMP0055,2026-03-03,SQL
CONV000468,CUST002156,CAMP0060,03/08/2023,Lead
CONV000469,CUST004317,CAMP0074,04-02-2026,SQL
CONV000470,CUST004846,CAMP0106,2025-08-01,SQL
CONV000471,CUST001446,CAMP0174,2026-05-02,Lead
CONV000472,CUST003985,CAMP0208,2026-05-30,Lead
CONV000473,CUST000890,CAMP0104,2026-02-16,SQL
CONV000474,CUST006622,CAMP0047,2025-05-14,Lead
CONV000475,CUST002369,CAMP0011,06-03-2023,SQL
CONV000476,CUST007748,CAMP0062,23-09-2023,Opportunity
CONV000477,CUST009083,CAMP0077,2024-11-26,SQL
CONV000478,CUST006479,CAMP0077,25-12-2024,Opportunity
CONV000479,CUST003770,CAMP0203,31 Dec 2023,MQL
CONV000480,CUST007128,CAMP0162,2026-06-09,SQL
CONV000481,CUST005692,CAMP0172,2023-07-14,SQL
CONV000482,CUST004493,CAMP0090,05/30/2024,MQL
CONV000483,CUST009125,CAMP0200,10/11/2023,Customer
CONV000484,CUST002797,CAMP0050,14-06-2023,SQL
CONV000485,CUST003173,CAMP0083,,SQL
CONV000486,CUST008810,CAMP0039,2025-11-21,MQL
CONV000487,CUST003477,CAMP0187,2023-03-13,Opportunity
CONV000488,CUST008974,CAMP0219,2023-08-28,Opportunity
CONV000489,CUST002467,CAMP0115,2023-05-30,SQL
CONV000490,CUST002554,CAMP0177,03/17/2023,Lead
CONV000491,CUST007404,CAMP0185,2023-05-22,Lead
CONV000492,CUST005399,CAMP0188,2023-11-05,Opportunity
CONV000493,CUST004046,CAMP0178,2023-12-29,SQL
CONV000494,CUST008891,CAMP0130,11/14/2024,MQL
CONV000495,CUST004133,CAMP0134,12/27/2024,MQL
CONV000496,CUST005210,CAMP0102,2026-06-19,SQL
CONV000497,CUST007851,CAMP0074,2023-10-12,Lead
CONV000498,CUST002309,CAMP0135,14 Aug 2025,SQL
CONV000499,CUST002741,CAMP0026,2026-05-13,Lead
CONV000500,CUST008272,CAMP0169,08-06-2023,Lead
CONV000501,CUST004450,CAMP0034,02-11-2025,Opportunity
CONV000502,CUST006161,CAMP0072,07/09/2024,SQL
CONV000503,CUST008793,CAMP0118,2023-01-03,Lead
CONV000504,CUST003471,CAMP0195,2023-08-14,Customer
CONV000505,CUST003162,CAMP0097,,Lead
CONV000506,CUST006974,CAMP0017,19-07-2026,SQL
CONV000507,CUST006173,CAMP0019,2026-02-23,Customer
CONV000508,CUST003058,CAMP0046,2023-01-25,MQL
CONV000509,CUST002242,CAMP0208,2024-12-28,Customer
CONV000510,CUST003380,CAMP0116,23-03-2023,SQL
CONV000511,CUST005784,CAMP0094,2024-09-12,MQL
CONV000512,CUST005390,CAMP0153,12/28/2024,SQL
CONV000513,CUST007513,CAMP0146,08-05-2023,MQL
CONV000514,CUST000416,CAMP0096,2024-02-22,Lead
CONV000515,CUST003771,CAMP0002,2023-11-22,Customer
CONV000516,CUST006090,CAMP0141,03/16/2025,Opportunity
CONV000517,CUST007770,CAMP0108,2025-02-24,SQL
CONV000518,CUST009511,CAMP0080,2024-08-03,Opportunity
CONV000519,CUST006642,CAMP0178,2024-03-01,Customer
CONV000520,CUST000600,CAMP0060,2026-02-20,Opportunity
CONV000521,CUST008403,CAMP0146,2025-10-16,SQL
CONV000522,CUST006413,CAMP0159,2025-05-25,Lead
CONV000523,CUST005104,CAMP0124,2024-12-30,MQL
CONV000524,CUST000732,CAMP0079,2024-03-17,Opportunity
CONV000525,CUST000374,CAMP0037,2024-04-28,Opportunity
CONV000526,CUST001926,CAMP0191,2025-05-01,Opportunity
CONV000527,CUST006594,CAMP0138,2026-07-12,MQL
CONV000528,CUST000725,CAMP0002,04/19/2026,Customer
CONV000529,CUST008853,CAMP0055,2023-09-21,SQL
CONV000530,CUST005229,CAMP0059,2023-07-29,MQL
CONV000531,CUST008162,CAMP0207,2025-05-14,Customer
CONV000532,CUST003665,CAMP0037,2025-05-09,Opportunity
CONV000533,CUST007380,CAMP0078,2024-02-25,SQL
CONV000534,CUST007113,CAMP0124,2026-06-27,Lead
CONV000535,CUST007434,CAMP0151,2024-04-26,SQL
CONV000536,CUST007199,CAMP0145,2023-05-23,Lead
CONV000537,CUST008200,CAMP0162,2025-02-17,SQL
CONV000538,CUST006472,CAMP0076,2023-02-28,Customer
CONV000539,CUST005709,CAMP0161,10 Jan 2024,Lead
CONV000540,CUST003961,CAMP0028,2025-05-21,Customer
CONV000541,CUST008242,CAMP0114,18-10-2023,Opportunity
CONV000542,CUST000504,CAMP0046,2023-05-04,SQL
CONV000543,CUST008090,CAMP0194,21-03-2024,Opportunity
CONV000544,CUST005416,CAMP0023,2026-03-09,Opportunity
CONV000545,CUST008161,CAMP0208,25-08-2023,Lead
CONV000546,CUST008039,CAMP0211,,Opportunity
CONV000547,CUST009512,CAMP0119,2026-03-27,Opportunity
CONV000548,CUST006395,CAMP0019,21 Sep 2024,SQL
CONV000549,CUST000398,CAMP0208,2026-07-19,Opportunity
CONV000550,CUST001919,CAMP0131,2024-01-14,Customer
CONV000551,CUST005664,CAMP0177,2025-03-12,Opportunity
CONV000552,CUST000211,CAMP0135,07-03-2026,Customer
CONV000553,CUST000308,CAMP0162,2023-11-18,MQL
CONV000554,CUST007474,CAMP0113,2023-08-12,Customer
CONV000555,CUST003299,CAMP0189,2026-01-18,MQL
CONV000556,CUST000809,CAMP0162,07 Jul 2023,
CONV000557,CUST002621,CAMP0168,2024-07-01,Lead
CONV000558,CUST008218,CAMP0080,2026-06-11,MQL
CONV000559,CUST008967,CAMP0088,25-09-2025,Customer
CONV000560,CUST002077,CAMP0195,01/22/2024,Opportunity
CONV000561,CUST004891,CAMP0195,10-07-2025,MQL
CONV000562,CUST008755,CAMP0193,2023-04-04,MQL
CONV000563,CUST001662,CAMP0057,30-03-2025,Lead
CONV000564,CUST006166,CAMP0136,2024-12-27,Customer
CONV000565,CUST000814,CAMP0193,2024-08-26,Lead
CONV000566,CUST007340,CAMP0117,2023-06-19,SQL
CONV000567,CUST000072,CAMP0080,2025-10-28,MQL
CONV000568,CUST008114,CAMP0133,2023-02-15,MQL
CONV000569,CUST002739,CAMP0176,2025-01-26,Customer
CONV000570,CUST001123,CAMP0084,18 Apr 2024,Lead
CONV000571,CUST009525,CAMP0212,2023-02-05,Lead
CONV000572,CUST000228,CAMP0176,2025-08-07,SQL
CONV000573,CUST008512,CAMP0208,2025-04-12,Customer
CONV000574,CUST007008,CAMP0044,2024-11-30,Lead
CONV000575,CUST004849,CAMP0193,2025-03-04,Customer
CONV000576,CUST009266,CAMP0054,05/25/2025,MQL
CONV000577,CUST009564,CAMP0138,2024-11-24,Opportunity
CONV000578,CUST002993,CAMP0215,2024-10-27,MQL
CONV000579,CUST006383,CAMP0071,05/24/2024,MQL
CONV000580,CUST001783,CAMP0175,06 May 2026,MQL
CONV000581,CUST003745,CAMP0155,15-06-2025,Opportunity
CONV000582,CUST009746,CAMP0207,20-11-2025,SQL
CONV000583,CUST002663,CAMP0181,01/16/2026,Customer
CONV000584,CUST009615,CAMP0080,2025-10-02,Opportunity
CONV000585,CUST009374,CAMP0006,2024-11-13,SQL
CONV000586,CUST009331,CAMP0116,02 Nov 2023,MQL
CONV000587,CUST006036,CAMP0099,2025-09-24,Opportunity
CONV000588,CUST002259,CAMP0191,2025-03-03,Lead
CONV000589,CUST007405,CAMP0185,2024-05-26,Customer
CONV000590,CUST002237,CAMP0206,2026-05-29,Opportunity
CONV000591,CUST000881,CAMP0037,2023-07-29,Customer
CONV000592,CUST002569,CAMP0051,,SQL
CONV000593,CUST004284,CAMP0174,12/14/2025,SQL
CONV000594,CUST009393,CAMP0200,2023-12-07,SQL
CONV000595,CUST000320,CAMP0091,2024-11-12,Lead
CONV000596,CUST008352,CAMP0066,2025-07-14,SQL
CONV000597,CUST002449,CAMP0184,2024-10-27,Opportunity
CONV000598,CUST002972,CAMP0045,24-09-2024,SQL
CONV000599,CUST000062,CAMP0102,16-10-2024,MQL
CONV000600,CUST008404,CAMP0103,08/14/2023,
CONV000601,CUST004236,CAMP0207,2025-01-04,MQL
CONV000602,CUST000636,CAMP0035,2026-06-25,Customer
CONV000603,CUST006058,CAMP0178,2024-09-01,SQL
CONV000604,CUST008242,CAMP0130,2025-01-15,Customer
CONV000605,CUST006854,CAMP0075,2024-07-10,Opportunity
CONV000606,CUST003934,CAMP0030,06/24/2024,SQL
CONV000607,CUST002205,CAMP0025,2024-12-12,Customer
CONV000608,CUST003299,CAMP0055,2023-09-23,MQL
CONV000609,CUST005955,CAMP0008,2023-04-04,Customer
CONV000610,CUST003814,CAMP0005,2024-11-23,SQL
CONV000611,CUST007977,CAMP0071,03/22/2024,Lead
CONV000612,CUST008381,CAMP0005,2024-02-08,Opportunity
CONV000613,CUST000423,CAMP0097,2026-04-17,Opportunity
CONV000614,CUST002678,CAMP0057,,SQL
CONV000615,CUST008097,CAMP0060,2024-11-06,Opportunity
CONV000616,CUST006692,CAMP0122,02-11-2025,MQL
CONV000617,CUST007881,CAMP0018,2025-02-19,SQL
CONV000618,CUST003471,CAMP0178,2026-07-07,SQL
CONV000619,CUST003134,CAMP0025,24-07-2026,Lead
CONV000620,CUST006851,CAMP0077,2023-11-06,Customer
CONV000621,CUST003836,CAMP0190,2023-05-23,Lead
CONV000622,CUST007152,CAMP0079,2025-05-22,Lead
CONV000623,CUST003253,CAMP0063,,MQL
CONV000624,CUST008496,CAMP0012,2025-12-07,Customer
CONV000625,CUST006126,CAMP0066,01/28/2026,MQL
CONV000626,CUST003682,CAMP0061,2026-07-30,Opportunity
CONV000627,CUST008523,CAMP0188,2023-12-24,Opportunity
CONV000628,CUST002973,CAMP0001,10/26/2024,Lead
CONV000629,CUST008829,CAMP0191,27-09-2025,SQL
CONV000630,CUST000814,CAMP0001,10 Sep 2024,Customer
CONV000631,CUST001499,CAMP0068,11/25/2023,Lead
CONV000632,CUST007054,CAMP0195,22 Oct 2025,SQL
CONV000633,CUST000094,CAMP0032,2024-04-26,Opportunity
CONV000634,CUST009695,CAMP0165,2023-04-23,Opportunity
CONV000635,CUST000863,CAMP0044,2024-12-26,SQL
CONV000636,CUST005412,CAMP0036,2025-09-03,MQL
CONV000637,CUST002118,CAMP0056,02/08/2024,SQL
CONV000638,CUST008831,CAMP0183,2023-10-27,SQL
CONV000639,CUST004790,CAMP0044,2025-06-15,MQL
CONV000640,CUST009531,CAMP0163,06/03/2025,Lead
CONV000641,CUST000875,CAMP0088,06/20/2023,SQL
CONV000642,CUST004321,CAMP0202,2025-02-15,SQL
CONV000643,CUST002423,CAMP0027,2025-05-17,Opportunity
CONV000644,CUST004031,CAMP0184,2025-01-18,SQL
CONV000645,CUST006101,CAMP0002,2024-11-13,Lead
CONV000646,CUST005313,CAMP0108,2025-11-06,SQL
CONV000647,CUST007274,CAMP0199,06-05-2024,Customer
CONV000648,CUST000374,CAMP0189,2026-01-03,Customer
CONV000649,CUST004249,CAMP0060,2025-06-01,Lead
CONV000650,CUST007706,CAMP0026,2026-05-18,Lead
CONV000651,CUST002139,CAMP0192,2025-07-18,Customer
CONV000652,CUST001408,CAMP0168,12/09/2025,Opportunity
CONV000653,CUST002017,CAMP0199,2026-07-27,Lead
CONV000654,CUST007437,CAMP0009,12 Aug 2025,Customer
CONV000655,CUST009076,CAMP0047,2025-01-01,SQL
CONV000656,CUST002792,CAMP0152,07/10/2026,Opportunity
CONV000657,CUST003949,CAMP0092,2025-01-24,Lead
CONV000658,CUST007638,CAMP0026,12 Feb 2025,SQL
CONV000659,CUST003107,CAMP0027,2026-03-20,Opportunity
CONV000660,CUST001788,CAMP0114,2025-02-22,MQL
CONV000661,CUST008730,CAMP0098,,SQL
CONV000662,CUST001460,CAMP0201,2023-02-22,Lead
CONV000663,CUST009973,CAMP0032,14-01-2024,
CONV000664,CUST007770,CAMP0151,,SQL
CONV000665,CUST002264,CAMP0125,21-02-2023,MQL
CONV000666,CUST000340,CAMP0214,2025-04-01,Customer
CONV000667,CUST005658,CAMP0118,2025-06-11,Customer
CONV000668,CUST006728,CAMP0142,2024-07-05,Opportunity
CONV000669,CUST009836,CAMP0156,2025-01-19,SQL
CONV000670,CUST002005,CAMP0067,10 Feb 2023,Opportunity
CONV000671,CUST009185,CAMP0029,26-06-2025,Opportunity
CONV000672,CUST000812,CAMP0175,2023-05-26,MQL
CONV000673,CUST006356,CAMP0140,15-07-2024,Opportunity
CONV000674,CUST001607,CAMP0065,2025-05-31,MQL
CONV000675,CUST000135,CAMP0018,2024-06-22,Lead
CONV000676,CUST007786,CAMP0103,2026-02-28,SQL
CONV000677,CUST006351,CAMP0155,2026-04-21,Customer
CONV000678,CUST009423,CAMP0160,2025-08-23,Opportunity
CONV000679,CUST006971,CAMP0143,2026-05-23,MQL
CONV000680,CUST007884,CAMP0139,2024-03-05,Lead
CONV000681,CUST008849,CAMP0074,05-03-2024,Customer
CONV000682,CUST003079,CAMP0079,2026-01-30,MQL
CONV000683,CUST005106,CAMP0060,01/13/2023,MQL
CONV000684,CUST001054,CAMP0089,,SQL
CONV000685,CUST001397,CAMP0094,05/14/2026,Lead
CONV000686,CUST008239,CAMP0105,2024-12-07,Opportunity
CONV000687,CUST002354,CAMP0032,07/19/2024,Opportunity
CONV000688,CUST004645,CAMP0217,07-01-2023,MQL
CONV000689,CUST009576,CAMP0161,2025-07-09,MQL
CONV000690,CUST005982,CAMP0156,2024-03-18,SQL
CONV000691,CUST005085,CAMP0101,2023-10-25,Customer
CONV000692,CUST005934,CAMP0015,2026-02-10,Customer
CONV000693,CUST008990,CAMP0167,2026-07-02,SQL
CONV000694,CUST005279,CAMP0023,10 Jul 2026,Lead
CONV000695,CUST008337,CAMP0026,2024-12-26,Lead
CONV000696,CUST001477,CAMP0071,2025-12-20,Lead
CONV000697,CUST008474,CAMP0058,2025-03-29,MQL
CONV000698,CUST001361,CAMP0080,2026-01-02,MQL
CONV000699,CUST008606,CAMP0174,,Customer
CONV000700,CUST000019,CAMP0091,06-12-2023,MQL
CONV000701,CUST006949,CAMP0164,04/12/2025,Customer
CONV000702,CUST001796,CAMP0075,2025-06-14,
CONV000703,CUST001807,CAMP0179,15-05-2026,Opportunity
CONV000704,CUST007698,CAMP0124,06-07-2023,MQL
CONV000705,CUST007221,CAMP0123,23-07-2026,Lead
CONV000706,CUST007766,CAMP0058,2024-05-07,Lead
CONV000707,CUST002117,CAMP0162,07-04-2026,SQL
CONV000708,CUST007866,CAMP0216,04/17/2025,MQL
CONV000709,CUST008061,CAMP0038,2023-05-09,Lead
CONV000710,CUST005800,CAMP0158,07/26/2026,SQL
CONV000711,CUST000826,CAMP0089,2023-08-27,Opportunity
CONV000712,CUST000313,CAMP0183,2024-03-24,MQL
CONV000713,CUST007649,CAMP0143,11-11-2023,Lead
CONV000714,CUST008330,CAMP0076,2026-05-10,Lead
CONV000715,CUST002259,CAMP0219,17-06-2023,SQL
CONV000716,CUST002881,CAMP0172,2024-07-23,Lead
CONV000717,CUST003533,CAMP0180,2025-06-27,Opportunity
CONV000718,CUST003723,CAMP0105,2024-10-14,Lead
CONV000719,CUST006482,CAMP0107,2023-04-02,SQL
CONV000720,CUST004227,CAMP0177,,Customer
CONV000721,CUST003087,CAMP0073,18-01-2024,Opportunity
CONV000722,CUST005103,CAMP0089,2026-05-25,MQL
CONV000723,CUST003455,CAMP0047,02/22/2025,Lead
CONV000724,CUST001573,CAMP0029,03/28/2023,Customer
CONV000725,CUST003678,CAMP0121,19-08-2025,SQL
CONV000726,CUST000129,CAMP0080,2025-07-22,MQL
CONV000727,CUST007091,CAMP0212,2023-03-11,SQL
CONV000728,CUST009945,CAMP0108,30-10-2025,Opportunity
CONV000729,CUST005909,CAMP0134,2025-10-16,Opportunity
CONV000730,CUST003522,CAMP0033,12/27/2025,MQL
CONV000731,CUST001533,CAMP0005,2025-03-02,MQL
CONV000732,CUST003590,CAMP0043,2023-06-27,SQL
CONV000733,CUST007059,CAMP0119,2024-09-02,MQL
CONV000734,CUST002197,CAMP0068,07/31/2026,Lead
CONV000735,CUST007643,CAMP0051,15 Feb 2026,Opportunity
CONV000736,CUST002618,CAMP0149,30 Jul 2026,Customer
CONV000737,CUST001441,CAMP0025,20-01-2026,Customer
CONV000738,CUST001178,CAMP0047,2025-05-17,Opportunity
CONV000739,CUST005345,CAMP0019,2024-10-23,MQL
CONV000740,CUST000813,CAMP0072,2023-03-02,SQL
CONV000741,CUST000933,CAMP0052,07/19/2023,MQL
CONV000742,CUST001225,CAMP0218,24-06-2026,MQL
CONV000743,CUST001821,CAMP0023,04/12/2024,Opportunity
CONV000744,CUST000363,CAMP0160,31-03-2024,Customer
CONV000745,CUST001278,CAMP0103,2025-06-13,MQL
CONV000746,CUST004146,CAMP0003,2025-02-04,Opportunity
CONV000747,CUST000198,CAMP0099,02/19/2026,SQL
CONV000748,CUST008692,CAMP0161,2024-01-25,Customer
CONV000749,CUST003335,CAMP0028,18 Dec 2024,Opportunity
CONV000750,CUST005963,CAMP0062,2023-04-18,Opportunity
CONV000751,CUST004575,CAMP0138,2023-01-11,Customer
CONV000752,CUST003254,CAMP0051,2023-02-25,Customer
CONV000753,CUST008815,CAMP0008,08-03-2024,Lead
CONV000754,CUST004263,CAMP0166,2023-11-12,MQL
CONV000755,CUST006209,CAMP0041,12-05-2025,SQL
CONV000756,CUST008043,CAMP0147,2023-02-22,SQL
CONV000757,CUST009468,CAMP0121,23-08-2024,SQL
CONV000758,CUST003601,CAMP0131,2025-10-21,Lead
CONV000759,CUST000038,CAMP0058,2024-11-19,SQL
CONV000760,CUST003764,CAMP0029,07/15/2026,Opportunity
CONV000761,CUST009385,CAMP0191,2025-06-14,Opportunity
CONV000762,CUST006213,CAMP0059,01/13/2024,Lead
CONV000763,CUST002354,CAMP0055,11/28/2023,SQL
CONV000764,CUST003604,CAMP0186,11/21/2023,Opportunity
CONV000765,CUST003485,CAMP0151,18-07-2024,Opportunity
CONV000766,CUST005227,CAMP0103,2026-03-01,Opportunity
CONV000767,CUST002781,CAMP0149,02-12-2024,MQL
CONV000768,CUST002818,CAMP0213,2024-06-08,Customer
CONV000769,CUST003470,CAMP0219,2024-10-29,Customer
CONV000770,CUST001931,CAMP0218,11/17/2023,SQL
CONV000771,CUST007972,CAMP0039,08-11-2024,MQL
CONV000772,CUST009502,CAMP0219,07/28/2026,Customer
CONV000773,CUST007615,CAMP0165,2025-09-08,MQL
CONV000774,CUST006717,CAMP0216,,Lead
CONV000775,CUST008982,CAMP0060,2023-08-26,SQL
CONV000776,CUST001286,CAMP0097,2023-08-25,MQL
CONV000777,CUST005411,CAMP0051,2024-10-10,Customer
CONV000778,CUST008986,CAMP0013,2024-07-19,MQL
CONV000779,CUST002954,CAMP0115,2026-07-08,Customer
CONV000780,CUST009804,CAMP0197,05/25/2025,Customer
CONV000781,CUST007870,CAMP0119,,MQL
CONV000782,CUST001198,CAMP0205,2024-07-06,SQL
CONV000783,CUST008437,CAMP0041,11/02/2023,
CONV000784,CUST001571,CAMP0041,2026-01-13,Lead
CONV000785,CUST009207,CAMP0147,,SQL
CONV000786,CUST002008,CAMP0159,10/09/2023,Opportunity
CONV000787,CUST004108,CAMP0202,2024-08-11,Customer
CONV000788,CUST000934,CAMP0121,04/20/2024,SQL
CONV000789,CUST009703,CAMP0170,2025-04-21,SQL
CONV000790,CUST000562,CAMP0217,04-06-2026,MQL
CONV000791,CUST002675,CAMP0032,2023-10-08,MQL
CONV000792,CUST001007,CAMP0130,09/26/2023,SQL
CONV000793,CUST003165,CAMP0103,02/14/2025,Customer
CONV000794,CUST009975,CAMP0122,2024-02-08,Customer
CONV000795,CUST009625,CAMP0194,2023-05-14,SQL
CONV000796,CUST000623,CAMP0036,27 May 2025,MQL
CONV000797,CUST004973,CAMP0048,,MQL
CONV000798,CUST008901,CAMP0033,27-01-2023,MQL
CONV000799,CUST001070,CAMP0039,06/24/2025,Lead
CONV000800,CUST002973,CAMP0147,2026-04-21,MQL
CONV000801,CUST005424,CAMP0006,19 Sep 2024,Opportunity
CONV000802,CUST007682,CAMP0213,02/03/2026,SQL
CONV000803,CUST003856,CAMP0146,10/27/2023,MQL
CONV000804,CUST001981,CAMP0014,03-01-2025,Opportunity
CONV000805,CUST007877,CAMP0030,2025-10-07,Customer
CONV000806,CUST000194,CAMP0097,25-11-2023,SQL
CONV000807,CUST007491,CAMP0123,2025-04-28,Customer
CONV000808,CUST004133,CAMP0192,11/14/2025,Customer
CONV000809,CUST008936,CAMP0054,2025-06-03,MQL
CONV000810,CUST000038,CAMP0172,,Lead
CONV000811,CUST003392,CAMP0077,20-04-2023,Lead
CONV000812,CUST000761,CAMP0207,2026-04-16,Lead
CONV000813,CUST005617,CAMP0218,17-01-2024,Lead
CONV000814,CUST002138,CAMP0044,,Customer
CONV000815,CUST006614,CAMP0193,07-10-2023,Opportunity
CONV000816,CUST000788,CAMP0021,2026-06-01,MQL
CONV000817,CUST001472,CAMP0201,2023-09-18,Lead
CONV000818,CUST001448,CAMP0051,28-04-2023,Customer
CONV000819,CUST003693,CAMP0176,11/28/2024,SQL
CONV000820,CUST007791,CAMP0208,19-01-2024,Lead
CONV000821,CUST001772,CAMP0087,21-05-2025,Customer
CONV000822,CUST002870,CAMP0041,11-01-2026,SQL
CONV000823,CUST003729,CAMP0088,02/01/2025,Customer
CONV000824,CUST004979,CAMP0129,05/14/2023,Opportunity
CONV000825,CUST005544,CAMP0213,2024-08-11,MQL
CONV000826,CUST007673,CAMP0107,10/11/2025,Opportunity
CONV000827,CUST005208,CAMP0095,2026-02-01,SQL
CONV000828,CUST008979,CAMP0017,2023-10-13,SQL
CONV000829,CUST001126,CAMP0153,2026-07-10,Opportunity
CONV000830,CUST007422,CAMP0176,27-11-2025,Opportunity
CONV000831,CUST009225,CAMP0158,2023-09-27,Lead
CONV000832,CUST008804,CAMP0023,2024-03-28,Customer
CONV000833,CUST002593,CAMP0094,2024-01-18,Customer
CONV000834,CUST002396,CAMP0128,2024-09-30,MQL
CONV000835,CUST004206,CAMP0214,2025-05-12,MQL
CONV000836,CUST001729,CAMP0014,2024-12-20,SQL
CONV000837,CUST004448,CAMP0066,01/07/2024,Lead
CONV000838,CUST001175,CAMP0040,2025-08-22,Opportunity
CONV000839,CUST007603,CAMP0099,2026-06-04,Customer
CONV000840,CUST005202,CAMP0121,2026-01-25,Customer
CONV000841,CUST006222,CAMP0197,2025-06-07,Opportunity
CONV000842,CUST006253,CAMP0044,30-08-2025,Opportunity
CONV000843,CUST004256,CAMP0092,05/21/2024,Lead
CONV000844,CUST002150,CAMP0081,10-12-2024,Lead
CONV000845,CUST002548,CAMP0144,2025-03-07,Lead
CONV000846,CUST005962,CAMP0173,2023-07-26,Opportunity
CONV000847,CUST002903,CAMP0087,2024-12-14,SQL
CONV000848,CUST004219,CAMP0061,29 May 2025,Opportunity
CONV000849,CUST005631,CAMP0047,03-01-2023,Customer
CONV000850,CUST009115,CAMP0028,2026-03-28,Opportunity
CONV000851,CUST006604,CAMP0207,2025-02-04,SQL
CONV000852,CUST007891,CAMP0116,18 Dec 2024,SQL
CONV000853,CUST004853,CAMP0013,2025-01-26,Customer
CONV000854,CUST009782,CAMP0036,2026-07-30,MQL
CONV000855,CUST001993,CAMP0126,2023-12-17,Lead
CONV000856,CUST003571,CAMP0173,05/12/2023,MQL
CONV000857,CUST009850,CAMP0010,2026-02-03,MQL
CONV000858,CUST008894,CAMP0189,2023-08-25,SQL
CONV000859,CUST005963,CAMP0041,2025-07-13,MQL
CONV000860,CUST008460,CAMP0069,20-07-2026,Opportunity
CONV000861,CUST009679,CAMP0124,2025-03-03,Opportunity
CONV000862,CUST000539,CAMP0213,2023-02-08,MQL
CONV000863,CUST004256,CAMP0142,21-10-2023,Lead
CONV000864,CUST000758,CAMP0121,2026-05-19,MQL
CONV000865,CUST002821,CAMP0093,2025-12-12,Opportunity
CONV000866,CUST002180,CAMP0087,,SQL
CONV000867,CUST000280,CAMP0038,24-01-2026,Lead
CONV000868,CUST005300,CAMP0068,2025-07-26,Opportunity
CONV000869,CUST009282,CAMP0166,2023-03-17,SQL
CONV000870,CUST009632,CAMP0113,2026-07-20,Customer
CONV000871,CUST001870,CAMP0009,10/13/2025,SQL
CONV000872,CUST005626,CAMP0220,2026-05-06,SQL
CONV000873,CUST010000,CAMP0102,,Opportunity
CONV000874,CUST008173,CAMP0080,2026-04-20,Opportunity
CONV000875,CUST006024,CAMP0190,02 Jun 2025,Customer
CONV000876,CUST003976,CAMP0060,2024-04-08,Lead
CONV000877,CUST002159,CAMP0083,01/31/2026,Customer
CONV000878,CUST002467,CAMP0138,2024-11-07,Customer
CONV000879,CUST004757,CAMP0098,19-09-2023,SQL
CONV000880,CUST005769,CAMP0056,26-08-2023,Lead
CONV000881,CUST001501,CAMP0148,08/27/2024,MQL
CONV000882,CUST007174,CAMP0050,,Opportunity
CONV000883,CUST000486,CAMP0125,2024-05-25,SQL
CONV000884,CUST002261,CAMP0015,05/23/2023,MQL
CONV000885,CUST006003,CAMP0113,2024-07-06,Opportunity
CONV000886,CUST006313,CAMP0095,2024-07-02,SQL
CONV000887,CUST005868,CAMP0210,21-05-2024,Opportunity
CONV000888,CUST006226,CAMP0159,2026-03-11,Lead
CONV000889,CUST001959,CAMP0096,2023-09-20,Lead
CONV000890,CUST008467,CAMP0084,2024-04-28,Customer
CONV000891,CUST008818,CAMP0172,22-03-2025,Opportunity
CONV000892,CUST008038,CAMP0197,2024-07-15,Customer
CONV000893,CUST007391,CAMP0166,2023-06-14,Customer
CONV000894,CUST008027,CAMP0123,2023-08-17,Customer
CONV000895,CUST000145,CAMP0169,2024-06-21,Lead
CONV000896,CUST000893,CAMP0197,2023-11-05,Opportunity
CONV000897,CUST005544,CAMP0169,11-10-2024,SQL
CONV000898,CUST008432,CAMP0020,30-07-2026,SQL
CONV000899,CUST003027,CAMP0103,07/16/2023,Customer
CONV000900,CUST005665,CAMP0207,2026-02-09,MQL
CONV000901,CUST006523,CAMP0066,2025-03-05,Lead
CONV000902,CUST004719,CAMP0167,08/04/2025,Lead
CONV000903,CUST001579,CAMP0123,2025-07-21,Customer
CONV000904,CUST008466,CAMP0067,22-05-2023,Customer
CONV000905,CUST001732,CAMP0148,2023-07-04,Customer
CONV000906,CUST006474,CAMP0010,2026-03-26,Opportunity
CONV000907,CUST001754,CAMP0171,11/12/2025,Lead
CONV000908,CUST007996,CAMP0178,26 May 2023,Lead
CONV000909,CUST002118,CAMP0174,2024-05-28,Lead
CONV000910,CUST001893,CAMP0193,04/06/2023,SQL
CONV000911,CUST009361,CAMP0026,2025-03-22,Opportunity
CONV000912,CUST002187,CAMP0036,,Customer
CONV000913,CUST001624,CAMP0034,29 May 2025,MQL
CONV000914,CUST006356,CAMP0128,2026-03-28,Lead
CONV000915,CUST004428,CAMP0143,2023-12-25,SQL
CONV000916,CUST000005,CAMP0060,30-01-2026,MQL
CONV000917,CUST008260,CAMP0108,2024-12-06,MQL
CONV000918,CUST005795,CAMP0132,2026-06-15,SQL
CONV000919,CUST007514,CAMP0220,,Customer
CONV000920,CUST001354,CAMP0009,22-02-2026,SQL
CONV000921,CUST000630,CAMP0051,14 Jun 2026,Customer
CONV000922,CUST009819,CAMP0176,,Opportunity
CONV000923,CUST004144,CAMP0180,08/30/2025,Opportunity
CONV000924,CUST009864,CAMP0203,2025-08-24,MQL
CONV000925,CUST004826,CAMP0014,2026-02-13,MQL
CONV000926,CUST004517,CAMP0071,2025-10-12,SQL
CONV000927,CUST008714,CAMP0119,17-10-2024,MQL
CONV000928,CUST005841,CAMP0186,07-01-2024,MQL
CONV000929,CUST006078,CAMP0114,06-09-2025,MQL
CONV000930,CUST006890,CAMP0164,01/08/2023,Opportunity
CONV000931,CUST003227,CAMP0213,2024-04-04,SQL
CONV000932,CUST002078,CAMP0032,07/17/2025,Lead
CONV000933,CUST009786,CAMP0106,2024-09-30,Customer
CONV000934,CUST002446,CAMP0097,09/23/2023,Customer
CONV000935,CUST001698,CAMP0206,2025-08-21,SQL
CONV000936,CUST004565,CAMP0124,07/31/2023,Lead
CONV000937,CUST001277,CAMP0113,2025-06-19,Lead
CONV000938,CUST005450,CAMP0036,23-03-2023,SQL
CONV000939,CUST007273,CAMP0068,2025-12-15,SQL
CONV000940,CUST005376,CAMP0001,16-04-2023,Customer
CONV000941,CUST000535,CAMP0147,30-12-2023,SQL
CONV000942,CUST007980,CAMP0081,2025-12-27,Lead
CONV000943,CUST009595,CAMP0005,11-10-2023,MQL
CONV000944,CUST004730,CAMP0160,2024-11-20,SQL
CONV000945,CUST007238,CAMP0184,2025-09-03,Opportunity
CONV000946,CUST009607,CAMP0199,2023-04-23,Opportunity
CONV000947,CUST001565,CAMP0144,2023-02-13,Lead
CONV000948,CUST004951,CAMP0005,2023-05-13,Opportunity
CONV000949,CUST003864,CAMP0189,20-09-2024,Opportunity
CONV000950,CUST006085,CAMP0203,04/13/2026,MQL
CONV000951,CUST005360,CAMP0118,05/25/2026,MQL
CONV000952,CUST002226,CAMP0126,30 Jan 2024,Customer
CONV000953,CUST004039,CAMP0100,,SQL
CONV000954,CUST002154,CAMP0132,03/04/2026,SQL
CONV000955,CUST003542,CAMP0136,,Customer
CONV000956,CUST002840,CAMP0050,2026-05-19,Customer
CONV000957,CUST005023,CAMP0175,2024-08-16,SQL
CONV000958,CUST001939,CAMP0039,2026-04-18,SQL
CONV000959,CUST005291,CAMP0217,22-08-2023,Customer
CONV000960,CUST009145,CAMP0096,08/03/2024,SQL
CONV000961,CUST001877,CAMP0111,2025-12-10,Customer
CONV000962,CUST005171,CAMP0115,05-06-2023,MQL
CONV000963,CUST003094,CAMP0128,,Opportunity
CONV000964,CUST009079,CAMP0024,09-07-2024,MQL
CONV000965,CUST900017,CAMP0006,2024-06-21,SQL
CONV000966,CUST000165,CAMP0154,2023-01-12,SQL
CONV000967,CUST006435,CAMP0145,2026-07-29,Opportunity
CONV000968,CUST004147,CAMP0195,2026-03-06,Lead
CONV000969,CUST004178,CAMP0151,01/04/2023,SQL
CONV000970,CUST005106,CAMP0012,2026-07-31,Lead
CONV000971,CUST002945,CAMP0208,10/14/2023,Opportunity
CONV000972,CUST002984,CAMP0172,,Opportunity
CONV000973,CUST009494,CAMP0066,2024-02-03,Lead
CONV000974,CUST008586,CAMP0059,30-05-2025,Customer
CONV000975,CUST003896,CAMP0026,2025-04-20,MQL
CONV000976,CUST001813,CAMP0185,09-06-2026,MQL
CONV000977,CUST005008,CAMP0093,2025-12-23,SQL
CONV000978,CUST006753,CAMP0181,17-03-2023,MQL
CONV000979,CUST006416,CAMP0022,07/02/2026,Lead
CONV000980,CUST006003,CAMP0070,2025-05-16,MQL
CONV000981,CUST002767,CAMP0110,2026-06-21,Lead
CONV000982,CUST004336,CAMP0093,16 Feb 2023,MQL
CONV000983,CUST000611,CAMP0171,28 Apr 2025,MQL
CONV000984,CUST004682,CAMP0199,09/05/2024,MQL
CONV000985,CUST007531,CAMP0134,2024-04-27,Lead
CONV000986,CUST007329,CAMP0148,04 Mar 2025,Opportunity
CONV000987,CUST004704,CAMP0014,26-02-2023,Customer
CONV000988,CUST005568,CAMP0214,2026-04-10,Opportunity
CONV000989,CUST004478,CAMP0112,,Lead
CONV000990,CUST008597,CAMP0058,2026-04-17,MQL
CONV000991,CUST001552,CAMP0026,11-01-2024,Opportunity
CONV000992,CUST006766,CAMP0110,2023-06-24,MQL
CONV000993,CUST001245,CAMP0023,2024-09-07,MQL
CONV000994,CUST004244,CAMP0076,2024-09-04,Customer
CONV000995,CUST004373,CAMP0035,2025-02-13,Lead
CONV000996,CUST002219,CAMP0013,03/31/2024,Lead
CONV000997,CUST005929,CAMP0198,2024-07-10,Lead
CONV000998,CUST004160,CAMP0178,2026-04-06,Lead
CONV000999,CUST000523,CAMP0111,2023-01-03,SQL
CONV001000,CUST000943,CAMP0149,2025-09-15,Opportunity
CONV001001,CUST002808,CAMP0027,2026-04-23,MQL
CONV001002,CUST000767,CAMP0080,2025-05-02,SQL
CONV001003,CUST004762,CAMP0172,2025-02-03,SQL
CONV001004,CUST002879,CAMP0017,2025-10-18,Customer
CONV001005,CUST003363,CAMP0020,09/28/2023,SQL
CONV001006,CUST009659,CAMP0191,2025-08-10,Customer
CONV001007,CUST003078,CAMP0115,05-06-2023,MQL
CONV001008,CUST004622,CAMP0046,2024-02-04,SQL
CONV001009,CUST002338,CAMP0194,03 May 2025,Customer
CONV001010,CUST000905,CAMP0155,2024-09-30,Opportunity
CONV001011,CUST001664,CAMP0064,12 Jun 2024,Customer
CONV001012,CUST003190,CAMP0161,2024-10-18,Customer
CONV001013,CUST005623,CAMP0165,08/10/2025,MQL
CONV001014,CUST002327,CAMP0121,01-10-2023,Opportunity
CONV001015,CUST004223,CAMP0046,2024-12-16,MQL
CONV001016,CUST900058,CAMP0157,2023-03-05,Opportunity
CONV001017,CUST005146,CAMP0010,2023-02-22,SQL
CONV001018,CUST006356,CAMP0060,2024-10-20,Customer
CONV001019,CUST001914,CAMP0159,2024-06-23,SQL
CONV001020,CUST000729,CAMP0042,30 Aug 2025,SQL
CONV001021,CUST004260,CAMP0141,2026-02-02,Opportunity
CONV001022,CUST008810,CAMP0194,2026-05-09,MQL
CONV001023,CUST001088,CAMP0199,2025-05-07,SQL
CONV001024,CUST000003,CAMP0109,2025-01-07,MQL
CONV001025,CUST006060,CAMP0006,2023-07-27,Lead
CONV001026,CUST001948,CAMP0056,2023-01-30,MQL
CONV001027,CUST005543,CAMP0017,2023-04-16,Opportunity
CONV001028,CUST004241,CAMP0020,2025-09-21,MQL
CONV001029,CUST003087,CAMP0204,2025-05-23,Customer
CONV001030,CUST005456,CAMP0135,16 Dec 2024,Opportunity
CONV001031,CUST008914,CAMP0089,11/09/2023,SQL
CONV001032,CUST003670,CAMP0188,,MQL
CONV001033,CUST002902,CAMP0078,2024-08-19,Customer
CONV001034,CUST004645,CAMP0187,2024-12-03,SQL
CONV001035,CUST001428,CAMP0209,2026-07-18,Customer
CONV001036,CUST007871,CAMP0008,2024-10-10,SQL
CONV001037,CUST005335,CAMP0171,2025-11-22,MQL
CONV001038,CUST001120,CAMP0080,2024-05-11,MQL
CONV001039,CUST005858,CAMP0137,03/13/2026,Customer
CONV001040,CUST000074,CAMP0168,09/25/2024,Opportunity
CONV001041,CUST005494,CAMP0170,2025-10-21,Opportunity
CONV001042,CUST000937,CAMP0188,2024-12-14,SQL
CONV001043,CUST004886,CAMP0167,2023-05-19,Lead
CONV001044,CUST003254,CAMP0091,02-02-2025,Customer
CONV001045,CUST007186,CAMP0161,2023-03-27,Customer
CONV001046,CUST002764,CAMP0160,2026-02-03,Customer
CONV001047,CUST001321,CAMP0110,2026-01-27,Lead
CONV001048,CUST003668,CAMP0083,05/19/2023,MQL
CONV001049,CUST002784,CAMP0123,11-05-2023,Lead
CONV001050,CUST009545,CAMP0110,18-11-2025,MQL
CONV001051,CUST000127,CAMP0111,2024-07-10,Opportunity
CONV001052,CUST008842,CAMP0005,26-05-2024,MQL
CONV001053,CUST008876,CAMP0042,16-09-2023,Customer
CONV001054,CUST008904,CAMP0097,25 Dec 2025,Customer
CONV001055,CUST004036,CAMP0199,2026-06-21,Opportunity
CONV001056,CUST006829,CAMP0060,2024-05-16,Lead
CONV001057,CUST001859,CAMP0158,25-09-2025,Lead
CONV001058,CUST005408,CAMP0034,2026-05-15,Lead
CONV001059,CUST006566,CAMP0005,2025-04-24,Opportunity
CONV001060,CUST000122,CAMP0011,20-11-2025,SQL
CONV001061,CUST006383,CAMP0097,13-10-2025,SQL
CONV001062,CUST008946,CAMP0203,06/18/2024,Customer
CONV001063,CUST002201,CAMP0083,2026-06-03,Lead
CONV001064,CUST007214,CAMP0088,2025-11-15,Opportunity
CONV001065,CUST000210,CAMP0077,01/22/2026,Customer
CONV001066,CUST006904,CAMP0143,2025-02-17,Lead
CONV001067,CUST005702,CAMP0094,06/12/2026,Lead
CONV001068,CUST000272,CAMP0011,12/15/2024,Opportunity
CONV001069,CUST007145,CAMP0175,2025-03-13,SQL
CONV001070,CUST008640,CAMP0176,04/03/2023,Lead
CONV001071,CUST001031,CAMP0161,2023-04-01,MQL
CONV001072,CUST002113,CAMP0188,04/10/2023,Opportunity
CONV001073,CUST009106,CAMP0093,02-04-2023,SQL
CONV001074,CUST009696,CAMP0145,2025-11-01,Opportunity
CONV001075,CUST002053,CAMP0158,2023-10-30,Opportunity
CONV001076,CUST006783,CAMP0038,31-01-2024,Lead
CONV001077,CUST000492,CAMP0053,04-12-2024,SQL
CONV001078,CUST005794,CAMP0212,04-08-2024,MQL
CONV001079,CUST001511,CAMP0219,19 Nov 2023,Lead
CONV001080,CUST007631,CAMP0144,08/23/2025,Lead
CONV001081,CUST008827,CAMP0022,04/08/2026,SQL
CONV001082,CUST001260,CAMP0114,21 Apr 2024,Customer
CONV001083,CUST003130,CAMP0080,,MQL
CONV001084,CUST008663,CAMP0214,03-10-2024,SQL
CONV001085,CUST003398,CAMP0036,2023-07-05,Customer
CONV001086,CUST002930,CAMP0177,2024-05-12,Lead
CONV001087,CUST004043,CAMP0068,2025-05-28,SQL
CONV001088,CUST009478,CAMP0206,12/25/2023,Lead
CONV001089,CUST002752,CAMP0152,05-02-2023,Lead
CONV001090,CUST006698,CAMP0187,2025-04-11,Customer
CONV001091,CUST004059,CAMP0205,03/25/2025,Lead
CONV001092,CUST003628,CAMP0011,2024-06-21,SQL
CONV001093,CUST007092,CAMP0026,2024-04-23,SQL
CONV001094,CUST006612,CAMP0043,2024-01-02,Opportunity
CONV001095,CUST008415,CAMP0017,2026-05-20,SQL
CONV001096,CUST009813,CAMP0114,07/28/2023,Opportunity
CONV001097,CUST002801,CAMP0040,09-05-2024,Customer
CONV001098,CUST008833,CAMP0138,2025-07-30,SQL
CONV001099,CUST004709,CAMP0054,2026-02-11,Lead
CONV001100,CUST005183,CAMP0152,10/19/2023,Customer
CONV001101,CUST006204,CAMP0217,07/22/2023,Lead
CONV001102,CUST007926,CAMP0119,2023-03-16,SQL
CONV001103,CUST008871,CAMP0100,07/31/2025,Customer
CONV001104,CUST006645,CAMP0210,2025-10-28,Lead
CONV001105,CUST000434,CAMP0003,2025-02-03,Customer
CONV001106,CUST001959,CAMP0042,2026-06-22,Customer
CONV001107,CUST006785,CAMP0028,2026-08-01,Customer
CONV001108,CUST004361,CAMP0013,01-10-2025,Lead
CONV001109,CUST007584,CAMP0126,2024-02-02,SQL
CONV001110,CUST000280,CAMP0147,04/28/2024,Lead
CONV001111,CUST002286,CAMP0007,2024-03-15,Opportunity
CONV001112,CUST000463,CAMP0013,27 Jun 2023,SQL
CONV001113,CUST008119,CAMP0035,2025-06-09,SQL
CONV001114,CUST000747,CAMP0036,,Customer
CONV001115,CUST006321,CAMP0144,2024-02-27,Opportunity
CONV001116,CUST007375,CAMP0058,10 Mar 2025,Customer
CONV001117,CUST006050,CAMP0091,2024-08-06,SQL
CONV001118,CUST001796,CAMP0209,06/23/2026,Lead
CONV001119,CUST008684,CAMP0170,13-12-2024,Opportunity
CONV001120,CUST008592,CAMP0216,01/26/2024,Customer
CONV001121,CUST004573,CAMP0217,03/28/2026,Customer
CONV001122,CUST001533,CAMP0200,2025-05-17,SQL
CONV001123,CUST003972,CAMP0179,2023-08-29,Lead
CONV001124,CUST006134,CAMP0176,2025-10-01,SQL
CONV001125,CUST009525,CAMP0184,05-08-2023,SQL
CONV001126,CUST005156,CAMP0112,12/18/2024,Customer
CONV001127,CUST001727,CAMP0002,2025-05-08,Opportunity
CONV001128,CUST003307,CAMP0052,2023-01-12,Lead
CONV001129,CUST006301,CAMP0039,04-02-2025,Opportunity
CONV001130,CUST009973,CAMP0070,2023-01-07,SQL
CONV001131,CUST009677,CAMP0134,03-08-2025,Customer
CONV001132,CUST000459,CAMP0139,2024-08-20,Lead
CONV001133,CUST006017,CAMP0096,30-05-2024,Opportunity
CONV001134,CUST008624,CAMP0088,2025-12-24,
CONV001135,CUST009386,CAMP0168,17-05-2023,Customer
CONV001136,CUST002295,CAMP0105,11-11-2023,Lead
CONV001137,CUST007030,CAMP0166,2024-05-28,MQL
CONV001138,CUST009393,CAMP0066,2024-12-25,SQL
CONV001139,CUST004950,CAMP0162,26 Jun 2026,Customer
CONV001140,CUST005595,CAMP0188,2024-10-29,Customer
CONV001141,CUST008673,CAMP0046,2026-07-04,Lead
CONV001142,CUST005391,CAMP0115,2023-04-30,SQL
CONV001143,CUST008410,CAMP0055,17-02-2024,MQL
CONV001144,CUST009056,CAMP0044,2024-06-08,SQL
CONV001145,CUST004908,CAMP0208,04-08-2023,MQL
CONV001146,CUST003880,CAMP0019,2024-09-06,Opportunity
CONV001147,CUST004346,CAMP0082,23-07-2026,MQL
CONV001148,CUST002620,CAMP0097,2026-04-01,Customer
CONV001149,CUST008327,CAMP0155,08-05-2026,Lead
CONV001150,CUST009579,CAMP0048,2023-09-20,SQL
CONV001151,CUST007296,CAMP0036,2023-07-25,SQL
CONV001152,CUST008243,CAMP0003,11-12-2024,Customer
CONV001153,CUST008600,CAMP0093,06-05-2024,SQL
CONV001154,CUST007271,CAMP0181,25 Feb 2026,MQL
CONV001155,CUST009384,CAMP0134,2023-12-24,Customer
CONV001156,CUST007911,CAMP0200,12 Oct 2025,MQL
CONV001157,CUST002375,CAMP0064,2025-06-30,Opportunity
CONV001158,CUST007857,CAMP0121,2025-04-04,SQL
CONV001159,CUST009960,CAMP0190,2025-07-25,SQL
CONV001160,CUST007987,CAMP0112,2026-01-10,SQL
CONV001161,CUST003715,CAMP0144,2026-04-18,MQL
CONV001162,CUST003172,CAMP0095,2025-07-30,SQL
CONV001163,CUST005046,CAMP0162,06/25/2024,Customer
CONV001164,CUST002714,CAMP0194,2025-08-08,Customer
CONV001165,CUST009255,CAMP0190,01/16/2025,Lead
CONV001166,CUST000950,CAMP0213,06/18/2024,SQL
CONV001167,CUST005568,CAMP0124,2025-04-13,MQL
CONV001168,CUST001360,CAMP0136,2023-07-06,Lead
CONV001169,CUST003836,CAMP0213,01/23/2025,Lead
CONV001170,CUST000021,CAMP0022,01-03-2023,SQL
CONV001171,CUST008842,CAMP0188,2024-11-11,Lead
CONV001172,CUST008171,CAMP0151,02/07/2025,MQL
CONV001173,CUST008557,CAMP0086,25-02-2023,MQL
CONV001174,CUST000228,CAMP0115,11/29/2025,Lead
CONV001175,CUST002108,CAMP0163,06/02/2026,Lead
CONV001176,CUST005272,CAMP0064,2026-01-13,Customer
CONV001177,CUST003570,CAMP0140,28 Jan 2025,SQL
CONV001178,CUST004992,CAMP0128,2025-08-28,Customer
CONV001179,CUST003854,CAMP0109,2023-09-15,Opportunity
CONV001180,CUST006984,CAMP0183,2024-07-12,SQL
CONV001181,CUST003214,CAMP0180,2023-07-05,Lead
CONV001182,CUST003599,CAMP0030,2023-12-24,Opportunity
CONV001183,CUST004578,CAMP0018,05/25/2024,Customer
CONV001184,CUST008203,CAMP0129,2024-02-19,MQL
CONV001185,CUST009096,CAMP0062,2024-11-03,Lead
CONV001186,CUST005227,CAMP0066,07/12/2024,Customer
CONV001187,CUST005159,CAMP0195,07/17/2026,SQL
CONV001188,CUST000641,CAMP0058,12-11-2025,Opportunity
CONV001189,CUST000967,CAMP0180,,MQL
CONV001190,CUST003710,CAMP0089,07 Nov 2025,SQL
CONV001191,CUST005645,CAMP0105,2023-10-04,Opportunity
CONV001192,CUST005548,CAMP0190,08/02/2023,Customer
CONV001193,CUST003034,CAMP0113,2023-03-06,Opportunity
CONV001194,CUST007119,CAMP0138,01-08-2023,SQL
CONV001195,CUST000947,CAMP0006,17-05-2026,Customer
CONV001196,CUST006610,CAMP0038,2026-03-17,Opportunity
CONV001197,CUST002813,CAMP0207,29-11-2023,MQL
CONV001198,CUST005341,CAMP0191,2024-01-12,Customer
CONV001199,CUST006000,CAMP0215,02/17/2026,Opportunity
CONV001200,CUST001548,CAMP0003,2025-04-02,Opportunity
CONV001201,CUST002774,CAMP0020,2024-12-09,Opportunity
CONV001202,CUST007816,CAMP0194,2023-02-21,MQL
CONV001203,CUST009947,CAMP0083,,Customer
CONV001204,CUST008746,CAMP0002,2026-02-20,SQL
CONV001205,CUST002274,CAMP0030,2023-10-21,Customer
CONV001206,CUST003846,CAMP0187,10/01/2023,SQL
CONV001207,CUST001352,CAMP0073,02/09/2023,Opportunity
CONV001208,CUST005188,CAMP0177,2023-06-30,MQL
CONV001209,CUST003007,CAMP0019,2026-02-12,SQL
CONV001210,CUST007845,CAMP0188,2025-11-05,Customer
CONV001211,CUST000659,CAMP0122,01/14/2023,SQL
CONV001212,CUST004473,CAMP0174,2025-03-27,Customer
CONV001213,CUST001009,CAMP0076,2024-01-20,MQL
CONV001214,CUST007398,CAMP0169,05/17/2023,Customer
CONV001215,CUST004346,CAMP0097,14-03-2024,Lead
CONV001216,CUST004495,CAMP0015,,SQL
CONV001217,CUST007192,CAMP0089,2025-03-05,SQL
CONV001218,CUST006212,CAMP0217,2023-06-07,Lead
CONV001219,CUST000553,CAMP0029,23 Jan 2025,MQL
CONV001220,CUST009051,CAMP0026,2024-02-03,SQL
CONV001221,CUST008160,CAMP0023,2026-03-12,Lead
CONV001222,CUST001406,CAMP0057,2024-05-08,SQL
CONV001223,CUST002931,CAMP0180,05/15/2023,SQL
CONV001224,CUST001742,CAMP0181,2025-01-21,MQL
CONV001225,CUST009240,CAMP0024,2024-07-25,Customer
CONV001226,CUST004477,CAMP0198,12/10/2025,Lead
CONV001227,CUST004104,CAMP0022,2023-11-29,SQL
CONV001228,CUST002759,CAMP0145,12/16/2025,Lead
CONV001229,CUST008576,CAMP0079,2026-02-13,MQL
CONV001230,CUST005042,CAMP0079,02-02-2024,Opportunity
CONV001231,CUST004362,CAMP0187,08-02-2023,Lead
CONV001232,CUST004417,CAMP0014,,SQL
CONV001233,CUST008726,CAMP0068,10-06-2024,SQL
CONV001234,CUST006564,CAMP0192,28-07-2026,Opportunity
CONV001235,CUST000723,CAMP0156,2024-07-15,MQL
CONV001236,CUST006332,CAMP0148,,Customer
CONV001237,CUST004503,CAMP0183,09/18/2023,Customer
CONV001238,CUST002172,CAMP0219,2024-02-16,Lead
CONV001239,CUST005101,CAMP0094,2023-09-08,Opportunity
CONV001240,CUST008129,CAMP0010,03/27/2024,
CONV001241,CUST003381,CAMP0126,2026-06-04,MQL
CONV001242,CUST007852,CAMP0199,2026-04-02,MQL
CONV001243,CUST000716,CAMP0197,2025-06-10,Lead
CONV001244,CUST002923,CAMP0006,2023-01-30,Customer
CONV001245,CUST002358,CAMP0075,2024-04-18,
CONV001246,CUST003890,CAMP0217,06/14/2023,Customer
CONV001247,CUST001725,CAMP0061,02/23/2024,Lead
CONV001248,CUST004241,CAMP0132,08/10/2025,Opportunity
CONV001249,CUST004576,CAMP0160,2025-02-25,Lead
CONV001250,CUST005008,CAMP0202,2025-06-03,MQL
CONV001251,CUST006721,CAMP0047,11-05-2024,Opportunity
CONV001252,CUST006045,CAMP0022,2023-05-03,SQL
CONV001253,CUST001197,CAMP0175,15-11-2024,SQL
CONV001254,CUST008906,CAMP0053,2024-04-30,Customer
CONV001255,CUST000123,CAMP0159,2024-02-17,Customer
CONV001256,CUST009883,CAMP0167,2024-04-12,Lead
CONV001257,CUST002094,CAMP0110,2024-04-13,Lead
CONV001258,CUST003486,CAMP0021,03/06/2025,Customer
CONV001259,CUST007380,CAMP0040,19 Nov 2025,SQL
CONV001260,CUST006268,CAMP0110,2025-06-24,Lead
CONV001261,CUST000116,CAMP0078,2025-04-20,Customer
CONV001262,CUST005890,CAMP0008,04 May 2026,MQL
CONV001263,CUST006704,CAMP0070,05/05/2026,Lead
CONV001264,CUST005498,CAMP0148,2024-07-24,SQL
CONV001265,CUST005892,CAMP0155,2024-09-28,Customer
CONV001266,CUST004829,CAMP0208,18 Jul 2026,Opportunity
CONV001267,CUST004743,CAMP0123,2024-11-25,Customer
CONV001268,CUST005104,CAMP0076,26-04-2024,Customer
CONV001269,CUST008817,CAMP0214,12/10/2023,Opportunity
CONV001270,CUST006955,CAMP0132,2023-07-21,SQL
CONV001271,CUST002217,CAMP0073,13-01-2024,SQL
CONV001272,CUST005109,CAMP0193,04/21/2024,Opportunity
CONV001273,CUST009276,CAMP0174,2024-01-27,SQL
CONV001274,CUST001302,CAMP0184,2023-10-09,Customer
CONV001275,CUST004293,CAMP0042,2024-07-03,Lead
CONV001276,CUST005984,CAMP0186,2024-03-04,Customer
CONV001277,CUST000740,CAMP0019,02 Nov 2023,SQL
CONV001278,CUST007574,CAMP0152,01/06/2024,SQL
CONV001279,CUST009629,CAMP0076,2025-05-17,Opportunity
CONV001280,CUST001686,CAMP0009,2026-07-02,Lead
CONV001281,CUST002686,CAMP0058,2026-04-26,Lead
CONV001282,CUST008086,CAMP0015,,
CONV001283,CUST009054,CAMP0090,2023-02-08,Customer
CONV001284,CUST004114,CAMP0126,2023-10-17,Opportunity
CONV001285,CUST002839,CAMP0106,2024-10-16,MQL
CONV001286,CUST004111,CAMP0092,2024-03-22,Customer
CONV001287,CUST007282,CAMP0119,2025-12-03,Opportunity
CONV001288,CUST005078,CAMP0209,11-08-2023,Customer
CONV001289,CUST005270,CAMP0022,2025-02-12,Lead
CONV001290,CUST006774,CAMP0189,02/14/2025,Customer
CONV001291,CUST005216,CAMP0188,2026-07-04,Customer
CONV001292,CUST000481,CAMP0072,2023-01-15,Opportunity
CONV001293,CUST007182,CAMP0080,22-06-2023,MQL
CONV001294,CUST008730,CAMP0151,2025-09-09,Opportunity
CONV001295,CUST002869,CAMP0082,06-02-2025,MQL
CONV001296,CUST006821,CAMP0199,2025-11-01,Opportunity
CONV001297,CUST007007,CAMP0149,2024-10-06,SQL
CONV001298,CUST009915,CAMP0065,2023-07-15,Lead
CONV001299,CUST007224,CAMP0213,30-05-2023,Lead
CONV001300,CUST002009,CAMP0080,31-01-2026,Opportunity
CONV001301,CUST000255,CAMP0203,2025-01-04,Customer
CONV001302,CUST003287,CAMP0163,2025-01-02,MQL
CONV001303,CUST000205,CAMP0111,,
CONV001304,CUST006763,CAMP0171,02/27/2024,MQL
CONV001305,CUST003088,CAMP0196,2025-12-09,Lead
CONV001306,CUST000650,CAMP0181,25-01-2026,SQL
CONV001307,CUST008053,CAMP0178,2023-08-03,
CONV001308,CUST007117,CAMP0035,2026-04-09,SQL
CONV001309,CUST001369,CAMP0134,09/19/2025,SQL
CONV001310,CUST003718,CAMP0094,28-06-2023,Lead
CONV001311,CUST006593,CAMP0098,03/29/2024,Customer
CONV001312,CUST003026,CAMP0130,07 Apr 2026,Opportunity
CONV001313,CUST004604,CAMP0193,2024-06-22,SQL
CONV001314,CUST009040,CAMP0103,2024-08-16,Customer
CONV001315,CUST000128,CAMP0103,23-09-2025,MQL
CONV001316,CUST002306,CAMP0156,06/13/2026,Lead
CONV001317,CUST006316,CAMP0174,2026-03-30,SQL
CONV001318,CUST005362,CAMP0022,2026-06-29,Customer
CONV001319,CUST000133,CAMP0010,02/20/2025,Lead
CONV001320,CUST002181,CAMP0209,2023-09-07,MQL
CONV001321,CUST003169,CAMP0014,2024-03-22,SQL
CONV001322,CUST001746,CAMP0199,02/22/2024,Lead
CONV001323,CUST004049,CAMP0179,2026-02-12,Customer
CONV001324,CUST008352,CAMP0081,03-08-2023,MQL
CONV001325,CUST003659,CAMP0093,27-11-2024,Lead
CONV001326,CUST002695,CAMP0137,2024-07-24,Opportunity
CONV001327,CUST001166,CAMP0129,10/20/2025,Opportunity
CONV001328,CUST009771,CAMP0137,2026-06-18,Opportunity
CONV001329,CUST000226,CAMP0175,2025-01-04,Customer
CONV001330,CUST008058,CAMP0035,03/15/2025,Customer
CONV001331,CUST006688,CAMP0150,24-09-2024,SQL
CONV001332,CUST004043,CAMP0155,21-05-2025,Lead
CONV001333,CUST008801,CAMP0082,01/25/2024,Lead
CONV001334,CUST004923,CAMP0021,09 Feb 2024,Customer
CONV001335,CUST009116,CAMP0195,2024-12-25,MQL
CONV001336,CUST009880,CAMP0036,2023-09-07,SQL
CONV001337,CUST004594,CAMP0116,,Lead
CONV001338,CUST007747,CAMP0007,,Opportunity
CONV001339,CUST004456,CAMP0031,2023-01-01,Customer
CONV001340,CUST001255,CAMP0148,01/13/2024,Customer
CONV001341,CUST009533,CAMP0057,06 May 2023,Opportunity
CONV001342,CUST008027,CAMP0170,2024-02-08,Opportunity
CONV001343,CUST004021,CAMP0103,06/14/2025,MQL
CONV001344,CUST000265,CAMP0089,,Lead
CONV001345,CUST006949,CAMP0204,2026-06-21,MQL
CONV001346,CUST003115,CAMP0185,06-11-2024,Opportunity
CONV001347,CUST008578,CAMP0057,2023-03-18,Opportunity
CONV001348,CUST006640,CAMP0119,2025-08-22,Opportunity
CONV001349,CUST006522,CAMP0048,,Opportunity
CONV001350,CUST000236,CAMP0016,2024-08-01,MQL
CONV001351,CUST002630,CAMP0001,2025-12-29,MQL
CONV001352,CUST003486,CAMP0177,2025-12-31,Lead
CONV001353,CUST005770,CAMP0214,2024-11-30,MQL
CONV001354,CUST005286,CAMP0017,2025-12-18,SQL
CONV001355,CUST003300,CAMP0022,2023-07-13,Lead
CONV001356,CUST007363,CAMP0213,2025-08-19,SQL
CONV001357,CUST005121,CAMP0031,11-06-2023,MQL
CONV001358,CUST004082,CAMP0074,2024-02-02,Opportunity
CONV001359,CUST005174,CAMP0217,2025-06-20,SQL
CONV001360,CUST009007,CAMP0170,04 Apr 2023,MQL
CONV001361,CUST006930,CAMP0092,11-01-2025,Opportunity
CONV001362,CUST003644,CAMP0122,2025-08-25,SQL
CONV001363,CUST006155,CAMP0029,2024-03-20,Opportunity
CONV001364,CUST005639,CAMP0141,2023-05-21,SQL
CONV001365,CUST008303,CAMP0097,2025-10-20,Opportunity
CONV001366,CUST002640,CAMP0028,21-04-2025,MQL
CONV001367,CUST005506,CAMP0131,,MQL
CONV001368,CUST001372,CAMP0050,04/14/2026,SQL
CONV001369,CUST004172,CAMP0157,2024-03-11,Opportunity
CONV001370,CUST007526,CAMP0160,03/11/2023,Lead
CONV001371,CUST004807,CAMP0060,2024-07-16,Customer
CONV001372,CUST009076,CAMP0085,2023-11-17,MQL
CONV001373,CUST008970,CAMP0143,2023-03-02,SQL
CONV001374,CUST000772,CAMP0052,2026-04-12,SQL
CONV001375,CUST000234,CAMP0134,2023-05-09,Lead
CONV001376,CUST000772,CAMP0159,2026-05-12,Opportunity
CONV001377,CUST008460,CAMP0198,2025-01-02,Lead
CONV001378,CUST000430,CAMP0040,2025-05-13,Opportunity
CONV001379,CUST003508,CAMP0075,2025-09-02,Customer
CONV001380,CUST009281,CAMP0196,03-08-2023,MQL
CONV001381,CUST009147,CAMP0157,21 Jul 2023,Opportunity
CONV001382,CUST008810,CAMP0100,15-03-2024,SQL
CONV001383,CUST009251,CAMP0068,2023-02-28,Lead
CONV001384,CUST003460,CAMP0162,2023-01-13,Lead
CONV001385,CUST001507,CAMP0215,01/21/2024,MQL
CONV001386,CUST002243,CAMP0019,08/29/2023,SQL
CONV001387,CUST007056,CAMP0182,2023-08-13,Lead
CONV001388,CUST002900,CAMP0096,12/26/2025,MQL
CONV001389,CUST002992,CAMP0179,11-08-2025,MQL
CONV001390,CUST009522,CAMP0119,2026-06-30,
CONV001391,CUST000880,CAMP0091,2025-12-21,MQL
CONV001392,CUST009779,CAMP0037,2025-10-06,MQL
CONV001393,CUST008576,CAMP0038,2026-01-21,Lead
CONV001394,CUST007441,CAMP0189,2023-01-16,Opportunity
CONV001395,CUST006890,CAMP0176,02-12-2025,Opportunity
CONV001396,CUST006369,CAMP0132,2024-08-01,MQL
CONV001397,CUST001704,CAMP0166,12/05/2023,Customer
CONV001398,CUST008331,CAMP0084,28-12-2023,SQL
CONV001399,CUST004029,CAMP0117,2024-09-04,SQL
CONV001400,CUST009749,CAMP0124,2026-01-15,MQL
CONV001401,CUST002632,CAMP0121,2025-09-19,Opportunity
CONV001402,CUST000280,CAMP0180,2023-02-21,SQL
CONV001403,CUST000581,CAMP0219,2025-08-26,SQL
CONV001404,CUST003557,CAMP0133,,Opportunity
CONV001405,CUST008589,CAMP0082,2026-01-28,MQL
CONV001406,CUST009273,CAMP0021,2024-04-05,SQL
CONV001407,CUST002677,CAMP0148,2023-03-10,Customer
CONV001408,CUST009783,CAMP0062,17 Oct 2024,Opportunity
CONV001409,CUST003657,CAMP0016,2024-04-07,Opportunity
CONV001410,CUST001303,CAMP0104,2025-10-20,Lead
CONV001411,CUST000986,CAMP0177,2024-05-26,Customer
CONV001412,CUST000517,CAMP0068,2023-05-12,Lead
CONV001413,CUST002042,CAMP0206,2023-10-13,SQL
CONV001414,CUST005051,CAMP0096,21-11-2024,Customer
CONV001415,CUST000084,CAMP0001,09-05-2023,MQL
CONV001416,CUST005089,CAMP0211,2024-07-26,MQL
CONV001417,CUST002840,CAMP0091,2025-11-16,Lead
CONV001418,CUST007410,CAMP0010,20 Feb 2026,SQL
CONV001419,CUST006066,CAMP0171,25-12-2023,SQL
CONV001420,CUST002639,CAMP0117,07/18/2025,MQL
CONV001421,CUST007283,CAMP0136,23-07-2024,MQL
CONV001422,CUST009959,CAMP0207,2025-01-12,SQL
CONV001423,CUST001301,CAMP0084,2023-09-08,Customer
CONV001424,CUST002150,CAMP0055,20-03-2025,Customer
CONV001425,CUST008994,CAMP0125,2026-03-08,SQL
CONV001426,CUST004692,CAMP0171,2024-04-24,Lead
CONV001427,CUST000209,CAMP0182,2024-05-29,Lead
CONV001428,CUST003878,CAMP0027,09-07-2026,Opportunity
CONV001429,CUST009866,CAMP0215,25-04-2026,Customer
CONV001430,CUST003728,CAMP0134,2025-07-13,Opportunity
CONV001431,CUST009817,CAMP0220,30-09-2024,MQL
CONV001432,CUST002220,CAMP0008,2025-12-20,Opportunity
CONV001433,CUST003512,CAMP0145,2025-03-26,SQL
CONV001434,CUST007545,CAMP0011,2026-03-24,SQL
CONV001435,CUST006832,CAMP0099,2025-04-28,Lead
CONV001436,CUST002202,CAMP0004,16 Jun 2026,SQL
CONV001437,CUST006078,CAMP0060,2024-11-20,SQL
CONV001438,CUST005349,CAMP0182,2023-03-17,SQL
CONV001439,CUST005047,CAMP0132,09-11-2023,SQL
CONV001440,CUST004377,CAMP0188,2025-10-31,MQL
CONV001441,CUST003144,CAMP0083,04/24/2023,Customer
CONV001442,CUST004855,CAMP0068,09/07/2024,SQL
CONV001443,CUST004129,CAMP0019,2023-04-26,Lead
CONV001444,CUST007338,CAMP0104,2023-08-01,MQL
CONV001445,CUST009798,CAMP0105,23-11-2023,SQL
CONV001446,CUST008921,CAMP0122,,Opportunity
CONV001447,CUST005938,CAMP0022,2024-05-04,Customer
CONV001448,CUST007408,CAMP0114,2025-01-20,Lead
CONV001449,CUST003451,CAMP0103,29 Feb 2024,Lead
CONV001450,CUST009909,CAMP0188,2023-11-15,MQL
CONV001451,CUST001764,CAMP0103,2025-12-05,Opportunity
CONV001452,CUST007327,CAMP0038,2023-07-24,SQL
CONV001453,CUST006804,CAMP0117,06-02-2026,MQL
CONV001454,CUST004155,CAMP0055,2024-06-27,SQL
CONV001455,CUST000036,CAMP0084,2023-08-25,SQL
CONV001456,CUST000159,CAMP0133,2024-11-22,Customer
CONV001457,CUST003060,CAMP0041,2024-11-19,SQL
CONV001458,CUST003407,CAMP0109,03/19/2025,MQL
CONV001459,CUST007169,CAMP0139,2023-09-27,SQL
CONV001460,CUST002593,CAMP0104,02/26/2026,Lead
CONV001461,CUST004063,CAMP0186,02/08/2025,Lead
CONV001462,CUST004172,CAMP0118,2025-12-04,Customer
CONV001463,CUST003313,CAMP0114,2024-10-22,Customer
CONV001464,CUST000971,CAMP0166,2024-02-24,SQL
CONV001465,CUST009780,CAMP0031,2023-11-14,SQL
CONV001466,CUST006450,CAMP0047,2024-09-12,SQL
CONV001467,CUST005910,CAMP0036,,MQL
CONV001468,CUST003389,CAMP0152,2023-07-14,Customer
CONV001469,CUST001717,CAMP0219,24-01-2024,Opportunity
CONV001470,CUST003978,CAMP0047,13-07-2026,Customer
CONV001471,CUST003770,CAMP0068,2025-12-12,MQL
CONV001472,CUST005165,CAMP0017,18-03-2024,Opportunity
CONV001473,CUST001348,CAMP0005,2023-06-15,Customer
CONV001474,CUST008655,CAMP0017,21-04-2025,Lead
CONV001475,CUST006547,CAMP0026,2025-05-07,Lead
CONV001476,CUST001233,CAMP0107,19-07-2025,MQL
CONV001477,CUST008091,CAMP0096,2024-09-17,Lead
CONV001478,CUST008142,CAMP0131,2025-03-13,SQL
CONV001479,CUST007444,CAMP0161,06/07/2026,Opportunity
CONV001480,CUST009640,CAMP0082,01/03/2025,Lead
CONV001481,CUST008643,CAMP0180,08/21/2024,SQL
CONV001482,CUST003369,CAMP0174,2025-10-27,Lead
CONV001483,CUST003722,CAMP0137,2024-10-15,MQL
CONV001484,CUST005395,CAMP0210,2025-10-24,Customer
CONV001485,CUST005171,CAMP0079,2025-03-25,Opportunity
CONV001486,CUST003041,CAMP0113,2026-03-08,Lead
CONV001487,CUST004779,CAMP0025,01/11/2026,Lead
CONV001488,CUST004570,CAMP0091,17-08-2023,SQL
CONV001489,CUST002187,CAMP0013,06-12-2023,SQL
CONV001490,CUST000021,CAMP0124,02/26/2023,Lead
CONV001491,CUST009255,CAMP0157,2025-12-18,Opportunity
CONV001492,CUST000926,CAMP0176,05 Mar 2025,Opportunity
CONV001493,CUST005709,CAMP0057,,Lead
CONV001494,CUST007365,CAMP0211,14-10-2025,Lead
CONV001495,CUST007100,CAMP0023,2023-05-11,MQL
CONV001496,CUST002865,CAMP0169,22-06-2024,SQL
CONV001497,CUST009074,CAMP0117,2026-06-27,Opportunity
CONV001498,CUST003029,CAMP0056,05/16/2025,SQL
CONV001499,CUST001193,CAMP0009,2025-01-05,Customer
CONV001500,CUST002314,CAMP0117,2026-06-01,Customer
CONV001501,CUST004251,CAMP0138,12/03/2025,Lead
CONV001502,CUST001826,CAMP0025,24-03-2024,MQL
CONV001503,CUST006729,CAMP0019,2023-10-20,Customer
CONV001504,CUST005879,CAMP0028,14-06-2026,SQL
CONV001505,CUST002460,CAMP0098,05-06-2024,Customer
CONV001506,CUST004798,CAMP0018,2024-11-18,SQL
CONV001507,CUST008293,CAMP0032,04-05-2023,Lead
CONV001508,CUST004376,CAMP0013,27-07-2024,Opportunity
CONV001509,CUST009891,CAMP0135,09-10-2025,Customer
CONV001510,CUST007817,CAMP0037,2025-09-19,MQL
CONV001511,CUST009180,CAMP0094,23-03-2024,Customer
CONV001512,CUST001787,CAMP0201,,Customer
CONV001513,CUST008991,CAMP0173,2024-02-03,SQL
CONV001514,CUST002004,CAMP0078,15-09-2023,Lead
CONV001515,CUST003638,CAMP0033,09-07-2024,Customer
CONV001516,CUST008021,CAMP0108,26 Nov 2023,Customer
CONV001517,CUST007192,CAMP0064,03-02-2025,SQL
CONV001518,CUST001987,CAMP0185,2026-07-17,Customer
CONV001519,CUST002121,CAMP0119,05/12/2026,MQL
CONV001520,CUST005811,CAMP0150,18-07-2023,Customer
CONV001521,CUST007682,CAMP0125,07/13/2025,Lead
CONV001522,CUST000695,CAMP0171,01 Aug 2025,Opportunity
CONV001523,CUST007369,CAMP0146,2025-06-02,SQL
CONV001524,CUST000013,CAMP0168,06/26/2024,Customer
CONV001525,CUST003667,CAMP0066,26-03-2023,Customer
CONV001526,CUST000473,CAMP0032,11 Mar 2025,Lead
CONV001527,CUST002454,CAMP0103,2023-04-23,Opportunity
CONV001528,CUST004756,CAMP0147,03 Sep 2024,Opportunity
CONV001529,CUST007944,CAMP0091,04/27/2023,MQL
CONV001530,CUST007325,CAMP0110,02/04/2023,Opportunity
CONV001531,CUST008995,CAMP0078,06-06-2025,Customer
CONV001532,CUST004805,CAMP0165,18 Aug 2025,Customer
CONV001533,CUST001818,CAMP0146,2024-05-09,Customer
CONV001534,CUST000833,CAMP0156,,Lead
CONV001535,CUST002180,CAMP0197,22-02-2025,SQL
CONV001536,CUST002286,CAMP0029,2023-09-02,SQL
CONV001537,CUST008316,CAMP0042,2023-12-18,SQL
CONV001538,CUST009071,CAMP0157,12/30/2023,Opportunity
CONV001539,CUST003677,CAMP0036,02/24/2024,SQL
CONV001540,CUST003662,CAMP0218,03-05-2024,MQL
CONV001541,CUST006984,CAMP0151,06-02-2023,SQL
CONV001542,CUST002737,CAMP0020,2023-04-01,MQL
CONV001543,CUST009636,CAMP0201,08-06-2026,Lead
CONV001544,CUST002099,CAMP0053,2026-07-24,MQL
CONV001545,CUST009673,CAMP0163,2025-05-14,MQL
CONV001546,CUST002787,CAMP0155,2024-08-13,Lead
CONV001547,CUST008928,CAMP0082,28-12-2024,Customer
CONV001548,CUST000755,CAMP0186,2024-12-06,SQL
CONV001549,CUST004760,CAMP0201,01/12/2024,MQL
CONV001550,CUST008834,CAMP0057,2025-12-31,SQL
CONV001551,CUST002368,CAMP0082,11/16/2024,Opportunity
CONV001552,CUST002309,CAMP0019,,
CONV001553,CUST000716,CAMP0140,2023-09-06,MQL
CONV001554,CUST008825,CAMP0201,2024-03-02,Opportunity
CONV001555,CUST008612,CAMP0030,2024-12-19,MQL
CONV001556,CUST006420,CAMP0102,21-10-2023,MQL
CONV001557,CUST004875,CAMP0011,2023-03-26,MQL
CONV001558,CUST006943,CAMP0028,2024-11-25,Customer
CONV001559,CUST003822,CAMP0036,2024-04-27,Lead
CONV001560,CUST000560,CAMP0049,2024-02-05,Customer
CONV001561,CUST003874,CAMP0194,2023-12-24,Lead
CONV001562,CUST007857,CAMP0166,08/10/2025,Opportunity
CONV001563,CUST000936,CAMP0135,2026-03-28,Customer
CONV001564,CUST001951,CAMP0109,24-12-2025,Opportunity
CONV001565,CUST004559,CAMP0134,2025-01-20,Opportunity
CONV001566,CUST009751,CAMP0089,2026-01-26,Customer
CONV001567,CUST000699,CAMP0046,2023-08-17,Opportunity
CONV001568,CUST005194,CAMP0207,03-03-2025,Customer
CONV001569,CUST002549,CAMP0130,2023-07-10,Customer
CONV001570,CUST004218,CAMP0002,05 May 2023,Customer
CONV001571,CUST009503,CAMP0203,2024-07-04,Opportunity
CONV001572,CUST006351,CAMP0087,04-08-2024,Opportunity
CONV001573,CUST002739,CAMP0185,07/07/2026,Lead
CONV001574,CUST009444,CAMP0038,2023-12-17,SQL
CONV001575,CUST001421,CAMP0074,2023-02-01,SQL
CONV001576,CUST002869,CAMP0193,08-02-2025,SQL
CONV001577,CUST007971,CAMP0213,2025-06-04,Opportunity
CONV001578,CUST000096,CAMP0011,01-03-2024,Lead
CONV001579,CUST007099,CAMP0018,06/20/2024,Customer
CONV001580,CUST001509,CAMP0106,,Opportunity
CONV001581,CUST002051,CAMP0029,2025-10-09,Opportunity
CONV001582,CUST005164,CAMP0131,2026-02-28,Opportunity
CONV001583,CUST009532,CAMP0147,,MQL
CONV001584,CUST005748,CAMP0079,24 Aug 2025,Customer
CONV001585,CUST007319,CAMP0119,,Opportunity
CONV001586,CUST003773,CAMP0120,20 Aug 2025,Customer
CONV001587,CUST007260,CAMP0092,2023-11-28,Opportunity
CONV001588,CUST005226,CAMP0182,2024-01-20,Lead
CONV001589,CUST009772,CAMP0065,2025-04-07,Customer
CONV001590,CUST007115,CAMP0069,,MQL
CONV001591,CUST007228,CAMP0035,2023-01-01,Opportunity
CONV001592,CUST009789,CAMP0161,2023-06-11,MQL
CONV001593,CUST001660,CAMP0175,04 Oct 2024,Opportunity
CONV001594,CUST002476,CAMP0040,2024-06-23,MQL
CONV001595,CUST001464,CAMP0053,2025-02-17,Customer
CONV001596,CUST007775,CAMP0157,2025-07-06,Lead
CONV001597,CUST002070,CAMP0175,2026-05-31,SQL
CONV001598,CUST009580,CAMP0147,2024-08-19,Opportunity
CONV001599,CUST002320,CAMP0078,24-02-2023,MQL
CONV001600,CUST003079,CAMP0024,2025-12-11,Lead
CONV001601,CUST003058,CAMP0148,12/03/2023,SQL
CONV001602,CUST000580,CAMP0046,01-01-2025,SQL
CONV001603,CUST004460,CAMP0182,2024-08-02,MQL
CONV001604,CUST009558,CAMP0079,2026-01-11,SQL
CONV001605,CUST005511,CAMP0086,05/03/2023,Opportunity
CONV001606,CUST001907,CAMP0059,2024-08-21,Lead
CONV001607,CUST002124,CAMP0174,2023-08-13,Customer
CONV001608,CUST002037,CAMP0177,2026-04-20,Opportunity
CONV001609,CUST007658,CAMP0033,15-04-2026,Customer
CONV001610,CUST004028,CAMP0036,,SQL
CONV001611,CUST000303,CAMP0011,,Lead
CONV001612,CUST006944,CAMP0090,2023-09-16,Opportunity
CONV001613,CUST008382,CAMP0107,2025-10-28,SQL
CONV001614,CUST005091,CAMP0217,05/26/2024,Customer
CONV001615,CUST001057,CAMP0106,09-01-2025,Customer
CONV001616,CUST008149,CAMP0063,28 Feb 2025,Customer
CONV001617,CUST006152,CAMP0160,06-02-2026,SQL
CONV001618,CUST008106,CAMP0139,02/03/2024,MQL
CONV001619,CUST007298,CAMP0104,2023-04-28,Customer
CONV001620,CUST008180,CAMP0033,2023-10-23,Opportunity
CONV001621,CUST009696,CAMP0168,2023-08-31,Opportunity
CONV001622,CUST000183,CAMP0076,2025-02-17,Lead
CONV001623,CUST003234,CAMP0039,12/21/2023,Customer
CONV001624,CUST000353,CAMP0179,2026-04-14,Opportunity
CONV001625,CUST008635,CAMP0144,11/11/2024,Customer
CONV001626,CUST008581,CAMP0086,2025-06-26,Opportunity
CONV001627,CUST008398,CAMP0134,2023-05-11,Customer
CONV001628,CUST000855,CAMP0137,27-01-2023,MQL
CONV001629,CUST001678,CAMP0124,26 Aug 2024,Customer
CONV001630,CUST006678,CAMP0062,23 Oct 2024,Lead
CONV001631,CUST008939,CAMP0050,04-01-2023,MQL
CONV001632,CUST002284,CAMP0122,10/30/2025,Opportunity
CONV001633,CUST001314,CAMP0164,2026-02-21,MQL
CONV001634,CUST004434,CAMP0010,2023-01-07,SQL
CONV001635,CUST003384,CAMP0119,06 May 2026,MQL
CONV001636,CUST009104,CAMP0177,11/09/2025,Customer
CONV001637,CUST005215,CAMP0028,2025-06-30,MQL
CONV001638,CUST003087,CAMP0031,2024-07-25,Lead
CONV001639,CUST006325,CAMP0131,23-05-2024,Opportunity
CONV001640,CUST009636,CAMP0022,2024-03-27,MQL
CONV001641,CUST009838,CAMP0080,2025-03-28,MQL
CONV001642,CUST004726,CAMP0008,28-04-2025,MQL
CONV001643,CUST007879,CAMP0004,2026-06-21,MQL
CONV001644,CUST009708,CAMP0087,05/27/2023,Opportunity
CONV001645,CUST007948,CAMP0155,2024-03-21,Opportunity
CONV001646,CUST007072,CAMP0067,2024-12-27,Customer
CONV001647,CUST004234,CAMP0070,03/15/2024,MQL
CONV001648,CUST009458,CAMP0132,05/14/2024,Opportunity
CONV001649,CUST000909,CAMP0183,2023-05-15,MQL
CONV001650,CUST001471,CAMP0133,08-02-2024,SQL
CONV001651,CUST000156,CAMP0118,10 Feb 2023,Opportunity
CONV001652,CUST007696,CAMP0113,18 Mar 2023,Lead
CONV001653,CUST008831,CAMP0154,2025-03-26,SQL
CONV001654,CUST001002,CAMP0164,2023-11-21,Lead
CONV001655,CUST002412,CAMP0009,06/22/2025,SQL
CONV001656,CUST008344,CAMP0181,2025-05-22,Opportunity
CONV001657,CUST000953,CAMP0182,2024-05-15,Customer
CONV001658,CUST009344,CAMP0033,08-05-2026,Customer
CONV001659,CUST006077,CAMP0140,23-06-2025,SQL
CONV001660,CUST000399,CAMP0104,2026-07-10,Customer
CONV001661,CUST007782,CAMP0061,2024-02-02,MQL
CONV001662,CUST003874,CAMP0088,11/30/2025,SQL
CONV001663,CUST006072,CAMP0118,24-08-2023,Customer
CONV001664,CUST003930,CAMP0058,13 Jun 2026,Opportunity
CONV001665,CUST006428,CAMP0063,11-07-2025,Customer
CONV001666,CUST002593,CAMP0179,01-02-2023,Customer
CONV001667,CUST003005,CAMP0164,,MQL
CONV001668,CUST003248,CAMP0036,05/06/2023,Lead
CONV001669,CUST002900,CAMP0062,2025-07-10,Opportunity
CONV001670,CUST007931,CAMP0101,2023-05-05,SQL
CONV001671,CUST007915,CAMP0073,2024-06-05,MQL
CONV001672,CUST006212,CAMP0218,09/02/2024,Lead
CONV001673,CUST000065,CAMP0056,06/28/2023,SQL
CONV001674,CUST005705,CAMP0195,2026-05-02,SQL
CONV001675,CUST004095,CAMP0043,2024-04-04,Lead
CONV001676,CUST002737,CAMP0085,12/15/2024,SQL
CONV001677,CUST008224,CAMP0212,2024-03-10,Customer
CONV001678,CUST006454,CAMP0180,2025-06-03,MQL
CONV001679,CUST009913,CAMP0104,17 Jun 2024,Opportunity
CONV001680,CUST005248,CAMP0109,29-05-2024,SQL
CONV001681,CUST005455,CAMP0195,04/29/2026,MQL
CONV001682,CUST009061,CAMP0132,2025-05-15,MQL
CONV001683,CUST004991,CAMP0189,2026-07-19,Lead
CONV001684,CUST008512,CAMP0049,11 Feb 2025,SQL
CONV001685,CUST001991,CAMP0031,29 Nov 2023,Lead
CONV001686,CUST008391,CAMP0094,09/02/2025,SQL
CONV001687,CUST004289,CAMP0166,10-02-2023,SQL
CONV001688,CUST006480,CAMP0147,11/04/2025,MQL
CONV001689,CUST001330,CAMP0180,14-11-2024,MQL
CONV001690,CUST001051,CAMP0114,2025-12-21,Lead
CONV001691,CUST007543,CAMP0211,01-09-2025,SQL
CONV001692,CUST003553,CAMP0157,13-05-2026,Customer
CONV001693,CUST006054,CAMP0127,21 Mar 2025,Customer
CONV001694,CUST005505,CAMP0006,07-06-2024,Customer
CONV001695,CUST000973,CAMP0032,2026-02-18,Opportunity
CONV001696,CUST005619,CAMP0016,2025-04-04,MQL
CONV001697,CUST006472,CAMP0036,2024-06-04,Customer
CONV001698,CUST002458,CAMP0041,04/29/2026,Lead
CONV001699,CUST001901,CAMP0072,26-11-2025,Lead
CONV001700,CUST004766,CAMP0156,2025-11-07,Lead
CONV001701,CUST005707,CAMP0131,2025-01-15,Customer
CONV001702,CUST001451,CAMP0155,03/30/2023,
CONV001703,CUST008028,CAMP0005,2025-04-22,Customer
CONV001704,CUST002619,CAMP0132,2026-03-06,Opportunity
CONV001705,CUST007422,CAMP0141,2026-07-11,Lead
CONV001706,CUST006080,CAMP0204,02/16/2024,Opportunity
CONV001707,CUST004979,CAMP0089,22-04-2025,Lead
CONV001708,CUST006114,CAMP0071,2024-03-30,Opportunity
CONV001709,CUST002589,CAMP0218,2026-03-13,SQL
CONV001710,CUST003068,CAMP0191,2023-08-03,Lead
CONV001711,CUST005605,CAMP0089,23-03-2025,MQL
CONV001712,CUST009333,CAMP0133,08/26/2023,SQL
CONV001713,CUST007396,CAMP0024,2024-01-27,Lead
CONV001714,CUST006785,CAMP0039,2023-06-28,Lead
CONV001715,CUST007929,CAMP0113,2026-06-15,MQL
CONV001716,CUST003043,CAMP0041,2025-06-01,Lead
CONV001717,CUST008889,CAMP0016,13-08-2024,Lead
CONV001718,CUST006868,CAMP0026,21-07-2024,Opportunity
CONV001719,CUST006404,CAMP0105,2024-09-21,Lead
CONV001720,CUST007549,CAMP0036,07-05-2024,Lead
CONV001721,CUST004147,CAMP0191,2023-02-11,Lead
CONV001722,CUST003072,CAMP0085,2024-03-23,
CONV001723,CUST009505,CAMP0122,2023-06-09,Opportunity
CONV001724,CUST002475,CAMP0148,2025-07-10,MQL
CONV001725,CUST006480,CAMP0054,2024-09-22,
CONV001726,CUST000267,CAMP0054,05-09-2024,Lead
CONV001727,CUST006171,CAMP0065,2024-10-03,MQL
CONV001728,CUST007895,CAMP0081,05 Dec 2024,Lead
CONV001729,CUST009911,CAMP0156,2024-12-18,Opportunity
CONV001730,CUST001621,CAMP0076,06/05/2025,Opportunity
CONV001731,CUST006125,CAMP0006,2024-11-26,Customer
CONV001732,CUST001983,CAMP0017,2024-07-16,SQL
CONV001733,CUST004958,CAMP0003,,Customer
CONV001734,CUST005579,CAMP0163,2023-06-27,Opportunity
CONV001735,CUST009609,CAMP0093,2023-01-13,SQL
CONV001736,CUST008881,CAMP0020,2026-05-14,SQL
CONV001737,CUST002807,CAMP0215,2025-07-30,Lead
CONV001738,CUST005272,CAMP0177,10-07-2025,SQL
CONV001739,CUST006890,CAMP0093,2025-01-04,Customer
CONV001740,CUST008445,CAMP0193,18 Nov 2025,Lead
CONV001741,CUST005489,CAMP0108,2025-12-04,MQL
CONV001742,CUST003255,CAMP0171,26-05-2023,MQL
CONV001743,CUST002716,CAMP0189,12-11-2023,Customer
CONV001744,CUST008217,CAMP0083,18-12-2024,Opportunity
CONV001745,CUST006596,CAMP0126,2026-05-17,Lead
CONV001746,CUST008280,CAMP0052,2023-06-27,SQL
CONV001747,CUST002721,CAMP0083,2023-01-29,Opportunity
CONV001748,CUST003506,CAMP0036,11-06-2026,Opportunity
CONV001749,CUST004865,CAMP0172,2024-08-07,Lead
CONV001750,CUST003630,CAMP0011,2023-03-14,SQL
CONV001751,CUST004541,CAMP0115,09-09-2023,Opportunity
CONV001752,CUST001379,CAMP0011,2025-10-20,Opportunity
CONV001753,CUST006441,CAMP0213,2024-04-21,MQL
CONV001754,CUST008160,CAMP0058,08/27/2024,SQL
CONV001755,CUST005256,CAMP0075,2025-11-13,Customer
CONV001756,CUST008979,CAMP0188,03/11/2023,Lead
CONV001757,CUST001943,CAMP0041,28-05-2025,SQL
CONV001758,CUST000036,CAMP0018,2025-06-03,Opportunity
CONV001759,CUST009057,CAMP0066,2023-12-10,Lead
CONV001760,CUST002882,CAMP0063,2023-06-17,MQL
CONV001761,CUST001311,CAMP0161,2025-02-18,Customer
CONV001762,CUST003293,CAMP0036,,MQL
CONV001763,CUST000675,CAMP0097,2026-04-20,SQL
CONV001764,CUST006418,CAMP0199,05-07-2023,Customer
CONV001765,CUST000468,CAMP0027,2023-10-09,Opportunity
CONV001766,CUST000137,CAMP0031,03/26/2024,MQL
CONV001767,CUST007584,CAMP0207,27-03-2026,SQL
CONV001768,CUST007426,CAMP0183,2026-07-12,MQL
CONV001769,CUST001415,CAMP0051,06/14/2023,Customer
CONV001770,CUST004644,CAMP0057,2025-03-16,MQL
CONV001771,CUST009282,CAMP0161,2024-12-22,Customer
CONV001772,CUST007795,CAMP0187,25 Feb 2024,Customer
CONV001773,CUST004131,CAMP0081,03-07-2024,Lead
CONV001774,CUST002232,CAMP0154,14-01-2023,Opportunity
CONV001775,CUST008462,CAMP0186,,Lead
CONV001776,CUST000569,CAMP0118,2026-02-22,Lead
CONV001777,CUST008032,CAMP0097,30-01-2024,MQL
CONV001778,CUST000607,CAMP0170,30-08-2024,SQL
CONV001779,CUST005572,CAMP0176,08-11-2025,SQL
CONV001780,CUST002214,CAMP0150,2026-01-29,Lead
CONV001781,CUST002362,CAMP0167,2026-05-03,Customer
CONV001782,CUST005399,CAMP0026,2023-09-15,MQL
CONV001783,CUST007142,CAMP0115,12/23/2023,Customer
CONV001784,CUST006859,CAMP0210,2025-06-18,MQL
CONV001785,CUST007288,CAMP0180,2023-12-17,Lead
CONV001786,CUST009407,CAMP0003,2024-04-04,SQL
CONV001787,CUST007786,CAMP0019,2026-07-21,SQL
CONV001788,CUST002300,CAMP0096,27-02-2024,Customer
CONV001789,CUST002088,CAMP0054,16-04-2023,MQL
CONV001790,CUST009352,CAMP0147,12-05-2023,MQL
CONV001791,CUST007805,CAMP0015,17-08-2025,SQL
CONV001792,CUST000556,CAMP0200,2026-01-13,Customer
CONV001793,CUST007260,CAMP0082,03/05/2023,Lead
CONV001794,CUST006507,CAMP0168,2025-05-29,Opportunity
CONV001795,CUST007206,CAMP0154,20-08-2023,Lead
CONV001796,CUST006974,CAMP0139,30-07-2023,Customer
CONV001797,CUST002857,CAMP0148,2023-11-02,Lead
CONV001798,CUST006753,CAMP0031,11/14/2025,Opportunity
CONV001799,CUST000451,CAMP0140,08/29/2025,Lead
CONV001800,CUST005420,CAMP0107,12/16/2025,Opportunity
CONV001801,CUST007517,CAMP0191,2023-05-15,Customer
CONV001802,CUST003724,CAMP0088,07/26/2024,Opportunity
CONV001803,CUST000637,CAMP0035,03-11-2023,MQL
CONV001804,CUST006071,CAMP0011,03/05/2023,Customer
CONV001805,CUST005789,CAMP0082,03/01/2024,Lead
CONV001806,CUST007605,CAMP0097,05/26/2024,MQL
CONV001807,CUST000462,CAMP0092,2023-03-04,SQL
CONV001808,CUST002142,CAMP0151,,MQL
CONV001809,CUST007991,CAMP0153,2024-05-16,Lead
CONV001810,CUST000783,CAMP0052,2024-12-31,Lead
CONV001811,CUST008634,CAMP0140,11-04-2023,Opportunity
CONV001812,CUST002848,CAMP0212,2024-09-14,SQL
CONV001813,CUST006690,CAMP0160,2025-03-21,Lead
CONV001814,CUST006391,CAMP0191,14-08-2023,Opportunity
CONV001815,CUST004142,CAMP0049,12/05/2025,MQL
CONV001816,CUST001961,CAMP0053,,Lead
CONV001817,CUST007954,CAMP0217,2024-02-15,Customer
CONV001818,CUST006226,CAMP0154,2025-01-10,Lead
CONV001819,CUST001947,CAMP0110,19-06-2024,Lead
CONV001820,CUST004066,CAMP0060,05-09-2025,MQL
CONV001821,CUST009308,CAMP0081,2023-03-13,Customer
CONV001822,CUST002012,CAMP0204,31-07-2024,Customer
CONV001823,CUST007504,CAMP0082,2023-02-25,SQL
CONV001824,CUST000649,CAMP0168,2023-07-10,MQL
CONV001825,CUST007513,CAMP0121,2025-12-10,SQL
CONV001826,CUST004273,CAMP0010,2024-02-22,MQL
CONV001827,CUST005347,CAMP0137,2024-08-06,MQL
CONV001828,CUST005484,CAMP0215,2023-09-03,Opportunity
CONV001829,CUST001010,CAMP0202,2024-09-03,SQL
CONV001830,CUST007469,CAMP0143,27-08-2024,Customer
CONV001831,CUST001994,CAMP0160,2025-08-17,MQL
CONV001832,CUST007606,CAMP0039,2025-11-18,MQL
CONV001833,CUST008686,CAMP0194,12-01-2025,SQL
CONV001834,CUST002402,CAMP0206,2024-11-17,MQL
CONV001835,CUST005678,CAMP0195,09/03/2024,Lead
CONV001836,CUST004784,CAMP0065,22-08-2023,Customer
CONV001837,CUST004042,CAMP0070,07 Jun 2024,SQL
CONV001838,CUST004142,CAMP0008,,MQL
CONV001839,CUST009334,CAMP0146,2026-04-27,Customer
CONV001840,CUST008019,CAMP0001,2023-04-10,MQL
CONV001841,CUST000548,CAMP0165,30-03-2025,Customer
CONV001842,CUST005942,CAMP0065,03/22/2025,Lead
CONV001843,CUST007263,CAMP0175,2024-08-26,SQL
CONV001844,CUST007955,CAMP0135,2023-08-14,SQL
CONV001845,CUST007906,CAMP0077,2024-10-26,Lead
CONV001846,CUST000117,CAMP0101,2025-08-31,Lead
CONV001847,CUST002131,CAMP0161,12 Jun 2026,MQL
CONV001848,CUST006776,CAMP0118,24 May 2023,Lead
CONV001849,CUST009312,CAMP0144,2024-03-30,Opportunity
CONV001850,CUST007849,CAMP0154,2025-07-31,Customer
CONV001851,CUST007481,CAMP0099,2024-09-30,Customer
CONV001852,CUST006903,CAMP0046,2025-02-17,Lead
CONV001853,CUST007325,CAMP0035,2026-04-04,SQL
CONV001854,CUST000644,CAMP0064,08 Jan 2026,Opportunity
CONV001855,CUST007876,CAMP0130,2024-11-10,Customer
CONV001856,CUST003388,CAMP0026,2026-04-12,Opportunity
CONV001857,CUST000493,CAMP0098,02/29/2024,Customer
CONV001858,CUST007855,CAMP0084,27-07-2023,Customer
CONV001859,CUST006780,CAMP0055,19-09-2023,Customer
CONV001860,CUST001508,CAMP0055,2025-11-24,Lead
CONV001861,CUST000427,CAMP0047,23-06-2024,MQL
CONV001862,CUST008481,CAMP0114,13-08-2025,Lead
CONV001863,CUST004319,CAMP0152,2023-09-19,MQL
CONV001864,CUST001366,CAMP0119,08/31/2023,SQL
CONV001865,CUST002418,CAMP0220,06-07-2024,Opportunity
CONV001866,CUST009948,CAMP0164,2024-01-11,Lead
CONV001867,CUST000243,CAMP0053,2025-01-31,Lead
CONV001868,CUST004603,CAMP0066,11/29/2023,Customer
CONV001869,CUST002843,CAMP0086,19-12-2025,Lead
CONV001870,CUST006635,CAMP0016,2025-01-15,SQL
CONV001871,CUST001833,CAMP0056,2025-06-17,Customer
CONV001872,CUST008681,CAMP0194,2023-02-04,SQL
CONV001873,CUST007006,CAMP0203,2026-04-22,MQL
CONV001874,CUST007240,CAMP0163,18-05-2025,Lead
CONV001875,CUST003431,CAMP0157,2024-04-05,Customer
CONV001876,CUST008514,CAMP0199,05/28/2024,SQL
CONV001877,CUST007811,CAMP0107,2023-05-07,Customer
CONV001878,CUST007918,CAMP0167,2023-07-18,Opportunity
CONV001879,CUST005016,CAMP0143,2024-12-21,SQL
CONV001880,CUST009202,CAMP0197,17 Oct 2025,Customer
CONV001881,CUST009707,CAMP0182,2024-01-22,SQL
CONV001882,CUST001106,CAMP0153,2026-02-12,MQL
CONV001883,CUST009278,CAMP0067,2025-09-01,Lead
CONV001884,CUST001183,CAMP0212,2025-11-24,Customer
CONV001885,CUST007803,CAMP0059,2023-12-13,MQL
CONV001886,CUST000298,CAMP0096,2023-10-05,Opportunity
CONV001887,CUST005717,CAMP0116,2024-11-26,MQL
CONV001888,CUST005875,CAMP0210,2023-10-26,MQL
CONV001889,CUST006286,CAMP0082,15-09-2024,SQL
CONV001890,CUST004525,CAMP0154,2025-06-02,Customer
CONV001891,CUST003954,CAMP0117,21-05-2025,Lead
CONV001892,CUST005531,CAMP0054,08-04-2026,Opportunity
CONV001893,CUST006811,CAMP0005,07-06-2026,MQL
CONV001894,CUST003113,CAMP0019,2026-01-20,SQL
CONV001895,CUST001917,CAMP0039,14-10-2023,Opportunity
CONV001896,CUST001676,CAMP0110,03-04-2026,Lead
CONV001897,CUST006108,CAMP0150,03/19/2023,SQL
CONV001898,CUST008939,CAMP0147,2026-03-30,Opportunity
CONV001899,CUST000401,CAMP0035,04/15/2025,Opportunity
CONV001900,CUST005841,CAMP0038,09-06-2024,Opportunity
CONV001901,CUST004558,CAMP0017,,MQL
CONV001902,CUST005912,CAMP0060,,MQL
CONV001903,CUST001061,CAMP0087,2025-04-29,SQL
CONV001904,CUST008956,CAMP0125,2024-11-09,Lead
CONV001905,CUST001174,CAMP0157,2024-06-26,SQL
CONV001906,CUST005233,CAMP0188,2024-11-30,MQL
CONV001907,CUST009278,CAMP0074,10/21/2023,MQL
CONV001908,CUST007048,CAMP0092,2025-02-26,Lead
CONV001909,CUST005144,CAMP0216,2023-02-12,
CONV001910,CUST005127,CAMP0136,08/16/2025,Lead
CONV001911,CUST002953,CAMP0097,02-10-2025,Lead
CONV001912,CUST004852,CAMP0077,26-04-2024,MQL
CONV001913,CUST002094,CAMP0193,2024-01-05,Opportunity
CONV001914,CUST000485,CAMP0159,23-10-2023,Opportunity
CONV001915,CUST002889,CAMP0152,2023-01-23,Customer
CONV001916,CUST009884,CAMP0036,2024-03-18,
CONV001917,CUST001727,CAMP0071,26-06-2026,Opportunity
CONV001918,CUST002613,CAMP0026,05 Jul 2024,Opportunity
CONV001919,CUST003352,CAMP0215,02/02/2025,Lead
CONV001920,CUST005729,CAMP0042,2023-08-12,Lead
CONV001921,CUST002653,CAMP0176,10-06-2023,MQL
CONV001922,CUST004038,CAMP0184,2024-05-18,Customer
CONV001923,CUST000888,CAMP0085,2025-11-27,Lead
CONV001924,CUST007804,CAMP0135,07 Jun 2026,Opportunity
CONV001925,CUST001822,CAMP0199,2023-01-30,Opportunity
CONV001926,CUST004484,CAMP0175,2023-07-03,SQL
CONV001927,CUST000516,CAMP0146,16-05-2023,SQL
CONV001928,CUST001256,CAMP0190,09/23/2023,
CONV001929,CUST008487,CAMP0079,11/01/2024,Lead
CONV001930,CUST002400,CAMP0093,2024-04-13,Customer
CONV001931,CUST006396,CAMP0184,2024-09-06,Customer
CONV001932,CUST007906,CAMP0204,2023-11-20,Lead
CONV001933,CUST001940,CAMP0010,2025-02-24,MQL
CONV001934,CUST009957,CAMP0217,2026-06-13,Opportunity
CONV001935,CUST003010,CAMP0116,2026-04-27,Customer
CONV001936,CUST007813,CAMP0041,,MQL
CONV001937,CUST007610,CAMP0044,2023-08-22,Customer
CONV001938,CUST001315,CAMP0204,19-10-2025,Lead
CONV001939,CUST000688,CAMP0055,03/04/2025,MQL
CONV001940,CUST004216,CAMP0148,2026-07-23,SQL
CONV001941,CUST005383,CAMP0091,02 Feb 2026,MQL
CONV001942,CUST006122,CAMP0147,2026-07-09,SQL
CONV001943,CUST005334,CAMP0170,2024-05-06,Opportunity
CONV001944,CUST003318,CAMP0198,29-07-2024,Lead
CONV001945,CUST002555,CAMP0140,2024-02-08,SQL
CONV001946,CUST000691,CAMP0209,25-08-2024,Lead
CONV001947,CUST005501,CAMP0184,2025-11-14,Opportunity
CONV001948,CUST003697,CAMP0063,2026-05-03,MQL
CONV001949,CUST007744,CAMP0058,2023-03-12,Customer
CONV001950,CUST004661,CAMP0163,2025-10-04,Lead
CONV001951,CUST006002,CAMP0142,21-05-2025,Lead
CONV001952,CUST002440,CAMP0204,2024-06-26,Opportunity
CONV001953,CUST001716,CAMP0024,2025-12-18,Opportunity
CONV001954,CUST005091,CAMP0096,2024-03-07,MQL
CONV001955,CUST002445,CAMP0096,24-11-2024,Customer
CONV001956,CUST006405,CAMP0166,2025-08-29,Opportunity
CONV001957,CUST003212,CAMP0051,15-08-2025,Customer
CONV001958,CUST001767,CAMP0213,04/07/2026,Lead
CONV001959,CUST002085,CAMP0069,2024-01-27,Customer
CONV001960,CUST006903,CAMP0067,20-01-2025,Customer
CONV001961,CUST007829,CAMP0010,2023-09-13,Customer
CONV001962,CUST008049,CAMP0097,15 Mar 2026,MQL
CONV001963,CUST006437,CAMP0028,2024-11-13,Lead
CONV001964,CUST004221,CAMP0188,2023-05-15,Lead
CONV001965,CUST003032,CAMP0065,01/17/2023,SQL
CONV001966,CUST008815,CAMP0005,2024-04-08,Customer
CONV001967,CUST900031,CAMP0079,2026-07-10,MQL
CONV001968,CUST007789,CAMP0087,,Opportunity
CONV001969,CUST007100,CAMP0077,2024-03-01,Lead
CONV001970,CUST004187,CAMP0208,2023-04-27,Lead
CONV001971,CUST005013,CAMP0058,2024-12-29,SQL
CONV001972,CUST003869,CAMP0191,2023-07-15,MQL
CONV001973,CUST002932,CAMP0061,10/19/2024,Opportunity
CONV001974,CUST006534,CAMP0085,2024-01-03,SQL
CONV001975,CUST009293,CAMP0148,2024-11-25,MQL
CONV001976,CUST008845,CAMP0071,15 Dec 2023,Customer
CONV001977,CUST007519,CAMP0003,2025-03-02,Opportunity
CONV001978,CUST006366,CAMP0158,02 Feb 2023,Opportunity
CONV001979,CUST009355,CAMP0116,05 Mar 2026,SQL
CONV001980,CUST008899,CAMP0179,28 Jul 2025,MQL
CONV001981,CUST001098,CAMP0083,2025-03-17,Customer
CONV001982,CUST003146,CAMP0150,12/04/2024,MQL
CONV001983,CUST004869,CAMP0218,11/12/2024,SQL
CONV001984,CUST005010,CAMP0143,2023-10-23,Customer
CONV001985,CUST004799,CAMP0018,10/25/2024,Customer
CONV001986,CUST005514,CAMP0193,2023-08-27,MQL
CONV001987,CUST005092,CAMP0109,10/30/2025,Customer
CONV001988,CUST004960,CAMP0202,07/20/2026,Customer
CONV001989,CUST000574,CAMP0093,2025-11-17,Customer
CONV001990,CUST008496,CAMP0007,2024-09-05,Customer
CONV001991,CUST002341,CAMP0077,21 Aug 2025,SQL
CONV001992,CUST002970,CAMP0157,2025-07-17,SQL
CONV001993,CUST007179,CAMP0092,2025-05-30,MQL
CONV001994,CUST002140,CAMP0127,2024-12-21,Lead
CONV001995,CUST003407,CAMP0045,31 Dec 2023,Opportunity
CONV001996,CUST008883,CAMP0037,16 Jan 2023,Customer
CONV001997,CUST009781,CAMP0008,2026-05-04,Customer
CONV001998,CUST004869,CAMP0120,2023-01-19,SQL
CONV001999,CUST007148,CAMP0187,09/26/2023,MQL
CONV002000,CUST006714,CAMP0036,2023-08-17,Opportunity
CONV002001,CUST003080,CAMP0120,09/22/2023,Customer
CONV002002,CUST004905,CAMP0124,06/11/2024,Opportunity
CONV002003,CUST005775,CAMP0150,2023-08-29,SQL
CONV002004,CUST005416,CAMP0163,2023-02-03,Opportunity
CONV002005,CUST000854,CAMP0197,2026-03-14,Lead
CONV002006,CUST009280,CAMP0057,07/16/2026,Opportunity
CONV002007,CUST000492,CAMP0110,28-11-2024,Lead
CONV002008,CUST005227,CAMP0108,2024-03-13,Customer
CONV002009,CUST008575,CAMP0042,2023-12-01,MQL
CONV002010,CUST006875,CAMP0124,01/16/2026,Opportunity
CONV002011,CUST002943,CAMP0208,2026-02-02,MQL
CONV002012,CUST006635,CAMP0123,09/04/2025,MQL
CONV002013,CUST001943,CAMP0165,21-05-2023,Customer
CONV002014,CUST001051,CAMP0074,2024-06-16,MQL
CONV002015,CUST005016,CAMP0064,2024-10-14,Customer
CONV002016,CUST006649,CAMP0020,2023-03-30,MQL
CONV002017,CUST000636,CAMP0196,2025-05-16,SQL
CONV002018,CUST005312,CAMP0194,2026-02-25,Lead
CONV002019,CUST003130,CAMP0173,2023-02-17,SQL
CONV002020,CUST003069,CAMP0033,2025-09-13,MQL
CONV002021,CUST002974,CAMP0084,18-05-2024,Opportunity
CONV002022,CUST000328,CAMP0168,07-07-2025,Lead
CONV002023,CUST002524,CAMP0062,20-05-2023,MQL
CONV002024,CUST005231,CAMP0102,2025-01-16,Opportunity
CONV002025,CUST008176,CAMP0110,04-04-2023,
CONV002026,CUST002109,CAMP0106,10-02-2023,Customer
CONV002027,CUST005419,CAMP0007,2023-12-18,SQL
CONV002028,CUST004169,CAMP0003,10/03/2025,Lead
CONV002029,CUST003374,CAMP0083,2025-05-24,Lead
CONV002030,CUST008485,CAMP0206,,Customer
CONV002031,CUST001063,CAMP0080,2023-06-09,MQL
CONV002032,CUST008020,CAMP0126,11-02-2026,MQL
CONV002033,CUST004042,CAMP0216,15 Sep 2024,MQL
CONV002034,CUST009482,CAMP0077,2023-12-10,SQL
CONV002035,CUST000994,CAMP0087,03-04-2026,SQL
CONV002036,CUST004712,CAMP0029,2023-12-16,Opportunity
CONV002037,CUST003765,CAMP0056,,Customer
CONV002038,CUST005936,CAMP0076,2024-11-24,Opportunity
CONV002039,CUST005039,CAMP0009,02/04/2026,Customer
CONV002040,CUST002456,CAMP0075,,SQL
CONV002041,CUST003179,CAMP0150,2024-05-02,Customer
CONV002042,CUST006663,CAMP0105,10-09-2024,SQL
CONV002043,CUST001092,CAMP0155,2023-09-27,SQL
CONV002044,CUST002832,CAMP0009,07/08/2024,Customer
CONV002045,CUST003602,CAMP0038,2024-07-25,
CONV002046,CUST002846,CAMP0037,18-03-2023,Opportunity
CONV002047,CUST007409,CAMP0028,2023-06-23,MQL
CONV002048,CUST005842,CAMP0058,2024-07-19,MQL
CONV002049,CUST004564,CAMP0041,02/22/2025,Customer
CONV002050,CUST007197,CAMP0051,2023-04-27,SQL
CONV002051,CUST006199,CAMP0084,11-06-2026,Opportunity
CONV002052,CUST000657,CAMP0162,03 Aug 2023,Lead
CONV002053,CUST000382,CAMP0093,2024-06-01,Customer
CONV002054,CUST000136,CAMP0134,2023-10-30,Lead
CONV002055,CUST005005,CAMP0086,03/23/2023,MQL
CONV002056,CUST006760,CAMP0204,06-11-2023,Opportunity
CONV002057,CUST009795,CAMP0177,2024-04-28,SQL
CONV002058,CUST003233,CAMP0150,2025-07-12,SQL
CONV002059,CUST008229,CAMP0145,07 Dec 2024,Customer
CONV002060,CUST004354,CAMP0173,05-02-2025,Customer
CONV002061,CUST000621,CAMP0213,2026-02-09,Customer
CONV002062,CUST000114,CAMP0132,2025-08-16,MQL
CONV002063,CUST007771,CAMP0201,2023-12-20,SQL
CONV002064,CUST007300,CAMP0189,16-01-2025,Lead
CONV002065,CUST009675,CAMP0091,04/19/2023,Lead
CONV002066,CUST001634,CAMP0081,2026-02-16,SQL
CONV002067,CUST008768,CAMP0087,01/11/2023,Customer
CONV002068,CUST005777,CAMP0184,2026-05-23,Opportunity
CONV002069,CUST008996,CAMP0064,2024-08-05,Customer
CONV002070,CUST005279,CAMP0163,2025-05-07,Lead
CONV002071,CUST009718,CAMP0123,03/25/2023,MQL
CONV002072,CUST005454,CAMP0217,30 Oct 2023,Opportunity
CONV002073,CUST005606,CAMP0062,10/21/2023,SQL
CONV002074,CUST001716,CAMP0044,2026-07-17,SQL
CONV002075,CUST002512,CAMP0137,07/08/2024,MQL
CONV002076,CUST004221,CAMP0069,2024-03-10,Customer
CONV002077,CUST000301,CAMP0147,2023-11-27,Lead
CONV002078,CUST001118,CAMP0062,05 Mar 2023,Lead
CONV002079,CUST009067,CAMP0119,30 Dec 2025,Customer
CONV002080,CUST009242,CAMP0135,28 Dec 2024,Opportunity
CONV002081,CUST005803,CAMP0165,2024-05-10,MQL
CONV002082,CUST000095,CAMP0182,2023-09-24,SQL
CONV002083,CUST000755,CAMP0211,2024-01-07,SQL
CONV002084,CUST005886,CAMP0200,2024-07-08,Opportunity
CONV002085,CUST003876,CAMP0210,26-11-2024,MQL
CONV002086,CUST003115,CAMP0149,2023-09-09,Lead
CONV002087,CUST006826,CAMP0162,2024-06-08,Opportunity
CONV002088,CUST005544,CAMP0039,2025-10-26,Lead
CONV002089,CUST004114,CAMP0153,2025-07-05,Opportunity
CONV002090,CUST005979,CAMP0084,,Customer
CONV002091,CUST002801,CAMP0166,2025-09-05,Customer
CONV002092,CUST002623,CAMP0172,2025-06-05,MQL
CONV002093,CUST006163,CAMP0090,2026-04-15,Customer
CONV002094,CUST007815,CAMP0188,2025-06-02,Opportunity
CONV002095,CUST007959,CAMP0106,2024-10-06,SQL
CONV002096,CUST000160,CAMP0182,2026-04-01,Lead
CONV002097,CUST003852,CAMP0090,2023-02-15,Lead
CONV002098,CUST008904,CAMP0147,2025-04-11,Opportunity
CONV002099,CUST000493,CAMP0016,2023-10-18,Customer
CONV002100,CUST009891,CAMP0142,01-09-2024,SQL
CONV002101,CUST005584,CAMP0166,26 Jan 2023,SQL
CONV002102,CUST009509,CAMP0209,03 Jan 2023,MQL
CONV002103,CUST005636,CAMP0064,2026-04-12,SQL
CONV002104,CUST009177,CAMP0169,12-05-2025,SQL
CONV002105,CUST004763,CAMP0181,08/08/2024,Opportunity
CONV002106,CUST005179,CAMP0159,03/28/2025,SQL
CONV002107,CUST006715,CAMP0118,2026-05-13,MQL
CONV002108,CUST004646,CAMP0094,05-06-2026,Customer
CONV002109,CUST003158,CAMP0135,08/21/2024,MQL
CONV002110,CUST005599,CAMP0141,21-08-2025,SQL
CONV002111,CUST008261,CAMP0127,2024-08-07,Customer
CONV002112,CUST005916,CAMP0187,2024-06-21,Lead
CONV002113,CUST009485,CAMP0117,29 Aug 2023,Customer
CONV002114,CUST900005,CAMP0125,22-01-2026,Customer
CONV002115,CUST008805,CAMP0054,2025-09-18,SQL
CONV002116,CUST007715,CAMP0025,2024-03-21,Customer
CONV002117,CUST007966,CAMP0188,2025-12-21,MQL
CONV002118,CUST002514,CAMP0178,06-01-2026,Customer
CONV002119,CUST006837,CAMP0172,2026-02-01,Customer
CONV002120,CUST001171,CAMP0014,2025-04-08,MQL
CONV002121,CUST002962,CAMP0017,27-01-2026,Opportunity
CONV002122,CUST008783,CAMP0206,2026-07-08,Opportunity
CONV002123,CUST007129,CAMP0034,18-01-2026,Customer
CONV002124,CUST007183,CAMP0069,07/28/2023,Lead
CONV002125,CUST001658,CAMP0086,12/05/2024,
CONV002126,CUST009106,CAMP0213,,SQL
CONV002127,CUST000170,CAMP0173,2024-11-11,Opportunity
CONV002128,CUST000532,CAMP0042,12/22/2025,SQL
CONV002129,CUST006113,CAMP0209,2025-02-06,MQL
CONV002130,CUST002732,CAMP0120,30-05-2024,Lead
CONV002131,CUST006711,CAMP0133,22-01-2025,SQL
CONV002132,CUST001330,CAMP0129,2025-12-30,SQL
CONV002133,CUST007983,CAMP0168,2024-07-26,Lead
CONV002134,CUST007082,CAMP0080,2023-03-05,Lead
CONV002135,CUST003689,CAMP0132,06/30/2026,Lead
CONV002136,CUST003242,CAMP0076,09/22/2025,Opportunity
CONV002137,CUST008913,CAMP0193,20-02-2025,Customer
CONV002138,CUST002429,CAMP0119,2023-05-25,SQL
CONV002139,CUST001689,CAMP0067,2026-06-24,Customer
CONV002140,CUST003201,CAMP0101,2023-02-07,Customer
CONV002141,CUST000756,CAMP0037,2025-05-21,Customer
CONV002142,CUST005064,CAMP0182,2025-07-28,SQL
CONV002143,CUST005091,CAMP0163,17-01-2023,
CONV002144,CUST007569,CAMP0152,2025-06-13,Lead
CONV002145,CUST008764,CAMP0126,07/26/2025,Customer
CONV002146,CUST001434,CAMP0220,2025-02-14,Customer
CONV002147,CUST007322,CAMP0136,2024-04-08,Lead
CONV002148,CUST004518,CAMP0048,2025-02-05,Customer
CONV002149,CUST007783,CAMP0138,10/13/2023,SQL
CONV002150,CUST002479,CAMP0160,2025-10-08,MQL
CONV002151,CUST000715,CAMP0019,2026-02-02,MQL
CONV002152,CUST004773,CAMP0016,2023-07-13,SQL
CONV002153,CUST001790,CAMP0130,26-09-2023,Opportunity
CONV002154,CUST007552,CAMP0096,04 Oct 2024,Customer
CONV002155,CUST007060,CAMP0184,2026-01-27,Opportunity
CONV002156,CUST005970,CAMP0141,2024-06-20,MQL
CONV002157,CUST001958,CAMP0005,26-07-2023,SQL
CONV002158,CUST008610,CAMP0212,2023-08-17,Customer
CONV002159,CUST005237,CAMP0038,08 Apr 2023,MQL
CONV002160,CUST008931,CAMP0073,2023-12-06,SQL
CONV002161,CUST008415,CAMP0035,02-05-2023,MQL
CONV002162,CUST007008,CAMP0183,2023-01-31,Lead
CONV002163,CUST009065,CAMP0217,,Lead
CONV002164,CUST009686,CAMP0091,10/14/2024,Opportunity
CONV002165,CUST003806,CAMP0033,05/17/2023,SQL
CONV002166,CUST005124,CAMP0001,2024-08-29,Opportunity
CONV002167,CUST009167,CAMP0163,24 May 2023,Lead
CONV002168,CUST004054,CAMP0155,2026-06-05,MQL
CONV002169,CUST009570,CAMP0012,2026-06-29,Opportunity
CONV002170,CUST002919,CAMP0080,04-11-2024,Opportunity
CONV002171,CUST007753,CAMP0037,2024-01-30,Opportunity
CONV002172,CUST005260,CAMP0109,2024-07-02,Opportunity
CONV002173,CUST000801,CAMP0110,07/18/2024,SQL
CONV002174,CUST008306,CAMP0039,11/07/2023,MQL
CONV002175,CUST002820,CAMP0125,2024-02-11,SQL
CONV002176,CUST009720,CAMP0088,2025-04-04,SQL
CONV002177,CUST001283,CAMP0069,2024-12-20,MQL
CONV002178,CUST002558,CAMP0201,02 Feb 2026,SQL
CONV002179,CUST000512,CAMP0145,2023-09-22,MQL
CONV002180,CUST008874,CAMP0179,2024-08-16,Opportunity
CONV002181,CUST001390,CAMP0151,15-03-2023,Opportunity
CONV002182,CUST007287,CAMP0084,2026-03-31,MQL
CONV002183,CUST900049,CAMP0108,2023-07-16,SQL
CONV002184,CUST006747,CAMP0058,2024-01-13,Customer
CONV002185,CUST007363,CAMP0143,2024-10-09,Opportunity
CONV002186,CUST006116,CAMP0152,2023-08-14,MQL
CONV002187,CUST009711,CAMP0011,28-12-2024,Customer
CONV002188,CUST006951,CAMP0174,2025-02-20,SQL
CONV002189,CUST009524,CAMP0130,26-02-2025,MQL
CONV002190,CUST006703,CAMP0108,06-04-2026,Lead
CONV002191,CUST000366,CAMP0027,14-09-2025,Customer
CONV002192,CUST005219,CAMP0085,2026-03-17,Lead
CONV002193,CUST008554,CAMP0174,10-10-2024,MQL
CONV002194,CUST001033,CAMP0076,2023-12-14,SQL
CONV002195,CUST006738,CAMP0007,04 Oct 2025,SQL
CONV002196,CUST008325,CAMP0178,2025-07-11,Opportunity
CONV002197,CUST005602,CAMP0109,2023-01-12,Opportunity
CONV002198,CUST005174,CAMP0079,2023-01-01,Opportunity
CONV002199,CUST001001,CAMP0083,2023-09-11,SQL
CONV002200,CUST001227,CAMP0183,07-05-2025,SQL
CONV002201,CUST009772,CAMP0198,12-08-2023,MQL
CONV002202,CUST002533,CAMP0031,2025-06-06,Lead
CONV002203,CUST000592,CAMP0029,2024-10-31,SQL
CONV002204,CUST000575,CAMP0134,13-06-2025,Lead
CONV002205,CUST006132,CAMP0132,03/15/2025,Customer
CONV002206,CUST003325,CAMP0003,2026-05-15,MQL
CONV002207,CUST003447,CAMP0047,2024-11-21,Opportunity
CONV002208,CUST006498,CAMP0068,2025-04-03,MQL
CONV002209,CUST003590,CAMP0176,2024-11-05,Lead
CONV002210,CUST006364,CAMP0012,2023-09-23,Lead
CONV002211,CUST005534,CAMP0030,06/18/2023,Lead
CONV002212,CUST005593,CAMP0163,07-05-2023,Lead
CONV002213,CUST008087,CAMP0143,03 Nov 2025,Lead
CONV002214,CUST003073,CAMP0103,18 May 2026,Customer
CONV002215,CUST000972,CAMP0072,22-09-2025,MQL
CONV002216,CUST004171,CAMP0143,15-09-2023,SQL
CONV002217,CUST003776,CAMP0042,10/31/2024,Opportunity
CONV002218,CUST006680,CAMP0197,2025-02-25,Opportunity
CONV002219,CUST001147,CAMP0119,2025-09-26,Lead
CONV002220,CUST002770,CAMP0170,22 Jan 2024,SQL
CONV002221,CUST001763,CAMP0186,06-10-2023,SQL
CONV002222,CUST008482,CAMP0038,2023-12-12,MQL
CONV002223,CUST008142,CAMP0032,2024-03-16,Opportunity
CONV002224,CUST004937,CAMP0072,2024-05-03,Customer
CONV002225,CUST009442,CAMP0194,2025-11-08,Customer
CONV002226,CUST006015,CAMP0059,07-07-2024,MQL
CONV002227,CUST009761,CAMP0183,2025-07-14,Lead
CONV002228,CUST006161,CAMP0183,29 Sep 2023,MQL
CONV002229,CUST004523,CAMP0034,2025-12-01,Lead
CONV002230,CUST002721,CAMP0061,01/14/2023,MQL
CONV002231,CUST001515,CAMP0093,10/30/2025,Opportunity
CONV002232,CUST006786,CAMP0061,02/06/2025,MQL
CONV002233,CUST004974,CAMP0172,2023-01-18,Opportunity
CONV002234,CUST001159,CAMP0002,27-02-2024,Customer
CONV002235,CUST009472,CAMP0207,2023-10-17,MQL
CONV002236,CUST001088,CAMP0170,2025-08-02,SQL
CONV002237,CUST007490,CAMP0070,08-04-2023,Lead
CONV002238,CUST009095,CAMP0043,13-02-2024,Lead
CONV002239,CUST005588,CAMP0045,15-02-2026,Lead
CONV002240,CUST007189,CAMP0184,2025-06-13,Customer
CONV002241,CUST008098,CAMP0019,13-09-2023,SQL
CONV002242,CUST005061,CAMP0098,2023-04-03,
CONV002243,CUST004270,CAMP0094,12-01-2026,Opportunity
CONV002244,CUST002664,CAMP0160,2024-10-14,Customer
CONV002245,CUST001432,CAMP0121,2025-08-05,MQL
CONV002246,CUST002685,CAMP0073,09/17/2025,SQL
CONV002247,CUST005167,CAMP0032,2025-11-16,Customer
CONV002248,CUST004915,CAMP0130,17-06-2025,SQL
CONV002249,CUST007043,CAMP0155,03-04-2026,Customer
CONV002250,CUST008510,CAMP0100,10/20/2024,MQL
CONV002251,CUST006634,CAMP0187,02-03-2023,Lead
CONV002252,CUST009171,CAMP0043,02-11-2025,Opportunity
CONV002253,CUST009814,CAMP0140,2025-09-28,MQL
CONV002254,CUST000148,CAMP0209,2023-10-12,Lead
CONV002255,CUST007854,CAMP0220,15-10-2025,SQL
CONV002256,CUST009827,CAMP0108,02 Mar 2026,Lead
CONV002257,CUST004911,CAMP0096,2026-05-11,Lead
CONV002258,CUST001758,CAMP0016,2025-02-26,Customer
CONV002259,CUST004308,CAMP0192,2023-05-28,Lead
CONV002260,CUST002960,CAMP0191,11/10/2025,Lead
CONV002261,CUST000864,CAMP0109,2026-02-23,MQL
CONV002262,CUST006063,CAMP0104,,MQL
CONV002263,CUST008367,CAMP0090,2024-03-26,SQL
CONV002264,CUST007563,CAMP0039,2024-07-30,Opportunity
CONV002265,CUST001917,CAMP0210,17-11-2025,Opportunity
CONV002266,CUST004580,CAMP0092,10/15/2024,MQL
CONV002267,CUST006435,CAMP0132,15 May 2026,MQL
CONV002268,CUST003979,CAMP0101,01-01-2024,SQL
CONV002269,CUST008427,CAMP0173,10/18/2023,MQL
CONV002270,CUST008289,CAMP0200,07/08/2024,Lead
CONV002271,CUST004811,CAMP0011,2024-09-13,Lead
CONV002272,CUST005089,CAMP0196,04/10/2024,Opportunity
CONV002273,CUST007248,CAMP0140,2025-09-01,MQL
CONV002274,CUST000829,CAMP0116,2024-01-27,Lead
CONV002275,CUST004661,CAMP0105,2023-08-25,Lead
CONV002276,CUST002267,CAMP0189,2023-06-01,Lead
CONV002277,CUST006105,CAMP0019,04/03/2025,Customer
CONV002278,CUST002158,CAMP0131,2023-03-18,SQL
CONV002279,CUST009394,CAMP0173,04-09-2023,Opportunity
CONV002280,CUST003560,CAMP0135,04/02/2023,SQL
CONV002281,CUST002495,CAMP0041,2024-05-20,Customer
CONV002282,CUST002918,CAMP0157,2025-07-01,SQL
CONV002283,CUST009339,CAMP0131,03/11/2023,SQL
CONV002284,CUST006683,CAMP0198,25-05-2023,SQL
CONV002285,CUST001353,CAMP0128,2026-04-21,Opportunity
CONV002286,CUST004442,CAMP0121,24 May 2026,SQL
CONV002287,CUST009196,CAMP0212,2026-06-02,MQL
CONV002288,CUST007664,CAMP0104,19-02-2025,Opportunity
CONV002289,CUST002662,CAMP0055,2024-05-09,SQL
CONV002290,CUST007737,CAMP0053,2024-04-17,Opportunity
CONV002291,CUST006820,CAMP0049,19 Mar 2023,MQL
CONV002292,CUST002377,CAMP0188,2025-01-02,MQL
CONV002293,CUST006106,CAMP0208,2023-07-27,SQL
CONV002294,CUST006794,CAMP0112,01/28/2023,Customer
CONV002295,CUST005899,CAMP0217,22-07-2026,Lead
CONV002296,CUST003157,CAMP0107,,Lead
CONV002297,CUST009781,CAMP0091,01/23/2025,SQL
CONV002298,CUST007131,CAMP0010,22 Apr 2024,Lead
CONV002299,CUST002609,CAMP0139,05/24/2024,Opportunity
CONV002300,CUST006110,CAMP0017,2024-10-18,MQL
CONV002301,CUST003259,CAMP0096,06/11/2026,MQL
CONV002302,CUST007645,CAMP0159,2024-07-11,SQL
CONV002303,CUST009477,CAMP0116,2023-03-10,Opportunity
CONV002304,CUST007211,CAMP0180,11/16/2025,Customer
CONV002305,CUST001983,CAMP0085,18 Feb 2024,SQL
CONV002306,CUST008475,CAMP0195,19-04-2026,Customer
CONV002307,CUST002382,CAMP0029,19-11-2023,MQL
CONV002308,CUST009637,CAMP0088,25 Sep 2023,SQL
CONV002309,CUST004941,CAMP0014,2024-12-01,MQL
CONV002310,CUST001204,CAMP0216,09/05/2023,Opportunity
CONV002311,CUST002217,CAMP0081,2025-03-15,Customer
CONV002312,CUST001993,CAMP0027,2026-01-23,SQL
CONV002313,CUST006244,CAMP0086,2024-10-07,Opportunity
CONV002314,CUST000841,CAMP0143,20-08-2025,Customer
CONV002315,CUST001239,CAMP0128,2026-03-12,MQL
CONV002316,CUST000180,CAMP0009,2023-07-12,Customer
CONV002317,CUST004806,CAMP0014,21-01-2025,Opportunity
CONV002318,CUST003169,CAMP0119,2026-02-06,Opportunity
CONV002319,CUST001175,CAMP0220,2026-03-22,SQL
CONV002320,CUST003952,CAMP0035,2024-02-12,Customer
CONV002321,CUST004146,CAMP0032,15-06-2024,Customer
CONV002322,CUST008074,CAMP0073,2023-04-05,Opportunity
CONV002323,CUST000715,CAMP0010,,Opportunity
CONV002324,CUST009678,CAMP0008,03 Oct 2023,MQL
CONV002325,CUST000623,CAMP0177,06 Feb 2026,Customer
CONV002326,CUST009643,CAMP0161,2026-06-24,MQL
CONV002327,CUST003131,CAMP0093,2025-11-22,SQL
CONV002328,CUST002490,CAMP0010,28-04-2026,SQL
CONV002329,CUST008939,CAMP0108,03/30/2026,MQL
CONV002330,CUST006558,CAMP0195,2024-02-29,Lead
CONV002331,CUST004467,CAMP0093,2023-11-07,SQL
CONV002332,CUST001868,CAMP0125,03-08-2024,Customer
CONV002333,CUST002503,CAMP0204,21-08-2023,Opportunity
CONV002334,CUST005239,CAMP0198,2024-04-22,Opportunity
CONV002335,CUST006655,CAMP0006,2023-12-01,Lead
CONV002336,CUST000256,CAMP0143,2024-03-16,Opportunity
CONV002337,CUST007201,CAMP0015,10/29/2024,Opportunity
CONV002338,CUST008122,CAMP0069,2026-04-21,MQL
CONV002339,CUST002997,CAMP0077,2024-03-09,Customer
CONV002340,CUST008602,CAMP0173,14-10-2025,MQL
CONV002341,CUST002463,CAMP0017,2025-09-11,Lead
CONV002342,CUST003565,CAMP0130,2025-12-10,Customer
CONV002343,CUST008005,CAMP0106,2023-02-04,SQL
CONV002344,CUST006623,CAMP0172,12-06-2024,Customer
CONV002345,CUST000533,CAMP0045,2025-09-26,Lead
CONV002346,CUST006871,CAMP0111,2023-05-02,SQL
CONV002347,CUST000302,CAMP0023,2024-02-04,Customer
CONV002348,CUST001520,CAMP0192,10-02-2026,Opportunity
CONV002349,CUST003423,CAMP0012,2025-05-17,SQL
CONV002350,CUST001640,CAMP0079,2026-07-08,MQL
CONV002351,CUST000236,CAMP0129,2024-03-18,Opportunity
CONV002352,CUST003087,CAMP0143,09/04/2023,Customer
CONV002353,CUST000127,CAMP0180,2026-07-01,Opportunity
CONV002354,CUST009860,CAMP0058,2025-07-16,MQL
CONV002355,CUST008254,CAMP0096,2024-12-18,Customer
CONV002356,CUST002192,CAMP0003,2023-02-24,MQL
CONV002357,CUST002261,CAMP0138,2026-02-03,MQL
CONV002358,CUST007973,CAMP0206,2026-01-12,Customer
CONV002359,CUST000759,CAMP0113,08-04-2024,Lead
CONV002360,CUST000887,CAMP0077,11-03-2023,Opportunity
CONV002361,CUST009982,CAMP0072,02 Jun 2024,SQL
CONV002362,CUST001309,CAMP0084,2023-09-08,
CONV002363,CUST005589,CAMP0044,03/27/2023,MQL
CONV002364,CUST009589,CAMP0040,11/25/2023,Lead
CONV002365,CUST009784,CAMP0010,31-01-2023,SQL
CONV002366,CUST009414,CAMP0054,13-09-2023,SQL
CONV002367,CUST002747,CAMP0139,11/02/2025,SQL
CONV002368,CUST006960,CAMP0211,2025-11-17,Lead
CONV002369,CUST005794,CAMP0128,2024-12-10,Lead
CONV002370,CUST008479,CAMP0153,22 Aug 2024,Opportunity
CONV002371,CUST000015,CAMP0026,15-12-2025,Opportunity
CONV002372,CUST003324,CAMP0077,,
CONV002373,CUST003851,CAMP0143,2023-12-15,SQL
CONV002374,CUST001819,CAMP0159,2025-10-06,Customer
CONV002375,CUST000212,CAMP0128,04/29/2023,Lead
CONV002376,CUST003898,CAMP0023,07-06-2024,Opportunity
CONV002377,CUST008986,CAMP0203,2026-07-02,Lead
CONV002378,CUST000120,CAMP0039,08/01/2023,Customer
CONV002379,CUST004795,CAMP0100,2023-11-05,MQL
CONV002380,CUST002830,CAMP0074,2024-10-10,Opportunity
CONV002381,CUST009147,CAMP0022,2023-08-12,MQL
CONV002382,CUST002165,CAMP0129,13-04-2026,SQL
CONV002383,CUST000585,CAMP0219,2024-03-02,Lead
CONV002384,CUST000651,CAMP0170,16-06-2026,SQL
CONV002385,CUST001590,CAMP0110,2023-02-06,MQL
CONV002386,CUST001139,CAMP0001,13-10-2024,MQL
CONV002387,CUST006999,CAMP0060,2025-07-06,Lead
CONV002388,CUST005022,CAMP0173,2024-03-02,Lead
CONV002389,CUST007165,CAMP0153,05-03-2025,Lead
CONV002390,CUST008414,CAMP0065,2025-02-03,Customer
CONV002391,CUST000953,CAMP0135,25-07-2026,Lead
CONV002392,CUST001159,CAMP0108,03-04-2024,Customer
CONV002393,CUST008364,CAMP0211,02/16/2025,Lead
CONV002394,CUST002996,CAMP0151,2023-10-19,SQL
CONV002395,CUST008517,CAMP0201,08/16/2025,Lead
CONV002396,CUST006622,CAMP0131,26 May 2024,Opportunity
CONV002397,CUST005892,CAMP0102,2024-07-20,Lead
CONV002398,CUST006940,CAMP0172,2023-01-02,Customer
CONV002399,CUST004362,CAMP0121,2025-09-21,SQL
CONV002400,CUST005779,CAMP0094,2025-03-15,SQL
CONV002401,CUST003902,CAMP0117,03/16/2023,Lead
CONV002402,CUST008559,CAMP0212,05/21/2025,Lead
CONV002403,CUST004111,CAMP0125,2024-02-12,SQL
CONV002404,CUST002149,CAMP0187,12/21/2023,MQL
CONV002405,CUST008340,CAMP0115,2025-05-10,Opportunity
CONV002406,CUST004768,CAMP0213,01-01-2023,Customer
CONV002407,CUST003365,CAMP0087,2024-03-21,MQL
CONV002408,CUST004903,CAMP0195,2025-01-02,Customer
CONV002409,CUST003240,CAMP0021,12-11-2025,Opportunity
CONV002410,CUST004203,CAMP0081,2024-03-17,SQL
CONV002411,CUST008787,CAMP0077,06/03/2026,
CONV002412,CUST008255,CAMP0142,24-07-2026,SQL
CONV002413,CUST007447,CAMP0065,2024-03-28,MQL
CONV002414,CUST007727,CAMP0082,2025-02-07,Lead
CONV002415,CUST004079,CAMP0050,2023-11-07,Opportunity
CONV002416,CUST004345,CAMP0036,08-01-2025,Customer
CONV002417,CUST007036,CAMP0005,2025-12-30,Opportunity
CONV002418,CUST003958,CAMP0018,2026-02-05,SQL
CONV002419,CUST004318,CAMP0060,06-11-2024,Customer
CONV002420,CUST005870,CAMP0010,2025-12-08,Opportunity
CONV002421,CUST001757,CAMP0060,05/20/2023,Customer
CONV002422,CUST002317,CAMP0009,2025-11-22,Customer
CONV002423,CUST005649,CAMP0100,2023-12-27,MQL
CONV002424,CUST009502,CAMP0077,2023-01-11,Customer
CONV002425,CUST001557,CAMP0216,03/11/2026,Opportunity
CONV002426,CUST009869,CAMP0108,09-07-2025,Opportunity
CONV002427,CUST001323,CAMP0208,,Opportunity
CONV002428,CUST001004,CAMP0097,2025-03-14,Opportunity
CONV002429,CUST008212,CAMP0108,23-03-2024,Lead
CONV002430,CUST001281,CAMP0032,2026-01-03,SQL
CONV002431,CUST002901,CAMP0190,06/13/2025,Lead
CONV002432,CUST003503,CAMP0064,09/21/2025,Opportunity
CONV002433,CUST003692,CAMP0121,2025-03-24,MQL
CONV002434,CUST001703,CAMP0031,01/22/2024,MQL
CONV002435,CUST001428,CAMP0105,23-02-2025,Opportunity
CONV002436,CUST000016,CAMP0002,28 Aug 2024,SQL
CONV002437,CUST008242,CAMP0095,06-11-2023,Customer
CONV002438,CUST001963,CAMP0040,2026-07-31,MQL
CONV002439,CUST002784,CAMP0044,2026-06-13,Customer
CONV002440,CUST005317,CAMP0156,2023-03-10,Customer
CONV002441,CUST005106,CAMP0163,30-06-2025,SQL
CONV002442,CUST001964,CAMP0159,30-03-2025,Customer
CONV002443,CUST001514,CAMP0011,2026-07-10,
CONV002444,CUST004127,CAMP0210,2025-11-06,Opportunity
CONV002445,CUST009902,CAMP0063,2025-08-30,MQL
CONV002446,CUST007898,CAMP0168,01-07-2025,Opportunity
CONV002447,CUST001379,CAMP0209,11/26/2025,SQL
CONV002448,CUST002596,CAMP0157,2026-05-09,Customer
CONV002449,CUST004462,CAMP0209,2024-12-19,Customer
CONV002450,CUST009633,CAMP0146,2026-02-25,MQL
CONV002451,CUST009928,CAMP0211,21 May 2023,MQL
CONV002452,CUST006680,CAMP0030,01-05-2023,Opportunity
CONV002453,CUST006090,CAMP0068,2026-07-14,MQL
CONV002454,CUST009796,CAMP0112,23 Aug 2025,Customer
CONV002455,CUST000421,CAMP0043,2024-08-09,SQL
CONV002456,CUST002555,CAMP0039,,Lead
CONV002457,CUST003686,CAMP0111,2026-04-28,Lead
CONV002458,CUST005249,CAMP0029,2026-01-17,Customer
CONV002459,CUST006048,CAMP0137,01/28/2026,Opportunity
CONV002460,CUST001563,CAMP0199,30-08-2023,Opportunity
CONV002461,CUST004748,CAMP0209,08/15/2025,SQL
CONV002462,CUST007033,CAMP0078,2025-08-21,Opportunity
CONV002463,CUST008652,CAMP0141,01-04-2025,Customer
CONV002464,CUST006404,CAMP0188,04/11/2024,Customer
CONV002465,CUST009606,CAMP0025,28-06-2024,Customer
CONV002466,CUST007314,CAMP0045,2024-12-29,MQL
CONV002467,CUST007099,CAMP0119,02-06-2023,MQL
CONV002468,CUST003197,CAMP0172,01/12/2024,MQL
CONV002469,CUST005726,CAMP0166,2023-07-27,Customer
CONV002470,CUST009907,CAMP0105,07-07-2025,Opportunity
CONV002471,CUST009942,CAMP0180,2025-06-29,MQL
CONV002472,CUST001159,CAMP0208,2025-06-13,Lead
CONV002473,CUST000430,CAMP0192,2025-10-20,MQL
CONV002474,CUST009459,CAMP0181,09-04-2024,MQL
CONV002475,CUST005758,CAMP0182,15-06-2024,Customer
CONV002476,CUST004734,CAMP0141,2024-09-03,Opportunity
CONV002477,CUST009786,CAMP0161,2023-09-29,Opportunity
CONV002478,CUST006357,CAMP0207,2023-02-08,MQL
CONV002479,CUST000321,CAMP0119,03/12/2025,Opportunity
CONV002480,CUST007635,CAMP0026,2023-12-29,Customer
CONV002481,CUST000777,CAMP0184,2024-03-29,Opportunity
CONV002482,CUST006654,CAMP0204,2023-11-17,Customer
CONV002483,CUST004659,CAMP0054,2024-11-14,Opportunity
CONV002484,CUST008752,CAMP0138,2025-09-02,SQL
CONV002485,CUST009040,CAMP0139,11/16/2025,Lead
CONV002486,CUST001790,CAMP0167,2025-08-16,MQL
CONV002487,CUST005541,CAMP0060,09-02-2026,MQL
CONV002488,CUST003784,CAMP0037,2025-05-21,Lead
CONV002489,CUST004992,CAMP0120,17 Feb 2026,Opportunity
CONV002490,CUST006781,CAMP0112,2025-02-10,Opportunity
CONV002491,CUST001011,CAMP0126,08/01/2024,MQL
CONV002492,CUST002105,CAMP0184,2024-11-26,Opportunity
CONV002493,CUST009142,CAMP0090,2023-04-10,MQL
CONV002494,CUST002256,CAMP0012,05/30/2024,Customer
CONV002495,CUST001438,CAMP0110,,Lead
CONV002496,CUST009267,CAMP0130,19-06-2024,Customer
CONV002497,CUST003737,CAMP0178,2024-09-17,MQL
CONV002498,CUST000807,CAMP0134,2024-08-10,Lead
CONV002499,CUST004489,CAMP0005,21-02-2024,MQL
CONV002500,CUST002938,CAMP0010,23-07-2026,MQL
CONV002501,CUST001304,CAMP0186,2025-11-11,SQL
CONV002502,CUST005357,CAMP0132,18-05-2024,Customer
CONV002503,CUST003983,CAMP0007,02/16/2025,Lead
CONV002504,CUST006836,CAMP0169,2024-08-15,SQL
CONV002505,CUST004900,CAMP0192,05-08-2023,Customer
CONV002506,CUST005360,CAMP0027,2023-11-06,MQL
CONV002507,CUST005770,CAMP0217,01-11-2023,Lead
CONV002508,CUST009436,CAMP0019,2024-05-20,Lead
CONV002509,CUST000137,CAMP0106,2023-05-24,SQL
CONV002510,CUST001272,CAMP0081,2026-04-06,Lead
CONV002511,CUST004116,CAMP0014,2023-08-29,MQL
CONV002512,CUST006002,CAMP0127,04-02-2025,SQL
CONV002513,CUST001781,CAMP0203,12-12-2025,Opportunity
CONV002514,CUST006889,CAMP0025,01 Jan 2023,SQL
CONV002515,CUST008085,CAMP0185,2023-06-01,MQL
CONV002516,CUST006010,CAMP0216,2023-03-09,MQL
CONV002517,CUST006624,CAMP0213,2025-06-05,Lead
CONV002518,CUST001205,CAMP0105,04/16/2024,Opportunity
CONV002519,CUST009198,CAMP0031,2026-02-26,SQL
CONV002520,CUST008699,CAMP0097,2023-06-23,SQL
CONV002521,CUST006215,CAMP0063,2024-02-12,MQL
CONV002522,CUST007486,CAMP0170,08-05-2025,Lead
CONV002523,CUST003629,CAMP0096,01/20/2025,MQL
CONV002524,CUST002238,CAMP0105,2024-09-20,SQL
CONV002525,CUST000308,CAMP0146,06/25/2023,MQL
CONV002526,CUST001986,CAMP0105,28-11-2025,Lead
CONV002527,CUST000825,CAMP0112,11/01/2024,Lead
CONV002528,CUST005121,CAMP0097,2025-07-03,Customer
CONV002529,CUST000718,CAMP0169,26-03-2023,Opportunity
CONV002530,CUST006244,CAMP0127,2023-08-27,Lead
CONV002531,CUST006223,CAMP0201,2024-06-30,Opportunity
CONV002532,CUST002415,CAMP0013,2025-06-09,Lead
CONV002533,CUST000345,CAMP0063,2023-10-13,Customer
CONV002534,CUST006226,CAMP0124,2024-08-28,SQL
CONV002535,CUST008185,CAMP0133,06-04-2026,Customer
CONV002536,CUST001404,CAMP0045,2024-10-29,MQL
CONV002537,CUST009401,CAMP0034,2026-02-20,MQL
CONV002538,CUST000045,CAMP0198,2024-04-28,SQL
CONV002539,CUST007974,CAMP0049,2025-07-31,Customer
CONV002540,CUST007351,CAMP0144,2024-03-15,Opportunity
CONV002541,CUST001632,CAMP0018,2024-11-17,Lead
CONV002542,CUST009269,CAMP0071,08 Feb 2026,Customer
CONV002543,CUST005050,CAMP0174,,SQL
CONV002544,CUST008110,CAMP0137,2025-05-18,Customer
CONV002545,CUST005406,CAMP0155,2025-05-25,SQL
CONV002546,CUST008320,CAMP0122,,SQL
CONV002547,CUST006613,CAMP0102,2025-11-04,Customer
CONV002548,CUST009579,CAMP0023,2023-10-11,Customer
CONV002549,CUST003975,CAMP0158,2023-02-03,Customer
CONV002550,CUST000076,CAMP0031,2026-02-14,Lead
CONV002551,CUST000597,CAMP0096,2024-09-22,Customer
CONV002552,CUST002385,CAMP0067,2024-11-09,Opportunity
CONV002553,CUST009047,CAMP0164,06/10/2025,Customer
CONV002554,CUST004186,CAMP0097,2025-12-13,Lead
CONV002555,CUST000874,CAMP0014,11/06/2023,Opportunity
CONV002556,CUST007138,CAMP0068,2026-02-12,Lead
CONV002557,CUST000676,CAMP0124,07-11-2024,Opportunity
CONV002558,CUST005883,CAMP0163,21 Mar 2024,Lead
CONV002559,CUST006325,CAMP0049,2025-03-02,SQL
CONV002560,CUST003881,CAMP0037,2024-08-23,Opportunity
CONV002561,CUST006762,CAMP0148,,SQL
CONV002562,CUST006723,CAMP0039,02/09/2025,Lead
CONV002563,CUST008884,CAMP0211,2025-11-08,SQL
CONV002564,CUST006363,CAMP0219,2025-09-27,MQL
CONV002565,CUST004894,CAMP0028,2026-06-08,Lead
CONV002566,CUST005588,CAMP0085,13-01-2023,SQL
CONV002567,CUST007424,CAMP0184,,Customer
CONV002568,CUST000648,CAMP0006,2023-12-09,SQL
CONV002569,CUST001379,CAMP0213,01/22/2023,Lead
CONV002570,CUST004642,CAMP0029,2023-06-28,SQL
CONV002571,CUST004032,CAMP0166,2026-02-02,Lead
CONV002572,CUST000724,CAMP0015,2026-07-29,MQL
CONV002573,CUST000203,CAMP0037,2024-04-28,MQL
CONV002574,CUST008808,CAMP0157,17-04-2023,Opportunity
CONV002575,CUST006324,CAMP0017,2025-11-29,Opportunity
CONV002576,CUST001861,CAMP0082,2023-12-22,Opportunity
CONV002577,CUST004641,CAMP0150,2023-04-26,Lead
CONV002578,CUST001794,CAMP0189,08/20/2023,Opportunity
CONV002579,CUST003415,CAMP0121,08 Aug 2024,Lead
CONV002580,CUST002649,CAMP0030,2023-05-09,Lead
CONV002581,CUST001374,CAMP0193,2026-03-22,MQL
CONV002582,CUST000972,CAMP0136,2023-03-17,Lead
CONV002583,CUST006180,CAMP0134,22 Nov 2023,Lead
CONV002584,CUST002991,CAMP0211,2025-07-08,Customer
CONV002585,CUST003946,CAMP0180,05/13/2025,MQL
CONV002586,CUST001430,CAMP0115,2025-06-02,Customer
CONV002587,CUST008386,CAMP0014,2026-01-30,SQL
CONV002588,CUST002716,CAMP0014,11/26/2025,Lead
CONV002589,CUST000717,CAMP0039,01/05/2025,Lead
CONV002590,CUST008720,CAMP0182,2025-12-12,Lead
CONV002591,CUST009171,CAMP0092,2025-10-10,SQL
CONV002592,CUST000261,CAMP0173,2023-07-06,Opportunity
CONV002593,CUST001560,CAMP0133,10-11-2025,Customer
CONV002594,CUST000692,CAMP0143,2025-07-28,Lead
CONV002595,CUST004862,CAMP0050,2025-01-12,MQL
CONV002596,CUST003682,CAMP0074,30 Oct 2024,MQL
CONV002597,CUST009742,CAMP0216,2023-01-14,Customer
CONV002598,CUST006891,CAMP0177,2023-07-30,MQL
CONV002599,CUST009643,CAMP0039,2023-07-04,MQL
CONV002600,CUST000852,CAMP0058,06/14/2025,Lead
CONV002601,CUST004177,CAMP0063,04-07-2025,Customer
CONV002602,CUST000660,CAMP0034,20-07-2023,Customer
CONV002603,CUST002817,CAMP0142,30 Jun 2025,Opportunity
CONV002604,CUST003189,CAMP0053,29-04-2024,Opportunity
CONV002605,CUST007906,CAMP0137,2023-05-04,Opportunity
CONV002606,CUST000194,CAMP0038,2024-09-07,Lead
CONV002607,CUST008753,CAMP0192,2024-08-29,Lead
CONV002608,CUST003093,CAMP0094,27-03-2023,Opportunity
CONV002609,CUST002873,CAMP0175,2025-02-27,Opportunity
CONV002610,CUST004318,CAMP0076,2026-04-12,Opportunity
CONV002611,CUST003828,CAMP0081,2025-02-06,SQL
CONV002612,CUST003766,CAMP0043,2024-06-26,MQL
CONV002613,CUST003626,CAMP0140,17-12-2025,MQL
CONV002614,CUST008922,CAMP0196,2025-06-29,Customer
CONV002615,CUST007579,CAMP0210,12/16/2023,Lead
CONV002616,CUST005334,CAMP0172,2024-07-08,
CONV002617,CUST006848,CAMP0187,2025-03-01,MQL
CONV002618,CUST007682,CAMP0093,2026-03-31,SQL
CONV002619,CUST000947,CAMP0010,2026-06-10,MQL
CONV002620,CUST009843,CAMP0184,04/25/2025,MQL
CONV002621,CUST007898,CAMP0126,03/18/2023,Opportunity
CONV002622,CUST000077,CAMP0077,2025-05-08,Lead
CONV002623,CUST000685,CAMP0150,21-02-2024,Opportunity
CONV002624,CUST001243,CAMP0046,2026-06-14,MQL
CONV002625,CUST003638,CAMP0074,2023-02-12,SQL
CONV002626,CUST007749,CAMP0088,07/05/2025,SQL
CONV002627,CUST003669,CAMP0208,2026-04-27,Opportunity
CONV002628,CUST003269,CAMP0179,,SQL
CONV002629,CUST000461,CAMP0120,21-12-2023,MQL
CONV002630,CUST004816,CAMP0056,2024-04-14,Opportunity
CONV002631,CUST000359,CAMP0043,2024-01-28,Opportunity
CONV002632,CUST004672,CAMP0050,11-04-2025,MQL
CONV002633,CUST007190,CAMP0079,05/09/2024,MQL
CONV002634,CUST003477,CAMP0108,2024-05-05,MQL
CONV002635,CUST006639,CAMP0047,2024-03-03,SQL
CONV002636,CUST004996,CAMP0043,2025-02-15,SQL
CONV002637,CUST004995,CAMP0086,22-10-2025,Opportunity
CONV002638,CUST006179,CAMP0172,2024-01-16,Customer
CONV002639,CUST005354,CAMP0067,2023-03-27,SQL
CONV002640,CUST009003,CAMP0107,2023-11-14,Customer
CONV002641,CUST005430,CAMP0032,09-10-2024,Customer
CONV002642,CUST008446,CAMP0004,20-01-2024,Customer
CONV002643,CUST009261,CAMP0198,2023-04-10,MQL
CONV002644,CUST001545,CAMP0106,06-09-2024,MQL
CONV002645,CUST000224,CAMP0135,2024-04-19,Lead
CONV002646,CUST002272,CAMP0029,2024-02-10,SQL
CONV002647,CUST001618,CAMP0081,2025-10-11,Opportunity
CONV002648,CUST002403,CAMP0196,2024-04-21,Customer
CONV002649,CUST008136,CAMP0111,2024-04-24,MQL
CONV002650,CUST009637,CAMP0207,14-05-2024,Opportunity
CONV002651,CUST001908,CAMP0216,2024-06-01,Lead
CONV002652,CUST006381,CAMP0001,,SQL
CONV002653,CUST006716,CAMP0138,2023-07-21,Opportunity
CONV002654,CUST007822,CAMP0145,2023-10-18,SQL
CONV002655,CUST002635,CAMP0018,2025-06-16,Opportunity
CONV002656,CUST007199,CAMP0027,2024-12-01,Lead
CONV002657,CUST007007,CAMP0218,30-06-2024,Lead
CONV002658,CUST001093,CAMP0152,2024-03-10,SQL
CONV002659,CUST005281,CAMP0105,2025-04-18,Lead
CONV002660,CUST008985,CAMP0191,2024-08-22,MQL
CONV002661,CUST004991,CAMP0192,,MQL
CONV002662,CUST002950,CAMP0086,21 Jun 2024,Lead
CONV002663,CUST005949,CAMP0018,2023-10-26,Opportunity
CONV002664,CUST007473,CAMP0109,27-02-2025,Opportunity
CONV002665,CUST007128,CAMP0037,25-01-2024,MQL
CONV002666,CUST000257,CAMP0104,2023-10-18,Opportunity
CONV002667,CUST000382,CAMP0133,2026-04-15,SQL
CONV002668,CUST000776,CAMP0076,01-07-2025,Customer
CONV002669,CUST009753,CAMP0102,2023-05-07,MQL
CONV002670,CUST002787,CAMP0081,07/11/2025,MQL
CONV002671,CUST002682,CAMP0028,2026-03-27,Opportunity
CONV002672,CUST009948,CAMP0016,2024-06-03,Opportunity
CONV002673,CUST000035,CAMP0117,2025-08-21,SQL
CONV002674,CUST008293,CAMP0022,2024-10-16,Opportunity
CONV002675,CUST007976,CAMP0207,04/05/2025,MQL
CONV002676,CUST006767,CAMP0092,2024-05-17,MQL
CONV002677,CUST003887,CAMP0133,22-06-2026,Opportunity
CONV002678,CUST002689,CAMP0034,10-08-2024,MQL
CONV002679,CUST000671,CAMP0118,2026-06-16,SQL
CONV002680,CUST009030,CAMP0162,2024-01-30,Customer
CONV002681,CUST008289,CAMP0015,06/05/2025,SQL
CONV002682,CUST000309,CAMP0214,2026-06-11,Customer
CONV002683,CUST009405,CAMP0217,07-02-2026,SQL
CONV002684,CUST005520,CAMP0037,2025-02-22,SQL
CONV002685,CUST009259,CAMP0081,10-04-2025,Customer
CONV002686,CUST009043,CAMP0040,07/19/2023,Lead
CONV002687,CUST009361,CAMP0199,19-08-2025,Opportunity
CONV002688,CUST009699,CAMP0067,2025-05-16,Lead
CONV002689,CUST009666,CAMP0011,26-10-2025,
CONV002690,CUST001748,CAMP0026,20 Jan 2026,Opportunity
CONV002691,CUST002517,CAMP0200,2023-04-22,Opportunity
CONV002692,CUST002803,CAMP0003,2023-10-09,SQL
CONV002693,CUST008885,CAMP0080,05/22/2025,SQL
CONV002694,CUST008206,CAMP0038,02/24/2026,Opportunity
CONV002695,CUST005051,CAMP0181,01/03/2024,Opportunity
CONV002696,CUST007916,CAMP0092,2026-07-25,MQL
CONV002697,CUST009291,CAMP0013,2024-06-16,Opportunity
CONV002698,CUST005565,CAMP0020,2024-07-15,Opportunity
CONV002699,CUST003727,CAMP0046,12/15/2023,Lead
CONV002700,CUST009933,CAMP0004,2025-05-09,Lead
CONV002701,CUST002291,CAMP0184,2024-12-22,MQL
CONV002702,CUST008721,CAMP0085,02/02/2026,Lead
CONV002703,CUST001399,CAMP0078,15-06-2025,Lead
CONV002704,CUST000305,CAMP0184,2023-03-04,MQL
CONV002705,CUST008324,CAMP0164,2024-04-21,Lead
CONV002706,CUST000147,CAMP0195,2025-11-07,SQL
CONV002707,CUST001336,CAMP0116,10-03-2024,Opportunity
CONV002708,CUST000364,CAMP0109,18-09-2024,SQL
CONV002709,CUST008656,CAMP0015,2023-02-21,Opportunity
CONV002710,CUST005365,CAMP0128,2023-03-12,Lead
CONV002711,CUST001209,CAMP0069,22-11-2023,SQL
CONV002712,CUST002133,CAMP0086,09/04/2025,Opportunity
CONV002713,CUST900009,CAMP0097,05/08/2026,SQL
CONV002714,CUST002411,CAMP0029,21-02-2025,Opportunity
CONV002715,CUST003274,CAMP0027,10-03-2024,MQL
CONV002716,CUST001789,CAMP0053,08/23/2023,Opportunity
CONV002717,CUST004858,CAMP0037,2023-06-11,Lead
CONV002718,CUST007231,CAMP0032,12-01-2023,Lead
CONV002719,CUST002663,CAMP0210,30-10-2023,SQL
CONV002720,CUST007391,CAMP0117,10 Feb 2023,Opportunity
CONV002721,CUST007769,CAMP0067,07/04/2024,Customer
CONV002722,CUST004402,CAMP0041,2025-05-06,Lead
CONV002723,CUST008576,CAMP0132,07/30/2026,Opportunity
CONV002724,CUST004170,CAMP0103,13-11-2025,SQL
CONV002725,CUST006457,CAMP0091,30-12-2023,Opportunity
CONV002726,CUST002954,CAMP0220,2025-02-23,Opportunity
CONV002727,CUST002823,CAMP0057,2024-07-19,MQL
CONV002728,CUST006711,CAMP0070,03-11-2025,SQL
CONV002729,CUST006234,CAMP0019,2024-05-06,Opportunity
CONV002730,CUST005730,CAMP0123,07/07/2024,SQL
CONV002731,CUST002699,CAMP0198,23-05-2024,Opportunity
CONV002732,CUST002977,CAMP0014,2023-06-11,Opportunity
CONV002733,CUST007683,CAMP0201,02/06/2023,Customer
CONV002734,CUST009901,CAMP0096,2025-04-14,Customer
CONV002735,CUST004865,CAMP0140,2023-11-13,Opportunity
CONV002736,CUST004369,CAMP0153,2025-08-14,Opportunity
CONV002737,CUST004181,CAMP0181,2026-06-12,MQL
CONV002738,CUST008404,CAMP0074,08/17/2024,Opportunity
CONV002739,CUST003173,CAMP0187,09/23/2025,Lead
CONV002740,CUST002222,CAMP0217,,Customer
CONV002741,CUST004074,CAMP0048,2024-03-04,MQL
CONV002742,CUST002134,CAMP0115,2025-06-01,SQL
CONV002743,CUST008922,CAMP0017,2025-10-30,Customer
CONV002744,CUST007851,CAMP0155,2025-10-04,MQL
CONV002745,CUST005338,CAMP0067,09 Feb 2024,Customer
CONV002746,CUST006640,CAMP0028,2023-03-07,Lead
CONV002747,CUST002023,CAMP0216,2024-03-07,Lead
CONV002748,CUST002739,CAMP0155,2026-07-12,Customer
CONV002749,CUST000654,CAMP0125,2026-01-25,Lead
CONV002750,CUST006054,CAMP0030,2025-10-06,SQL
CONV002751,CUST007227,CAMP0134,2025-03-17,SQL
CONV002752,CUST003369,CAMP0205,2023-09-19,Lead
CONV002753,CUST005613,CAMP0153,2023-06-17,Customer
CONV002754,CUST006880,CAMP0117,,Lead
CONV002755,CUST005640,CAMP0043,,SQL
CONV002756,CUST008499,CAMP0093,28-04-2023,MQL
CONV002757,CUST000243,CAMP0203,2024-07-11,MQL
CONV002758,CUST007295,CAMP0165,,Customer
CONV002759,CUST004660,CAMP0003,27-05-2026,Customer
CONV002760,CUST007865,CAMP0199,14-01-2025,Opportunity
CONV002761,CUST002663,CAMP0134,2026-05-06,Opportunity
CONV002762,CUST001074,CAMP0137,2026-06-16,Opportunity
CONV002763,CUST007133,CAMP0166,18-07-2024,Customer
CONV002764,CUST002587,CAMP0007,12-10-2025,Opportunity
CONV002765,CUST008490,CAMP0168,23-06-2026,SQL
CONV002766,CUST003614,CAMP0011,25-07-2025,Opportunity
CONV002767,CUST007201,CAMP0051,2025-04-04,SQL
CONV002768,CUST005257,CAMP0084,2026-07-13,Lead
CONV002769,CUST000711,CAMP0081,,Customer
CONV002770,CUST003495,CAMP0082,2024-07-18,Lead
CONV002771,CUST006444,CAMP0151,06/05/2025,SQL
CONV002772,CUST009259,CAMP0208,2026-07-10,Opportunity
CONV002773,CUST005050,CAMP0127,14-09-2025,Customer
CONV002774,CUST002683,CAMP0200,07-02-2026,SQL
CONV002775,CUST000496,CAMP0219,2024-02-08,Customer
CONV002776,CUST008679,CAMP0199,2025-10-08,MQL
CONV002777,CUST006361,CAMP0181,2024-08-30,MQL
CONV002778,CUST006080,CAMP0157,2026-04-02,Customer
CONV002779,CUST004921,CAMP0033,2026-04-15,Lead
CONV002780,CUST000354,CAMP0103,2025-10-14,MQL
CONV002781,CUST001821,CAMP0178,2025-02-23,SQL
CONV002782,CUST001788,CAMP0075,2025-12-30,SQL
CONV002783,CUST004493,CAMP0065,01/09/2024,Opportunity
CONV002784,CUST001620,CAMP0153,2026-07-09,SQL
CONV002785,CUST006474,CAMP0100,16 Mar 2023,Lead
CONV002786,CUST009886,CAMP0163,2024-02-15,SQL
CONV002787,CUST006223,CAMP0129,2025-12-29,Lead
CONV002788,CUST002799,CAMP0171,2025-11-12,Customer
CONV002789,CUST006055,CAMP0070,2024-07-13,SQL
CONV002790,CUST000221,CAMP0049,2024-01-30,SQL
CONV002791,CUST009789,CAMP0040,2025-03-10,Lead
CONV002792,CUST004011,CAMP0088,01-12-2025,Lead
CONV002793,CUST006600,CAMP0135,27 May 2024,SQL
CONV002794,CUST000512,CAMP0026,04/08/2023,MQL
CONV002795,CUST002314,CAMP0133,2024-01-13,Lead
CONV002796,CUST008191,CAMP0058,13 Feb 2024,Lead
CONV002797,CUST004154,CAMP0113,03 Apr 2023,SQL
CONV002798,CUST002882,CAMP0107,2026-02-04,Customer
CONV002799,CUST009436,CAMP0148,22-11-2024,MQL
CONV002800,CUST009127,CAMP0044,2025-03-20,Opportunity
CONV002801,CUST004808,CAMP0133,,MQL
CONV002802,CUST001291,CAMP0136,05/20/2025,MQL
CONV002803,CUST002313,CAMP0023,10/12/2024,Customer
CONV002804,CUST003379,CAMP0203,27-05-2023,Customer
CONV002805,CUST007812,CAMP0100,2024-07-07,SQL
CONV002806,CUST008545,CAMP0101,06/04/2024,Opportunity
CONV002807,CUST003374,CAMP0200,2025-01-07,Lead
CONV002808,CUST002702,CAMP0187,07/27/2023,SQL
CONV002809,CUST004143,CAMP0003,07-11-2023,Customer
CONV002810,CUST002381,CAMP0163,2026-07-27,Opportunity
CONV002811,CUST006044,CAMP0166,2025-03-13,MQL
CONV002812,CUST009669,CAMP0148,2024-01-02,SQL
CONV002813,CUST003281,CAMP0159,19-09-2023,MQL
CONV002814,CUST001076,CAMP0041,2024-06-28,MQL
CONV002815,CUST008730,CAMP0118,2024-06-03,Lead
CONV002816,CUST002185,CAMP0099,02-07-2025,Opportunity
CONV002817,CUST002784,CAMP0117,09-01-2023,Customer
CONV002818,CUST005771,CAMP0082,09/14/2023,MQL
CONV002819,CUST004813,CAMP0033,17 Feb 2023,SQL
CONV002820,CUST010000,CAMP0073,2023-03-14,Opportunity
CONV002821,CUST004980,CAMP0191,2024-11-13,Opportunity
CONV002822,CUST003914,CAMP0012,,MQL
CONV002823,CUST000422,CAMP0139,2023-02-09,Opportunity
CONV002824,CUST008268,CAMP0029,12/09/2023,SQL
CONV002825,CUST006002,CAMP0205,07/31/2025,SQL
CONV002826,CUST009834,CAMP0100,08-02-2023,Customer
CONV002827,CUST002920,CAMP0033,04/05/2024,Opportunity
CONV002828,CUST002847,CAMP0199,2023-03-15,SQL
CONV002829,CUST004109,CAMP0204,01-06-2023,Lead
CONV002830,CUST003339,CAMP0182,25-09-2023,MQL
CONV002831,CUST000485,CAMP0169,2025-06-18,Opportunity
CONV002832,CUST001623,CAMP0028,16-05-2024,MQL
CONV002833,CUST002872,CAMP0087,2024-11-02,Lead
CONV002834,CUST000662,CAMP0162,10 Aug 2024,Lead
CONV002835,CUST009984,CAMP0124,17 May 2024,MQL
CONV002836,CUST005912,CAMP0171,24-01-2023,Customer
CONV002837,CUST006641,CAMP0183,2024-02-05,
CONV002838,CUST008244,CAMP0217,2023-10-09,SQL
CONV002839,CUST009622,CAMP0008,11/05/2023,Opportunity
CONV002840,CUST005921,CAMP0041,10-02-2023,MQL
CONV002841,CUST006185,CAMP0088,12/06/2024,Customer
CONV002842,CUST003047,CAMP0072,09-01-2024,Customer
CONV002843,CUST000484,CAMP0102,04/19/2025,Customer
CONV002844,CUST005715,CAMP0195,15-09-2024,MQL
CONV002845,CUST009610,CAMP0133,2026-03-15,Customer
CONV002846,CUST005292,CAMP0002,2023-04-09,MQL
CONV002847,CUST009010,CAMP0213,2023-03-15,Customer
CONV002848,CUST007659,CAMP0167,09/23/2025,SQL
CONV002849,CUST006950,CAMP0220,2026-07-25,Lead
CONV002850,CUST000314,CAMP0023,28-06-2023,MQL
CONV002851,CUST009684,CAMP0088,2025-11-30,Lead
CONV002852,CUST004464,CAMP0053,2023-02-23,SQL
CONV002853,CUST009470,CAMP0053,25-06-2025,SQL
CONV002854,CUST003266,CAMP0016,28-12-2025,Opportunity
CONV002855,CUST005406,CAMP0038,24 Aug 2024,Lead
CONV002856,CUST001392,CAMP0191,2025-02-10,MQL
CONV002857,CUST007754,CAMP0088,2025-03-20,MQL
CONV002858,CUST009457,CAMP0052,2023-11-30,SQL
CONV002859,CUST001751,CAMP0065,09/13/2025,MQL
CONV002860,CUST005599,CAMP0157,2023-08-21,MQL
CONV002861,CUST003689,CAMP0032,04-04-2023,SQL
CONV002862,CUST008096,CAMP0124,07/14/2023,Lead
CONV002863,CUST009632,CAMP0146,2025-04-03,Customer
CONV002864,CUST008832,CAMP0110,2025-08-22,Lead
CONV002865,CUST000802,CAMP0144,02/16/2025,Opportunity
CONV002866,CUST003420,CAMP0093,2026-01-01,Opportunity
CONV002867,CUST000850,CAMP0067,16-11-2023,SQL
CONV002868,CUST001520,CAMP0145,2024-01-28,Customer
CONV002869,CUST004017,CAMP0129,02-03-2024,Opportunity
CONV002870,CUST005345,CAMP0211,02/08/2023,Opportunity
CONV002871,CUST001769,CAMP0185,2024-11-13,SQL
CONV002872,CUST008172,CAMP0070,2023-10-18,MQL
CONV002873,CUST002703,CAMP0067,2023-05-23,SQL
CONV002874,CUST006004,CAMP0054,01/06/2025,Customer
CONV002875,CUST009450,CAMP0050,2023-09-08,SQL
CONV002876,CUST001128,CAMP0052,06/25/2023,Opportunity
CONV002877,CUST009615,CAMP0056,06/06/2025,Lead
CONV002878,CUST008644,CAMP0203,2023-10-16,SQL
CONV002879,CUST009656,CAMP0067,2023-09-27,Opportunity
CONV002880,CUST005047,CAMP0005,01/12/2025,SQL
CONV002881,CUST006170,CAMP0155,04/03/2023,Opportunity
CONV002882,CUST007658,CAMP0209,10-05-2023,MQL
CONV002883,CUST005463,CAMP0125,2024-05-30,Lead
CONV002884,CUST002687,CAMP0040,2024-06-09,MQL
CONV002885,CUST007646,CAMP0048,2024-02-20,Opportunity
CONV002886,CUST000741,CAMP0141,,Customer
CONV002887,CUST004022,CAMP0086,2025-09-23,Opportunity
CONV002888,CUST008065,CAMP0121,12 Jun 2025,MQL
CONV002889,CUST002596,CAMP0104,2025-06-15,MQL
CONV002890,CUST000941,CAMP0097,,Customer
CONV002891,CUST006002,CAMP0206,2024-05-31,MQL
CONV002892,CUST009824,CAMP0157,02/10/2026,Opportunity
CONV002893,CUST003741,CAMP0193,21-07-2026,Opportunity
CONV002894,CUST009818,CAMP0171,10/14/2025,Customer
CONV002895,CUST000555,CAMP0060,19-03-2023,SQL
CONV002896,CUST000129,CAMP0215,2024-02-10,SQL
CONV002897,CUST006565,CAMP0142,2023-09-20,Opportunity
CONV002898,CUST005459,CAMP0080,2025-07-17,SQL
CONV002899,CUST003101,CAMP0070,01/19/2024,MQL
CONV002900,CUST004789,CAMP0033,2025-12-24,MQL
CONV002901,CUST004113,CAMP0176,08-03-2024,SQL
CONV002902,CUST005165,CAMP0026,2023-11-19,Opportunity
CONV002903,CUST006831,CAMP0166,12-11-2024,Opportunity
CONV002904,CUST003133,CAMP0094,09 Nov 2023,Opportunity
CONV002905,CUST006672,CAMP0198,2024-11-30,SQL
CONV002906,CUST002384,CAMP0010,01/18/2024,MQL
CONV002907,CUST000869,CAMP0217,2024-06-03,Opportunity
CONV002908,CUST005786,CAMP0017,2025-06-18,Customer
CONV002909,CUST008118,CAMP0085,2024-07-27,SQL
CONV002910,CUST000820,CAMP0119,28-06-2025,Lead
CONV002911,CUST006913,CAMP0130,25-03-2025,Customer
CONV002912,CUST000413,CAMP0119,06 Sep 2023,Opportunity
CONV002913,CUST007725,CAMP0116,2025-03-24,MQL
CONV002914,CUST006299,CAMP0041,2025-07-10,SQL
CONV002915,CUST005414,CAMP0104,2025-04-03,SQL
CONV002916,CUST005929,CAMP0203,,Lead
CONV002917,CUST009067,CAMP0043,21-11-2024,Lead
CONV002918,CUST002523,CAMP0196,2023-12-26,Lead
CONV002919,CUST006408,CAMP0219,2024-09-17,Customer
CONV002920,CUST006279,CAMP0025,2024-03-27,Lead
CONV002921,CUST000158,CAMP0137,15-05-2025,MQL
CONV002922,CUST009417,CAMP0186,2024-04-20,Opportunity
CONV002923,CUST004481,CAMP0028,2025-08-28,MQL
CONV002924,CUST002143,CAMP0032,2026-01-29,Opportunity
CONV002925,CUST009255,CAMP0171,2026-03-23,MQL
CONV002926,CUST009702,CAMP0073,03/14/2024,MQL
CONV002927,CUST007220,CAMP0165,26 Aug 2025,SQL
CONV002928,CUST000479,CAMP0130,2024-01-18,MQL
CONV002929,CUST003646,CAMP0121,2025-11-19,Customer
CONV002930,CUST002079,CAMP0200,2023-06-22,MQL
CONV002931,CUST006282,CAMP0003,20-01-2024,Customer
CONV002932,CUST001714,CAMP0131,05/01/2023,Opportunity
CONV002933,CUST000194,CAMP0184,28 Jul 2023,Customer
CONV002934,CUST001886,CAMP0113,2023-05-29,Lead
CONV002935,CUST002285,CAMP0216,2025-05-26,Lead
CONV002936,CUST005753,CAMP0087,2026-06-02,Lead
CONV002937,CUST002901,CAMP0156,,Opportunity
CONV002938,CUST006010,CAMP0038,2024-06-26,SQL
CONV002939,CUST001730,CAMP0055,,SQL
CONV002940,CUST008656,CAMP0044,2024-06-05,Lead
CONV002941,CUST005060,CAMP0102,10-08-2024,Lead
CONV002942,CUST006985,CAMP0059,2024-12-16,MQL
CONV002943,CUST006189,CAMP0026,2024-06-14,Customer
CONV002944,CUST001475,CAMP0151,2025-12-28,Opportunity
CONV002945,CUST005717,CAMP0210,27 May 2023,SQL
CONV002946,CUST001643,CAMP0065,2025-10-28,Lead
CONV002947,CUST005587,CAMP0156,26 Dec 2024,MQL
CONV002948,CUST000312,CAMP0163,,Lead
CONV002949,CUST004045,CAMP0066,2025-03-18,Customer
CONV002950,CUST001664,CAMP0150,09/03/2025,SQL
CONV002951,CUST005684,CAMP0061,2025-05-28,SQL
CONV002952,CUST005033,CAMP0007,2025-11-06,MQL
CONV002953,CUST009808,CAMP0094,2024-09-05,Lead
CONV002954,CUST001941,CAMP0040,2024-10-21,MQL
CONV002955,CUST006855,CAMP0215,2026-03-02,MQL
CONV002956,CUST001964,CAMP0097,2025-11-11,Lead
CONV002957,CUST007050,CAMP0189,2023-06-05,Opportunity
CONV002958,CUST006080,CAMP0156,2025-09-22,Customer
CONV002959,CUST006820,CAMP0098,2026-05-18,SQL
CONV002960,CUST002572,CAMP0206,10-03-2026,SQL
CONV002961,CUST004304,CAMP0160,2023-06-05,SQL
CONV002962,CUST006924,CAMP0047,05/03/2025,MQL
CONV002963,CUST005183,CAMP0016,2025-06-14,Lead
CONV002964,CUST000299,CAMP0171,16-03-2025,Lead
CONV002965,CUST008126,CAMP0151,,Customer
CONV002966,CUST002701,CAMP0003,2026-04-28,Opportunity
CONV002967,CUST000342,CAMP0058,2024-02-15,MQL
CONV002968,CUST005640,CAMP0185,08-02-2026,MQL
CONV002969,CUST003412,CAMP0039,18 Jun 2025,Customer
CONV002970,CUST008684,CAMP0148,2024-05-23,Lead
CONV002971,CUST003169,CAMP0177,2026-01-31,Lead
CONV002972,CUST004412,CAMP0183,01/31/2024,SQL
CONV002973,CUST003197,CAMP0204,2024-11-06,Customer
CONV002974,CUST000710,CAMP0101,17-05-2023,SQL
CONV002975,CUST009542,CAMP0060,28-06-2023,MQL
CONV002976,CUST006056,CAMP0205,10-08-2023,MQL
CONV002977,CUST007888,CAMP0081,08/26/2024,SQL
CONV002978,CUST007444,CAMP0117,16-12-2025,Customer
CONV002979,CUST005164,CAMP0015,04 Jun 2026,Customer
CONV002980,CUST900018,CAMP0024,,Lead
CONV002981,CUST005591,CAMP0171,20-11-2025,MQL
CONV002982,CUST003845,CAMP0215,29 Nov 2024,
CONV002983,CUST006026,CAMP0118,15 Feb 2026,Lead
CONV002984,CUST001832,CAMP0100,06/30/2026,SQL
CONV002985,CUST003695,CAMP0040,27-04-2025,Customer
CONV002986,CUST008785,CAMP0201,2025-09-18,SQL
CONV002987,CUST002764,CAMP0094,2024-05-15,Opportunity
CONV002988,CUST004308,CAMP0133,13-05-2026,MQL
CONV002989,CUST006628,CAMP0056,04/28/2026,SQL
CONV002990,CUST000511,CAMP0008,06/21/2023,MQL
CONV002991,CUST006752,CAMP0115,05/19/2024,Customer
CONV002992,CUST004858,CAMP0066,2023-07-23,MQL
CONV002993,CUST007828,CAMP0002,2023-07-26,MQL
CONV002994,CUST003012,CAMP0081,21 Feb 2025,Lead
CONV002995,CUST003113,CAMP0045,29-07-2026,SQL
CONV002996,CUST000520,CAMP0096,31 Oct 2023,Opportunity
CONV002997,CUST005277,CAMP0073,2023-04-12,Opportunity
CONV002998,CUST005333,CAMP0102,2023-02-14,Lead
CONV002999,CUST003246,CAMP0029,2025-08-09,Opportunity
CONV003000,CUST001304,CAMP0015,12-09-2025,Lead
CONV003001,CUST006517,CAMP0132,2023-07-04,Opportunity
CONV003002,CUST005503,CAMP0164,20-10-2023,Lead
CONV003003,CUST005220,CAMP0170,,SQL
CONV003004,CUST001478,CAMP0016,,Opportunity
CONV003005,CUST006938,CAMP0139,12-09-2023,MQL
CONV003006,CUST005478,CAMP0132,11-02-2024,Opportunity
CONV003007,CUST000605,CAMP0212,09-02-2026,Customer
CONV003008,CUST007190,CAMP0078,2025-04-02,Customer
CONV003009,CUST009237,CAMP0038,2024-12-13,Customer
CONV003010,CUST003211,CAMP0174,11-02-2024,Lead
CONV003011,CUST003794,CAMP0175,10-03-2024,Opportunity
CONV003012,CUST003947,CAMP0146,2024-01-25,Customer
CONV003013,CUST004637,CAMP0216,2024-09-10,Opportunity
CONV003014,CUST006399,CAMP0152,06/19/2026,Customer
CONV003015,CUST002142,CAMP0041,2025-08-13,Lead
CONV003016,CUST002057,CAMP0021,2024-05-21,MQL
CONV003017,CUST009241,CAMP0206,2024-12-28,Lead
CONV003018,CUST009066,CAMP0166,2025-10-15,SQL
CONV003019,CUST002104,CAMP0127,12/28/2024,Lead
CONV003020,CUST001024,CAMP0002,2026-01-01,SQL
CONV003021,CUST008547,CAMP0144,2026-01-09,SQL
CONV003022,CUST008674,CAMP0220,2024-03-20,SQL
CONV003023,CUST006296,CAMP0031,03/17/2023,Opportunity
CONV003024,CUST004599,CAMP0138,2023-11-16,Customer
CONV003025,CUST001959,CAMP0165,2026-03-03,Opportunity
CONV003026,CUST004600,CAMP0199,2023-03-18,Lead
CONV003027,CUST001346,CAMP0178,2026-01-28,Opportunity
CONV003028,CUST001122,CAMP0006,2024-11-15,MQL
CONV003029,CUST004933,CAMP0083,04 Mar 2023,SQL
CONV003030,CUST006735,CAMP0037,2025-03-21,Opportunity
CONV003031,CUST007538,CAMP0024,2024-11-26,MQL
CONV003032,CUST002672,CAMP0115,2025-09-11,MQL
CONV003033,CUST005496,CAMP0081,2023-01-13,Lead
CONV003034,CUST004869,CAMP0006,2023-02-07,
CONV003035,CUST006152,CAMP0109,22-06-2024,SQL
CONV003036,CUST000444,CAMP0173,07/05/2026,Customer
CONV003037,CUST001754,CAMP0098,2025-08-16,MQL
CONV003038,CUST009795,CAMP0200,20-03-2023,Opportunity
CONV003039,CUST008846,CAMP0092,2023-10-06,Customer
CONV003040,CUST003166,CAMP0220,2025-01-25,Opportunity
CONV003041,CUST005813,CAMP0191,23 Feb 2026,SQL
CONV003042,CUST000133,CAMP0060,29-03-2023,Opportunity
CONV003043,CUST006567,CAMP0115,2023-06-11,SQL
CONV003044,CUST007264,CAMP0171,2026-02-21,SQL
CONV003045,CUST000051,CAMP0025,05/27/2023,Opportunity
CONV003046,CUST003589,CAMP0095,29-05-2026,Lead
CONV003047,CUST008125,CAMP0200,2023-01-16,MQL
CONV003048,CUST006744,CAMP0167,2023-10-25,Lead
CONV003049,CUST003874,CAMP0127,17-07-2026,Customer
CONV003050,CUST003452,CAMP0094,17-01-2026,SQL
CONV003051,CUST007124,CAMP0043,2023-03-22,MQL
CONV003052,CUST000651,CAMP0126,10/01/2023,MQL
CONV003053,CUST005734,CAMP0087,26-10-2025,MQL
CONV003054,CUST000921,CAMP0136,2024-08-01,SQL
CONV003055,CUST007853,CAMP0196,11/28/2025,SQL
CONV003056,CUST004289,CAMP0201,08-10-2024,Lead
CONV003057,CUST008924,CAMP0056,2025-06-09,MQL
CONV003058,CUST001370,CAMP0152,2023-06-05,MQL
CONV003059,CUST002770,CAMP0140,2025-03-27,Opportunity
CONV003060,CUST002544,CAMP0081,2023-03-26,Lead
CONV003061,CUST000556,CAMP0025,2023-05-20,Opportunity
CONV003062,CUST007273,CAMP0084,11/26/2023,Lead
CONV003063,CUST007340,CAMP0024,06 Jul 2024,MQL
CONV003064,CUST002996,CAMP0124,2025-07-10,Customer
CONV003065,CUST003921,CAMP0215,2024-12-01,Opportunity
CONV003066,CUST008826,CAMP0185,2025-01-14,Lead
CONV003067,CUST006194,CAMP0052,28-08-2023,
CONV003068,CUST005004,CAMP0099,2024-03-21,SQL
CONV003069,CUST005733,CAMP0103,2023-07-29,SQL
CONV003070,CUST006589,CAMP0180,2026-07-11,MQL
CONV003071,CUST000227,CAMP0165,28-07-2023,MQL
CONV003072,CUST005744,CAMP0016,26 Dec 2023,Opportunity
CONV003073,CUST002441,CAMP0045,2023-02-27,SQL
CONV003074,CUST009480,CAMP0163,2025-04-04,SQL
CONV003075,CUST004842,CAMP0183,2023-08-26,Customer
CONV003076,CUST007637,CAMP0119,10-02-2026,Opportunity
CONV003077,CUST008010,CAMP0112,13-04-2023,Lead
CONV003078,CUST000087,CAMP0220,05/18/2024,Customer
CONV003079,CUST005136,CAMP0086,2023-11-13,Customer
CONV003080,CUST004471,CAMP0201,05/17/2023,Customer
CONV003081,CUST004442,CAMP0089,2026-05-08,MQL
CONV003082,CUST007397,CAMP0215,2025-12-18,Opportunity
CONV003083,CUST002635,CAMP0075,22-09-2024,SQL
CONV003084,CUST002450,CAMP0173,,Opportunity
CONV003085,CUST008902,CAMP0165,2026-06-19,Customer
CONV003086,CUST006570,CAMP0158,,Lead
CONV003087,CUST003304,CAMP0158,08 Jul 2026,Lead
CONV003088,CUST002647,CAMP0062,26-08-2024,SQL
CONV003089,CUST009676,CAMP0039,2023-09-03,Opportunity
CONV003090,CUST008822,CAMP0136,27-06-2023,SQL
CONV003091,CUST007925,CAMP0035,30-03-2023,Opportunity
CONV003092,CUST004661,CAMP0203,2023-10-11,Lead
CONV003093,CUST005929,CAMP0171,06/21/2023,Opportunity
CONV003094,CUST008897,CAMP0121,2023-08-12,Lead
CONV003095,CUST004213,CAMP0014,2023-04-05,SQL
CONV003096,CUST005939,CAMP0132,2025-04-05,MQL
CONV003097,CUST008552,CAMP0045,01/15/2023,SQL
CONV003098,CUST007006,CAMP0154,2023-07-07,Customer
CONV003099,CUST009955,CAMP0203,2025-05-10,Lead
CONV003100,CUST007004,CAMP0129,26-09-2025,SQL
CONV003101,CUST008750,CAMP0199,2026-06-20,Opportunity
CONV003102,CUST008122,CAMP0081,2023-10-07,SQL
CONV003103,CUST003747,CAMP0094,2025-12-19,Opportunity
CONV003104,CUST003784,CAMP0147,2024-02-09,Opportunity
CONV003105,CUST006745,CAMP0186,2024-09-09,MQL
CONV003106,CUST003098,CAMP0189,02/20/2024,MQL
CONV003107,CUST000067,CAMP0060,2024-10-14,SQL
CONV003108,CUST003812,CAMP0214,2026-05-06,MQL
CONV003109,CUST006603,CAMP0167,2026-05-19,Opportunity
CONV003110,CUST000097,CAMP0181,17-06-2025,Customer
CONV003111,CUST009567,CAMP0170,16-07-2024,Lead
CONV003112,CUST001905,CAMP0122,2026-03-12,Lead
CONV003113,CUST002617,CAMP0159,25-02-2024,Opportunity
CONV003114,CUST008449,CAMP0048,09/15/2024,Opportunity
CONV003115,CUST002037,CAMP0044,2024-06-18,MQL
CONV003116,CUST003490,CAMP0048,2024-07-08,SQL
CONV003117,CUST009521,CAMP0051,04-01-2025,Opportunity
CONV003118,CUST004258,CAMP0208,05/21/2025,MQL
CONV003119,CUST002154,CAMP0095,15 Nov 2023,MQL
CONV003120,CUST008096,CAMP0015,2026-01-30,MQL
CONV003121,CUST001709,CAMP0028,03-07-2025,Opportunity
CONV003122,CUST005064,CAMP0205,2023-02-06,Customer
CONV003123,CUST003378,CAMP0181,2023-09-19,Opportunity
CONV003124,CUST002256,CAMP0142,17 Jun 2024,Lead
CONV003125,CUST001349,CAMP0097,2023-06-20,MQL
CONV003126,CUST004881,CAMP0155,2025-09-05,Opportunity
CONV003127,CUST005766,CAMP0133,25-10-2025,MQL
CONV003128,CUST002444,CAMP0216,,MQL
CONV003129,CUST005633,CAMP0163,2024-09-22,Lead
CONV003130,CUST006328,CAMP0045,11/10/2024,MQL
CONV003131,CUST006478,CAMP0195,03 Jan 2024,MQL
CONV003132,CUST008910,CAMP0117,2025-08-23,SQL
CONV003133,CUST006501,CAMP0165,10/11/2025,SQL
CONV003134,CUST005249,CAMP0035,16-05-2024,MQL
CONV003135,CUST001395,CAMP0218,2023-07-10,Customer
CONV003136,CUST007035,CAMP0102,2025-11-18,Opportunity
CONV003137,CUST002957,CAMP0024,2024-02-08,Lead
CONV003138,CUST003237,CAMP0063,17-01-2024,Customer
CONV003139,CUST001227,CAMP0203,2023-02-14,SQL
CONV003140,CUST005881,CAMP0010,2024-10-11,Lead
CONV003141,CUST007747,CAMP0166,12-05-2023,SQL
CONV003142,CUST002801,CAMP0040,2024-03-26,Customer
CONV003143,CUST008737,CAMP0065,2024-09-29,Lead
CONV003144,CUST004991,CAMP0114,08/25/2024,Customer
CONV003145,CUST004965,CAMP0049,2023-12-02,MQL
CONV003146,CUST006869,CAMP0064,06/16/2026,MQL
CONV003147,CUST005836,CAMP0065,18-10-2024,MQL
CONV003148,CUST004952,CAMP0154,2024-11-10,Customer
CONV003149,CUST900038,CAMP0217,29 Apr 2024,Customer
CONV003150,CUST008319,CAMP0159,2023-12-25,MQL
CONV003151,CUST008536,CAMP0051,10/13/2025,Opportunity
CONV003152,CUST008388,CAMP0152,2023-07-03,SQL
CONV003153,CUST007661,CAMP0174,2023-12-22,Opportunity
CONV003154,CUST000783,CAMP0095,2025-12-07,SQL
CONV003155,CUST009464,CAMP0185,2025-11-13,Customer
CONV003156,CUST005765,CAMP0018,04/10/2026,MQL
CONV003157,CUST002784,CAMP0027,2024-03-24,Customer
CONV003158,CUST008023,CAMP0052,2026-02-05,Customer
CONV003159,CUST001397,CAMP0001,15-06-2025,Opportunity
CONV003160,CUST007406,CAMP0173,2026-02-18,SQL
CONV003161,CUST001441,CAMP0104,06/04/2025,SQL
CONV003162,CUST003321,CAMP0009,2025-10-07,Customer
CONV003163,CUST004627,CAMP0215,2024-09-12,Opportunity
CONV003164,CUST009186,CAMP0129,,SQL
CONV003165,CUST007027,CAMP0046,11-12-2025,MQL
CONV003166,CUST009484,CAMP0107,2023-08-25,Lead
CONV003167,CUST002181,CAMP0082,2023-04-17,Customer
CONV003168,CUST006519,CAMP0043,2026-02-13,Opportunity
CONV003169,CUST002746,CAMP0066,2025-09-27,MQL
CONV003170,CUST009091,CAMP0145,2025-01-25,MQL
CONV003171,CUST006224,CAMP0011,2023-04-03,SQL
CONV003172,CUST000888,CAMP0037,2024-04-17,Customer
CONV003173,CUST006086,CAMP0178,2026-01-31,MQL
CONV003174,CUST003208,CAMP0023,2024-02-12,Opportunity
CONV003175,CUST005906,CAMP0114,2025-08-22,MQL
CONV003176,CUST004005,CAMP0004,2024-04-23,Lead
CONV003177,CUST001220,CAMP0143,2024-12-27,SQL
CONV003178,CUST009434,CAMP0137,2024-03-23,MQL
CONV003179,CUST005667,CAMP0152,2025-08-13,MQL
CONV003180,CUST005863,CAMP0011,18-06-2026,Opportunity
CONV003181,CUST002016,CAMP0197,2024-12-26,MQL
CONV003182,CUST006766,CAMP0076,2026-04-11,Lead
CONV003183,CUST007717,CAMP0102,,SQL
CONV003184,CUST002341,CAMP0133,11/28/2025,Customer
CONV003185,CUST000832,CAMP0201,2024-09-01,Opportunity
CONV003186,CUST008257,CAMP0014,15-02-2024,Customer
CONV003187,CUST000778,CAMP0124,16-07-2023,Opportunity
CONV003188,CUST000941,CAMP0179,06/06/2023,Customer
CONV003189,CUST006532,CAMP0206,28-05-2024,SQL
CONV003190,CUST000915,CAMP0085,2023-08-27,Lead
CONV003191,CUST008339,CAMP0220,2026-01-06,MQL
CONV003192,CUST005734,CAMP0068,11/25/2024,Customer
CONV003193,CUST001129,CAMP0093,12/25/2025,Opportunity
CONV003194,CUST003595,CAMP0139,10/26/2023,MQL
CONV003195,CUST000034,CAMP0191,23-11-2025,MQL
CONV003196,CUST002421,CAMP0208,07/22/2023,SQL
CONV003197,CUST004501,CAMP0039,2023-09-22,Lead
CONV003198,CUST004287,CAMP0217,01/24/2025,MQL
CONV003199,CUST008006,CAMP0098,22-10-2024,Opportunity
CONV003200,CUST009591,CAMP0007,2024-04-14,SQL
CONV003201,CUST008175,CAMP0133,11/29/2024,MQL
CONV003202,CUST007046,CAMP0113,2023-07-14,MQL
CONV003203,CUST004355,CAMP0026,2025-09-03,Opportunity
CONV003204,CUST001219,CAMP0144,11-01-2025,MQL
CONV003205,CUST009908,CAMP0120,2024-01-21,Opportunity
CONV003206,CUST008931,CAMP0007,2026-07-28,SQL
CONV003207,CUST009105,CAMP0189,2026-04-10,Lead
CONV003208,CUST005960,CAMP0015,02 Aug 2024,SQL
CONV003209,CUST001737,CAMP0179,30-06-2023,Lead
CONV003210,CUST009630,CAMP0113,08/28/2023,SQL
CONV003211,CUST005234,CAMP0051,2024-02-20,MQL
CONV003212,CUST002754,CAMP0083,2025-06-15,Opportunity
CONV003213,CUST002112,CAMP0081,2025-03-27,Lead
CONV003214,CUST000928,CAMP0127,2025-06-06,
CONV003215,CUST006829,CAMP0088,2023-10-04,Customer
CONV003216,CUST009729,CAMP0103,2023-09-28,MQL
CONV003217,CUST007334,CAMP0101,2024-01-28,Lead
CONV003218,CUST008212,CAMP0202,10-04-2025,MQL
CONV003219,CUST000728,CAMP0163,2025-11-03,SQL
CONV003220,CUST006104,CAMP0116,02/09/2025,MQL
CONV003221,CUST006621,CAMP0172,01-07-2025,Opportunity
CONV003222,CUST003008,CAMP0169,03/10/2025,Lead
CONV003223,CUST007946,CAMP0062,2023-07-05,Lead
CONV003224,CUST008313,CAMP0200,2023-11-07,Customer
CONV003225,CUST002926,CAMP0217,26-09-2023,Opportunity
CONV003226,CUST000416,CAMP0181,18-12-2025,Lead
CONV003227,CUST005867,CAMP0127,2023-08-25,Opportunity
CONV003228,CUST001307,CAMP0120,,Lead
CONV003229,CUST005868,CAMP0017,10-11-2025,MQL
CONV003230,CUST006966,CAMP0144,2025-01-14,Customer
CONV003231,CUST007008,CAMP0036,2024-07-12,Opportunity
CONV003232,CUST006031,CAMP0206,2025-06-03,Lead
CONV003233,CUST002916,CAMP0092,2025-09-21,SQL
CONV003234,CUST009764,CAMP0011,2023-02-12,SQL
CONV003235,CUST009113,CAMP0132,2025-07-11,SQL
CONV003236,CUST005564,CAMP0136,2023-08-31,Customer
CONV003237,CUST900055,CAMP0070,20-03-2023,MQL
CONV003238,CUST009260,CAMP0162,2024-04-06,SQL
CONV003239,CUST005741,CAMP0137,2023-04-25,MQL
CONV003240,CUST000458,CAMP0100,08/12/2024,MQL
CONV003241,CUST006678,CAMP0139,11 Dec 2025,SQL
CONV003242,CUST002072,CAMP0118,2024-09-27,SQL
CONV003243,CUST005920,CAMP0040,2023-06-21,MQL
CONV003244,CUST004861,CAMP0101,2023-09-24,MQL
CONV003245,CUST001193,CAMP0214,05/24/2026,Customer
CONV003246,CUST005859,CAMP0149,2023-03-11,Opportunity
CONV003247,CUST008748,CAMP0195,19-04-2025,Opportunity
CONV003248,CUST001339,CAMP0133,2024-06-30,Lead
CONV003249,CUST006906,CAMP0085,29-09-2025,Lead
CONV003250,CUST009313,CAMP0187,2025-08-11,Opportunity
CONV003251,CUST002937,CAMP0215,24-06-2026,Lead
CONV003252,CUST003216,CAMP0145,04-07-2026,MQL
CONV003253,CUST007089,CAMP0136,2023-12-22,MQL
CONV003254,CUST001823,CAMP0098,2024-12-17,SQL
CONV003255,CUST000424,CAMP0112,2025-05-02,Lead
CONV003256,CUST004909,CAMP0128,2025-03-12,SQL
CONV003257,CUST001844,CAMP0121,2026-07-16,MQL
CONV003258,CUST002975,CAMP0214,2025-04-23,Lead
CONV003259,CUST000910,CAMP0032,28-12-2025,
CONV003260,CUST003493,CAMP0075,01-01-2024,Customer
CONV003261,CUST000852,CAMP0023,14-06-2025,Customer
CONV003262,CUST008557,CAMP0156,01/10/2024,Lead
CONV003263,CUST006804,CAMP0214,06-07-2023,Customer
CONV003264,CUST004989,CAMP0149,2026-04-04,Opportunity
CONV003265,CUST009356,CAMP0087,29-12-2025,Lead
CONV003266,CUST006189,CAMP0173,2025-09-22,MQL
CONV003267,CUST004486,CAMP0145,17 Sep 2024,SQL
CONV003268,CUST009597,CAMP0014,2024-07-10,Opportunity
CONV003269,CUST006581,CAMP0099,2024-07-09,Lead
CONV003270,CUST001580,CAMP0030,08-10-2025,SQL
CONV003271,CUST009235,CAMP0207,10/02/2025,Lead
CONV003272,CUST007580,CAMP0040,2026-04-17,Lead
CONV003273,CUST002615,CAMP0017,2024-05-03,Lead
CONV003274,CUST001753,CAMP0099,22-12-2024,MQL
CONV003275,CUST007406,CAMP0112,2024-07-28,Lead
CONV003276,CUST008382,CAMP0009,2025-10-31,Opportunity
CONV003277,CUST006360,CAMP0112,2023-07-02,MQL
CONV003278,CUST009959,CAMP0097,,MQL
CONV003279,CUST005247,CAMP0204,2025-06-07,Lead
CONV003280,CUST004566,CAMP0209,10/31/2024,SQL
CONV003281,CUST007332,CAMP0198,2024-03-23,MQL
CONV003282,CUST001393,CAMP0088,02-12-2024,Customer
CONV003283,CUST009080,CAMP0039,2023-12-11,Opportunity
CONV003284,CUST001312,CAMP0096,2023-02-22,Opportunity
CONV003285,CUST004829,CAMP0131,2025-12-06,Customer
CONV003286,CUST004361,CAMP0100,2023-05-21,SQL
CONV003287,CUST001394,CAMP0128,2024-01-16,Lead
CONV003288,CUST002126,CAMP0174,,Lead
CONV003289,CUST006268,CAMP0085,2025-07-03,Lead
CONV003290,CUST003177,CAMP0147,06-03-2026,Customer
CONV003291,CUST004949,CAMP0172,2023-02-07,MQL
CONV003292,CUST003913,CAMP0034,2025-01-15,Lead
CONV003293,CUST003954,CAMP0021,06-02-2024,Opportunity
CONV003294,CUST008195,CAMP0058,01/06/2026,Lead
CONV003295,CUST002913,CAMP0063,06/15/2024,SQL
CONV003296,CUST001398,CAMP0095,22 Aug 2023,SQL
CONV003297,CUST001088,CAMP0095,06/08/2023,MQL
CONV003298,CUST005438,CAMP0136,2025-10-29,Customer
CONV003299,CUST005520,CAMP0089,,Opportunity
CONV003300,CUST008985,CAMP0063,01 Apr 2024,Customer
CONV003301,CUST006080,CAMP0095,,Opportunity
CONV003302,CUST002544,CAMP0073,2025-09-20,MQL
CONV003303,CUST004389,CAMP0134,24-09-2024,MQL
CONV003304,CUST006870,CAMP0148,2026-06-11,Opportunity
CONV003305,CUST006135,CAMP0037,03/09/2023,MQL
CONV003306,CUST001639,CAMP0146,06-04-2024,MQL
CONV003307,CUST007794,CAMP0197,2026-03-29,Customer
CONV003308,CUST005321,CAMP0068,11-02-2023,MQL
CONV003309,CUST001582,CAMP0114,2023-09-18,MQL
CONV003310,CUST009877,CAMP0029,04-05-2026,MQL
CONV003311,CUST000495,CAMP0072,29-10-2023,Customer
CONV003312,CUST002519,CAMP0186,2023-12-28,MQL
CONV003313,CUST007669,CAMP0072,2026-04-23,MQL
CONV003314,CUST004243,CAMP0194,20-04-2026,SQL
CONV003315,CUST000884,CAMP0070,2023-07-22,SQL
CONV003316,CUST000420,CAMP0027,02/11/2026,Lead
CONV003317,CUST008405,CAMP0085,2023-11-25,MQL
CONV003318,CUST007048,CAMP0049,06/07/2023,MQL
CONV003319,CUST006205,CAMP0135,14-11-2025,SQL
CONV003320,CUST006171,CAMP0044,24 Jan 2025,MQL
CONV003321,CUST009370,CAMP0106,2023-07-12,Opportunity
CONV003322,CUST000073,CAMP0043,07 Apr 2024,MQL
CONV003323,CUST000218,CAMP0193,2026-02-03,MQL
CONV003324,CUST004044,CAMP0080,2025-04-19,SQL
CONV003325,CUST000072,CAMP0067,2024-06-21,SQL
CONV003326,CUST000530,CAMP0078,2023-02-22,Lead
CONV003327,CUST002122,CAMP0158,11/26/2025,Lead
CONV003328,CUST009210,CAMP0017,2023-07-09,SQL
CONV003329,CUST004619,CAMP0135,2025-03-25,Lead
CONV003330,CUST002342,CAMP0077,2024-06-10,Lead
CONV003331,CUST007376,CAMP0181,05 Feb 2024,SQL
CONV003332,CUST003015,CAMP0118,2026-07-21,SQL
CONV003333,CUST009745,CAMP0003,2024-10-13,Customer
CONV003334,CUST000942,CAMP0106,2023-09-27,SQL
CONV003335,CUST007323,CAMP0051,2023-02-15,Lead
CONV003336,CUST009121,CAMP0174,2024-08-25,SQL
CONV003337,CUST006658,CAMP0008,2026-03-14,Opportunity
CONV003338,CUST005367,CAMP0145,2024-10-03,Customer
CONV003339,CUST006516,CAMP0140,09/09/2023,MQL
CONV003340,CUST003395,CAMP0030,2024-12-14,Customer
CONV003341,CUST008450,CAMP0195,2023-07-05,Lead
CONV003342,CUST004712,CAMP0183,2024-07-11,Lead
CONV003343,CUST001093,CAMP0096,2024-02-09,Opportunity
CONV003344,CUST004662,CAMP0119,23-01-2026,MQL
CONV003345,CUST001571,CAMP0183,01/22/2026,Opportunity
CONV003346,CUST003936,CAMP0147,09-04-2026,Customer
CONV003347,CUST001242,CAMP0084,,Lead
CONV003348,CUST005115,CAMP0023,07-04-2024,Customer
CONV003349,CUST000577,CAMP0165,2023-06-13,Lead
CONV003350,CUST003664,CAMP0125,11/30/2024,SQL
CONV003351,CUST006785,CAMP0137,2023-12-23,Lead
CONV003352,CUST003641,CAMP0167,17-10-2024,SQL
CONV003353,CUST002894,CAMP0208,2025-02-23,SQL
CONV003354,CUST006054,CAMP0122,2026-06-08,Opportunity
CONV003355,CUST007393,CAMP0010,07-12-2025,SQL
CONV003356,CUST003023,CAMP0160,28-09-2023,MQL
CONV003357,CUST004820,CAMP0179,17-05-2023,SQL
CONV003358,CUST005933,CAMP0100,2024-01-14,Opportunity
CONV003359,CUST002893,CAMP0191,2026-05-28,SQL
CONV003360,CUST000318,CAMP0208,2024-04-01,Customer
CONV003361,CUST003954,CAMP0161,31-05-2024,SQL
CONV003362,CUST003884,CAMP0029,2024-09-12,MQL
CONV003363,CUST008681,CAMP0120,2024-02-02,Customer
CONV003364,CUST003998,CAMP0197,2024-09-18,Lead
CONV003365,CUST002188,CAMP0158,2023-05-21,Lead
CONV003366,CUST007644,CAMP0023,30-03-2024,Lead
CONV003367,CUST009590,CAMP0201,2024-11-02,Lead
CONV003368,CUST005759,CAMP0176,2025-12-09,Lead
CONV003369,CUST004435,CAMP0115,2025-01-28,Customer
CONV003370,CUST009266,CAMP0088,2023-08-26,MQL
CONV003371,CUST006550,CAMP0127,2023-10-13,MQL
CONV003372,CUST006660,CAMP0059,2025-06-16,MQL
CONV003373,CUST007427,CAMP0098,2024-04-05,Customer
CONV003374,CUST004316,CAMP0122,2025-10-30,Lead
CONV003375,CUST008114,CAMP0147,2024-09-30,SQL
CONV003376,CUST002215,CAMP0088,07-11-2024,Opportunity
CONV003377,CUST003247,CAMP0017,2026-04-26,Opportunity
CONV003378,CUST002661,CAMP0158,12/14/2023,Customer
CONV003379,CUST008888,CAMP0037,28 Jul 2026,Opportunity
CONV003380,CUST005366,CAMP0018,2024-04-12,Lead
CONV003381,CUST009830,CAMP0187,2024-05-29,Lead
CONV003382,CUST001987,CAMP0118,2026-04-24,Opportunity
CONV003383,CUST001004,CAMP0135,2026-03-21,Customer
CONV003384,CUST002464,CAMP0201,07/04/2023,Lead
CONV003385,CUST003755,CAMP0112,02/26/2026,Lead
CONV003386,CUST007092,CAMP0041,23 Oct 2023,MQL
CONV003387,CUST001929,CAMP0139,04/29/2023,MQL
CONV003388,CUST003141,CAMP0144,2023-03-16,SQL
CONV003389,CUST000194,CAMP0216,2023-01-11,Opportunity
CONV003390,CUST005515,CAMP0028,2024-06-25,MQL
CONV003391,CUST003102,CAMP0007,2025-11-07,Lead
CONV003392,CUST005380,CAMP0163,08/24/2024,Lead
CONV003393,CUST002780,CAMP0162,2023-01-09,SQL
CONV003394,CUST009503,CAMP0025,09/20/2023,Customer
CONV003395,CUST003805,CAMP0090,2025-01-10,Opportunity
CONV003396,CUST005435,CAMP0083,05/08/2024,Lead
CONV003397,CUST005246,CAMP0004,2024-03-26,SQL
CONV003398,CUST000617,CAMP0162,09/08/2024,SQL
CONV003399,CUST000474,CAMP0095,2023-07-30,MQL
CONV003400,CUST002397,CAMP0119,05-12-2024,Opportunity
CONV003401,CUST004066,CAMP0035,26-12-2023,Opportunity
CONV003402,CUST008478,CAMP0174,26-09-2025,SQL
CONV003403,CUST009210,CAMP0015,07-06-2026,Lead
CONV003404,CUST009390,CAMP0116,2023-06-05,Opportunity
CONV003405,CUST000111,CAMP0029,18-06-2023,Customer
CONV003406,CUST005107,CAMP0124,18-10-2024,Customer
CONV003407,CUST008756,CAMP0062,2024-09-21,Lead
CONV003408,CUST002003,CAMP0076,2024-07-26,Opportunity
CONV003409,CUST007370,CAMP0090,2025-05-22,SQL
CONV003410,CUST004382,CAMP0025,2025-01-25,Lead
CONV003411,CUST003447,CAMP0120,2025-11-27,SQL
CONV003412,CUST000912,CAMP0071,14-03-2026,Customer
CONV003413,CUST002508,CAMP0070,2025-06-25,Opportunity
CONV003414,CUST001256,CAMP0147,2024-12-25,MQL
CONV003415,CUST008291,CAMP0179,14 Dec 2024,MQL
CONV003416,CUST002503,CAMP0008,24-05-2023,Customer
CONV003417,CUST009663,CAMP0071,2023-11-16,Customer
CONV003418,CUST002946,CAMP0109,2025-02-22,Customer
CONV003419,CUST005346,CAMP0196,2025-04-06,Opportunity
CONV003420,CUST004813,CAMP0057,2026-05-17,MQL
CONV003421,CUST000788,CAMP0025,2025-06-10,Lead
CONV003422,CUST009377,CAMP0023,2025-06-16,Opportunity
CONV003423,CUST004988,CAMP0170,2024-12-24,Lead
CONV003424,CUST005960,CAMP0192,27 Mar 2024,Lead
CONV003425,CUST004317,CAMP0216,09/04/2025,Lead
CONV003426,CUST007160,CAMP0041,25 Apr 2024,Lead
CONV003427,CUST004740,CAMP0125,2023-07-21,SQL
CONV003428,CUST002012,CAMP0057,05/12/2024,Customer
CONV003429,CUST003894,CAMP0045,03/27/2026,Opportunity
CONV003430,CUST001932,CAMP0043,03/05/2023,SQL
CONV003431,CUST008830,CAMP0025,09-02-2026,Lead
CONV003432,CUST007175,CAMP0195,16-09-2024,SQL
CONV003433,CUST001659,CAMP0078,2026-03-21,SQL
CONV003434,CUST001988,CAMP0155,12/19/2023,Lead
CONV003435,CUST001603,CAMP0101,03-01-2024,MQL
CONV003436,CUST001171,CAMP0025,2024-12-15,Lead
CONV003437,CUST002202,CAMP0063,2024-11-30,SQL
CONV003438,CUST006639,CAMP0182,28-05-2023,SQL
CONV003439,CUST004311,CAMP0119,2026-01-18,Opportunity
CONV003440,CUST009423,CAMP0037,10-03-2024,SQL
CONV003441,CUST003243,CAMP0121,2026-01-14,Lead
CONV003442,CUST000017,CAMP0126,2026-05-14,Lead
CONV003443,CUST008833,CAMP0047,01-06-2025,Lead
CONV003444,CUST006138,CAMP0114,2024-03-08,SQL
CONV003445,CUST000050,CAMP0120,10/04/2024,Lead
CONV003446,CUST009676,CAMP0158,20-07-2023,SQL
CONV003447,CUST008152,CAMP0095,2026-07-30,Lead
CONV003448,CUST002295,CAMP0161,2025-05-03,Opportunity
CONV003449,CUST000559,CAMP0142,2024-08-17,Opportunity
CONV003450,CUST009612,CAMP0096,2026-06-16,Customer
CONV003451,CUST009455,CAMP0086,2023-03-22,MQL
CONV003452,CUST001137,CAMP0112,2025-06-06,Opportunity
CONV003453,CUST001158,CAMP0110,2023-07-25,MQL
CONV003454,CUST003654,CAMP0183,2026-06-17,Opportunity
CONV003455,CUST001678,CAMP0056,14-07-2026,MQL
CONV003456,CUST004870,CAMP0171,2023-07-25,Customer
CONV003457,CUST009270,CAMP0114,02 Feb 2025,Customer
CONV003458,CUST001834,CAMP0050,2025-02-07,Customer
CONV003459,CUST005649,CAMP0050,17-03-2023,Opportunity
CONV003460,CUST004990,CAMP0200,2023-10-16,SQL
CONV003461,CUST007561,CAMP0214,2026-02-09,Customer
CONV003462,CUST000598,CAMP0101,24 Nov 2025,MQL
CONV003463,CUST003412,CAMP0068,18-02-2024,Lead
CONV003464,CUST002342,CAMP0124,28 Dec 2023,Customer
CONV003465,CUST001481,CAMP0158,16 Jan 2026,Customer
CONV003466,CUST001600,CAMP0146,2023-02-18,MQL
CONV003467,CUST006228,CAMP0150,2023-04-22,Opportunity
CONV003468,CUST008095,CAMP0120,2024-10-20,Opportunity
CONV003469,CUST006985,CAMP0145,2023-12-23,SQL
CONV003470,CUST009906,CAMP0189,31-10-2024,Customer
CONV003471,CUST006352,CAMP0123,20-07-2026,MQL
CONV003472,CUST000119,CAMP0054,2024-12-12,MQL
CONV003473,CUST001412,CAMP0141,09 Aug 2024,MQL
CONV003474,CUST006088,CAMP0163,10 Apr 2023,Opportunity
CONV003475,CUST005690,CAMP0133,2025-07-02,SQL
CONV003476,CUST005810,CAMP0191,2024-12-24,MQL
CONV003477,CUST008419,CAMP0143,07/06/2025,MQL
CONV003478,CUST004336,CAMP0112,05/10/2024,MQL
CONV003479,CUST008061,CAMP0004,07-05-2023,Lead
CONV003480,CUST002058,CAMP0186,2025-06-22,Opportunity
CONV003481,CUST008550,CAMP0113,2026-04-15,MQL
CONV003482,CUST004470,CAMP0166,2023-12-18,MQL
CONV003483,CUST002129,CAMP0135,2025-07-02,Lead
CONV003484,CUST008878,CAMP0124,07 May 2025,Customer
CONV003485,CUST007324,CAMP0088,2025-07-27,Lead
CONV003486,CUST007834,CAMP0137,2024-05-12,Lead
CONV003487,CUST005753,CAMP0037,30 Nov 2024,Lead
CONV003488,CUST003341,CAMP0023,12/03/2024,Opportunity
CONV003489,CUST007509,CAMP0195,2024-10-14,SQL
CONV003490,CUST005495,CAMP0199,2025-04-29,SQL
CONV003491,CUST001883,CAMP0041,,SQL
CONV003492,CUST007738,CAMP0136,13 Apr 2024,MQL
CONV003493,CUST000436,CAMP0005,2023-05-18,Lead
CONV003494,CUST000860,CAMP0057,2026-06-30,Lead
CONV003495,CUST001066,CAMP0126,2025-11-06,SQL
CONV003496,CUST007626,CAMP0184,2023-02-28,MQL
CONV003497,CUST000488,CAMP0154,2025-09-25,Opportunity
CONV003498,CUST009137,CAMP0178,2024-12-24,MQL
CONV003499,CUST003482,CAMP0009,2026-06-15,Customer
CONV003500,CUST000926,CAMP0112,2024-11-30,SQL
CONV003501,CUST009012,CAMP0130,,Opportunity
CONV003502,CUST005274,CAMP0187,12-11-2025,Customer
CONV003503,CUST003813,CAMP0205,04-03-2024,Opportunity
CONV003504,CUST007843,CAMP0114,2026-06-25,Opportunity
CONV003505,CUST009812,CAMP0184,2025-06-07,Opportunity
CONV003506,CUST000848,CAMP0206,2025-03-06,Customer
CONV003507,CUST002451,CAMP0182,07/14/2025,SQL
CONV003508,CUST003450,CAMP0137,26-04-2023,Opportunity
CONV003509,CUST001624,CAMP0058,2026-04-26,MQL
CONV003510,CUST003730,CAMP0138,05-03-2025,MQL
CONV003511,CUST000982,CAMP0217,04/23/2023,SQL
CONV003512,CUST005899,CAMP0131,2024-05-31,Lead
CONV003513,CUST001156,CAMP0174,03/27/2025,Customer
CONV003514,CUST003117,CAMP0064,2024-10-10,Customer
CONV003515,CUST005326,CAMP0106,2023-06-13,MQL
CONV003516,CUST008394,CAMP0041,2026-05-28,Customer
CONV003517,CUST005136,CAMP0172,09/08/2023,Opportunity
CONV003518,CUST002130,CAMP0158,03/21/2024,Opportunity
CONV003519,CUST008664,CAMP0211,2023-03-27,Opportunity
CONV003520,CUST000948,CAMP0099,,Opportunity
CONV003521,CUST003487,CAMP0032,2023-12-22,Lead
CONV003522,CUST003545,CAMP0112,2025-06-28,SQL
CONV003523,CUST008380,CAMP0004,15-07-2024,MQL
CONV003524,CUST002809,CAMP0138,2023-02-28,Customer
CONV003525,CUST005719,CAMP0039,22 Aug 2024,Customer
CONV003526,CUST000187,CAMP0198,07/08/2024,Lead
CONV003527,CUST002725,CAMP0123,05/13/2024,Lead
CONV003528,CUST005949,CAMP0037,10 Jul 2025,SQL
CONV003529,CUST006165,CAMP0076,2023-06-23,Customer
CONV003530,CUST000765,CAMP0002,04/19/2025,MQL
CONV003531,CUST006066,CAMP0119,2026-01-23,MQL
CONV003532,CUST000449,CAMP0179,09-08-2025,Lead
CONV003533,CUST005661,CAMP0023,03-12-2023,Customer
CONV003534,CUST008392,CAMP0042,05/26/2023,Lead
CONV003535,CUST004014,CAMP0163,2024-08-08,Lead
CONV003536,CUST008628,CAMP0079,29 Jul 2026,MQL
CONV003537,CUST007428,CAMP0047,2023-07-31,Lead
CONV003538,CUST002044,CAMP0132,2024-12-23,Customer
CONV003539,CUST005124,CAMP0167,2025-11-14,Lead
CONV003540,CUST003380,CAMP0071,01/04/2025,SQL
CONV003541,CUST006734,CAMP0185,25-02-2026,Customer
CONV003542,CUST001251,CAMP0134,15-01-2024,Lead
CONV003543,CUST003366,CAMP0202,2025-12-01,MQL
CONV003544,CUST006426,CAMP0026,05/04/2026,Customer
CONV003545,CUST009316,CAMP0185,2025-07-19,MQL
CONV003546,CUST008736,CAMP0091,2024-11-03,Opportunity
CONV003547,CUST009015,CAMP0118,05/23/2023,Customer
CONV003548,CUST009970,CAMP0104,02 Jan 2025,SQL
CONV003549,CUST001558,CAMP0105,,SQL
CONV003550,CUST006796,CAMP0160,06-12-2024,Lead
CONV003551,CUST003374,CAMP0054,01/07/2025,Opportunity
CONV003552,CUST009164,CAMP0201,2023-03-20,MQL
CONV003553,CUST003547,CAMP0034,16-07-2024,SQL
CONV003554,CUST001621,CAMP0167,02/27/2023,Lead
CONV003555,CUST006304,CAMP0111,2025-06-03,Lead
CONV003556,CUST004101,CAMP0040,19-02-2026,Lead
CONV003557,CUST005867,CAMP0144,2026-06-23,Opportunity
CONV003558,CUST007240,CAMP0005,2024-09-05,Lead
CONV003559,CUST008898,CAMP0041,01/04/2026,Customer
CONV003560,CUST003917,CAMP0021,2023-06-30,Opportunity
CONV003561,CUST005847,CAMP0100,2023-05-01,Customer
CONV003562,CUST005969,CAMP0142,12/16/2024,Customer
CONV003563,CUST006332,CAMP0004,19-04-2025,Customer
CONV003564,CUST007279,CAMP0093,28-03-2026,SQL
CONV003565,CUST001873,CAMP0220,03/23/2024,Customer
CONV003566,CUST002808,CAMP0100,29-04-2024,Opportunity
CONV003567,CUST002843,CAMP0114,2024-10-04,SQL
CONV003568,CUST007775,CAMP0013,17-07-2024,Opportunity
CONV003569,CUST008028,CAMP0032,07-08-2023,Opportunity
CONV003570,CUST002612,CAMP0082,2024-02-18,MQL
CONV003571,CUST007564,CAMP0039,,SQL
CONV003572,CUST006821,CAMP0136,09/26/2025,Lead
CONV003573,CUST007933,CAMP0199,02-07-2023,Customer
CONV003574,CUST005591,CAMP0063,11-11-2024,Customer
CONV003575,CUST009224,CAMP0202,2023-09-05,SQL
CONV003576,CUST001350,CAMP0196,02-08-2024,Opportunity
CONV003577,CUST009774,CAMP0061,2023-04-30,Opportunity
CONV003578,CUST006289,CAMP0057,2025-10-23,Lead
CONV003579,CUST006488,CAMP0011,,SQL
CONV003580,CUST006144,CAMP0218,11 Aug 2024,SQL
CONV003581,CUST007568,CAMP0110,2026-03-27,Opportunity
CONV003582,CUST002340,CAMP0206,,SQL
CONV003583,CUST001776,CAMP0044,12/30/2025,SQL
CONV003584,CUST006336,CAMP0012,20-03-2026,Opportunity
CONV003585,CUST004735,CAMP0194,2025-09-25,SQL
CONV003586,CUST004436,CAMP0187,05-01-2023,Opportunity
CONV003587,CUST001105,CAMP0067,2026-01-10,MQL
CONV003588,CUST002076,CAMP0003,2025-11-08,Opportunity
CONV003589,CUST001206,CAMP0089,2025-09-12,MQL
CONV003590,CUST001862,CAMP0210,01/13/2025,MQL
CONV003591,CUST000390,CAMP0082,2023-05-03,Customer
CONV003592,CUST008897,CAMP0011,27-03-2024,Opportunity
CONV003593,CUST007224,CAMP0016,04-08-2024,SQL
CONV003594,CUST001406,CAMP0181,2025-01-03,Opportunity
CONV003595,CUST002403,CAMP0009,03-07-2026,Customer
CONV003596,CUST003609,CAMP0134,01/25/2024,Customer
CONV003597,CUST006867,CAMP0153,2023-07-30,Lead
CONV003598,CUST003057,CAMP0067,04-04-2026,MQL
CONV003599,CUST009690,CAMP0169,2026-01-15,Customer
CONV003600,CUST005429,CAMP0002,02-01-2025,MQL
CONV003601,CUST009318,CAMP0027,2024-11-21,SQL
CONV003602,CUST008687,CAMP0167,13-07-2024,Lead
CONV003603,CUST001335,CAMP0075,2026-02-24,Lead
CONV003604,CUST007475,CAMP0163,18-02-2024,Lead
CONV003605,CUST004136,CAMP0005,20-02-2024,Opportunity
CONV003606,CUST005116,CAMP0162,2025-05-26,Customer
CONV003607,CUST008163,CAMP0033,2023-08-19,
CONV003608,CUST009311,CAMP0183,10-06-2026,Opportunity
CONV003609,CUST004349,CAMP0145,2026-05-24,SQL
CONV003610,CUST001541,CAMP0129,2024-04-24,Customer
CONV003611,CUST000539,CAMP0168,2025-05-16,SQL
CONV003612,CUST005672,CAMP0067,,MQL
CONV003613,CUST001919,CAMP0088,11 Aug 2024,SQL
CONV003614,CUST006733,CAMP0084,12/14/2025,Opportunity
CONV003615,CUST001397,CAMP0201,13-02-2026,Opportunity
CONV003616,CUST008048,CAMP0040,2023-05-28,Customer
CONV003617,CUST000049,CAMP0193,2024-10-26,SQL
CONV003618,CUST008575,CAMP0014,2023-10-24,Lead
CONV003619,CUST003495,CAMP0105,2026-04-18,MQL
CONV003620,CUST008063,CAMP0192,2024-08-23,Customer
CONV003621,CUST001438,CAMP0173,2023-01-29,SQL
CONV003622,CUST003505,CAMP0053,2025-01-17,Opportunity
CONV003623,CUST006378,CAMP0180,24-10-2025,Lead
CONV003624,CUST007487,CAMP0176,2023-08-23,SQL
CONV003625,CUST008558,CAMP0193,2023-07-03,MQL
CONV003626,CUST007905,CAMP0113,15 Mar 2026,SQL
CONV003627,CUST002146,CAMP0121,11/19/2025,MQL
CONV003628,CUST004355,CAMP0180,2026-05-31,Opportunity
CONV003629,CUST008366,CAMP0068,2025-09-07,MQL
CONV003630,CUST009287,CAMP0211,2023-10-14,Customer
CONV003631,CUST000773,CAMP0122,2025-03-30,Lead
CONV003632,CUST004757,CAMP0167,2025-01-01,Lead
CONV003633,CUST009233,CAMP0029,2025-11-11,Opportunity
CONV003634,CUST009133,CAMP0010,2023-03-15,Customer
CONV003635,CUST001518,CAMP0012,2025-02-24,Lead
CONV003636,CUST009854,CAMP0215,2024-07-26,SQL
CONV003637,CUST001959,CAMP0216,2023-08-11,Opportunity
CONV003638,CUST007291,CAMP0127,12/05/2025,SQL
CONV003639,CUST000891,CAMP0053,07/10/2023,MQL
CONV003640,CUST000961,CAMP0099,2023-01-19,SQL
CONV003641,CUST004349,CAMP0081,2023-01-01,Opportunity
CONV003642,CUST004359,CAMP0144,03/22/2026,Lead
CONV003643,CUST001053,CAMP0055,2025-12-25,Customer
CONV003644,CUST005333,CAMP0059,2025-11-19,SQL
CONV003645,CUST007365,CAMP0095,2026-04-11,Lead
CONV003646,CUST006455,CAMP0020,16-04-2023,SQL
CONV003647,CUST006301,CAMP0015,11/30/2025,MQL
CONV003648,CUST005481,CAMP0159,2024-08-25,SQL
CONV003649,CUST004053,CAMP0078,04/30/2023,SQL
CONV003650,CUST002478,CAMP0118,,SQL
CONV003651,CUST007343,CAMP0075,2025-09-30,Lead
CONV003652,CUST001737,CAMP0071,07/02/2026,SQL
CONV003653,CUST006211,CAMP0182,03/04/2025,Lead
CONV003654,CUST008619,CAMP0018,2023-03-20,Lead
CONV003655,CUST002823,CAMP0176,10/09/2024,Customer
CONV003656,CUST000794,CAMP0096,2024-02-14,MQL
CONV003657,CUST003941,CAMP0083,2024-02-17,Lead
CONV003658,CUST001953,CAMP0022,12/21/2023,Opportunity
CONV003659,CUST003656,CAMP0160,2024-10-25,MQL
CONV003660,CUST008837,CAMP0186,2026-05-30,SQL
CONV003661,CUST006994,CAMP0086,2025-02-23,Customer
CONV003662,CUST009769,CAMP0038,09-11-2025,MQL
CONV003663,CUST003151,CAMP0038,22-08-2025,SQL
CONV003664,CUST007492,CAMP0141,2025-08-04,Lead
CONV003665,CUST000472,CAMP0189,12 Sep 2023,Lead
CONV003666,CUST009200,CAMP0211,2026-03-21,SQL
CONV003667,CUST004891,CAMP0144,11/26/2024,SQL
CONV003668,CUST007459,CAMP0093,06-09-2025,MQL
CONV003669,CUST007958,CAMP0140,,MQL
CONV003670,CUST000662,CAMP0037,2025-09-06,SQL
CONV003671,CUST006279,CAMP0098,2026-06-12,
CONV003672,CUST006972,CAMP0141,02-09-2024,SQL
CONV003673,CUST004270,CAMP0044,05-02-2023,Opportunity
CONV003674,CUST005910,CAMP0204,24 Jun 2026,MQL
CONV003675,CUST007774,CAMP0056,02/07/2024,MQL
CONV003676,CUST001005,CAMP0016,2025-03-26,Lead
CONV003677,CUST007781,CAMP0177,2023-12-21,Customer
CONV003678,CUST009812,CAMP0030,2023-07-24,SQL
CONV003679,CUST002160,CAMP0011,2024-04-08,Customer
CONV003680,CUST001877,CAMP0165,2025-01-06,Opportunity
CONV003681,CUST007453,CAMP0074,12-11-2024,Opportunity
CONV003682,CUST009018,CAMP0100,10-09-2025,Opportunity
CONV003683,CUST003899,CAMP0002,01/18/2024,Opportunity
CONV003684,CUST006606,CAMP0055,2025-05-30,Lead
CONV003685,CUST003727,CAMP0025,2024-02-29,Lead
CONV003686,CUST000384,CAMP0138,13-05-2023,SQL
CONV003687,CUST008514,CAMP0121,01/21/2024,Customer
CONV003688,CUST000627,CAMP0029,02/03/2025,Opportunity
CONV003689,CUST004812,CAMP0021,2023-04-24,Lead
CONV003690,CUST003463,CAMP0144,2023-09-22,Lead
CONV003691,CUST004256,CAMP0136,10 Nov 2024,MQL
CONV003692,CUST006097,CAMP0027,2024-10-11,Customer
CONV003693,CUST000947,CAMP0028,2023-08-22,MQL
CONV003694,CUST001751,CAMP0015,2023-12-23,MQL
CONV003695,CUST005879,CAMP0093,2025-04-30,SQL
CONV003696,CUST008021,CAMP0076,2025-12-10,SQL
CONV003697,CUST001135,CAMP0162,2026-03-07,Customer
CONV003698,CUST007813,CAMP0176,2024-01-25,Customer
CONV003699,CUST006658,CAMP0056,19 Feb 2024,SQL
CONV003700,CUST006353,CAMP0183,2024-05-25,Opportunity
CONV003701,CUST005552,CAMP0200,2023-08-18,Opportunity
CONV003702,CUST008162,CAMP0201,2023-08-26,MQL
CONV003703,CUST005734,CAMP0118,09/26/2023,Customer
CONV003704,CUST000784,CAMP0022,2023-03-03,Opportunity
CONV003705,CUST003052,CAMP0078,2026-03-06,Opportunity
CONV003706,CUST009775,CAMP0060,01/18/2024,Lead
CONV003707,CUST007374,CAMP0056,30-01-2026,Customer
CONV003708,CUST008252,CAMP0032,2025-09-14,Lead
CONV003709,CUST004009,CAMP0198,2024-06-23,SQL
CONV003710,CUST005198,CAMP0213,07-01-2026,MQL
CONV003711,CUST006172,CAMP0093,2023-11-19,Opportunity
CONV003712,CUST002989,CAMP0099,2024-11-12,Customer
CONV003713,CUST007325,CAMP0133,2025-08-24,Lead
CONV003714,CUST003178,CAMP0190,02-09-2024,SQL
CONV003715,CUST008384,CAMP0176,2023-02-23,MQL
CONV003716,CUST004085,CAMP0074,2024-04-19,Customer
CONV003717,CUST005192,CAMP0121,02/18/2024,Lead
CONV003718,CUST005540,CAMP0032,2024-09-30,Opportunity
CONV003719,CUST002909,CAMP0088,,Lead
CONV003720,CUST004297,CAMP0101,,MQL
CONV003721,CUST004221,CAMP0160,2026-06-10,Lead
CONV003722,CUST000510,CAMP0022,16-06-2023,Customer
CONV003723,CUST003846,CAMP0014,,MQL
CONV003724,CUST006313,CAMP0132,2024-05-22,Opportunity
CONV003725,CUST007131,CAMP0050,2024-01-30,Lead
CONV003726,CUST002447,CAMP0106,2024-02-27,SQL
CONV003727,CUST007734,CAMP0052,2023-01-04,Lead
CONV003728,CUST004049,CAMP0113,,
CONV003729,CUST009178,CAMP0039,2026-03-06,SQL
CONV003730,CUST003043,CAMP0089,,Customer
CONV003731,CUST001582,CAMP0164,18-06-2023,
CONV003732,CUST008421,CAMP0049,2026-01-31,MQL
CONV003733,CUST001976,CAMP0172,2024-03-08,Customer
CONV003734,CUST002057,CAMP0150,2024-06-01,Customer
CONV003735,CUST005947,CAMP0014,2023-09-08,
CONV003736,CUST001084,CAMP0133,2026-05-13,Opportunity
CONV003737,CUST003127,CAMP0121,2025-03-08,SQL
CONV003738,CUST002779,CAMP0073,17-04-2025,MQL
CONV003739,CUST007061,CAMP0189,2025-11-08,Customer
CONV003740,CUST005054,CAMP0179,11/15/2025,MQL
CONV003741,CUST001078,CAMP0079,2025-03-31,Customer
CONV003742,CUST002135,CAMP0219,06-08-2025,Opportunity
CONV003743,CUST000762,CAMP0217,2023-10-12,MQL
CONV003744,CUST008218,CAMP0066,2024-02-20,MQL
CONV003745,CUST001402,CAMP0042,2024-08-17,MQL
CONV003746,CUST001835,CAMP0155,04/06/2025,Lead
CONV003747,CUST000855,CAMP0182,30-08-2024,Lead
CONV003748,CUST002937,CAMP0026,09-02-2023,Customer
CONV003749,CUST002281,CAMP0046,02/08/2026,SQL
CONV003750,CUST007094,CAMP0040,2025-05-04,Lead
CONV003751,CUST005659,CAMP0061,,Opportunity
CONV003752,CUST002692,CAMP0138,07-01-2023,Lead
CONV003753,CUST003451,CAMP0144,05/03/2025,Customer
CONV003754,CUST005020,CAMP0202,2026-05-05,Opportunity
CONV003755,CUST008650,CAMP0017,2024-09-25,
CONV003756,CUST003120,CAMP0064,2024-02-12,Customer
CONV003757,CUST002412,CAMP0180,2024-08-25,MQL
CONV003758,CUST003991,CAMP0119,2024-11-21,MQL
CONV003759,CUST006160,CAMP0155,19-07-2024,Lead
CONV003760,CUST006589,CAMP0184,2024-12-03,MQL
CONV003761,CUST001058,CAMP0192,2026-07-29,Lead
CONV003762,CUST005097,CAMP0151,2023-03-05,Lead
CONV003763,CUST003443,CAMP0168,2023-02-21,Lead
CONV003764,CUST001539,CAMP0206,04-02-2026,MQL
CONV003765,CUST007031,CAMP0107,2023-12-11,Lead
CONV003766,CUST009819,CAMP0210,2023-11-27,Lead
CONV003767,CUST001602,CAMP0214,16-08-2024,Lead
CONV003768,CUST004085,CAMP0043,2024-03-05,Customer
CONV003769,CUST004753,CAMP0057,2023-01-26,MQL
CONV003770,CUST006147,CAMP0004,2025-05-08,Lead
CONV003771,CUST009643,CAMP0042,2023-05-07,Customer
CONV003772,CUST007949,CAMP0100,11-03-2023,SQL
CONV003773,CUST007945,CAMP0170,2026-07-17,
CONV003774,CUST009194,CAMP0162,2024-07-28,SQL
CONV003775,CUST003202,CAMP0080,2023-06-14,Opportunity
CONV003776,CUST006164,CAMP0129,06-03-2026,Opportunity
CONV003777,CUST001116,CAMP0173,11/30/2024,MQL
CONV003778,CUST000102,CAMP0070,02/19/2025,SQL
CONV003779,CUST005654,CAMP0189,25-06-2024,MQL
CONV003780,CUST003528,CAMP0071,02/07/2023,Customer
CONV003781,CUST007566,CAMP0161,06/24/2023,SQL
CONV003782,CUST001436,CAMP0148,2024-07-15,MQL
CONV003783,CUST000236,CAMP0144,2024-09-18,SQL
CONV003784,CUST008139,CAMP0020,14-10-2023,Lead
CONV003785,CUST002912,CAMP0080,2026-04-18,Customer
CONV003786,CUST007378,CAMP0104,2023-08-14,MQL
CONV003787,CUST005992,CAMP0178,2024-03-21,MQL
CONV003788,CUST009972,CAMP0067,2025-12-07,Lead
CONV003789,CUST004854,CAMP0211,2025-06-29,SQL
CONV003790,CUST001644,CAMP0154,2024-07-11,Opportunity
CONV003791,CUST001292,CAMP0060,06-02-2023,MQL
CONV003792,CUST008267,CAMP0156,2024-08-14,Opportunity
CONV003793,CUST009142,CAMP0054,04/27/2026,Lead
CONV003794,CUST006192,CAMP0052,2025-12-28,Lead
CONV003795,CUST002562,CAMP0020,2023-12-10,Lead
CONV003796,CUST006362,CAMP0016,2024-03-11,Lead
CONV003797,CUST004374,CAMP0019,2025-12-08,SQL
CONV003798,CUST007389,CAMP0138,2025-09-08,MQL
CONV003799,CUST004011,CAMP0120,2026-02-02,MQL
CONV003800,CUST007843,CAMP0151,2024-04-19,Customer
CONV003801,CUST008282,CAMP0087,27 Jun 2024,Lead
CONV003802,CUST006323,CAMP0005,12-10-2024,SQL
CONV003803,CUST005074,CAMP0129,10/23/2023,Lead
CONV003804,CUST002988,CAMP0096,2024-07-10,Customer
CONV003805,CUST006109,CAMP0083,15-01-2023,SQL
CONV003806,CUST009515,CAMP0218,2024-08-05,MQL
CONV003807,CUST008103,CAMP0144,,Lead
CONV003808,CUST003266,CAMP0020,2025-10-03,SQL
CONV003809,CUST007507,CAMP0178,2026-03-28,MQL
CONV003810,CUST900021,CAMP0046,2024-02-22,Customer
CONV003811,CUST006376,CAMP0191,2023-06-18,SQL
CONV003812,CUST007966,CAMP0100,2023-09-01,Lead
CONV003813,CUST008437,CAMP0122,2025-11-29,
CONV003814,CUST000037,CAMP0042,04/22/2025,Opportunity
CONV003815,CUST006177,CAMP0033,2025-04-07,Customer
CONV003816,CUST007816,CAMP0155,2023-05-13,Lead
CONV003817,CUST004024,CAMP0067,2023-06-29,Customer
CONV003818,CUST002244,CAMP0047,06-06-2024,Customer
CONV003819,CUST002116,CAMP0049,2023-03-26,SQL
CONV003820,CUST006576,CAMP0105,03/03/2023,MQL
CONV003821,CUST006012,CAMP0123,2025-10-23,Customer
CONV003822,CUST004405,CAMP0126,2025-10-31,MQL
CONV003823,CUST004120,CAMP0155,2026-02-16,MQL
CONV003824,CUST002445,CAMP0012,01/02/2026,Opportunity
CONV003825,CUST007897,CAMP0042,2025-09-05,Customer
CONV003826,CUST001809,CAMP0053,28-03-2023,SQL
CONV003827,CUST000708,CAMP0108,2025-06-18,SQL
CONV003828,CUST009628,CAMP0064,2025-02-04,MQL
CONV003829,CUST007227,CAMP0022,2024-12-21,Customer
CONV003830,CUST008072,CAMP0103,2025-11-06,Opportunity
CONV003831,CUST005801,CAMP0107,17-01-2025,MQL
CONV003832,CUST006698,CAMP0018,23-07-2026,Lead
CONV003833,CUST004695,CAMP0018,25 Sep 2024,Lead
CONV003834,CUST007874,CAMP0030,21-04-2024,SQL
CONV003835,CUST003274,CAMP0164,2024-11-20,Opportunity
CONV003836,CUST004938,CAMP0059,07-04-2025,SQL
CONV003837,CUST008750,CAMP0026,09/11/2025,Opportunity
CONV003838,CUST003865,CAMP0089,2025-12-18,SQL
CONV003839,CUST004543,CAMP0039,,Lead
CONV003840,CUST003572,CAMP0181,2026-02-22,Customer
CONV003841,CUST004108,CAMP0046,,Customer
CONV003842,CUST002080,CAMP0002,2026-07-21,Lead
CONV003843,CUST005010,CAMP0210,2023-01-26,Lead
CONV003844,CUST004404,CAMP0044,10-02-2024,Customer
CONV003845,CUST004202,CAMP0145,02/07/2024,Customer
CONV003846,CUST009613,CAMP0107,,MQL
CONV003847,CUST008588,CAMP0162,2026-07-30,MQL
CONV003848,CUST002558,CAMP0070,,Opportunity
CONV003849,CUST003220,CAMP0181,09/06/2024,Customer
CONV003850,CUST009758,CAMP0070,,SQL
CONV003851,CUST001303,CAMP0144,19-03-2025,Customer
CONV003852,CUST009240,CAMP0018,25 May 2025,Lead
CONV003853,CUST008853,CAMP0104,16-09-2025,Customer
CONV003854,CUST008514,CAMP0053,2023-03-24,SQL
CONV003855,CUST002386,CAMP0189,06 Aug 2025,MQL
CONV003856,CUST006039,CAMP0168,2023-12-01,Opportunity
CONV003857,CUST008766,CAMP0001,2023-11-16,SQL
CONV003858,CUST007653,CAMP0010,09/26/2023,SQL
CONV003859,CUST002357,CAMP0017,2025-06-29,Opportunity
CONV003860,CUST004453,CAMP0131,08/08/2024,Opportunity
CONV003861,CUST005370,CAMP0134,2023-10-21,Customer
CONV003862,CUST005357,CAMP0163,2023-06-13,SQL
CONV003863,CUST007461,CAMP0026,2025-04-25,Customer
CONV003864,CUST002421,CAMP0078,07/03/2025,Customer
CONV003865,CUST009702,CAMP0153,17 May 2025,Lead
CONV003866,CUST008688,CAMP0079,2025-11-20,Opportunity
CONV003867,CUST004661,CAMP0007,2023-09-15,SQL
CONV003868,CUST005406,CAMP0159,2023-07-10,Customer
CONV003869,CUST000737,CAMP0132,21 Feb 2025,MQL
CONV003870,CUST009588,CAMP0161,2023-11-24,Customer
CONV003871,CUST007597,CAMP0133,06-01-2025,SQL
CONV003872,CUST006497,CAMP0152,17-03-2026,Customer
CONV003873,CUST004565,CAMP0043,08/26/2023,Customer
CONV003874,CUST007610,CAMP0149,21-10-2024,Opportunity
CONV003875,CUST000178,CAMP0202,26-07-2026,Lead
CONV003876,CUST007237,CAMP0078,2023-06-07,Customer
CONV003877,CUST007593,CAMP0048,23 Mar 2025,Opportunity
CONV003878,CUST000222,CAMP0045,,
CONV003879,CUST001640,CAMP0144,22 Feb 2023,SQL
CONV003880,CUST002021,CAMP0097,2023-02-07,MQL
CONV003881,CUST006650,CAMP0199,2025-09-15,Customer
CONV003882,CUST005888,CAMP0142,04 Jan 2024,Lead
CONV003883,CUST000081,CAMP0202,2024-06-13,MQL
CONV003884,CUST003892,CAMP0053,22-02-2025,Lead
CONV003885,CUST001649,CAMP0042,06/20/2023,Customer
CONV003886,CUST004687,CAMP0212,07/23/2024,Lead
CONV003887,CUST009049,CAMP0135,2025-12-02,MQL
CONV003888,CUST005257,CAMP0157,2024-06-13,MQL
CONV003889,CUST004309,CAMP0163,2025-05-22,Lead
CONV003890,CUST005914,CAMP0209,2023-09-14,SQL
CONV003891,CUST003005,CAMP0089,2026-06-30,SQL
CONV003892,CUST008123,CAMP0077,04-07-2024,MQL
CONV003893,CUST009326,CAMP0068,2023-02-02,Lead
CONV003894,CUST900006,CAMP0116,05-02-2024,Opportunity
CONV003895,CUST001533,CAMP0210,14 Sep 2024,SQL
CONV003896,CUST004471,CAMP0053,2025-07-06,Opportunity
CONV003897,CUST004375,CAMP0118,01/11/2026,Customer
CONV003898,CUST000757,CAMP0187,12-10-2023,MQL
CONV003899,CUST003194,CAMP0161,02 Nov 2025,Customer
CONV003900,CUST004592,CAMP0147,2023-07-01,SQL
CONV003901,CUST000658,CAMP0138,03/10/2026,Lead
CONV003902,CUST000380,CAMP0182,2025-07-13,SQL
CONV003903,CUST007969,CAMP0130,25-02-2024,MQL
CONV003904,CUST002608,CAMP0126,2024-04-15,Lead
CONV003905,CUST004328,CAMP0055,2026-04-18,Lead
CONV003906,CUST003590,CAMP0184,2025-12-17,MQL
CONV003907,CUST000041,CAMP0052,2026-08-01,
CONV003908,CUST003590,CAMP0030,14-07-2024,Lead
CONV003909,CUST008347,CAMP0159,04/18/2024,Customer
CONV003910,CUST002541,CAMP0086,2023-11-14,Lead
CONV003911,CUST001039,CAMP0045,2023-05-23,Customer
CONV003912,CUST009966,CAMP0024,2023-07-28,Opportunity
CONV003913,CUST009927,CAMP0076,2024-08-12,SQL
CONV003914,CUST002730,CAMP0099,2025-10-27,Customer
CONV003915,CUST005386,CAMP0109,24-01-2026,Customer
CONV003916,CUST003525,CAMP0147,2023-11-12,Opportunity
CONV003917,CUST004402,CAMP0080,2023-10-01,MQL
CONV003918,CUST001863,CAMP0143,2025-01-05,Lead
CONV003919,CUST006320,CAMP0217,2026-06-05,SQL
CONV003920,CUST005250,CAMP0082,2026-04-24,MQL
CONV003921,CUST009623,CAMP0189,10/10/2024,Opportunity
CONV003922,CUST009444,CAMP0062,,Lead
CONV003923,CUST009935,CAMP0077,01/31/2025,MQL
CONV003924,CUST005477,CAMP0179,2023-03-24,MQL
CONV003925,CUST001855,CAMP0030,2023-11-03,SQL
CONV003926,CUST008978,CAMP0153,06/26/2024,Opportunity
CONV003927,CUST008011,CAMP0090,2025-08-28,Opportunity
CONV003928,CUST003676,CAMP0182,29-09-2024,MQL
CONV003929,CUST009148,CAMP0145,17-08-2025,MQL
CONV003930,CUST006027,CAMP0218,2025-12-04,SQL
CONV003931,CUST000182,CAMP0148,09-01-2024,Customer
CONV003932,CUST003512,CAMP0085,,SQL
CONV003933,CUST002097,CAMP0073,04-05-2025,SQL
CONV003934,CUST000678,CAMP0091,2023-04-23,MQL
CONV003935,CUST004058,CAMP0099,08 Jul 2024,Customer
CONV003936,CUST000868,CAMP0011,30-12-2025,MQL
CONV003937,CUST006478,CAMP0212,2025-07-17,Opportunity
CONV003938,CUST006361,CAMP0116,2024-04-15,Lead
CONV003939,CUST002677,CAMP0091,2025-07-18,Lead
CONV003940,CUST004915,CAMP0081,2025-10-31,Lead
CONV003941,CUST005048,CAMP0174,,MQL
CONV003942,CUST002751,CAMP0210,25 Jan 2023,SQL
CONV003943,CUST006033,CAMP0022,07/02/2025,Lead
CONV003944,CUST000233,CAMP0064,2025-03-29,Lead
CONV003945,CUST005286,CAMP0075,08/19/2023,Customer
CONV003946,CUST007125,CAMP0150,29-02-2024,Lead
CONV003947,CUST007225,CAMP0115,2023-07-12,Opportunity
CONV003948,CUST004126,CAMP0008,01/27/2026,Lead
CONV003949,CUST000663,CAMP0099,2023-02-09,SQL
CONV003950,CUST008366,CAMP0070,24 Oct 2023,MQL
CONV003951,CUST001437,CAMP0069,06/16/2026,Opportunity
CONV003952,CUST003676,CAMP0043,2023-05-06,Lead
CONV003953,CUST005532,CAMP0122,2025-12-28,SQL
CONV003954,CUST004965,CAMP0116,2023-05-30,Lead
CONV003955,CUST001842,CAMP0073,01 May 2026,Customer
CONV003956,CUST004777,CAMP0048,,SQL
CONV003957,CUST005770,CAMP0189,10/29/2024,Opportunity
CONV003958,CUST004162,CAMP0212,09-01-2026,Customer
CONV003959,CUST004036,CAMP0141,12/30/2025,Opportunity
CONV003960,CUST007824,CAMP0060,2023-05-15,Opportunity
CONV003961,CUST009352,CAMP0202,2025-09-21,MQL
CONV003962,CUST006008,CAMP0203,12-12-2023,Lead
CONV003963,CUST003979,CAMP0034,2025-10-08,MQL
CONV003964,CUST006610,CAMP0198,2026-05-18,SQL
CONV003965,CUST008426,CAMP0128,2024-10-16,MQL
CONV003966,CUST005235,CAMP0120,03-10-2023,Customer
CONV003967,CUST008533,CAMP0212,2024-02-27,Opportunity
CONV003968,CUST003404,CAMP0071,2026-07-16,Customer
CONV003969,CUST001925,CAMP0061,06/24/2023,Lead
CONV003970,CUST009554,CAMP0216,12-06-2026,Opportunity
CONV003971,CUST004639,CAMP0136,12/04/2024,MQL
CONV003972,CUST009974,CAMP0179,2024-03-21,Lead
CONV003973,CUST001763,CAMP0174,12/03/2023,SQL
CONV003974,CUST006521,CAMP0158,2024-12-26,Customer
CONV003975,CUST002232,CAMP0169,2025-11-02,SQL
CONV003976,CUST002577,CAMP0131,2026-01-19,MQL
CONV003977,CUST009676,CAMP0027,2023-08-19,SQL
CONV003978,CUST004516,CAMP0074,05/01/2023,Customer
CONV003979,CUST007921,CAMP0021,05/11/2025,MQL
CONV003980,CUST004761,CAMP0190,2025-08-26,SQL
CONV003981,CUST008804,CAMP0162,2023-04-04,SQL
CONV003982,CUST000739,CAMP0091,2025-11-13,Lead
CONV003983,CUST001375,CAMP0012,2023-02-18,MQL
CONV003984,CUST009306,CAMP0104,2023-01-31,Customer
CONV003985,CUST008835,CAMP0069,2024-11-17,Customer
CONV003986,CUST000860,CAMP0092,2023-07-21,MQL
CONV003987,CUST009167,CAMP0084,12/25/2024,Customer
CONV003988,CUST006095,CAMP0105,2023-12-12,Customer
CONV003989,CUST003494,CAMP0069,2023-07-01,Lead
CONV003990,CUST001920,CAMP0205,2023-07-26,Customer
CONV003991,CUST008500,CAMP0176,22 Nov 2024,Customer
CONV003992,CUST004967,CAMP0016,2026-07-10,MQL
CONV003993,CUST003244,CAMP0042,2025-02-20,Opportunity
CONV003994,CUST002572,CAMP0192,2024-08-02,Opportunity
CONV003995,CUST005882,CAMP0027,03-02-2023,Opportunity
CONV003996,CUST005041,CAMP0139,2026-01-09,Opportunity
CONV003997,CUST007589,CAMP0094,2026-01-28,SQL
CONV003998,CUST006326,CAMP0147,,Opportunity
CONV003999,CUST009994,CAMP0148,,Lead
CONV004000,CUST003792,CAMP0084,2025-06-16,Customer
CONV004001,CUST900023,CAMP0168,30 Mar 2024,Customer
CONV004002,CUST007224,CAMP0189,2023-03-03,Opportunity
CONV004003,CUST900024,CAMP0045,25-09-2024,SQL
CONV004004,CUST008690,CAMP0035,2026-02-05,MQL
CONV004005,CUST009385,CAMP0149,27 Dec 2023,SQL
CONV004006,CUST004877,CAMP0213,20-04-2024,Lead
CONV004007,CUST008045,CAMP0057,2023-03-01,MQL
CONV004008,CUST005335,CAMP0070,2023-11-27,Customer
CONV004009,CUST000949,CAMP0138,25-06-2023,MQL
CONV004010,CUST006559,CAMP0207,11/10/2023,MQL
CONV004011,CUST007693,CAMP0159,2026-07-10,SQL
CONV004012,CUST007888,CAMP0002,08/28/2024,MQL
CONV004013,CUST009189,CAMP0071,2026-02-12,Lead
CONV004014,CUST008835,CAMP0016,2025-06-20,MQL
CONV004015,CUST004537,CAMP0020,04/09/2025,Opportunity
CONV004016,CUST900008,CAMP0126,2025-07-25,SQL
CONV004017,CUST006198,CAMP0145,2026-06-15,MQL
CONV004018,CUST005161,CAMP0019,,Lead
CONV004019,CUST007452,CAMP0033,2025-01-05,SQL
CONV004020,CUST006096,CAMP0036,2024-11-25,MQL
CONV004021,CUST008893,CAMP0076,02/09/2025,MQL
CONV004022,CUST008615,CAMP0143,27-07-2025,MQL
CONV004023,CUST001330,CAMP0018,2025-06-18,SQL
CONV004024,CUST009937,CAMP0101,25 Sep 2024,MQL
CONV004025,CUST009082,CAMP0068,2024-03-28,Opportunity
CONV004026,CUST003404,CAMP0174,2024-08-16,SQL
CONV004027,CUST006921,CAMP0042,07/08/2026,SQL
CONV004028,CUST003855,CAMP0181,2024-02-19,Customer
CONV004029,CUST004445,CAMP0133,08/11/2023,Customer
CONV004030,CUST002248,CAMP0188,2023-10-03,Opportunity
CONV004031,CUST003247,CAMP0113,2025-08-01,Customer
CONV004032,CUST006827,CAMP0113,26-03-2023,Opportunity
CONV004033,CUST000795,CAMP0051,06/03/2024,SQL
CONV004034,CUST002777,CAMP0011,01/29/2024,Customer
CONV004035,CUST007407,CAMP0214,10/30/2023,Customer
CONV004036,CUST008847,CAMP0113,09/27/2025,SQL
CONV004037,CUST005070,CAMP0153,2023-03-03,Customer
CONV004038,CUST008285,CAMP0192,06 May 2024,MQL
CONV004039,CUST000994,CAMP0194,2026-02-05,Opportunity
CONV004040,CUST005858,CAMP0184,2024-02-04,Customer
CONV004041,CUST009433,CAMP0217,01-12-2024,Opportunity
CONV004042,CUST007276,CAMP0004,2023-01-30,Opportunity
CONV004043,CUST004384,CAMP0185,02-01-2026,Lead
CONV004044,CUST007072,CAMP0074,2025-05-25,SQL
CONV004045,CUST000385,CAMP0027,2025-06-09,Customer
CONV004046,CUST008920,CAMP0219,2025-07-16,MQL
CONV004047,CUST001862,CAMP0024,2025-07-02,Opportunity
CONV004048,CUST007983,CAMP0037,2025-03-31,Opportunity
CONV004049,CUST005699,CAMP0014,2023-08-26,Customer
CONV004050,CUST000744,CAMP0131,2023-04-25,Lead
CONV004051,CUST009591,CAMP0099,12-08-2024,Opportunity
CONV004052,CUST008882,CAMP0102,,SQL
CONV004053,CUST008510,CAMP0027,2025-04-21,MQL
CONV004054,CUST001186,CAMP0151,2024-10-31,Lead
CONV004055,CUST004556,CAMP0009,2023-06-19,Lead
CONV004056,CUST000522,CAMP0220,2023-08-28,SQL
CONV004057,CUST003613,CAMP0121,2025-08-24,SQL
CONV004058,CUST008938,CAMP0039,31 Jan 2023,SQL
CONV004059,CUST007226,CAMP0061,2024-10-30,SQL
CONV004060,CUST003076,CAMP0212,2025-03-11,Customer
CONV004061,CUST000673,CAMP0150,01-04-2024,MQL
CONV004062,CUST008879,CAMP0111,2025-04-14,Lead
CONV004063,CUST000416,CAMP0216,2025-04-26,Lead
CONV004064,CUST007871,CAMP0211,2023-03-17,Customer
CONV004065,CUST008645,CAMP0220,27-02-2025,MQL
CONV004066,CUST003026,CAMP0155,2025-07-05,MQL
CONV004067,CUST004723,CAMP0089,12/19/2023,MQL
CONV004068,CUST002231,CAMP0093,14-07-2025,SQL
CONV004069,CUST000800,CAMP0085,24-03-2025,SQL
CONV004070,CUST007837,CAMP0175,2024-07-08,MQL
CONV004071,CUST006307,CAMP0124,11/16/2025,SQL
CONV004072,CUST005585,CAMP0162,15 Jul 2026,Opportunity
CONV004073,CUST008062,CAMP0071,2023-10-15,Lead
CONV004074,CUST000726,CAMP0219,2026-01-17,Customer
CONV004075,CUST004267,CAMP0160,2025-01-16,Opportunity
CONV004076,CUST003867,CAMP0130,2025-09-02,Lead
CONV004077,CUST005542,CAMP0081,2025-01-14,Lead
CONV004078,CUST006958,CAMP0216,28-10-2024,Lead
CONV004079,CUST008740,CAMP0053,2026-05-06,SQL
CONV004080,CUST008743,CAMP0152,2023-10-29,MQL
CONV004081,CUST000224,CAMP0181,25-10-2024,Customer
CONV004082,CUST009821,CAMP0200,23-12-2024,Customer
CONV004083,CUST001323,CAMP0005,,MQL
CONV004084,CUST001326,CAMP0194,12-01-2026,Lead
CONV004085,CUST007177,CAMP0120,2025-01-27,SQL
CONV004086,CUST009772,CAMP0183,05/07/2025,Customer
CONV004087,CUST000865,CAMP0122,2023-08-20,Customer
CONV004088,CUST001110,CAMP0139,05-05-2024,Opportunity
CONV004089,CUST009648,CAMP0118,17-09-2023,Customer
CONV004090,CUST005958,CAMP0136,2023-12-29,MQL
CONV004091,CUST000117,CAMP0020,2023-12-27,Customer
CONV004092,CUST005317,CAMP0206,2023-11-06,SQL
CONV004093,CUST009137,CAMP0076,01/29/2025,Opportunity
CONV004094,CUST000492,CAMP0205,03/31/2025,MQL
CONV004095,CUST002315,CAMP0100,10/10/2025,SQL
CONV004096,CUST009169,CAMP0074,08/31/2023,SQL
CONV004097,CUST006838,CAMP0159,2026-05-03,SQL
CONV004098,CUST001131,CAMP0171,05/05/2025,Customer
CONV004099,CUST001500,CAMP0048,,MQL
CONV004100,CUST006710,CAMP0054,08-09-2025,Lead
CONV004101,CUST002741,CAMP0184,2025-03-28,MQL
CONV004102,CUST003631,CAMP0140,2023-05-07,SQL
CONV004103,CUST004252,CAMP0168,11/10/2023,Customer
CONV004104,CUST004597,CAMP0163,2024-05-16,MQL
CONV004105,CUST006959,CAMP0053,10/11/2025,MQL
CONV004106,CUST002165,CAMP0064,04/10/2025,Customer
CONV004107,CUST001670,CAMP0190,2024-12-04,Opportunity
CONV004108,CUST000755,CAMP0104,2025-11-07,SQL
CONV004109,CUST003536,CAMP0086,2026-01-22,Lead
CONV004110,CUST004638,CAMP0188,2026-01-23,MQL
CONV004111,CUST001712,CAMP0136,16-05-2025,Opportunity
CONV004112,CUST002648,CAMP0034,2023-10-03,Lead
CONV004113,CUST007396,CAMP0046,2025-10-11,MQL
CONV004114,CUST008628,CAMP0103,2024-03-27,MQL
CONV004115,CUST001043,CAMP0142,2024-05-14,Customer
CONV004116,CUST008122,CAMP0113,01-03-2023,Lead
CONV004117,CUST002293,CAMP0021,10/10/2024,Customer
CONV004118,CUST002529,CAMP0050,2024-04-16,Customer
CONV004119,CUST000796,CAMP0094,2023-08-14,MQL
CONV004120,CUST002677,CAMP0130,02/10/2026,Customer
CONV004121,CUST006273,CAMP0081,2024-02-09,Opportunity
CONV004122,CUST002569,CAMP0150,27-02-2024,MQL
CONV004123,CUST006203,CAMP0101,2024-08-25,Lead
CONV004124,CUST005110,CAMP0152,05-10-2024,
CONV004125,CUST007324,CAMP0219,2026-05-23,Customer
CONV004126,CUST008138,CAMP0123,2023-02-28,SQL
CONV004127,CUST005554,CAMP0170,05/24/2025,
CONV004128,CUST005547,CAMP0059,03/26/2023,Lead
CONV004129,CUST003083,CAMP0080,23-09-2023,Customer
CONV004130,CUST005783,CAMP0011,2024-06-28,MQL
CONV004131,CUST009401,CAMP0169,2025-05-10,Customer
CONV004132,CUST004078,CAMP0202,2025-08-09,Customer
CONV004133,CUST008815,CAMP0022,07-11-2023,Lead
CONV004134,CUST005252,CAMP0056,2025-09-27,MQL
CONV004135,CUST001373,CAMP0220,07/31/2026,MQL
CONV004136,CUST008701,CAMP0049,2026-03-20,Customer
CONV004137,CUST009274,CAMP0118,2024-10-04,Opportunity
CONV004138,CUST006376,CAMP0177,2024-08-17,Customer
CONV004139,CUST004570,CAMP0159,2025-04-09,Lead
CONV004140,CUST000902,CAMP0007,2026-06-19,Customer
CONV004141,CUST000476,CAMP0139,,Customer
CONV004142,CUST009540,CAMP0023,2025-01-10,Customer
CONV004143,CUST004362,CAMP0064,2023-09-28,Lead
CONV004144,CUST002148,CAMP0142,15-10-2024,Customer
CONV004145,CUST003118,CAMP0084,2025-10-16,SQL
CONV004146,CUST003849,CAMP0078,2023-07-17,MQL
CONV004147,CUST000355,CAMP0115,2025-05-16,Opportunity
CONV004148,CUST001671,CAMP0194,23-07-2023,Opportunity
CONV004149,CUST007551,CAMP0113,01/30/2024,Customer
CONV004150,CUST003576,CAMP0074,21-06-2025,Customer
CONV004151,CUST007759,CAMP0025,2023-02-02,MQL
CONV004152,CUST005083,CAMP0098,2024-02-04,MQL
CONV004153,CUST006620,CAMP0211,2025-07-10,Customer
CONV004154,CUST005737,CAMP0210,2023-08-25,Customer
CONV004155,CUST007138,CAMP0036,11/21/2025,Opportunity
CONV004156,CUST004758,CAMP0019,2026-04-19,Lead
CONV004157,CUST003735,CAMP0127,02 Apr 2025,Lead
CONV004158,CUST002217,CAMP0070,2024-10-06,Lead
CONV004159,CUST005916,CAMP0180,06/09/2024,Customer
CONV004160,CUST000776,CAMP0171,2023-09-23,Customer
CONV004161,CUST002000,CAMP0051,2024-12-10,Lead
CONV004162,CUST007354,CAMP0128,2023-01-21,MQL
CONV004163,CUST009851,CAMP0074,07-05-2024,SQL
CONV004164,CUST005227,CAMP0054,01 Jul 2023,MQL
CONV004165,CUST007215,CAMP0065,2023-05-29,MQL
CONV004166,CUST003658,CAMP0023,06/21/2024,Lead
CONV004167,CUST004659,CAMP0071,04/03/2024,Opportunity
CONV004168,CUST004168,CAMP0049,2023-02-15,Customer
CONV004169,CUST008935,CAMP0084,2025-10-15,SQL
CONV004170,CUST005826,CAMP0133,2026-03-01,MQL
CONV004171,CUST007371,CAMP0185,06/18/2025,Customer
CONV004172,CUST002929,CAMP0035,25-01-2023,SQL
CONV004173,CUST006121,CAMP0156,2024-10-28,MQL
CONV004174,CUST004967,CAMP0191,2025-11-13,Lead
CONV004175,CUST003278,CAMP0195,11/10/2024,Opportunity
CONV004176,CUST004290,CAMP0036,12/13/2024,SQL
CONV004177,CUST007533,CAMP0087,2023-01-07,Opportunity
CONV004178,CUST002321,CAMP0158,,Lead
CONV004179,CUST002461,CAMP0057,2026-04-01,Opportunity
CONV004180,CUST900042,CAMP0072,2023-11-23,MQL
CONV004181,CUST000562,CAMP0013,2026-05-18,Lead
CONV004182,CUST006000,CAMP0098,2024-12-14,Lead
CONV004183,CUST005567,CAMP0021,2025-03-05,SQL
CONV004184,CUST007964,CAMP0013,2023-03-02,MQL
CONV004185,CUST001572,CAMP0185,2023-01-05,Customer
CONV004186,CUST005763,CAMP0215,2024-03-03,Lead
CONV004187,CUST000648,CAMP0038,04/15/2026,SQL
CONV004188,CUST000652,CAMP0074,07/16/2024,SQL
CONV004189,CUST006143,CAMP0028,14-02-2024,MQL
CONV004190,CUST005982,CAMP0218,2024-06-14,Lead
CONV004191,CUST006822,CAMP0169,2026-02-02,Lead
CONV004192,CUST003468,CAMP0192,2024-03-18,Lead
CONV004193,CUST000834,CAMP0026,05-05-2024,MQL
CONV004194,CUST004707,CAMP0216,02/08/2024,SQL
CONV004195,CUST000259,CAMP0123,2023-07-17,Customer
CONV004196,CUST000297,CAMP0172,2023-05-31,Customer
CONV004197,CUST003722,CAMP0156,2026-05-31,MQL
CONV004198,CUST001248,CAMP0040,2024-10-05,Lead
CONV004199,CUST002864,CAMP0062,14-06-2023,SQL
CONV004200,CUST007511,CAMP0176,2025-08-02,Customer
CONV004201,CUST003775,CAMP0138,02/11/2026,SQL
CONV004202,CUST000413,CAMP0194,2024-07-19,Lead
CONV004203,CUST000925,CAMP0101,06-09-2024,Opportunity
CONV004204,CUST008326,CAMP0044,07/25/2025,Opportunity
CONV004205,CUST007017,CAMP0207,2023-04-22,MQL
CONV004206,CUST006384,CAMP0045,2026-02-05,Customer
CONV004207,CUST008737,CAMP0093,2025-04-28,Lead
CONV004208,CUST007747,CAMP0210,2024-09-01,MQL
CONV004209,CUST001033,CAMP0117,2025-12-07,Lead
CONV004210,CUST008055,CAMP0019,2023-07-07,MQL
CONV004211,CUST002974,CAMP0185,,MQL
CONV004212,CUST007323,CAMP0034,2023-05-15,Opportunity
CONV004213,CUST007167,CAMP0208,07/15/2025,Customer
CONV004214,CUST007096,CAMP0010,2023-12-22,Opportunity
CONV004215,CUST003867,CAMP0206,2025-10-20,Opportunity
CONV004216,CUST001066,CAMP0144,2023-01-01,Lead
CONV004217,CUST003756,CAMP0080,22-01-2026,Lead
CONV004218,CUST002689,CAMP0009,2025-07-07,SQL
CONV004219,CUST004753,CAMP0082,2026-05-30,Opportunity
CONV004220,CUST006870,CAMP0202,2024-12-10,SQL
CONV004221,CUST008557,CAMP0125,2026-01-18,Customer
CONV004222,CUST005955,CAMP0079,03 Jul 2025,Lead
CONV004223,CUST000011,CAMP0041,2024-04-18,Lead
CONV004224,CUST007708,CAMP0133,2025-11-27,SQL
CONV004225,CUST009396,CAMP0189,2023-09-02,SQL
CONV004226,CUST001850,CAMP0005,2024-09-15,Opportunity
CONV004227,CUST003614,CAMP0075,02-12-2024,MQL
CONV004228,CUST003820,CAMP0012,2025-04-04,Opportunity
CONV004229,CUST009922,CAMP0014,2023-12-23,Opportunity
CONV004230,CUST000811,CAMP0088,2024-06-10,SQL
CONV004231,CUST005110,CAMP0004,2026-06-12,MQL
CONV004232,CUST002678,CAMP0104,2024-11-27,Customer
CONV004233,CUST001405,CAMP0176,2024-04-05,Lead
CONV004234,CUST003229,CAMP0175,2026-06-29,Customer
CONV004235,CUST008798,CAMP0077,,Opportunity
CONV004236,CUST008328,CAMP0095,02/01/2026,Opportunity
CONV004237,CUST009197,CAMP0181,2025-06-19,SQL
CONV004238,CUST006463,CAMP0164,21 Jan 2025,Opportunity
CONV004239,CUST003445,CAMP0055,2024-08-02,Opportunity
CONV004240,CUST007225,CAMP0051,2026-05-04,MQL
CONV004241,CUST000406,CAMP0119,10-02-2025,SQL
CONV004242,CUST005677,CAMP0154,10 Dec 2025,SQL
CONV004243,CUST003843,CAMP0111,26-02-2024,Customer
CONV004244,CUST002507,CAMP0016,2026-07-17,Lead
CONV004245,CUST003035,CAMP0023,,MQL
CONV004246,CUST002289,CAMP0108,19-10-2023,SQL
CONV004247,CUST004044,CAMP0029,,MQL
CONV004248,CUST009431,CAMP0078,27 Nov 2023,MQL
CONV004249,CUST002376,CAMP0001,,SQL
CONV004250,CUST007726,CAMP0167,2026-06-15,Lead
CONV004251,CUST008724,CAMP0118,2023-11-03,SQL
CONV004252,CUST008227,CAMP0147,02/25/2026,MQL
CONV004253,CUST001178,CAMP0207,02/05/2025,Customer
CONV004254,CUST007590,CAMP0180,2024-10-18,MQL
CONV004255,CUST009564,CAMP0078,2023-04-28,MQL
CONV004256,CUST009672,CAMP0121,2026-04-19,Lead
CONV004257,CUST003322,CAMP0210,23-01-2026,Customer
CONV004258,CUST001977,CAMP0132,2025-01-24,Customer
CONV004259,CUST005973,CAMP0194,16 Jan 2026,Lead
CONV004260,CUST004119,CAMP0130,2024-06-16,Customer
CONV004261,CUST000444,CAMP0113,,SQL
CONV004262,CUST005066,CAMP0219,2023-09-04,SQL
CONV004263,CUST008778,CAMP0175,2026-05-21,Customer
CONV004264,CUST003056,CAMP0133,11-08-2025,Customer
CONV004265,CUST006996,CAMP0217,2023-11-12,Customer
CONV004266,CUST000424,CAMP0098,04/25/2024,Opportunity
CONV004267,CUST003773,CAMP0094,11/11/2025,MQL
CONV004268,CUST002363,CAMP0146,10/07/2023,Customer
CONV004269,CUST000787,CAMP0211,2026-03-29,MQL
CONV004270,CUST003649,CAMP0004,2025-08-13,MQL
CONV004271,CUST007791,CAMP0111,2026-03-06,MQL
CONV004272,CUST001458,CAMP0056,11-07-2026,SQL
CONV004273,CUST008343,CAMP0117,2024-11-27,SQL
CONV004274,CUST005617,CAMP0147,2023-03-07,MQL
CONV004275,CUST007390,CAMP0058,07-04-2024,MQL
CONV004276,CUST000915,CAMP0121,30-04-2026,Opportunity
CONV004277,CUST007307,CAMP0007,07/01/2023,SQL
CONV004278,CUST000814,CAMP0047,29-03-2026,Opportunity
CONV004279,CUST006493,CAMP0053,2025-10-04,Opportunity
CONV004280,CUST004507,CAMP0158,2024-06-14,SQL
CONV004281,CUST002687,CAMP0086,06/24/2023,MQL
CONV004282,CUST000459,CAMP0214,09/27/2023,Opportunity
CONV004283,CUST007529,CAMP0124,2025-02-16,MQL
CONV004284,CUST000133,CAMP0038,28-12-2024,SQL
CONV004285,CUST003746,CAMP0014,08/03/2025,SQL
CONV004286,CUST001017,CAMP0077,2025-08-22,Lead
CONV004287,CUST009261,CAMP0014,03/09/2023,MQL
CONV004288,CUST004620,CAMP0096,11/15/2024,Customer
CONV004289,CUST006192,CAMP0144,28 Apr 2023,SQL
CONV004290,CUST009966,CAMP0122,08/13/2024,Lead
CONV004291,CUST005219,CAMP0092,28-07-2023,SQL
CONV004292,CUST000746,CAMP0167,24 Oct 2024,MQL
CONV004293,CUST004662,CAMP0147,18-04-2026,Opportunity
CONV004294,CUST009390,CAMP0072,05/03/2024,Customer
CONV004295,CUST006440,CAMP0199,2025-06-09,Opportunity
CONV004296,CUST004817,CAMP0088,11-11-2024,MQL
CONV004297,CUST004505,CAMP0086,2025-10-01,MQL
CONV004298,CUST002671,CAMP0151,20-02-2025,SQL
CONV004299,CUST007427,CAMP0002,08/03/2025,SQL
CONV004300,CUST002047,CAMP0088,2024-08-26,MQL
CONV004301,CUST009593,CAMP0071,2025-06-14,Opportunity
CONV004302,CUST006870,CAMP0080,16-05-2024,SQL
CONV004303,CUST003308,CAMP0180,05/12/2025,SQL
CONV004304,CUST005853,CAMP0146,05/09/2025,SQL
CONV004305,CUST008175,CAMP0088,2025-02-07,
CONV004306,CUST005927,CAMP0215,08-01-2026,Lead
CONV004307,CUST008291,CAMP0119,2025-04-20,Customer
CONV004308,CUST000101,CAMP0191,12-12-2024,MQL
CONV004309,CUST007354,CAMP0067,,MQL
CONV004310,CUST006083,CAMP0164,04/20/2023,Opportunity
CONV004311,CUST009383,CAMP0075,2025-08-22,SQL
CONV004312,CUST007741,CAMP0189,,Lead
CONV004313,CUST005654,CAMP0217,2023-01-26,Opportunity
CONV004314,CUST002658,CAMP0031,08/29/2023,SQL
CONV004315,CUST008511,CAMP0091,25 Jul 2023,Lead
CONV004316,CUST007647,CAMP0131,08/18/2024,Opportunity
CONV004317,CUST007585,CAMP0050,01-08-2026,Customer
CONV004318,CUST008217,CAMP0028,02/17/2023,SQL
CONV004319,CUST006730,CAMP0031,2026-03-29,MQL
CONV004320,CUST002352,CAMP0028,11-03-2024,MQL
CONV004321,CUST001959,CAMP0198,2023-06-18,MQL
CONV004322,CUST001830,CAMP0211,07 Apr 2024,MQL
CONV004323,CUST001992,CAMP0182,2024-03-15,SQL
CONV004324,CUST002980,CAMP0010,09-02-2023,Opportunity
CONV004325,CUST000544,CAMP0104,2023-01-04,Opportunity
CONV004326,CUST000086,CAMP0032,2025-07-29,Opportunity
CONV004327,CUST005013,CAMP0100,11 May 2025,MQL
CONV004328,CUST006339,CAMP0125,2024-06-09,Opportunity
CONV004329,CUST003397,CAMP0066,13-08-2023,Lead
CONV004330,CUST006419,CAMP0214,2023-12-03,Customer
CONV004331,CUST000582,CAMP0195,03-09-2023,SQL
CONV004332,CUST003445,CAMP0013,04/04/2023,SQL
CONV004333,CUST000544,CAMP0018,07/11/2026,SQL
CONV004334,CUST005305,CAMP0076,2025-03-10,Lead
CONV004335,CUST001864,CAMP0032,07/02/2024,MQL
CONV004336,CUST008207,CAMP0165,2025-05-18,MQL
CONV004337,CUST001358,CAMP0141,07/01/2024,Customer
CONV004338,CUST004082,CAMP0202,2023-11-02,Customer
CONV004339,CUST004025,CAMP0065,02-02-2026,Customer
CONV004340,CUST004899,CAMP0066,2025-04-13,Customer
CONV004341,CUST000485,CAMP0211,2025-01-25,SQL
CONV004342,CUST003880,CAMP0013,2023-02-22,Lead
CONV004343,CUST002909,CAMP0122,2023-05-21,
CONV004344,CUST000703,CAMP0150,2026-06-28,Customer
CONV004345,CUST005203,CAMP0079,2026-03-25,MQL
CONV004346,CUST007466,CAMP0077,09-03-2025,Lead
CONV004347,CUST008991,CAMP0026,,Lead
CONV004348,CUST006575,CAMP0025,2023-02-06,MQL
CONV004349,CUST006695,CAMP0001,2024-03-04,Lead
CONV004350,CUST006012,CAMP0144,2023-05-24,Customer
CONV004351,CUST001196,CAMP0095,08-08-2024,Customer
CONV004352,CUST009868,CAMP0150,29-06-2026,Lead
CONV004353,CUST009930,CAMP0164,2026-02-10,Customer
CONV004354,CUST002973,CAMP0061,09-12-2024,Opportunity
CONV004355,CUST006299,CAMP0135,05/11/2023,SQL
CONV004356,CUST006971,CAMP0102,28-03-2026,SQL
CONV004357,CUST001819,CAMP0037,2025-09-12,Opportunity
CONV004358,CUST002465,CAMP0129,2023-11-19,SQL
CONV004359,CUST009730,CAMP0094,12/08/2023,Lead
CONV004360,CUST001698,CAMP0181,2023-02-12,Customer
CONV004361,CUST002359,CAMP0091,28-06-2024,SQL
CONV004362,CUST009072,CAMP0146,2023-08-26,Lead
CONV004363,CUST007769,CAMP0155,01/28/2026,Opportunity
CONV004364,CUST008492,CAMP0062,2024-12-06,MQL
CONV004365,CUST005660,CAMP0079,2024-02-17,MQL
CONV004366,CUST007501,CAMP0144,17 Jan 2023,MQL
CONV004367,CUST004034,CAMP0197,08/16/2024,Opportunity
CONV004368,CUST002704,CAMP0096,2025-09-22,Customer
CONV004369,CUST003011,CAMP0051,12/23/2024,MQL
CONV004370,CUST004935,CAMP0095,,Opportunity
CONV004371,CUST002333,CAMP0191,18-05-2026,Customer
CONV004372,CUST005113,CAMP0145,2024-05-05,SQL
CONV004373,CUST005078,CAMP0073,10/23/2025,Opportunity
CONV004374,CUST006207,CAMP0101,2023-11-14,MQL
CONV004375,CUST006343,CAMP0084,2023-10-14,SQL
CONV004376,CUST007484,CAMP0046,03/31/2023,Customer
CONV004377,CUST003914,CAMP0216,2025-04-18,Lead
CONV004378,CUST007015,CAMP0080,02-07-2023,MQL
CONV004379,CUST006873,CAMP0005,2023-03-18,Lead
CONV004380,CUST000324,CAMP0060,2026-03-19,Customer
CONV004381,CUST002415,CAMP0179,12/26/2025,Opportunity
CONV004382,CUST009299,CAMP0205,03-12-2025,SQL
CONV004383,CUST005365,CAMP0134,2023-12-07,Customer
CONV004384,CUST003002,CAMP0175,2024-02-01,SQL
CONV004385,CUST001699,CAMP0042,,Lead
CONV004386,CUST001605,CAMP0002,2025-01-13,Customer
CONV004387,CUST006769,CAMP0036,2025-01-17,SQL
CONV004388,CUST003434,CAMP0032,07-10-2025,MQL
CONV004389,CUST001494,CAMP0179,2024-03-15,Customer
CONV004390,CUST002884,CAMP0186,2024-12-06,Opportunity
CONV004391,CUST002945,CAMP0065,2026-07-15,SQL
CONV004392,CUST002844,CAMP0191,2024-01-30,SQL
CONV004393,CUST004640,CAMP0106,18-12-2024,Lead
CONV004394,CUST008073,CAMP0085,,SQL
CONV004395,CUST007793,CAMP0016,04-11-2024,SQL
CONV004396,CUST006037,CAMP0086,01/25/2026,Customer
CONV004397,CUST005953,CAMP0146,2023-03-29,MQL
CONV004398,CUST001817,CAMP0133,2023-02-03,Lead
CONV004399,CUST002493,CAMP0072,2025-01-19,Lead
CONV004400,CUST000032,CAMP0157,2026-07-19,SQL
CONV004401,CUST004698,CAMP0215,02 Jul 2023,SQL
CONV004402,CUST001404,CAMP0073,2026-04-10,Opportunity
CONV004403,CUST009916,CAMP0037,09/04/2025,MQL
CONV004404,CUST003366,CAMP0115,2025-08-30,SQL
CONV004405,CUST007337,CAMP0130,29-08-2023,SQL
CONV004406,CUST007419,CAMP0040,2024-12-24,Lead
CONV004407,CUST005955,CAMP0063,2023-07-15,MQL
CONV004408,CUST003971,CAMP0114,01/27/2026,SQL
CONV004409,CUST003358,CAMP0093,2024-11-02,MQL
CONV004410,CUST008015,CAMP0219,2025-04-05,Lead
CONV004411,CUST001350,CAMP0030,11/15/2023,MQL
CONV004412,CUST004966,CAMP0171,18-04-2024,Opportunity
CONV004413,CUST009521,CAMP0149,2023-06-09,SQL
CONV004414,CUST006411,CAMP0093,02/18/2024,Customer
CONV004415,CUST009754,CAMP0097,2024-05-08,SQL
CONV004416,CUST003595,CAMP0158,06-10-2023,Opportunity
CONV004417,CUST006283,CAMP0168,2026-07-04,Lead
CONV004418,CUST009078,CAMP0104,2023-10-24,Opportunity
CONV004419,CUST009318,CAMP0058,2024-04-14,Lead
CONV004420,CUST000815,CAMP0193,23-07-2025,SQL
CONV004421,CUST002473,CAMP0046,2025-06-26,SQL
CONV004422,CUST004930,CAMP0052,12/20/2023,MQL
CONV004423,CUST004422,CAMP0127,06/11/2023,Opportunity
CONV004424,CUST005336,CAMP0132,,Customer
CONV004425,CUST003221,CAMP0133,2023-09-04,SQL
CONV004426,CUST002071,CAMP0022,14-03-2024,MQL
CONV004427,CUST008239,CAMP0028,11-06-2026,
CONV004428,CUST007249,CAMP0008,2024-05-08,Opportunity
CONV004429,CUST007168,CAMP0083,,Customer
CONV004430,CUST002199,CAMP0002,2025-06-20,MQL
CONV004431,CUST003812,CAMP0147,2024-01-01,Lead
CONV004432,CUST008050,CAMP0210,25-07-2025,MQL
CONV004433,CUST001482,CAMP0128,2023-07-08,Customer
CONV004434,CUST008817,CAMP0140,2024-10-22,Lead
CONV004435,CUST009497,CAMP0165,05-05-2025,MQL
CONV004436,CUST006736,CAMP0019,2024-06-28,Opportunity
CONV004437,CUST000782,CAMP0004,11/20/2023,Customer
CONV004438,CUST009058,CAMP0160,12 Jul 2025,Opportunity
CONV004439,CUST004055,CAMP0064,2025-08-24,MQL
CONV004440,CUST007471,CAMP0007,2026-07-20,SQL
CONV004441,CUST004521,CAMP0075,2023-06-17,
CONV004442,CUST009085,CAMP0042,2026-07-29,Customer
CONV004443,CUST000714,CAMP0066,2023-11-16,Customer
CONV004444,CUST001543,CAMP0003,2025-01-26,Opportunity
CONV004445,CUST008332,CAMP0005,10/30/2024,Lead
CONV004446,CUST003119,CAMP0163,01/02/2023,Customer
CONV004447,CUST000371,CAMP0101,,MQL
CONV004448,CUST002276,CAMP0158,11 Oct 2024,MQL
CONV004449,CUST008310,CAMP0171,10-10-2023,MQL
CONV004450,CUST001467,CAMP0117,02/13/2026,MQL
CONV004451,CUST005284,CAMP0115,2024-11-16,Opportunity
CONV004452,CUST003936,CAMP0097,08/02/2025,MQL
CONV004453,CUST001715,CAMP0079,2025-10-02,Lead
CONV004454,CUST008628,CAMP0032,2024-10-30,Customer
CONV004455,CUST005374,CAMP0202,2025-10-27,Lead
CONV004456,CUST009689,CAMP0172,2025-10-11,Opportunity
CONV004457,CUST007112,CAMP0070,2026-06-19,Customer
CONV004458,CUST007339,CAMP0118,2024-10-04,SQL
CONV004459,CUST009297,CAMP0190,2023-09-28,Customer
CONV004460,CUST005614,CAMP0034,17-10-2024,SQL
CONV004461,CUST001354,CAMP0032,19-04-2024,Lead
CONV004462,CUST004751,CAMP0085,2025-10-16,MQL
CONV004463,CUST006167,CAMP0155,2023-07-04,MQL
CONV004464,CUST008817,CAMP0196,2024-10-02,SQL
CONV004465,CUST004450,CAMP0164,2025-05-19,MQL
CONV004466,CUST001047,CAMP0043,06/08/2023,SQL
CONV004467,CUST005629,CAMP0202,2024-10-15,SQL
CONV004468,CUST007409,CAMP0120,31-08-2023,Customer
CONV004469,CUST006348,CAMP0018,19-03-2024,SQL
CONV004470,CUST009342,CAMP0032,2025-11-03,MQL
CONV004471,CUST005163,CAMP0049,03-06-2024,MQL
CONV004472,CUST001852,CAMP0078,2024-02-11,Opportunity
CONV004473,CUST007267,CAMP0054,2025-09-04,MQL
CONV004474,CUST005211,CAMP0185,2025-10-19,SQL
CONV004475,CUST004991,CAMP0009,2025-07-30,MQL
CONV004476,CUST005704,CAMP0195,17-03-2025,SQL
CONV004477,CUST003818,CAMP0049,2023-10-14,Lead
CONV004478,CUST009529,CAMP0120,28-05-2026,SQL
CONV004479,CUST008675,CAMP0116,2026-07-26,SQL
CONV004480,CUST009370,CAMP0108,17-02-2023,MQL
CONV004481,CUST001315,CAMP0094,,Customer
CONV004482,CUST001665,CAMP0080,2026-05-19,Customer
CONV004483,CUST008540,CAMP0216,2025-04-13,Opportunity
CONV004484,CUST002653,CAMP0144,2025-04-07,MQL
CONV004485,CUST002410,CAMP0196,2024-07-06,Customer
CONV004486,CUST002729,CAMP0053,2023-09-19,MQL
CONV004487,CUST001149,CAMP0023,06/19/2023,Customer
CONV004488,CUST002500,CAMP0096,12-01-2025,Opportunity
CONV004489,CUST002414,CAMP0121,2025-08-14,Lead
CONV004490,CUST002955,CAMP0032,2023-01-13,Opportunity
CONV004491,CUST001798,CAMP0187,07/22/2024,Lead
CONV004492,CUST001495,CAMP0198,2025-05-06,Lead
CONV004493,CUST007108,CAMP0211,03/07/2023,Opportunity
CONV004494,CUST001305,CAMP0178,2023-04-16,SQL
CONV004495,CUST003396,CAMP0174,2023-02-17,SQL
CONV004496,CUST001057,CAMP0036,2024-05-28,Lead
CONV004497,CUST009090,CAMP0080,2023-01-21,Customer
CONV004498,CUST007397,CAMP0167,29-05-2023,Lead
CONV004499,CUST006148,CAMP0156,2024-08-12,Customer
CONV004500,CUST008234,CAMP0030,2026-05-20,Lead
CONV004501,CUST000270,CAMP0028,26-10-2024,SQL
CONV004502,CUST006185,CAMP0121,2024-11-05,MQL
CONV004503,CUST000904,CAMP0206,2025-06-28,MQL
CONV004504,CUST007841,CAMP0058,2024-01-16,SQL
CONV004505,CUST005178,CAMP0044,29-04-2025,MQL
CONV004506,CUST002472,CAMP0125,04/11/2025,MQL
CONV004507,CUST003183,CAMP0146,08/11/2024,Opportunity
CONV004508,CUST000710,CAMP0061,2023-05-08,Customer
CONV004509,CUST000467,CAMP0161,2026-05-30,MQL
CONV004510,CUST004582,CAMP0019,04-01-2023,Lead
CONV004511,CUST000779,CAMP0178,01 Oct 2024,SQL
CONV004512,CUST005964,CAMP0141,01/20/2023,Opportunity
CONV004513,CUST008366,CAMP0121,2024-12-10,Opportunity
CONV004514,CUST009655,CAMP0129,2025-08-11,Customer
CONV004515,CUST003412,CAMP0057,03/18/2025,SQL
CONV004516,CUST001929,CAMP0203,05/31/2026,MQL
CONV004517,CUST006702,CAMP0142,2025-04-09,Lead
CONV004518,CUST004019,CAMP0047,12 May 2026,Opportunity
CONV004519,CUST008965,CAMP0152,07/02/2025,Lead
CONV004520,CUST007826,CAMP0218,2025-04-27,Lead
CONV004521,CUST004108,CAMP0151,2023-03-10,Customer
CONV004522,CUST005154,CAMP0121,2024-02-25,MQL
CONV004523,CUST002480,CAMP0216,10-08-2023,MQL
CONV004524,CUST001084,CAMP0098,04/17/2026,MQL
CONV004525,CUST003897,CAMP0218,2024-12-18,MQL
CONV004526,CUST006890,CAMP0111,03-05-2023,Lead
CONV004527,CUST008709,CAMP0062,25 Nov 2023,Opportunity
CONV004528,CUST007295,CAMP0149,2025-07-27,MQL
CONV004529,CUST005536,CAMP0129,2025-02-05,SQL
CONV004530,CUST003295,CAMP0134,08/17/2025,Customer
CONV004531,CUST009562,CAMP0084,05/21/2025,Customer
CONV004532,CUST003088,CAMP0214,12-05-2023,Opportunity
CONV004533,CUST006739,CAMP0007,2024-05-31,SQL
CONV004534,CUST000082,CAMP0055,04/11/2023,Customer
CONV004535,CUST009516,CAMP0142,2024-11-20,SQL
CONV004536,CUST006841,CAMP0033,11-10-2025,Lead
CONV004537,CUST006666,CAMP0121,2024-06-04,MQL
CONV004538,CUST000700,CAMP0023,07-11-2025,Lead
CONV004539,CUST007113,CAMP0105,2023-11-11,MQL
CONV004540,CUST007319,CAMP0152,2025-02-03,MQL
CONV004541,CUST005789,CAMP0141,2024-11-12,SQL
CONV004542,CUST009835,CAMP0095,11-03-2025,MQL
CONV004543,CUST002268,CAMP0104,11/23/2024,SQL
CONV004544,CUST002445,CAMP0006,2024-03-25,SQL
CONV004545,CUST000975,CAMP0105,29-12-2025,MQL
CONV004546,CUST001361,CAMP0093,2025-10-22,SQL
CONV004547,CUST001806,CAMP0175,2023-01-01,MQL
CONV004548,CUST006921,CAMP0211,2025-03-01,Opportunity
CONV004549,CUST004654,CAMP0044,28-05-2023,Lead
CONV004550,CUST001663,CAMP0145,2023-01-06,Customer
CONV004551,CUST005997,CAMP0028,01-04-2024,Opportunity
CONV004552,CUST005688,CAMP0191,2023-07-14,Lead
CONV004553,CUST008488,CAMP0039,12/08/2024,MQL
CONV004554,CUST008438,CAMP0039,,Customer
CONV004555,CUST002626,CAMP0168,2025-03-25,Opportunity
CONV004556,CUST009536,CAMP0090,2024-06-26,SQL
CONV004557,CUST005289,CAMP0210,2026-02-28,Opportunity
CONV004558,CUST006998,CAMP0178,16-09-2024,SQL
CONV004559,CUST002052,CAMP0117,23-03-2025,MQL
CONV004560,CUST002320,CAMP0146,2025-10-20,Lead
CONV004561,CUST000284,CAMP0041,29-10-2023,Lead
CONV004562,CUST001060,CAMP0040,14-05-2024,Customer
CONV004563,CUST002763,CAMP0179,07/10/2023,MQL
CONV004564,CUST004919,CAMP0193,19-10-2024,SQL
CONV004565,CUST009172,CAMP0205,2023-05-27,Opportunity
CONV004566,CUST008926,CAMP0098,13-11-2025,Customer
CONV004567,CUST003404,CAMP0082,26-01-2023,SQL
CONV004568,CUST002105,CAMP0095,11-10-2023,Opportunity
CONV004569,CUST001690,CAMP0106,17-12-2025,MQL
CONV004570,CUST008940,CAMP0048,2025-12-20,SQL
CONV004571,CUST005260,CAMP0205,,Lead
CONV004572,CUST001533,CAMP0115,2024-04-20,SQL
CONV004573,CUST006427,CAMP0021,2024-08-22,SQL
CONV004574,CUST007779,CAMP0111,31 Jan 2023,Lead
CONV004575,CUST009964,CAMP0173,2024-10-29,Lead
CONV004576,CUST009035,CAMP0019,05-09-2025,Customer
CONV004577,CUST005796,CAMP0165,02-10-2024,SQL
CONV004578,CUST007952,CAMP0192,2026-06-08,Customer
CONV004579,CUST008027,CAMP0195,2023-05-30,MQL
CONV004580,CUST008706,CAMP0046,2023-10-20,SQL
CONV004581,CUST009652,CAMP0112,2024-07-30,Opportunity
CONV004582,CUST004386,CAMP0058,2024-12-02,SQL
CONV004583,CUST005259,CAMP0182,14 Mar 2025,Customer
CONV004584,CUST002035,CAMP0013,10/08/2024,SQL
CONV004585,CUST003346,CAMP0129,2024-03-19,MQL
CONV004586,CUST004741,CAMP0059,02-02-2025,Opportunity
CONV004587,CUST006147,CAMP0159,04/19/2023,MQL
CONV004588,CUST005430,CAMP0039,2024-05-24,SQL
CONV004589,CUST000468,CAMP0190,2025-08-17,Lead
CONV004590,CUST003369,CAMP0174,27-02-2024,Lead
CONV004591,CUST005018,CAMP0157,06/10/2023,Lead
CONV004592,CUST009898,CAMP0184,26-07-2023,Customer
CONV004593,CUST000510,CAMP0211,03/18/2024,Customer
CONV004594,CUST008532,CAMP0214,2023-10-16,
CONV004595,CUST000881,CAMP0039,23-08-2023,SQL
CONV004596,CUST005760,CAMP0178,2024-11-23,Customer
CONV004597,CUST004288,CAMP0011,2023-09-09,Lead
CONV004598,CUST001408,CAMP0192,2026-07-11,Lead
CONV004599,CUST007725,CAMP0028,28-08-2024,Opportunity
CONV004600,CUST009508,CAMP0046,2024-10-14,Opportunity
CONV004601,CUST002404,CAMP0064,2025-11-01,Customer
CONV004602,CUST000921,CAMP0088,2025-03-01,MQL
CONV004603,CUST004186,CAMP0054,2025-08-12,SQL
CONV004604,CUST008081,CAMP0031,2024-01-09,SQL
CONV004605,CUST005497,CAMP0134,2023-12-02,Opportunity
CONV004606,CUST009630,CAMP0215,21-06-2024,Customer
CONV004607,CUST003240,CAMP0049,15-11-2023,Lead
CONV004608,CUST001136,CAMP0008,2024-10-31,MQL
CONV004609,CUST006807,CAMP0095,,Customer
CONV004610,CUST002448,CAMP0072,2025-05-19,SQL
CONV004611,CUST006461,CAMP0055,2023-01-23,MQL
CONV004612,CUST009371,CAMP0138,08-04-2025,Customer
CONV004613,CUST003435,CAMP0020,2023-07-30,Opportunity
CONV004614,CUST003313,CAMP0170,2026-03-22,Lead
CONV004615,CUST001426,CAMP0113,2023-08-15,SQL
CONV004616,CUST002229,CAMP0218,29-08-2023,MQL
CONV004617,CUST009053,CAMP0183,2024-02-04,MQL
CONV004618,CUST005738,CAMP0153,2025-05-07,SQL
CONV004619,CUST001443,CAMP0153,2023-08-07,SQL
CONV004620,CUST003413,CAMP0185,2023-09-17,SQL
CONV004621,CUST007770,CAMP0214,2023-12-06,MQL
CONV004622,CUST007521,CAMP0146,2025-03-22,MQL
CONV004623,CUST005937,CAMP0189,2025-09-25,SQL
CONV004624,CUST009087,CAMP0100,08-01-2026,Opportunity
CONV004625,CUST001689,CAMP0066,26-03-2023,Lead
CONV004626,CUST002854,CAMP0200,2024-04-21,SQL
CONV004627,CUST005777,CAMP0218,2025-05-19,SQL
CONV004628,CUST000149,CAMP0192,2024-02-04,MQL
CONV004629,CUST002304,CAMP0182,2023-07-28,Lead
CONV004630,CUST002902,CAMP0044,2025-12-18,SQL
CONV004631,CUST003810,CAMP0219,27-02-2023,MQL
CONV004632,CUST007617,CAMP0215,2026-07-30,MQL
CONV004633,CUST006850,CAMP0184,01-02-2026,Customer
CONV004634,CUST005961,CAMP0109,2023-05-25,Customer
CONV004635,CUST008549,CAMP0173,2023-03-24,MQL
CONV004636,CUST009206,CAMP0037,2025-03-04,Opportunity
CONV004637,CUST000101,CAMP0018,2024-06-17,MQL
CONV004638,CUST007628,CAMP0183,2024-06-13,Opportunity
CONV004639,CUST005043,CAMP0047,2025-05-29,MQL
CONV004640,CUST004787,CAMP0079,11/18/2023,Lead
CONV004641,CUST008565,CAMP0079,2023-02-25,MQL
CONV004642,CUST002878,CAMP0157,,MQL
CONV004643,CUST002313,CAMP0120,2024-07-31,MQL
CONV004644,CUST007834,CAMP0184,2026-01-12,Customer
CONV004645,CUST005087,CAMP0217,2023-08-27,SQL
CONV004646,CUST000095,CAMP0038,2026-07-10,Lead
CONV004647,CUST005732,CAMP0054,2025-07-29,Lead
CONV004648,CUST008313,CAMP0048,2024-06-20,Customer
CONV004649,CUST003410,CAMP0185,10/19/2025,Lead
CONV004650,CUST008590,CAMP0011,20-10-2023,SQL
CONV004651,CUST000049,CAMP0183,10-10-2023,MQL
CONV004652,CUST005432,CAMP0017,2023-01-26,Opportunity
CONV004653,CUST005785,CAMP0053,2025-12-10,MQL
CONV004654,CUST005800,CAMP0196,2026-04-13,Lead
CONV004655,CUST009593,CAMP0029,2023-04-29,Customer
CONV004656,CUST007285,CAMP0155,12 Feb 2025,Customer
CONV004657,CUST003578,CAMP0042,09-01-2025,Customer
CONV004658,CUST006894,CAMP0143,2023-02-06,Customer
CONV004659,CUST005885,CAMP0177,05 Jun 2023,Customer
CONV004660,CUST006747,CAMP0204,2026-03-05,SQL
CONV004661,CUST008034,CAMP0128,2024-09-20,MQL
CONV004662,CUST005523,CAMP0198,2026-07-07,Lead
CONV004663,CUST001984,CAMP0060,11 Jan 2025,Lead
CONV004664,CUST007286,CAMP0166,12 Feb 2026,SQL
CONV004665,CUST005431,CAMP0209,2025-11-24,Lead
CONV004666,CUST003782,CAMP0205,2025-11-22,Opportunity
CONV004667,CUST008276,CAMP0214,2023-06-22,SQL
CONV004668,CUST005044,CAMP0011,06-10-2024,Customer
CONV004669,CUST001146,CAMP0120,2026-01-28,SQL
CONV004670,CUST001649,CAMP0169,2024-11-07,Customer
CONV004671,CUST002930,CAMP0123,2024-05-08,Lead
CONV004672,CUST008033,CAMP0120,13-11-2024,Customer
CONV004673,CUST000426,CAMP0214,10 Jan 2023,Lead
CONV004674,CUST001726,CAMP0063,03/03/2025,MQL
CONV004675,CUST007808,CAMP0215,2025-09-10,Opportunity
CONV004676,CUST004829,CAMP0201,10/22/2025,Customer
CONV004677,CUST008963,CAMP0045,2024-11-20,Opportunity
CONV004678,CUST009311,CAMP0070,2024-06-03,SQL
CONV004679,CUST003447,CAMP0009,2024-12-04,Customer
CONV004680,CUST005593,CAMP0206,01/27/2024,Lead
CONV004681,CUST008905,CAMP0158,2025-06-08,Lead
CONV004682,CUST007877,CAMP0135,04 Jan 2024,Opportunity
CONV004683,CUST001581,CAMP0107,28 Jun 2023,MQL
CONV004684,CUST002306,CAMP0101,2023-11-19,Customer
CONV004685,CUST002523,CAMP0198,08/24/2025,Customer
CONV004686,CUST009989,CAMP0190,2026-04-27,Customer
CONV004687,CUST009113,CAMP0102,2024-09-11,MQL
CONV004688,CUST006818,CAMP0092,2025-11-20,Customer
CONV004689,CUST001851,CAMP0068,2025-11-08,SQL
CONV004690,CUST005358,CAMP0214,16 Sep 2024,MQL
CONV004691,CUST008696,CAMP0089,2026-06-28,SQL
CONV004692,CUST003301,CAMP0052,2023-11-14,Opportunity
CONV004693,CUST009478,CAMP0052,2026-03-11,Customer
CONV004694,CUST005564,CAMP0091,17-07-2025,Opportunity
CONV004695,CUST002127,CAMP0105,05/27/2025,Lead
CONV004696,CUST008089,CAMP0215,07/04/2023,MQL
CONV004697,CUST007719,CAMP0003,04/21/2026,Customer
CONV004698,CUST005748,CAMP0061,15-10-2024,Lead
CONV004699,CUST006259,CAMP0082,2023-01-12,MQL
CONV004700,CUST002898,CAMP0097,2025-05-02,Opportunity
CONV004701,CUST009381,CAMP0034,02-07-2025,Lead
CONV004702,CUST005300,CAMP0095,2025-12-13,Lead
CONV004703,CUST003782,CAMP0034,2026-02-12,Lead
CONV004704,CUST000059,CAMP0155,15-04-2024,SQL
CONV004705,CUST008045,CAMP0194,2026-05-15,SQL
CONV004706,CUST007378,CAMP0201,20-04-2024,SQL
CONV004707,CUST002354,CAMP0194,2023-08-30,MQL
CONV004708,CUST007687,CAMP0193,06-06-2023,Customer
CONV004709,CUST001306,CAMP0083,29-07-2025,SQL
CONV004710,CUST900053,CAMP0143,2025-08-01,Opportunity
CONV004711,CUST009821,CAMP0194,2025-07-05,SQL
CONV004712,CUST007685,CAMP0199,08-03-2026,MQL
CONV004713,CUST000882,CAMP0054,2025-03-26,MQL
CONV004714,CUST004835,CAMP0216,29-12-2023,SQL
CONV004715,CUST005618,CAMP0148,2025-12-20,Customer
CONV004716,CUST004625,CAMP0145,25-11-2025,MQL
CONV004717,CUST009127,CAMP0097,07-08-2023,Lead
CONV004718,CUST007941,CAMP0043,2023-10-14,Customer
CONV004719,CUST009688,CAMP0124,04/10/2025,Opportunity
CONV004720,CUST009612,CAMP0058,22-12-2025,Opportunity
CONV004721,CUST007797,CAMP0124,2025-08-16,Customer
CONV004722,CUST006392,CAMP0005,2024-10-27,Opportunity
CONV004723,CUST004205,CAMP0029,2023-12-19,Opportunity
CONV004724,CUST001224,CAMP0080,02/02/2023,Lead
CONV004725,CUST004502,CAMP0052,11/25/2024,Opportunity
CONV004726,CUST007615,CAMP0178,2026-04-02,Lead
CONV004727,CUST001215,CAMP0212,04-12-2024,SQL
CONV004728,CUST008783,CAMP0121,19-08-2025,MQL
CONV004729,CUST006620,CAMP0099,2023-12-30,Opportunity
CONV004730,CUST007122,CAMP0042,2023-04-22,MQL
CONV004731,CUST009633,CAMP0088,2026-01-09,MQL
CONV004732,CUST009568,CAMP0086,2024-01-11,SQL
CONV004733,CUST005798,CAMP0055,2025-03-24,Opportunity
CONV004734,CUST000823,CAMP0006,2024-10-19,Lead
CONV004735,CUST008413,CAMP0069,2026-03-06,Opportunity
CONV004736,CUST003399,CAMP0023,2024-08-29,Customer
CONV004737,CUST006884,CAMP0199,2025-04-18,Lead
CONV004738,CUST004398,CAMP0185,2024-05-17,SQL
CONV004739,CUST009611,CAMP0022,10-04-2025,MQL
CONV004740,CUST002560,CAMP0216,07 Nov 2023,Lead
CONV004741,CUST008061,CAMP0152,09/09/2024,Lead
CONV004742,CUST006240,CAMP0172,04/29/2024,Opportunity
CONV004743,CUST003432,CAMP0058,04-02-2023,MQL
CONV004744,CUST006513,CAMP0075,2024-03-26,SQL
CONV004745,CUST003815,CAMP0138,2024-11-02,Lead
CONV004746,CUST005417,CAMP0021,,Lead
CONV004747,CUST005705,CAMP0024,03/09/2023,Customer
CONV004748,CUST002699,CAMP0026,2024-09-20,SQL
CONV004749,CUST002213,CAMP0094,09/30/2023,SQL
CONV004750,CUST008513,CAMP0203,,MQL
CONV004751,CUST002749,CAMP0094,2023-04-07,SQL
CONV004752,CUST008086,CAMP0160,2024-09-04,Opportunity
CONV004753,CUST007304,CAMP0005,2024-10-09,MQL
CONV004754,CUST002118,CAMP0104,2023-04-27,Lead
CONV004755,CUST007863,CAMP0067,2025-11-04,MQL
CONV004756,CUST005150,CAMP0151,2023-08-21,Customer
CONV004757,CUST005665,CAMP0005,04-10-2025,SQL
CONV004758,CUST001862,CAMP0131,2026-05-17,SQL
CONV004759,CUST008604,CAMP0090,12/30/2024,Lead
CONV004760,CUST002014,CAMP0190,2023-09-12,SQL
CONV004761,CUST008324,CAMP0011,15-09-2023,Lead
CONV004762,CUST007080,CAMP0215,24-07-2026,Opportunity
CONV004763,CUST004769,CAMP0147,2024-05-27,SQL
CONV004764,CUST009699,CAMP0028,2026-03-29,Lead
CONV004765,CUST002972,CAMP0089,2024-05-12,Customer
CONV004766,CUST004637,CAMP0187,06 Apr 2023,Opportunity
CONV004767,CUST004025,CAMP0037,06/07/2024,Opportunity
CONV004768,CUST000957,CAMP0046,2026-03-24,Opportunity
CONV004769,CUST000891,CAMP0008,2024-11-06,SQL
CONV004770,CUST003633,CAMP0180,2024-09-10,Opportunity
CONV004771,CUST001193,CAMP0051,18-03-2023,MQL
CONV004772,CUST006340,CAMP0177,2024-11-20,MQL
CONV004773,CUST006902,CAMP0009,2023-01-11,Lead
CONV004774,CUST003131,CAMP0086,2024-01-13,MQL
CONV004775,CUST002131,CAMP0094,2024-10-02,Customer
CONV004776,CUST003740,CAMP0041,,MQL
CONV004777,CUST006213,CAMP0034,2024-02-28,Customer
CONV004778,CUST007667,CAMP0102,2024-11-19,SQL
CONV004779,CUST001565,CAMP0195,12/01/2024,SQL
CONV004780,CUST004349,CAMP0176,2024-02-23,Customer
CONV004781,CUST008842,CAMP0109,26 Jul 2026,Lead
CONV004782,CUST008674,CAMP0025,2023-04-07,SQL
CONV004783,CUST005329,CAMP0083,20-05-2023,Customer
CONV004784,CUST000840,CAMP0218,2023-12-18,SQL
CONV004785,CUST000166,CAMP0043,2024-11-30,Opportunity
CONV004786,CUST001229,CAMP0016,2023-01-12,Customer
CONV004787,CUST008050,CAMP0175,2023-08-30,Opportunity
CONV004788,CUST007021,CAMP0133,10/10/2024,
CONV004789,CUST004417,CAMP0008,23 Mar 2026,Opportunity
CONV004790,CUST002513,CAMP0107,2024-10-02,Lead
CONV004791,CUST002896,CAMP0104,2024-10-13,SQL
CONV004792,CUST004541,CAMP0108,20-09-2025,SQL
CONV004793,CUST002414,CAMP0127,24-02-2025,MQL
CONV004794,CUST006729,CAMP0134,01/05/2026,Lead
CONV004795,CUST004748,CAMP0075,29 Apr 2025,MQL
CONV004796,CUST006727,CAMP0074,2023-06-08,Opportunity
CONV004797,CUST001340,CAMP0062,10/03/2024,Lead
CONV004798,CUST005945,CAMP0057,2023-02-05,MQL
CONV004799,CUST007671,CAMP0057,2025-02-25,Lead
CONV004800,CUST002565,CAMP0058,2023-01-31,Lead
CONV004801,CUST004891,CAMP0160,02-10-2023,Opportunity
CONV004802,CUST005564,CAMP0051,2026-07-28,SQL
CONV004803,CUST009555,CAMP0217,2024-08-25,Customer
CONV004804,CUST007348,CAMP0114,03/23/2023,Lead
CONV004805,CUST009809,CAMP0194,2024-05-24,MQL
CONV004806,CUST009122,CAMP0184,11-08-2023,SQL
CONV004807,CUST006274,CAMP0009,2024-09-17,SQL
CONV004808,CUST005420,CAMP0116,2024-09-01,MQL
CONV004809,CUST001427,CAMP0084,2023-07-30,Customer
CONV004810,CUST000933,CAMP0180,2026-02-04,Customer
CONV004811,CUST001546,CAMP0009,20-01-2023,Lead
CONV004812,CUST002470,CAMP0068,2025-02-25,Lead
CONV004813,CUST005122,CAMP0174,2025-11-23,MQL
CONV004814,CUST001053,CAMP0015,2023-03-26,Opportunity
CONV004815,CUST004142,CAMP0093,05/25/2023,Customer
CONV004816,CUST008809,CAMP0064,10/27/2023,Customer
CONV004817,CUST008997,CAMP0215,2025-06-19,SQL
CONV004818,CUST008389,CAMP0134,03/15/2024,Customer
CONV004819,CUST006679,CAMP0033,06/13/2023,MQL
CONV004820,CUST005702,CAMP0120,,MQL
CONV004821,CUST009069,CAMP0176,2023-05-21,Customer
CONV004822,CUST009838,CAMP0037,21-03-2026,MQL
CONV004823,CUST008532,CAMP0169,2023-02-26,MQL
CONV004824,CUST007028,CAMP0037,2026-05-17,Lead
CONV004825,CUST006921,CAMP0102,2024-02-11,MQL
CONV004826,CUST003505,CAMP0147,06/05/2024,Opportunity
CONV004827,CUST005230,CAMP0134,2025-05-28,SQL
CONV004828,CUST007988,CAMP0024,2024-06-18,Opportunity
CONV004829,CUST003699,CAMP0050,2023-05-20,SQL
CONV004830,CUST000029,CAMP0174,2024-03-26,Customer
CONV004831,CUST001248,CAMP0074,2024-08-02,SQL
CONV004832,CUST001668,CAMP0060,07/30/2023,Customer
CONV004833,CUST005407,CAMP0062,29-05-2023,Customer
CONV004834,CUST004026,CAMP0118,06-04-2024,Customer
CONV004835,CUST002292,CAMP0119,2023-06-15,Lead
CONV004836,CUST008908,CAMP0201,,Lead
CONV004837,CUST003473,CAMP0126,2024-11-24,MQL
CONV004838,CUST000016,CAMP0009,2025-02-07,Customer
CONV004839,CUST004687,CAMP0161,2024-06-15,MQL
CONV004840,CUST008591,CAMP0142,2025-09-25,Lead
CONV004841,CUST000030,CAMP0073,01-06-2023,MQL
CONV004842,CUST004944,CAMP0192,2026-07-21,Opportunity
CONV004843,CUST009922,CAMP0120,2024-12-18,MQL
CONV004844,CUST005087,CAMP0134,06 Jul 2024,MQL
CONV004845,CUST004710,CAMP0086,2024-06-23,Opportunity
CONV004846,CUST009663,CAMP0026,30 Aug 2025,SQL
CONV004847,CUST001306,CAMP0210,01/14/2024,Customer
CONV004848,CUST000959,CAMP0086,27 Mar 2023,Opportunity
CONV004849,CUST002944,CAMP0066,,MQL
CONV004850,CUST008925,CAMP0003,2025-12-21,MQL
CONV004851,CUST006705,CAMP0134,2024-11-10,Lead
CONV004852,CUST008219,CAMP0176,2024-03-21,MQL
CONV004853,CUST007681,CAMP0168,02-07-2025,Customer
CONV004854,CUST003299,CAMP0144,2026-01-02,Customer
CONV004855,CUST000609,CAMP0004,09/30/2024,SQL
CONV004856,CUST001977,CAMP0112,16-12-2023,Opportunity
CONV004857,CUST008278,CAMP0091,2026-03-17,MQL
CONV004858,CUST007654,CAMP0035,2023-09-08,Customer
CONV004859,CUST007333,CAMP0064,2026-05-18,Customer
CONV004860,CUST008417,CAMP0106,2024-05-19,SQL
CONV004861,CUST004985,CAMP0187,2026-05-28,MQL
CONV004862,CUST000225,CAMP0212,2025-02-03,SQL
CONV004863,CUST001790,CAMP0032,2023-01-03,SQL
CONV004864,CUST005813,CAMP0034,2025-11-08,MQL
CONV004865,CUST004868,CAMP0100,12 Feb 2024,Customer
CONV004866,CUST006806,CAMP0099,03/10/2024,Customer
CONV004867,CUST009674,CAMP0023,2024-12-08,MQL
CONV004868,CUST009705,CAMP0123,27-05-2026,Customer
CONV004869,CUST000595,CAMP0156,14 Jun 2025,SQL
CONV004870,CUST003498,CAMP0188,2024-07-09,Opportunity
CONV004871,CUST009519,CAMP0096,02/15/2026,Lead
CONV004872,CUST000677,CAMP0008,02/09/2025,Lead
CONV004873,CUST008768,CAMP0162,2024-08-03,Opportunity
CONV004874,CUST001379,CAMP0035,23-01-2025,Customer
CONV004875,CUST003864,CAMP0215,29-07-2025,SQL
CONV004876,CUST000119,CAMP0027,2023-08-10,MQL
CONV004877,CUST002933,CAMP0027,2023-01-22,SQL
CONV004878,CUST000212,CAMP0135,2024-12-12,SQL
CONV004879,CUST004911,CAMP0183,2024-05-22,Opportunity
CONV004880,CUST009900,CAMP0056,2025-01-07,MQL
CONV004881,CUST002436,CAMP0049,2023-05-19,SQL
CONV004882,CUST000216,CAMP0214,25-02-2023,MQL
CONV004883,CUST002302,CAMP0218,29-08-2024,MQL
CONV004884,CUST007822,CAMP0132,2025-03-18,Customer
CONV004885,CUST006247,CAMP0081,04/26/2023,Customer
CONV004886,CUST005930,CAMP0058,13-03-2026,Customer
CONV004887,CUST000706,CAMP0049,2023-11-14,Opportunity
CONV004888,CUST007598,CAMP0059,03 Jan 2026,Lead
CONV004889,CUST001343,CAMP0030,2024-07-15,SQL
CONV004890,CUST007998,CAMP0201,2024-04-22,MQL
CONV004891,CUST005461,CAMP0025,2023-05-05,Customer
CONV004892,CUST007951,CAMP0192,2024-02-16,MQL
CONV004893,CUST008495,CAMP0059,2023-07-18,Opportunity
CONV004894,CUST009802,CAMP0172,04 Feb 2025,Customer
CONV004895,CUST007122,CAMP0041,2025-06-09,Customer
CONV004896,CUST009406,CAMP0098,2024-10-12,SQL
CONV004897,CUST000719,CAMP0095,05 Jul 2025,MQL
CONV004898,CUST001140,CAMP0089,04-09-2024,Lead
CONV004899,CUST005249,CAMP0149,2024-09-01,Lead
CONV004900,CUST008679,CAMP0127,2023-03-10,SQL
CONV004901,CUST009062,CAMP0204,23-03-2023,Lead
CONV004902,CUST002098,CAMP0207,06-05-2026,Lead
CONV004903,CUST000193,CAMP0011,,Lead
CONV004904,CUST001555,CAMP0210,29-12-2024,Lead
CONV004905,CUST003441,CAMP0085,09-10-2024,Lead
CONV004906,CUST005370,CAMP0184,09/21/2025,Lead
CONV004907,CUST004062,CAMP0150,2026-06-07,Lead
CONV004908,CUST005465,CAMP0009,2025-03-10,Opportunity
CONV004909,CUST005700,CAMP0060,2026-02-11,Customer
CONV004910,CUST009987,CAMP0088,15-08-2025,Customer
CONV004911,CUST007837,CAMP0051,2025-09-14,MQL
CONV004912,CUST009158,CAMP0090,2023-07-28,Opportunity
CONV004913,CUST005777,CAMP0010,2025-07-03,Customer
CONV004914,CUST004068,CAMP0067,2023-03-14,SQL
CONV004915,CUST004572,CAMP0021,05-01-2024,Lead
CONV004916,CUST001507,CAMP0213,01-11-2023,Lead
CONV004917,CUST001500,CAMP0076,06/07/2025,Lead
CONV004918,CUST006949,CAMP0163,2023-07-27,Customer
CONV004919,CUST003412,CAMP0171,2025-12-25,Customer
CONV004920,CUST006104,CAMP0029,22-05-2023,MQL
CONV004921,CUST000725,CAMP0090,05 Dec 2024,Lead
CONV004922,CUST006717,CAMP0169,19 Oct 2024,Opportunity
CONV004923,CUST000098,CAMP0095,11/03/2024,Customer
CONV004924,CUST002899,CAMP0076,2024-02-19,SQL
CONV004925,CUST002510,CAMP0139,2025-10-14,MQL
CONV004926,CUST001385,CAMP0087,2024-09-01,Opportunity
CONV004927,CUST002389,CAMP0148,2024-01-20,SQL
CONV004928,CUST007730,CAMP0199,2026-04-17,Opportunity
CONV004929,CUST001091,CAMP0146,2026-07-03,MQL
CONV004930,CUST005833,CAMP0076,09-08-2024,SQL
CONV004931,CUST002079,CAMP0188,2023-08-14,Opportunity
CONV004932,CUST006419,CAMP0142,13 Nov 2025,MQL
CONV004933,CUST009784,CAMP0148,2025-07-22,SQL
CONV004934,CUST007610,CAMP0043,23-01-2026,Opportunity
CONV004935,CUST005442,CAMP0048,2024-09-06,Customer
CONV004936,CUST003943,CAMP0148,2025-04-10,Customer
CONV004937,CUST003023,CAMP0207,07/02/2023,MQL
CONV004938,CUST003970,CAMP0126,2025-07-19,Customer
CONV004939,CUST003597,CAMP0049,01-02-2024,Customer
CONV004940,CUST007917,CAMP0060,2023-09-19,MQL
CONV004941,CUST008822,CAMP0143,2023-05-05,SQL
CONV004942,CUST004261,CAMP0219,2024-05-28,MQL
CONV004943,CUST004522,CAMP0178,2023-05-08,Lead
CONV004944,CUST000280,CAMP0110,23-10-2023,SQL
CONV004945,CUST001339,CAMP0020,2026-07-08,
CONV004946,CUST006100,CAMP0119,2025-02-12,Lead
CONV004947,CUST006137,CAMP0091,2024-09-09,SQL
CONV004948,CUST005471,CAMP0112,26 Jul 2026,MQL
CONV004949,CUST003055,CAMP0042,07/19/2025,SQL
CONV004950,CUST008624,CAMP0163,2024-07-24,Opportunity
CONV004951,CUST005098,CAMP0126,01/02/2023,Customer
CONV004952,CUST002914,CAMP0192,11-03-2025,SQL
CONV004953,CUST000914,CAMP0007,03 May 2025,Opportunity
CONV004954,CUST008102,CAMP0116,14-01-2024,SQL
CONV004955,CUST000909,CAMP0163,08/09/2025,Customer
CONV004956,CUST004584,CAMP0215,2026-03-28,Customer
CONV004957,CUST004527,CAMP0054,08/11/2025,MQL
CONV004958,CUST009332,CAMP0042,2023-05-23,MQL
CONV004959,CUST006164,CAMP0086,2024-02-27,Customer
CONV004960,CUST009773,CAMP0153,18-11-2025,Lead
CONV004961,CUST000235,CAMP0153,2023-04-26,Opportunity
CONV004962,CUST006984,CAMP0168,2024-01-13,MQL
CONV004963,CUST007042,CAMP0044,05-08-2023,Opportunity
CONV004964,CUST004631,CAMP0037,2025-05-24,MQL
CONV004965,CUST007332,CAMP0205,2025-01-19,Opportunity
CONV004966,CUST007869,CAMP0026,2026-07-30,Opportunity
CONV004967,CUST009457,CAMP0142,2024-04-25,Lead
CONV004968,CUST002445,CAMP0033,2026-02-24,SQL
CONV004969,CUST008039,CAMP0171,2025-10-16,Lead
CONV004970,CUST000672,CAMP0074,05/23/2026,SQL
CONV004971,CUST001113,CAMP0067,2025-09-03,Customer
CONV004972,CUST007054,CAMP0160,21-07-2024,Customer
CONV004973,CUST001603,CAMP0068,2025-07-07,MQL
CONV004974,CUST002082,CAMP0117,04/30/2023,Lead
CONV004975,CUST001181,CAMP0201,21-06-2026,SQL
CONV004976,CUST001854,CAMP0063,03/27/2023,Opportunity
CONV004977,CUST003718,CAMP0041,2023-02-11,SQL
CONV004978,CUST008716,CAMP0071,2026-06-26,Opportunity
CONV004979,CUST001434,CAMP0043,01-01-2024,
CONV004980,CUST006079,CAMP0149,2025-09-23,Opportunity
CONV004981,CUST006668,CAMP0124,09/30/2024,Opportunity
CONV004982,CUST006004,CAMP0032,2023-06-16,Opportunity
CONV004983,CUST001235,CAMP0073,25 Feb 2025,Lead
CONV004984,CUST000387,CAMP0154,2025-06-21,Lead
CONV004985,CUST004151,CAMP0173,2024-10-12,MQL
CONV004986,CUST004295,CAMP0164,07-10-2024,Opportunity
CONV004987,CUST007856,CAMP0047,21-04-2026,SQL
CONV004988,CUST001830,CAMP0194,2024-10-15,Customer
CONV004989,CUST001030,CAMP0173,03/01/2026,SQL
CONV004990,CUST002007,CAMP0159,08/25/2024,Lead
CONV004991,CUST003631,CAMP0172,20 Mar 2023,MQL
CONV004992,CUST009389,CAMP0031,2025-02-21,SQL
CONV004993,CUST009419,CAMP0050,2024-01-18,Lead
CONV004994,CUST006531,CAMP0121,31-10-2024,Lead
CONV004995,CUST001080,CAMP0052,2024-09-11,MQL
CONV004996,CUST002834,CAMP0015,03/07/2025,Lead
CONV004997,CUST008400,CAMP0074,2025-04-04,MQL
CONV004998,CUST006864,CAMP0191,2025-09-03,Opportunity
CONV004999,CUST003524,CAMP0180,2025-10-08,Lead
CONV005000,CUST009389,CAMP0157,2025-04-23,MQL
CONV005001,CUST004635,CAMP0181,27 Jul 2026,Opportunity
CONV005002,CUST009504,CAMP0058,2024-10-06,Opportunity
CONV005003,CUST009550,CAMP0173,2025-07-29,Opportunity
CONV005004,CUST004840,CAMP0123,2026-02-06,Lead
CONV005005,CUST004415,CAMP0083,2023-03-26,Customer
CONV005006,CUST000626,CAMP0050,05/01/2024,MQL
CONV005007,CUST002949,CAMP0163,2025-08-09,Customer
CONV005008,CUST006955,CAMP0211,04-05-2025,Customer
CONV005009,CUST009676,CAMP0139,2025-03-11,Opportunity
CONV005010,CUST002144,CAMP0110,2023-07-20,SQL
CONV005011,CUST005209,CAMP0071,2026-05-04,Customer
CONV005012,CUST009379,CAMP0201,27-07-2024,SQL
CONV005013,CUST009475,CAMP0207,2023-01-22,Opportunity
CONV005014,CUST001394,CAMP0198,2025-08-18,SQL
CONV005015,CUST004357,CAMP0203,26-03-2023,Customer
CONV005016,CUST008241,CAMP0052,2025-02-12,Lead
CONV005017,CUST003375,CAMP0171,2024-08-20,Customer
CONV005018,CUST000173,CAMP0022,2023-05-26,MQL
CONV005019,CUST003505,CAMP0216,,Opportunity
CONV005020,CUST007827,CAMP0111,04/20/2026,Customer
CONV005021,CUST004601,CAMP0061,01/18/2025,Lead
CONV005022,CUST006868,CAMP0024,10-05-2023,SQL
CONV005023,CUST003642,CAMP0072,2026-03-10,Customer
CONV005024,CUST008525,CAMP0041,2024-12-13,MQL
CONV005025,CUST009266,CAMP0130,2024-03-31,Lead
CONV005026,CUST004293,CAMP0137,2024-08-26,Lead
CONV005027,CUST002264,CAMP0168,2024-12-26,Lead
CONV005028,CUST003758,CAMP0072,07 May 2025,Lead
CONV005029,CUST006042,CAMP0183,2024-10-01,MQL
CONV005030,CUST007756,CAMP0038,06 May 2026,Opportunity
CONV005031,CUST001009,CAMP0100,05/18/2024,SQL
CONV005032,CUST003956,CAMP0057,2026-04-03,MQL
CONV005033,CUST007852,CAMP0161,2023-08-21,Customer
CONV005034,CUST008143,CAMP0103,2023-02-17,Customer
CONV005035,CUST007174,CAMP0134,2025-12-12,SQL
CONV005036,CUST001933,CAMP0147,2023-12-22,Customer
CONV005037,CUST005627,CAMP0123,2024-06-29,Lead
CONV005038,CUST001941,CAMP0101,2025-04-30,Customer
CONV005039,CUST002538,CAMP0199,09/05/2023,SQL
CONV005040,CUST001390,CAMP0116,25-07-2025,Lead
CONV005041,CUST005639,CAMP0109,23 Jan 2025,Lead
CONV005042,CUST004992,CAMP0055,30-12-2024,SQL
CONV005043,CUST006103,CAMP0104,16-05-2025,SQL
CONV005044,CUST001924,CAMP0047,26-06-2025,MQL
CONV005045,CUST003487,CAMP0137,2023-06-03,MQL
CONV005046,CUST004058,CAMP0022,2024-10-05,MQL
CONV005047,CUST005923,CAMP0149,2024-12-19,Customer
CONV005048,CUST000752,CAMP0127,07/28/2025,Customer
CONV005049,CUST000622,CAMP0174,18-06-2024,Opportunity
CONV005050,CUST008358,CAMP0127,12-02-2025,Customer
CONV005051,CUST008333,CAMP0123,05/05/2023,Opportunity
CONV005052,CUST003151,CAMP0186,17-09-2023,MQL
CONV005053,CUST001662,CAMP0182,2024-01-02,SQL
CONV005054,CUST003384,CAMP0166,29-03-2026,SQL
CONV005055,CUST001530,CAMP0052,2024-08-17,Lead
CONV005056,CUST001045,CAMP0191,30 Jun 2024,Lead
CONV005057,CUST004885,CAMP0182,2026-02-23,SQL
CONV005058,CUST002557,CAMP0041,01-03-2024,SQL
CONV005059,CUST009039,CAMP0095,2025-03-25,SQL
CONV005060,CUST001992,CAMP0158,2024-05-11,MQL
CONV005061,CUST009983,CAMP0006,2025-06-08,Opportunity
CONV005062,CUST001587,CAMP0215,12-04-2026,Opportunity
CONV005063,CUST006483,CAMP0199,2023-02-21,Customer
CONV005064,CUST006079,CAMP0078,2023-02-17,MQL
CONV005065,CUST009358,CAMP0049,10/26/2023,Opportunity
CONV005066,CUST009426,CAMP0120,2024-01-13,SQL
CONV005067,CUST008586,CAMP0118,2025-09-02,MQL
CONV005068,CUST004108,CAMP0134,20-09-2024,Opportunity
CONV005069,CUST007727,CAMP0215,2024-08-11,SQL
CONV005070,CUST000555,CAMP0043,12/19/2025,Customer
CONV005071,CUST005885,CAMP0109,06-05-2026,Customer
CONV005072,CUST008023,CAMP0069,2025-08-29,MQL
CONV005073,CUST000648,CAMP0051,2026-01-03,SQL
CONV005074,CUST002480,CAMP0082,2023-07-17,MQL
CONV005075,CUST003256,CAMP0078,2024-03-02,Opportunity
CONV005076,CUST007060,CAMP0177,2024-04-18,MQL
CONV005077,CUST002896,CAMP0155,2024-08-31,SQL
CONV005078,CUST002490,CAMP0183,27-09-2023,Lead
CONV005079,CUST000455,CAMP0093,26 Dec 2025,SQL
CONV005080,CUST007441,CAMP0104,24-05-2024,SQL
CONV005081,CUST001749,CAMP0032,10-05-2026,Customer
CONV005082,CUST008802,CAMP0066,2025-07-25,Customer
CONV005083,CUST003002,CAMP0038,2025-04-18,Lead
CONV005084,CUST007811,CAMP0148,2025-02-26,MQL
CONV005085,CUST004013,CAMP0023,2023-11-08,SQL
CONV005086,CUST004590,CAMP0053,2024-11-07,SQL
CONV005087,CUST009177,CAMP0023,2026-01-28,Customer
CONV005088,CUST008516,CAMP0131,04/24/2023,SQL
CONV005089,CUST002301,CAMP0161,04 Sep 2023,Opportunity
CONV005090,CUST002674,CAMP0173,2024-03-03,SQL
CONV005091,CUST004261,CAMP0134,2023-08-05,Lead
CONV005092,CUST003747,CAMP0010,,Opportunity
CONV005093,CUST000641,CAMP0055,09-07-2024,MQL
CONV005094,CUST002007,CAMP0002,20-03-2025,Customer
CONV005095,CUST007097,CAMP0078,2026-03-14,MQL
CONV005096,CUST005960,CAMP0001,2024-01-26,Customer
CONV005097,CUST007667,CAMP0203,2026-05-24,SQL
CONV005098,CUST005900,CAMP0027,2023-05-18,SQL
CONV005099,CUST008880,CAMP0120,2025-10-04,Customer
CONV005100,CUST001109,CAMP0186,2025-10-05,
CONV005101,CUST006554,CAMP0046,09 Dec 2025,SQL
CONV005102,CUST001394,CAMP0149,21-05-2025,MQL
CONV005103,CUST004846,CAMP0062,2025-05-11,Opportunity
CONV005104,CUST007871,CAMP0164,2024-11-17,SQL
CONV005105,CUST005277,CAMP0155,04-09-2024,Customer
CONV005106,CUST003525,CAMP0021,10-05-2026,Opportunity
CONV005107,CUST008690,CAMP0058,2026-04-11,Customer
CONV005108,CUST001143,CAMP0140,2024-07-21,Opportunity
CONV005109,CUST006575,CAMP0073,07-02-2026,MQL
CONV005110,CUST005360,CAMP0130,26-03-2023,Opportunity
CONV005111,CUST006694,CAMP0055,28-03-2023,Opportunity
CONV005112,CUST000813,CAMP0062,10-08-2025,Customer
CONV005113,CUST006823,CAMP0113,10/29/2025,Customer
CONV005114,CUST001799,CAMP0052,2026-07-20,Customer
CONV005115,CUST005930,CAMP0135,04/07/2026,SQL
CONV005116,CUST003678,CAMP0029,02-07-2023,Opportunity
CONV005117,CUST009796,CAMP0129,2026-07-07,MQL
CONV005118,CUST007182,CAMP0057,2025-11-20,SQL
CONV005119,CUST007505,CAMP0166,24-03-2025,
CONV005120,CUST003619,CAMP0019,2025-03-14,Customer
CONV005121,CUST001927,CAMP0031,2023-04-11,Opportunity
CONV005122,CUST002706,CAMP0072,2025-09-06,Lead
CONV005123,CUST009594,CAMP0161,2025-02-03,MQL
CONV005124,CUST006996,CAMP0010,2023-03-30,Customer
CONV005125,CUST001984,CAMP0039,2024-03-28,Customer
CONV005126,CUST008621,CAMP0064,2024-05-03,MQL
CONV005127,CUST003620,CAMP0056,2024-05-22,Opportunity
CONV005128,CUST005077,CAMP0085,07/21/2025,Customer
CONV005129,CUST004962,CAMP0040,18-10-2024,Lead
CONV005130,CUST003013,CAMP0178,2024-07-29,MQL
CONV005131,CUST003405,CAMP0001,14 Dec 2025,SQL
CONV005132,CUST006169,CAMP0111,2023-10-08,Lead
CONV005133,CUST006121,CAMP0165,2023-03-06,Customer
CONV005134,CUST000457,CAMP0210,,Customer
CONV005135,CUST006439,CAMP0157,2024-09-08,Customer
CONV005136,CUST001520,CAMP0022,2025-06-05,Lead
CONV005137,CUST004130,CAMP0068,05/23/2025,Opportunity
CONV005138,CUST004686,CAMP0033,2023-03-02,MQL
CONV005139,CUST007378,CAMP0116,05/09/2026,MQL
CONV005140,CUST004527,CAMP0183,2024-04-12,Customer
CONV005141,CUST000131,CAMP0054,2023-05-31,Opportunity
CONV005142,CUST008394,CAMP0168,2024-03-22,Customer
CONV005143,CUST009844,CAMP0007,04/18/2024,SQL
CONV005144,CUST003713,CAMP0190,12/07/2025,Customer
CONV005145,CUST000748,CAMP0035,05-10-2025,Lead
CONV005146,CUST001548,CAMP0109,2023-11-28,Customer
CONV005147,CUST002934,CAMP0047,2026-05-10,Lead
CONV005148,CUST004545,CAMP0205,03/21/2025,SQL
CONV005149,CUST003353,CAMP0075,2024-04-21,SQL
CONV005150,CUST003197,CAMP0213,2025-12-24,Opportunity
CONV005151,CUST007807,CAMP0114,2026-03-24,SQL
CONV005152,CUST008802,CAMP0165,03/08/2023,MQL
CONV005153,CUST000789,CAMP0205,05/21/2024,Lead
CONV005154,CUST009581,CAMP0071,05/12/2024,SQL
CONV005155,CUST004056,CAMP0184,06/18/2026,Lead
CONV005156,CUST004146,CAMP0135,2023-06-10,Lead
CONV005157,CUST001021,CAMP0089,2026-05-13,MQL
CONV005158,CUST002805,CAMP0094,2025-12-18,Opportunity
CONV005159,CUST001837,CAMP0001,2025-11-05,MQL
CONV005160,CUST007519,CAMP0108,2026-02-20,Customer
CONV005161,CUST001975,CAMP0086,20-03-2024,Lead
CONV005162,CUST000579,CAMP0021,2025-12-25,MQL
CONV005163,CUST000223,CAMP0065,17 Feb 2023,Lead
CONV005164,CUST001204,CAMP0204,2024-12-19,Customer
CONV005165,CUST004827,CAMP0132,17-05-2023,Customer
CONV005166,CUST009723,CAMP0053,2023-06-28,SQL
CONV005167,CUST003846,CAMP0015,29-12-2023,Customer
CONV005168,CUST002298,CAMP0212,2026-06-21,Lead
CONV005169,CUST003256,CAMP0193,19-01-2026,Opportunity
CONV005170,CUST001945,CAMP0021,26-06-2024,MQL
CONV005171,CUST000021,CAMP0116,2024-08-04,SQL
CONV005172,CUST001336,CAMP0058,10/20/2025,Opportunity
CONV005173,CUST009833,CAMP0090,2025-01-27,Customer
CONV005174,CUST009590,CAMP0209,2026-05-02,Lead
CONV005175,CUST005566,CAMP0145,2024-05-09,SQL
CONV005176,CUST003694,CAMP0190,2023-10-16,Lead
CONV005177,CUST008961,CAMP0183,2024-03-18,SQL
CONV005178,CUST001604,CAMP0164,2026-02-24,Opportunity
CONV005179,CUST002974,CAMP0130,08-09-2024,Lead
CONV005180,CUST006016,CAMP0019,10-08-2025,Customer
CONV005181,CUST006730,CAMP0213,30 Apr 2023,Opportunity
CONV005182,CUST005335,CAMP0069,2025-12-27,Lead
CONV005183,CUST001440,CAMP0161,2023-01-22,MQL
CONV005184,CUST006344,CAMP0104,2024-01-09,Opportunity
CONV005185,CUST008176,CAMP0057,04 Oct 2025,MQL
CONV005186,CUST005575,CAMP0132,2024-07-24,MQL
CONV005187,CUST006573,CAMP0062,2026-05-02,Opportunity
CONV005188,CUST009859,CAMP0006,2025-05-09,SQL
CONV005189,CUST004492,CAMP0153,2024-07-31,Customer
CONV005190,CUST008370,CAMP0218,2023-02-02,Lead
CONV005191,CUST006635,CAMP0159,18-01-2023,Opportunity
CONV005192,CUST009621,CAMP0021,2024-02-08,Lead
CONV005193,CUST006802,CAMP0207,01/15/2025,Lead
CONV005194,CUST008860,CAMP0017,03-06-2024,Lead
CONV005195,CUST001162,CAMP0198,2023-05-18,MQL
CONV005196,CUST005450,CAMP0060,2025-02-19,SQL
CONV005197,CUST004479,CAMP0143,2023-12-14,Lead
CONV005198,CUST006772,CAMP0219,2024-01-26,MQL
CONV005199,CUST004485,CAMP0031,2023-09-11,Opportunity
CONV005200,CUST900001,CAMP0207,,Opportunity
CONV005201,CUST000066,CAMP0030,11-06-2026,Lead
CONV005202,CUST000637,CAMP0045,2025-10-09,Customer
CONV005203,CUST004524,CAMP0034,09-06-2026,Customer
CONV005204,CUST005191,CAMP0136,2024-08-30,Lead
CONV005205,CUST002814,CAMP0083,2024-07-17,Opportunity
CONV005206,CUST005362,CAMP0158,11/22/2025,Lead
CONV005207,CUST001779,CAMP0110,26 Jun 2026,MQL
CONV005208,CUST006705,CAMP0132,,Opportunity
CONV005209,CUST001426,CAMP0183,2025-01-19,SQL
CONV005210,CUST002401,CAMP0105,2026-03-14,Lead
CONV005211,CUST004106,CAMP0093,2023-11-25,Opportunity
CONV005212,CUST002158,CAMP0157,2025-10-02,SQL
CONV005213,CUST001091,CAMP0167,,MQL
CONV005214,CUST004694,CAMP0117,,MQL
CONV005215,CUST003643,CAMP0106,2025-12-19,Customer
CONV005216,CUST006040,CAMP0208,2023-07-15,Customer
CONV005217,CUST002321,CAMP0046,11/21/2023,Lead
CONV005218,CUST003350,CAMP0148,,Customer
CONV005219,CUST006437,CAMP0089,2024-01-14,Customer
CONV005220,CUST005792,CAMP0053,25-10-2025,MQL
CONV005221,CUST004893,CAMP0129,2024-02-07,MQL
CONV005222,CUST008660,CAMP0120,05/20/2024,SQL
CONV005223,CUST004005,CAMP0057,2024-11-19,Customer
CONV005224,CUST009487,CAMP0168,2023-12-25,Opportunity
CONV005225,CUST002307,CAMP0006,25-03-2025,SQL
CONV005226,CUST007724,CAMP0047,08 Jan 2024,Lead
CONV005227,CUST005902,CAMP0099,2025-01-20,Opportunity
CONV005228,CUST000898,CAMP0161,2026-01-15,Customer
CONV005229,CUST002158,CAMP0201,,Lead
CONV005230,CUST002178,CAMP0094,10/11/2023,Customer
CONV005231,CUST002800,CAMP0175,2026-05-23,Opportunity
CONV005232,CUST001588,CAMP0119,2025-09-30,Customer
CONV005233,CUST003077,CAMP0014,06/03/2025,MQL
CONV005234,CUST008469,CAMP0182,2024-09-08,Opportunity
CONV005235,CUST000931,CAMP0177,2023-07-23,MQL
CONV005236,CUST003903,CAMP0206,24-05-2025,SQL
CONV005237,CUST005774,CAMP0063,14-02-2025,MQL
CONV005238,CUST001268,CAMP0117,2025-07-17,SQL
CONV005239,CUST004458,CAMP0178,2024-07-05,Lead
CONV005240,CUST007219,CAMP0108,10 Jun 2026,Opportunity
CONV005241,CUST002997,CAMP0083,24-10-2024,Customer
CONV005242,CUST007705,CAMP0014,28-06-2023,MQL
CONV005243,CUST002646,CAMP0063,29-06-2024,Lead
CONV005244,CUST009788,CAMP0166,2025-05-29,Opportunity
CONV005245,CUST005472,CAMP0213,01/05/2026,Customer
CONV005246,CUST007879,CAMP0115,2024-09-30,Customer
CONV005247,CUST003319,CAMP0021,,Lead
CONV005248,CUST004719,CAMP0029,2025-05-17,Opportunity
CONV005249,CUST002634,CAMP0209,2024-02-14,Customer
CONV005250,CUST004815,CAMP0061,12-12-2024,Customer
CONV005251,CUST001711,CAMP0107,2025-05-02,Customer
CONV005252,CUST001071,CAMP0145,2024-09-27,SQL
CONV005253,CUST001131,CAMP0178,03/19/2026,MQL
CONV005254,CUST008741,CAMP0197,2025-06-01,Lead
CONV005255,CUST007679,CAMP0167,2025-08-21,Lead
CONV005256,CUST007296,CAMP0020,2024-04-21,MQL
CONV005257,CUST006601,CAMP0170,2024-04-14,MQL
CONV005258,CUST000053,CAMP0032,30-12-2024,Lead
CONV005259,CUST008294,CAMP0030,05/12/2025,SQL
CONV005260,CUST004415,CAMP0058,2023-05-31,SQL
CONV005261,CUST006602,CAMP0063,2024-12-23,MQL
CONV005262,CUST000584,CAMP0012,01 Jan 2024,Opportunity
CONV005263,CUST006319,CAMP0199,03/02/2023,Lead
CONV005264,CUST003996,CAMP0149,13-12-2023,Opportunity
CONV005265,CUST000251,CAMP0200,2025-09-20,SQL
CONV005266,CUST008230,CAMP0010,12/17/2025,Opportunity
CONV005267,CUST008824,CAMP0059,2023-10-05,Opportunity
CONV005268,CUST003253,CAMP0101,2025-09-25,Opportunity
CONV005269,CUST005215,CAMP0171,2024-03-12,Opportunity
CONV005270,CUST002526,CAMP0208,13-06-2023,Lead
CONV005271,CUST005800,CAMP0114,2024-05-08,Lead
CONV005272,CUST009740,CAMP0182,03-05-2024,Opportunity
CONV005273,CUST002135,CAMP0035,04/15/2025,SQL
CONV005274,CUST004520,CAMP0109,26 Mar 2024,SQL
CONV005275,CUST004966,CAMP0094,17-11-2024,Opportunity
CONV005276,CUST006576,CAMP0136,2026-01-26,Customer
CONV005277,CUST000056,CAMP0110,2024-09-17,Opportunity
CONV005278,CUST003285,CAMP0172,2024-02-05,MQL
CONV005279,CUST004416,CAMP0132,2025-10-03,SQL
CONV005280,CUST000073,CAMP0058,2023-06-11,Opportunity
CONV005281,CUST005781,CAMP0211,2025-04-17,MQL
CONV005282,CUST000372,CAMP0102,31-10-2024,MQL
CONV005283,CUST008437,CAMP0192,2023-01-04,Opportunity
CONV005284,CUST009123,CAMP0134,29 Jun 2025,Customer
CONV005285,CUST003019,CAMP0133,2026-02-09,MQL
CONV005286,CUST001261,CAMP0090,2024-08-09,Opportunity
CONV005287,CUST007253,CAMP0169,2023-06-20,SQL
CONV005288,CUST002003,CAMP0097,10/02/2023,Lead
CONV005289,CUST001994,CAMP0079,2025-12-02,MQL
CONV005290,CUST006074,CAMP0070,25-07-2025,Lead
CONV005291,CUST004865,CAMP0213,2026-02-26,SQL
CONV005292,CUST002078,CAMP0137,15 May 2024,Lead
CONV005293,CUST007468,CAMP0117,2023-04-15,MQL
CONV005294,CUST007044,CAMP0013,2023-08-23,MQL
CONV005295,CUST002199,CAMP0039,2025-06-29,Customer
CONV005296,CUST009484,CAMP0062,2024-04-18,Opportunity
CONV005297,CUST005718,CAMP0043,2024-12-26,Lead
CONV005298,CUST009778,CAMP0072,2023-08-04,Customer
CONV005299,CUST002103,CAMP0128,2023-06-15,MQL
CONV005300,CUST002645,CAMP0105,2023-11-21,Lead
CONV005301,CUST001113,CAMP0210,2023-04-05,Lead
CONV005302,CUST003621,CAMP0059,05/12/2025,Opportunity
CONV005303,CUST007511,CAMP0051,28-06-2024,Opportunity
CONV005304,CUST007935,CAMP0196,03/30/2024,Lead
CONV005305,CUST005767,CAMP0002,,Opportunity
CONV005306,CUST000276,CAMP0113,08-02-2024,MQL
CONV005307,CUST008035,CAMP0124,09-08-2023,MQL
CONV005308,CUST001938,CAMP0066,2025-12-30,Lead
CONV005309,CUST002574,CAMP0109,2025-04-17,Opportunity
CONV005310,CUST004133,CAMP0141,2025-12-20,Opportunity
CONV005311,CUST009743,CAMP0016,16-11-2025,MQL
CONV005312,CUST007873,CAMP0026,07/17/2024,Lead
CONV005313,CUST003661,CAMP0172,2024-08-21,Customer
CONV005314,CUST002863,CAMP0074,2026-07-21,Lead
CONV005315,CUST002004,CAMP0113,28-11-2023,SQL
CONV005316,CUST004353,CAMP0001,,Lead
CONV005317,CUST000811,CAMP0063,2025-05-06,Customer
CONV005318,CUST007267,CAMP0143,19-05-2025,Lead
CONV005319,CUST005512,CAMP0139,2024-05-24,Opportunity
CONV005320,CUST009128,CAMP0082,2025-09-11,SQL
CONV005321,CUST000022,CAMP0088,01/21/2024,Lead
CONV005322,CUST004351,CAMP0213,2025-05-18,
CONV005323,CUST007861,CAMP0084,22 Mar 2023,Lead
CONV005324,CUST900041,CAMP0117,09-03-2023,SQL
CONV005325,CUST008638,CAMP0033,09/28/2025,Lead
CONV005326,CUST003089,CAMP0012,24-01-2023,SQL
CONV005327,CUST002163,CAMP0020,2024-03-18,Customer
CONV005328,CUST008684,CAMP0124,2023-10-29,Opportunity
CONV005329,CUST002156,CAMP0152,2024-01-30,Opportunity
CONV005330,CUST005272,CAMP0039,30 May 2025,Opportunity
CONV005331,CUST003663,CAMP0102,28-04-2023,MQL
CONV005332,CUST002311,CAMP0202,2026-04-05,Lead
CONV005333,CUST006061,CAMP0063,2024-03-18,SQL
CONV005334,CUST003345,CAMP0110,09 Jul 2025,SQL
CONV005335,CUST003643,CAMP0029,2024-11-26,SQL
CONV005336,CUST002971,CAMP0038,2025-12-11,Customer
CONV005337,CUST005637,CAMP0063,11/28/2025,Lead
CONV005338,CUST005370,CAMP0151,2025-05-29,Opportunity
CONV005339,CUST009788,CAMP0216,2025-02-20,Opportunity
CONV005340,CUST004043,CAMP0071,07/04/2025,SQL
CONV005341,CUST009936,CAMP0218,2023-08-20,Customer
CONV005342,CUST007075,CAMP0073,26-08-2025,MQL
CONV005343,CUST007317,CAMP0167,2024-11-15,Lead
CONV005344,CUST006989,CAMP0145,2025-12-04,Lead
CONV005345,CUST005202,CAMP0027,2025-04-06,SQL
CONV005346,CUST003952,CAMP0088,2024-08-25,SQL
CONV005347,CUST009379,CAMP0164,2024-03-28,Lead
CONV005348,CUST009806,CAMP0082,,Customer
CONV005349,CUST002629,CAMP0011,,Lead
CONV005350,CUST007307,CAMP0108,05-08-2025,Lead
CONV005351,CUST001654,CAMP0093,07/25/2026,MQL
CONV005352,CUST004278,CAMP0075,2025-10-14,Customer
CONV005353,CUST000482,CAMP0127,12/19/2025,Customer
CONV005354,CUST002184,CAMP0166,2023-09-19,Opportunity
CONV005355,CUST002782,CAMP0131,2023-04-07,MQL
CONV005356,CUST006421,CAMP0203,,MQL
CONV005357,CUST005064,CAMP0003,2024-09-20,SQL
CONV005358,CUST008618,CAMP0094,26 Jun 2025,Customer
CONV005359,CUST009551,CAMP0055,2023-04-12,Opportunity
CONV005360,CUST002194,CAMP0041,2024-10-26,Lead
CONV005361,CUST007014,CAMP0171,2023-07-23,MQL
CONV005362,CUST003808,CAMP0005,2025-07-25,SQL
CONV005363,CUST000275,CAMP0220,2023-11-02,MQL
CONV005364,CUST900014,CAMP0200,2026-02-25,SQL
CONV005365,CUST002939,CAMP0079,2026-04-20,Customer
CONV005366,CUST007202,CAMP0027,02/07/2026,Opportunity
CONV005367,CUST004369,CAMP0061,2024-05-02,SQL
CONV005368,CUST009797,CAMP0030,2026-02-05,MQL
CONV005369,CUST004310,CAMP0014,2023-12-30,MQL
CONV005370,CUST005102,CAMP0173,07/04/2025,Lead
CONV005371,CUST003500,CAMP0195,05/10/2023,SQL
CONV005372,CUST005454,CAMP0030,2025-03-27,MQL
CONV005373,CUST006267,CAMP0067,2026-05-19,Lead
CONV005374,CUST007156,CAMP0178,2025-08-22,Opportunity
CONV005375,CUST007788,CAMP0012,05-08-2023,Lead
CONV005376,CUST006214,CAMP0219,2024-03-02,SQL
CONV005377,CUST003279,CAMP0179,22-04-2026,SQL
CONV005378,CUST003084,CAMP0007,27-07-2025,MQL
CONV005379,CUST001976,CAMP0015,30-05-2025,Customer
CONV005380,CUST004995,CAMP0210,19-03-2024,
CONV005381,CUST002315,CAMP0015,08/30/2024,Opportunity
CONV005382,CUST007311,CAMP0206,2026-07-25,Opportunity
CONV005383,CUST009950,CAMP0042,,Customer
CONV005384,CUST007547,CAMP0209,07/11/2024,Customer
CONV005385,CUST004001,CAMP0142,29 Apr 2024,Opportunity
CONV005386,CUST008978,CAMP0066,2024-08-30,Opportunity
CONV005387,CUST009022,CAMP0219,2025-03-15,MQL
CONV005388,CUST001637,CAMP0042,2023-04-24,Opportunity
CONV005389,CUST007059,CAMP0111,30 Apr 2024,Lead
CONV005390,CUST002408,CAMP0173,28-09-2024,Lead
CONV005391,CUST004782,CAMP0135,2026-07-01,SQL
CONV005392,CUST009272,CAMP0142,2025-05-15,Customer
CONV005393,CUST001636,CAMP0198,21-03-2024,Customer
CONV005394,CUST007657,CAMP0083,12 Jan 2025,Opportunity
CONV005395,CUST000487,CAMP0037,2023-10-31,Opportunity
CONV005396,CUST002223,CAMP0025,2025-10-21,MQL
CONV005397,CUST005341,CAMP0036,02-06-2023,SQL
CONV005398,CUST000429,CAMP0091,24-11-2025,Opportunity
CONV005399,CUST002734,CAMP0217,20-06-2024,Lead
CONV005400,CUST009104,CAMP0176,09/24/2024,SQL
CONV005401,CUST002995,CAMP0180,28 Feb 2024,Customer
CONV005402,CUST002663,CAMP0023,12-04-2024,SQL
CONV005403,CUST000943,CAMP0166,13-03-2026,Opportunity
CONV005404,CUST003282,CAMP0151,2023-10-28,Opportunity
CONV005405,CUST005689,CAMP0099,2025-08-01,SQL
CONV005406,CUST001225,CAMP0151,2023-04-19,MQL
CONV005407,CUST006864,CAMP0017,07-01-2026,SQL
CONV005408,CUST009661,CAMP0056,18-05-2025,MQL
CONV005409,CUST000255,CAMP0019,24-06-2023,Customer
CONV005410,CUST003141,CAMP0155,05/22/2025,SQL
CONV005411,CUST008011,CAMP0099,2023-01-07,Lead
CONV005412,CUST003942,CAMP0054,,Customer
CONV005413,CUST006763,CAMP0208,09/25/2023,SQL
CONV005414,CUST004712,CAMP0176,26-11-2025,Lead
CONV005415,CUST005632,CAMP0032,2023-11-20,Lead
CONV005416,CUST007385,CAMP0098,2023-12-01,MQL
CONV005417,CUST004030,CAMP0027,2026-02-25,SQL
CONV005418,CUST007279,CAMP0144,2023-10-26,Lead
CONV005419,CUST005192,CAMP0123,2026-07-08,MQL
CONV005420,CUST006165,CAMP0051,2026-01-12,Opportunity
CONV005421,CUST007141,CAMP0148,2024-11-26,Opportunity
CONV005422,CUST005887,CAMP0143,2024-09-12,MQL
CONV005423,CUST009918,CAMP0060,19-12-2023,Customer
CONV005424,CUST002453,CAMP0013,04/11/2025,Customer
CONV005425,CUST000457,CAMP0162,,SQL
CONV005426,CUST009470,CAMP0181,,SQL
CONV005427,CUST007081,CAMP0186,2026-03-13,SQL
CONV005428,CUST004591,CAMP0068,2025-03-15,SQL
CONV005429,CUST007872,CAMP0090,2024-05-24,Opportunity
CONV005430,CUST009345,CAMP0182,10/10/2023,MQL
CONV005431,CUST006677,CAMP0163,28 Feb 2024,Opportunity
CONV005432,CUST007075,CAMP0136,10/21/2024,MQL
CONV005433,CUST009425,CAMP0094,2025-05-26,SQL
CONV005434,CUST009625,CAMP0076,2024-07-10,Opportunity
CONV005435,CUST000183,CAMP0205,2025-11-20,Opportunity
CONV005436,CUST007107,CAMP0082,2024-12-23,Opportunity
CONV005437,CUST002032,CAMP0109,,Customer
CONV005438,CUST007404,CAMP0151,2024-02-14,MQL
CONV005439,CUST003341,CAMP0138,2023-07-09,
CONV005440,CUST002039,CAMP0153,02/23/2024,SQL
CONV005441,CUST002487,CAMP0076,2024-10-29,Opportunity
CONV005442,CUST003346,CAMP0073,2026-04-13,Customer
CONV005443,CUST003604,CAMP0188,20-02-2026,SQL
CONV005444,CUST001999,CAMP0134,2025-03-15,SQL
CONV005445,CUST003603,CAMP0180,2023-03-16,Lead
CONV005446,CUST008210,CAMP0196,2025-08-02,Lead
CONV005447,CUST007191,CAMP0142,07/15/2025,Customer
CONV005448,CUST005142,CAMP0176,2026-06-09,Customer
CONV005449,CUST004187,CAMP0182,03 Mar 2024,Lead
CONV005450,CUST004724,CAMP0155,2023-09-03,SQL
CONV005451,CUST001911,CAMP0119,2023-12-11,SQL
CONV005452,CUST003927,CAMP0142,2026-05-06,Opportunity
CONV005453,CUST009115,CAMP0159,24-06-2023,SQL
CONV005454,CUST008997,CAMP0096,04/29/2023,MQL
CONV005455,CUST008240,CAMP0151,06-11-2025,MQL
CONV005456,CUST009961,CAMP0030,2025-03-12,Customer
CONV005457,CUST005351,CAMP0046,2023-06-01,MQL
CONV005458,CUST000788,CAMP0189,2025-02-17,Customer
CONV005459,CUST001415,CAMP0093,2024-10-29,SQL
CONV005460,CUST002614,CAMP0093,2023-02-07,Customer
CONV005461,CUST004863,CAMP0204,06/04/2024,Customer
CONV005462,CUST007119,CAMP0171,2025-01-01,MQL
CONV005463,CUST003795,CAMP0150,2025-12-15,Customer
CONV005464,CUST000467,CAMP0194,2023-05-06,Customer
CONV005465,CUST005320,CAMP0089,2025-09-25,Opportunity
CONV005466,CUST007451,CAMP0013,2025-02-06,Customer
CONV005467,CUST007698,CAMP0181,2023-04-07,Lead
CONV005468,CUST009866,CAMP0062,2023-10-12,SQL
CONV005469,CUST001762,CAMP0154,2024-09-28,Customer
CONV005470,CUST002964,CAMP0215,03/08/2025,Opportunity
CONV005471,CUST008074,CAMP0136,2024-04-22,MQL
CONV005472,CUST000718,CAMP0039,2026-01-05,Lead
CONV005473,CUST009056,CAMP0038,12/23/2025,Lead
CONV005474,CUST005786,CAMP0214,2025-04-21,Lead
CONV005475,CUST006697,CAMP0118,26-08-2023,Opportunity
CONV005476,CUST005570,CAMP0107,22-04-2023,Lead
CONV005477,CUST007664,CAMP0110,25-04-2025,SQL
CONV005478,CUST006993,CAMP0182,12-12-2024,SQL
CONV005479,CUST006783,CAMP0044,2024-03-22,SQL
CONV005480,CUST008453,CAMP0203,2024-12-01,SQL
CONV005481,CUST002938,CAMP0142,17 Jun 2024,Customer
CONV005482,CUST003809,CAMP0104,19-02-2026,Opportunity
CONV005483,CUST005995,CAMP0085,2024-03-31,Opportunity
CONV005484,CUST003437,CAMP0169,26-09-2023,Opportunity
CONV005485,CUST002338,CAMP0153,,SQL
CONV005486,CUST000242,CAMP0153,2024-04-09,Lead
CONV005487,CUST006142,CAMP0100,28 May 2025,Lead
CONV005488,CUST002266,CAMP0007,2025-05-31,Lead
CONV005489,CUST006195,CAMP0090,03/12/2024,Lead
CONV005490,CUST002665,CAMP0057,2024-07-09,Customer
CONV005491,CUST001180,CAMP0127,01-05-2023,Opportunity
CONV005492,CUST004061,CAMP0040,05/16/2024,Lead
CONV005493,CUST009334,CAMP0001,20-05-2024,Customer
CONV005494,CUST001860,CAMP0118,2023-09-02,Customer
CONV005495,CUST007864,CAMP0030,06-04-2025,Lead
CONV005496,CUST002187,CAMP0154,2024-04-21,Lead
CONV005497,CUST007451,CAMP0022,28-05-2023,Customer
CONV005498,CUST003446,CAMP0121,2023-10-12,SQL
CONV005499,CUST007369,CAMP0112,09-02-2026,SQL
CONV005500,CUST008213,CAMP0119,05/08/2025,Opportunity
CONV005501,CUST006522,CAMP0075,09/16/2025,SQL
CONV005502,CUST001544,CAMP0039,,SQL
CONV005503,CUST004997,CAMP0106,2023-05-28,MQL
CONV005504,CUST005809,CAMP0086,20-04-2025,Customer
CONV005505,CUST005825,CAMP0124,08-11-2025,Lead
CONV005506,CUST006668,CAMP0155,08-10-2023,Customer
CONV005507,CUST000094,CAMP0169,07/05/2024,MQL
CONV005508,CUST003601,CAMP0158,12-02-2026,Opportunity
CONV005509,CUST004592,CAMP0104,27-06-2026,Lead
CONV005510,CUST004535,CAMP0187,26-01-2026,Lead
CONV005511,CUST009036,CAMP0127,04/12/2023,Customer
CONV005512,CUST009343,CAMP0074,2023-02-10,MQL
CONV005513,CUST003777,CAMP0013,10/16/2023,MQL
CONV005514,CUST006334,CAMP0215,2025-05-28,Customer
CONV005515,CUST001672,CAMP0100,2025-10-23,Customer
CONV005516,CUST008106,CAMP0075,2025-12-11,SQL
CONV005517,CUST007618,CAMP0089,2024-02-03,MQL
CONV005518,CUST003619,CAMP0090,2023-11-26,SQL
CONV005519,CUST006532,CAMP0098,2025-06-01,Customer
CONV005520,CUST009103,CAMP0218,23-09-2025,SQL
CONV005521,CUST007655,CAMP0056,09-07-2024,Opportunity
CONV005522,CUST007910,CAMP0090,2024-08-31,Customer
CONV005523,CUST002052,CAMP0103,15-08-2023,Opportunity
CONV005524,CUST004246,CAMP0179,2026-03-17,Customer
CONV005525,CUST004291,CAMP0061,05-03-2026,SQL
CONV005526,CUST008536,CAMP0212,2023-07-07,Customer
CONV005527,CUST003417,CAMP0201,2024-10-24,Opportunity
CONV005528,CUST005434,CAMP0002,08/14/2024,MQL
CONV005529,CUST002805,CAMP0196,05/29/2023,Customer
CONV005530,CUST002164,CAMP0218,2024-02-14,MQL
CONV005531,CUST006951,CAMP0218,05/16/2026,Opportunity
CONV005532,CUST000938,CAMP0167,2023-12-31,Customer
CONV005533,CUST005249,CAMP0116,2023-01-22,MQL
CONV005534,CUST002861,CAMP0086,2025-06-21,Customer
CONV005535,CUST009511,CAMP0045,03/21/2025,Lead
CONV005536,CUST005317,CAMP0022,2026-04-08,Opportunity
CONV005537,CUST004376,CAMP0054,2024-04-12,Opportunity
CONV005538,CUST002476,CAMP0078,2025-09-20,Opportunity
CONV005539,CUST008278,CAMP0030,2025-10-31,SQL
CONV005540,CUST007102,CAMP0182,2023-01-31,MQL
CONV005541,CUST008072,CAMP0125,2026-06-20,MQL
CONV005542,CUST009789,CAMP0069,2025-10-16,Customer
CONV005543,CUST007236,CAMP0103,2026-06-11,Opportunity
CONV005544,CUST000157,CAMP0041,2024-12-28,SQL
CONV005545,CUST001570,CAMP0030,09-01-2025,
CONV005546,CUST000223,CAMP0119,2023-07-14,Customer
CONV005547,CUST007347,CAMP0020,17 Apr 2024,MQL
CONV005548,CUST009090,CAMP0170,2025-10-04,MQL
CONV005549,CUST006758,CAMP0027,02/18/2026,Customer
CONV005550,CUST009937,CAMP0083,2024-06-13,MQL
CONV005551,CUST001140,CAMP0089,2024-03-02,Lead
CONV005552,CUST005935,CAMP0052,2024-10-24,SQL
CONV005553,CUST005224,CAMP0219,2024-04-01,Customer
CONV005554,CUST008553,CAMP0205,2025-11-04,MQL
CONV005555,CUST007089,CAMP0165,,Opportunity
CONV005556,CUST001836,CAMP0174,01 Dec 2025,Opportunity
CONV005557,CUST005137,CAMP0205,2025-06-14,MQL
CONV005558,CUST006031,CAMP0023,2023-02-02,Opportunity
CONV005559,CUST009938,CAMP0168,02/06/2024,MQL
CONV005560,CUST008618,CAMP0027,2026-01-18,Lead
CONV005561,CUST002797,CAMP0083,2025-08-12,Lead
CONV005562,CUST000872,CAMP0212,20-04-2026,SQL
CONV005563,CUST009185,CAMP0004,2025-11-24,MQL
CONV005564,CUST005965,CAMP0110,2026-03-13,SQL
CONV005565,CUST003794,CAMP0117,2025-06-05,Customer
CONV005566,CUST003574,CAMP0194,2025-10-29,Lead
CONV005567,CUST006300,CAMP0158,2024-08-02,Customer
CONV005568,CUST009312,CAMP0173,2025-02-12,Customer
CONV005569,CUST004506,CAMP0144,,MQL
CONV005570,CUST001815,CAMP0126,15 Mar 2025,Opportunity
CONV005571,CUST004485,CAMP0133,18-07-2024,MQL
CONV005572,CUST007534,CAMP0177,2024-05-23,MQL
CONV005573,CUST005801,CAMP0138,03/28/2026,MQL
CONV005574,CUST008710,CAMP0189,2025-12-20,Opportunity
CONV005575,CUST005609,CAMP0037,2025-12-30,MQL
CONV005576,CUST007229,CAMP0074,23-07-2024,
CONV005577,CUST001377,CAMP0162,2025-02-28,Lead
CONV005578,CUST009626,CAMP0163,2026-05-04,Customer
CONV005579,CUST001329,CAMP0003,2023-03-30,Opportunity
CONV005580,CUST003216,CAMP0173,11-02-2026,Customer
CONV005581,CUST009538,CAMP0198,2023-11-24,MQL
CONV005582,CUST006991,CAMP0187,2026-04-02,SQL
CONV005583,CUST006380,CAMP0114,03-04-2023,Lead
CONV005584,CUST005324,CAMP0186,2025-03-09,Lead
CONV005585,CUST004548,CAMP0127,2026-03-02,Customer
CONV005586,CUST003449,CAMP0072,2025-11-29,Lead
CONV005587,CUST008136,CAMP0140,26-10-2025,Customer
CONV005588,CUST008198,CAMP0022,2023-12-26,Lead
CONV005589,CUST004741,CAMP0094,2025-12-07,SQL
CONV005590,CUST004760,CAMP0133,2025-12-02,Lead
CONV005591,CUST007651,CAMP0020,2023-07-28,SQL
CONV005592,CUST001498,CAMP0058,2023-03-05,SQL
CONV005593,CUST002392,CAMP0016,2024-12-21,Customer
CONV005594,CUST005945,CAMP0115,2024-01-30,Lead
CONV005595,CUST009105,CAMP0031,04/13/2026,Opportunity
CONV005596,CUST005561,CAMP0018,,MQL
CONV005597,CUST003993,CAMP0004,2026-03-18,
CONV005598,CUST006757,CAMP0098,26 Aug 2023,SQL
CONV005599,CUST008931,CAMP0166,16 Jan 2023,
CONV005600,CUST003095,CAMP0120,11/12/2023,Lead
CONV005601,CUST008350,CAMP0141,07/14/2024,SQL
CONV005602,CUST005868,CAMP0028,14-02-2024,SQL
CONV005603,CUST007225,CAMP0095,2026-03-05,Lead
CONV005604,CUST003839,CAMP0041,2023-05-23,Lead
CONV005605,CUST003903,CAMP0128,2024-07-26,Lead
CONV005606,CUST003883,CAMP0003,2023-05-06,Opportunity
CONV005607,CUST005063,CAMP0197,,Lead
CONV005608,CUST003691,CAMP0178,2023-05-17,MQL
CONV005609,CUST006773,CAMP0178,19-12-2024,MQL
CONV005610,CUST002184,CAMP0032,03/06/2026,Customer
CONV005611,CUST004813,CAMP0097,2023-09-19,Opportunity
CONV005612,CUST006416,CAMP0147,2026-07-28,Opportunity
CONV005613,CUST001861,CAMP0166,12 Mar 2023,Customer
CONV005614,CUST007659,CAMP0023,2025-06-10,Opportunity
CONV005615,CUST004950,CAMP0201,2025-12-29,Customer
CONV005616,CUST001504,CAMP0190,2025-03-08,SQL
CONV005617,CUST001131,CAMP0070,2024-02-22,MQL
CONV005618,CUST003500,CAMP0020,01/20/2025,
CONV005619,CUST009345,CAMP0110,2024-03-02,Customer
CONV005620,CUST005418,CAMP0135,2026-03-15,Opportunity
CONV005621,CUST005387,CAMP0149,11-03-2026,Customer
CONV005622,CUST001423,CAMP0108,2024-08-15,SQL
CONV005623,CUST003548,CAMP0116,09/23/2024,
CONV005624,CUST004862,CAMP0116,2024-08-08,SQL
CONV005625,CUST006698,CAMP0038,2023-08-07,MQL
CONV005626,CUST005542,CAMP0011,13-02-2023,Customer
CONV005627,CUST003656,CAMP0152,,Customer
CONV005628,CUST007435,CAMP0159,07/03/2025,Lead
CONV005629,CUST000905,CAMP0017,2025-12-18,SQL
CONV005630,CUST007366,CAMP0016,,MQL
CONV005631,CUST005886,CAMP0002,2025-01-25,Lead
CONV005632,CUST000038,CAMP0010,2023-05-20,Customer
CONV005633,CUST003872,CAMP0154,2023-08-08,SQL
CONV005634,CUST009074,CAMP0107,25-12-2024,SQL
CONV005635,CUST005930,CAMP0183,2025-08-25,
CONV005636,CUST009842,CAMP0146,2024-09-25,Customer
CONV005637,CUST004221,CAMP0007,09-08-2023,Opportunity
CONV005638,CUST008555,CAMP0134,2025-06-20,Lead
CONV005639,CUST009201,CAMP0116,2024-07-11,MQL
CONV005640,CUST006776,CAMP0067,2024-11-30,MQL
CONV005641,CUST004579,CAMP0184,11 Feb 2024,Customer
CONV005642,CUST007083,CAMP0049,2024-09-09,SQL
CONV005643,CUST009487,CAMP0115,07-06-2023,SQL
CONV005644,CUST009594,CAMP0057,2023-10-15,Customer
CONV005645,CUST008546,CAMP0109,22 Oct 2024,Customer
CONV005646,CUST006606,CAMP0077,30-06-2024,SQL
CONV005647,CUST004869,CAMP0100,13-04-2025,Customer
CONV005648,CUST000778,CAMP0199,14-11-2025,Lead
CONV005649,CUST008407,CAMP0048,01/22/2025,MQL
CONV005650,CUST007476,CAMP0083,08-05-2026,Opportunity
CONV005651,CUST009215,CAMP0070,2026-06-13,MQL
CONV005652,CUST006522,CAMP0019,07/27/2024,MQL
CONV005653,CUST004537,CAMP0106,2023-03-19,MQL
CONV005654,CUST004528,CAMP0125,,Customer
CONV005655,CUST003399,CAMP0013,10/12/2025,Lead
CONV005656,CUST009479,CAMP0111,2025-05-17,SQL
CONV005657,CUST005166,CAMP0213,2025-11-04,SQL
CONV005658,CUST005066,CAMP0057,28-02-2023,Customer
CONV005659,CUST006332,CAMP0157,22-10-2023,SQL
CONV005660,CUST006628,CAMP0176,,Customer
CONV005661,CUST004660,CAMP0059,2026-02-27,Lead
CONV005662,CUST002628,CAMP0022,2025-05-31,MQL
CONV005663,CUST000963,CAMP0195,24-08-2024,SQL
CONV005664,CUST007426,CAMP0041,2026-07-19,Opportunity
CONV005665,CUST005563,CAMP0169,2023-01-14,Lead
CONV005666,CUST009892,CAMP0065,19-09-2025,MQL
CONV005667,CUST002302,CAMP0075,12/30/2025,SQL
CONV005668,CUST005995,CAMP0179,2023-05-02,Lead
CONV005669,CUST005802,CAMP0220,2026-03-25,Lead
CONV005670,CUST003704,CAMP0158,2026-07-09,
CONV005671,CUST006584,CAMP0144,,MQL
CONV005672,CUST004650,CAMP0105,2023-02-06,Customer
CONV005673,CUST009164,CAMP0019,2026-02-27,Lead
CONV005674,CUST007767,CAMP0130,18-06-2025,Customer
CONV005675,CUST000805,CAMP0064,2024-09-26,
CONV005676,CUST007305,CAMP0174,2025-04-30,Opportunity
CONV005677,CUST008349,CAMP0159,2024-05-30,Lead
CONV005678,CUST007204,CAMP0133,12/06/2024,Customer
CONV005679,CUST001292,CAMP0174,15-06-2024,Opportunity
CONV005680,CUST004307,CAMP0125,2023-12-14,MQL
CONV005681,CUST004572,CAMP0176,02/26/2025,Customer
CONV005682,CUST002512,CAMP0191,2025-04-22,Customer
CONV005683,CUST009870,CAMP0209,10-07-2025,MQL
CONV005684,CUST000324,CAMP0108,08-06-2026,Lead
CONV005685,CUST007092,CAMP0030,,Opportunity
CONV005686,CUST009814,CAMP0172,2025-03-20,MQL
CONV005687,CUST001963,CAMP0162,11-09-2024,Opportunity
CONV005688,CUST007855,CAMP0192,05-04-2025,Customer
CONV005689,CUST006317,CAMP0068,2026-01-08,Customer
CONV005690,CUST007036,CAMP0220,2026-04-17,SQL
CONV005691,CUST003939,CAMP0010,25-10-2025,Lead
CONV005692,CUST006879,CAMP0065,2025-06-14,Lead
CONV005693,CUST009558,CAMP0162,2024-07-04,Customer
CONV005694,CUST003420,CAMP0006,05-10-2025,Lead
CONV005695,CUST000559,CAMP0152,2024-02-15,MQL
CONV005696,CUST900044,CAMP0218,01/02/2023,Opportunity
CONV005697,CUST003320,CAMP0057,01-06-2026,SQL
CONV005698,CUST003527,CAMP0188,11/07/2024,MQL
CONV005699,CUST002092,CAMP0116,2025-10-07,Customer
CONV005700,CUST008738,CAMP0109,2025-10-15,Opportunity
CONV005701,CUST004659,CAMP0137,2023-11-13,Lead
CONV005702,CUST002390,CAMP0155,2024-06-26,Opportunity
CONV005703,CUST006476,CAMP0020,2026-04-06,SQL
CONV005704,CUST007267,CAMP0045,16-12-2025,Opportunity
CONV005705,CUST001809,CAMP0020,2023-10-02,Lead
CONV005706,CUST005660,CAMP0079,2026-05-11,MQL
CONV005707,CUST001497,CAMP0108,2023-03-14,SQL
CONV005708,CUST000881,CAMP0030,,SQL
CONV005709,CUST008220,CAMP0063,2024-05-22,MQL
CONV005710,CUST008594,CAMP0197,2024-09-21,SQL
CONV005711,CUST008531,CAMP0175,01/19/2023,Opportunity
CONV005712,CUST008992,CAMP0123,2023-11-03,Customer
CONV005713,CUST002117,CAMP0213,2024-07-22,Customer
CONV005714,CUST008773,CAMP0125,28-06-2026,Opportunity
CONV005715,CUST005262,CAMP0104,01/27/2026,SQL
CONV005716,CUST000025,CAMP0190,2023-08-19,Customer
CONV005717,CUST001781,CAMP0206,07/06/2023,Customer
CONV005718,CUST005252,CAMP0092,2025-08-01,MQL
CONV005719,CUST005405,CAMP0030,2026-03-30,MQL
CONV005720,CUST003563,CAMP0181,28-12-2024,Lead
CONV005721,CUST007775,CAMP0167,07/14/2023,MQL
CONV005722,CUST005640,CAMP0156,2026-02-17,SQL
CONV005723,CUST005425,CAMP0216,2024-05-16,Lead
CONV005724,CUST007862,CAMP0153,2025-01-11,Opportunity
CONV005725,CUST008906,CAMP0187,03-06-2025,MQL
CONV005726,CUST003210,CAMP0173,15-04-2023,Customer
CONV005727,CUST008308,CAMP0149,2024-06-05,Lead
CONV005728,CUST005098,CAMP0032,20 Feb 2025,Customer
CONV005729,CUST005443,CAMP0041,03-09-2024,Opportunity
CONV005730,CUST008734,CAMP0057,2023-09-07,Lead
CONV005731,CUST001330,CAMP0153,07/11/2023,MQL
CONV005732,CUST007333,CAMP0135,2024-04-30,Customer
CONV005733,CUST006632,CAMP0199,2026-02-04,Customer
CONV005734,CUST008699,CAMP0017,2023-11-01,Customer
CONV005735,CUST004263,CAMP0011,2026-03-25,SQL
CONV005736,CUST005072,CAMP0001,2026-06-29,SQL
CONV005737,CUST006096,CAMP0060,2023-05-22,Opportunity
CONV005738,CUST005059,CAMP0194,2024-10-22,Opportunity
CONV005739,CUST008739,CAMP0132,2025-02-22,Lead
CONV005740,CUST002434,CAMP0035,2023-11-05,MQL
CONV005741,CUST004323,CAMP0028,2024-10-04,Opportunity
CONV005742,CUST008129,CAMP0048,08/10/2025,Opportunity
CONV005743,CUST006205,CAMP0025,,MQL
CONV005744,CUST001912,CAMP0217,15-07-2023,Lead
CONV005745,CUST002502,CAMP0107,2025-07-25,Customer
CONV005746,CUST004085,CAMP0122,10/05/2025,SQL
CONV005747,CUST009753,CAMP0109,01-04-2026,Opportunity
CONV005748,CUST001490,CAMP0087,30-12-2024,Lead
CONV005749,CUST005946,CAMP0162,05/09/2023,MQL
CONV005750,CUST008353,CAMP0109,2024-06-11,Lead
CONV005751,CUST000026,CAMP0014,2024-03-26,Opportunity
CONV005752,CUST004966,CAMP0133,04/11/2025,MQL
CONV005753,CUST001929,CAMP0044,02-12-2024,Lead
CONV005754,CUST004880,CAMP0096,2025-12-03,
CONV005755,CUST007345,CAMP0065,06/01/2025,Customer
CONV005756,CUST008354,CAMP0078,2023-11-20,Opportunity
CONV005757,CUST900022,CAMP0006,2025-04-15,Customer
CONV005758,CUST002785,CAMP0116,2025-07-30,Customer
CONV005759,CUST001281,CAMP0113,2023-03-30,SQL
CONV005760,CUST004242,CAMP0077,2026-01-19,Lead
CONV005761,CUST009893,CAMP0016,2026-02-04,Opportunity
CONV005762,CUST003411,CAMP0007,08-06-2026,Customer
CONV005763,CUST005903,CAMP0068,2023-10-13,Lead
CONV005764,CUST008384,CAMP0047,2023-07-23,MQL
CONV005765,CUST003156,CAMP0054,2025-12-05,Customer
CONV005766,CUST003739,CAMP0117,26-01-2025,Lead
CONV005767,CUST000968,CAMP0002,,Customer
CONV005768,CUST003712,CAMP0087,2024-04-27,Opportunity
CONV005769,CUST007063,CAMP0108,2026-03-14,SQL
CONV005770,CUST005246,CAMP0057,03/23/2025,SQL
CONV005771,CUST008522,CAMP0113,17-02-2024,Lead
CONV005772,CUST004530,CAMP0091,2026-02-19,Opportunity
CONV005773,CUST002633,CAMP0109,03/26/2026,SQL
CONV005774,CUST003043,CAMP0205,06/16/2023,Lead
CONV005775,CUST008631,CAMP0050,,Lead
CONV005776,CUST006889,CAMP0167,2024-09-04,Lead
CONV005777,CUST000390,CAMP0125,2023-02-14,Opportunity
CONV005778,CUST000578,CAMP0124,2024-06-25,MQL
CONV005779,CUST001174,CAMP0117,2023-03-23,MQL
CONV005780,CUST008551,CAMP0132,2023-02-13,SQL
CONV005781,CUST001211,CAMP0078,31-12-2025,
CONV005782,CUST000583,CAMP0180,2023-02-19,Customer
CONV005783,CUST009388,CAMP0079,2024-02-14,SQL
CONV005784,CUST009276,CAMP0002,2023-03-26,Opportunity
CONV005785,CUST004955,CAMP0145,06/25/2026,Opportunity
CONV005786,CUST003914,CAMP0136,2023-02-17,Lead
CONV005787,CUST009870,CAMP0083,26-04-2024,Opportunity
CONV005788,CUST008416,CAMP0004,2023-11-16,Lead
CONV005789,CUST003305,CAMP0056,06/25/2023,Opportunity
CONV005790,CUST003845,CAMP0173,2025-12-12,Lead
CONV005791,CUST000982,CAMP0002,2023-01-31,MQL
CONV005792,CUST002680,CAMP0182,2023-07-27,Opportunity
CONV005793,CUST009702,CAMP0049,2023-07-19,Customer
CONV005794,CUST004590,CAMP0070,04/10/2024,Opportunity
CONV005795,CUST005486,CAMP0021,09/18/2024,SQL
CONV005796,CUST008421,CAMP0105,2025-01-27,SQL
CONV005797,CUST001335,CAMP0193,06/10/2025,MQL
CONV005798,CUST008426,CAMP0015,2024-07-21,Lead
CONV005799,CUST002636,CAMP0190,2025-10-03,Lead
CONV005800,CUST004815,CAMP0038,2023-01-03,Opportunity
CONV005801,CUST007001,CAMP0001,2025-02-04,Opportunity
CONV005802,CUST005317,CAMP0109,2024-09-14,Customer
CONV005803,CUST009810,CAMP0111,11/06/2025,Lead
CONV005804,CUST003774,CAMP0206,2026-07-31,MQL
CONV005805,CUST001956,CAMP0155,2026-03-10,Lead
CONV005806,CUST009071,CAMP0054,2025-09-16,Customer
CONV005807,CUST009253,CAMP0143,,MQL
CONV005808,CUST007731,CAMP0088,25 Jan 2026,SQL
CONV005809,CUST003507,CAMP0005,09/17/2024,SQL
CONV005810,CUST007038,CAMP0218,,SQL
CONV005811,CUST006821,CAMP0204,2024-03-24,Opportunity
CONV005812,CUST003912,CAMP0075,2025-04-19,Lead
CONV005813,CUST007522,CAMP0158,2023-02-28,Customer
CONV005814,CUST005850,CAMP0083,2023-04-06,Customer
CONV005815,CUST002721,CAMP0032,2025-04-09,SQL
CONV005816,CUST005119,CAMP0089,2025-04-22,MQL
CONV005817,CUST003374,CAMP0044,21-07-2025,Lead
CONV005818,CUST000361,CAMP0207,21-07-2024,Opportunity
CONV005819,CUST005769,CAMP0098,17-01-2024,Opportunity
CONV005820,CUST002072,CAMP0009,2023-06-16,SQL
CONV005821,CUST005237,CAMP0212,2023-10-29,MQL
CONV005822,CUST008624,CAMP0166,,Lead
CONV005823,CUST004030,CAMP0020,,Opportunity
CONV005824,CUST000910,CAMP0020,2025-09-21,Lead
CONV005825,CUST000505,CAMP0205,2025-04-27,Lead
CONV005826,CUST001111,CAMP0140,10/22/2023,Lead
CONV005827,CUST009533,CAMP0003,2023-05-25,Customer
CONV005828,CUST003366,CAMP0069,2024-01-12,SQL
CONV005829,CUST009783,CAMP0202,05/29/2026,MQL
CONV005830,CUST009227,CAMP0184,2025-09-20,Opportunity
CONV005831,CUST002266,CAMP0106,2023-01-01,Lead
CONV005832,CUST001503,CAMP0052,07/27/2026,Opportunity
CONV005833,CUST008133,CAMP0200,,Opportunity
CONV005834,CUST006515,CAMP0072,07/11/2023,Customer
CONV005835,CUST005402,CAMP0139,24 Sep 2025,
CONV005836,CUST002233,CAMP0164,2024-01-30,Opportunity
CONV005837,CUST008255,CAMP0165,01-11-2023,SQL
CONV005838,CUST005626,CAMP0214,2024-12-24,SQL
CONV005839,CUST007272,CAMP0002,2026-07-02,Lead
CONV005840,CUST007457,CAMP0094,03/27/2024,MQL
CONV005841,CUST004945,CAMP0219,2023-01-28,Opportunity
CONV005842,CUST005161,CAMP0155,2025-01-15,Customer
CONV005843,CUST009667,CAMP0044,01-12-2024,SQL
CONV005844,CUST004087,CAMP0191,18-08-2023,MQL
CONV005845,CUST006067,CAMP0141,2025-02-26,Customer
CONV005846,CUST005165,CAMP0193,2026-06-28,Opportunity
CONV005847,CUST000095,CAMP0158,2025-01-23,MQL
CONV005848,CUST009984,CAMP0022,02-07-2026,MQL
CONV005849,CUST009074,CAMP0172,28 Mar 2025,SQL
CONV005850,CUST008484,CAMP0220,13-06-2026,Customer
CONV005851,CUST006646,CAMP0179,2026-07-07,Customer
CONV005852,CUST009644,CAMP0124,17-01-2026,Customer
CONV005853,CUST001375,CAMP0154,16-06-2025,Opportunity
CONV005854,CUST008956,CAMP0206,13-09-2025,Lead
CONV005855,CUST009955,CAMP0035,27-05-2026,SQL
CONV005856,CUST004182,CAMP0061,01/25/2023,Opportunity
CONV005857,CUST008847,CAMP0048,2024-10-08,MQL
CONV005858,CUST004073,CAMP0025,2024-06-25,MQL
CONV005859,CUST009348,CAMP0133,2023-01-13,MQL
CONV005860,CUST009387,CAMP0110,02/12/2023,Customer
CONV005861,CUST002014,CAMP0193,2025-02-01,Lead
CONV005862,CUST009763,CAMP0041,03-10-2023,Lead
CONV005863,CUST007969,CAMP0055,07/22/2024,Customer
CONV005864,CUST005948,CAMP0011,03/29/2025,Customer
CONV005865,CUST007081,CAMP0062,01/14/2026,Lead
CONV005866,CUST000330,CAMP0134,03-03-2025,SQL
CONV005867,CUST009520,CAMP0008,14 Feb 2025,Opportunity
CONV005868,CUST006449,CAMP0072,2025-10-07,Customer
CONV005869,CUST005503,CAMP0138,2024-01-31,Customer
CONV005870,CUST002845,CAMP0059,08-04-2023,Customer
CONV005871,CUST005585,CAMP0140,24-09-2023,Lead
CONV005872,CUST008064,CAMP0030,2025-02-18,SQL
CONV005873,CUST001074,CAMP0165,2023-12-06,Lead
CONV005874,CUST006931,CAMP0170,10/30/2023,MQL
CONV005875,CUST008395,CAMP0023,28-10-2025,SQL
CONV005876,CUST008612,CAMP0106,2026-02-26,Opportunity
CONV005877,CUST005632,CAMP0155,12/25/2024,Customer
CONV005878,CUST002289,CAMP0065,2024-11-01,SQL
CONV005879,CUST005051,CAMP0118,2025-11-08,Opportunity
CONV005880,CUST003132,CAMP0092,05/08/2026,Customer
CONV005881,CUST003482,CAMP0077,2024-01-18,Lead
CONV005882,CUST006187,CAMP0190,2023-05-08,Lead
CONV005883,CUST007825,CAMP0115,2026-06-21,Lead
CONV005884,CUST007325,CAMP0213,2025-07-12,Customer
CONV005885,CUST007143,CAMP0205,2024-12-08,MQL
CONV005886,CUST003924,CAMP0043,2025-08-19,Opportunity
CONV005887,CUST002261,CAMP0152,2024-01-24,Customer
CONV005888,CUST009379,CAMP0159,23-04-2025,SQL
CONV005889,CUST005164,CAMP0049,06/09/2026,Opportunity
CONV005890,CUST006104,CAMP0037,2026-03-08,Customer
CONV005891,CUST003030,CAMP0168,2023-06-17,Opportunity
CONV005892,CUST008519,CAMP0173,2026-02-02,Customer
CONV005893,CUST002824,CAMP0200,20 Feb 2023,Opportunity
CONV005894,CUST008689,CAMP0168,24-02-2023,Customer
CONV005895,CUST008757,CAMP0025,2026-03-08,Lead
CONV005896,CUST005807,CAMP0194,2026-06-03,SQL
CONV005897,CUST006782,CAMP0179,2025-09-01,Opportunity
CONV005898,CUST002755,CAMP0017,2023-09-02,Customer
CONV005899,CUST002784,CAMP0186,12/20/2023,MQL
CONV005900,CUST001383,CAMP0123,2026-02-05,SQL
CONV005901,CUST008650,CAMP0007,02/19/2026,Opportunity
CONV005902,CUST005949,CAMP0063,23-01-2026,Customer
CONV005903,CUST009445,CAMP0162,2023-05-19,Customer
CONV005904,CUST006963,CAMP0203,2026-03-09,MQL
CONV005905,CUST007528,CAMP0130,2025-07-17,MQL
CONV005906,CUST007768,CAMP0166,2024-01-24,SQL
CONV005907,CUST002933,CAMP0134,05/04/2024,SQL
CONV005908,CUST001065,CAMP0188,19-12-2023,SQL
CONV005909,CUST002960,CAMP0133,2025-03-31,MQL
CONV005910,CUST007871,CAMP0145,2025-09-28,MQL
CONV005911,CUST002205,CAMP0133,2026-03-17,SQL
CONV005912,CUST000713,CAMP0073,26 Aug 2025,SQL
CONV005913,CUST009530,CAMP0208,05/07/2026,SQL
CONV005914,CUST004105,CAMP0011,2023-09-04,Opportunity
CONV005915,CUST002691,CAMP0157,03-12-2025,Opportunity
CONV005916,CUST005665,CAMP0208,06/19/2025,Lead
CONV005917,CUST008755,CAMP0010,20-11-2025,Opportunity
CONV005918,CUST006332,CAMP0075,31-12-2025,SQL
CONV005919,CUST004464,CAMP0073,2025-06-19,Opportunity
CONV005920,CUST006670,CAMP0152,13-12-2025,Customer
CONV005921,CUST008243,CAMP0109,05/07/2024,
CONV005922,CUST008336,CAMP0187,2023-06-04,Customer
CONV005923,CUST006940,CAMP0025,2023-02-08,Lead
CONV005924,CUST005561,CAMP0102,07/31/2023,Opportunity
CONV005925,CUST008140,CAMP0034,2024-05-18,SQL
CONV005926,CUST002322,CAMP0149,2024-11-23,
CONV005927,CUST003610,CAMP0076,21-09-2025,Customer
CONV005928,CUST001808,CAMP0151,,Lead
CONV005929,CUST002197,CAMP0208,20-12-2024,MQL
CONV005930,CUST002068,CAMP0105,,SQL
CONV005931,CUST008330,CAMP0156,2023-12-09,Opportunity
CONV005932,CUST003721,CAMP0097,15-09-2024,Lead
CONV005933,CUST005314,CAMP0082,2025-03-11,Lead
CONV005934,CUST004395,CAMP0088,2024-06-21,MQL
CONV005935,CUST004444,CAMP0013,05/21/2023,Lead
CONV005936,CUST008011,CAMP0076,09/02/2024,Lead
CONV005937,CUST008675,CAMP0033,20-12-2024,Lead
CONV005938,CUST003657,CAMP0048,29-01-2023,SQL
CONV005939,CUST002715,CAMP0024,17-11-2023,Opportunity
CONV005940,CUST005262,CAMP0048,09-11-2025,Opportunity
CONV005941,CUST001708,CAMP0032,2023-07-31,Opportunity
CONV005942,CUST002674,CAMP0197,09/19/2023,Lead
CONV005943,CUST003199,CAMP0085,2025-09-11,Customer
CONV005944,CUST005982,CAMP0104,30-08-2024,Customer
CONV005945,CUST005135,CAMP0125,2023-09-14,SQL
CONV005946,CUST002099,CAMP0062,05 Sep 2025,Customer
CONV005947,CUST000575,CAMP0218,07/12/2025,Lead
CONV005948,CUST008310,CAMP0110,05/29/2024,SQL
CONV005949,CUST006704,CAMP0088,2024-07-31,MQL
CONV005950,CUST007027,CAMP0092,07-11-2024,Opportunity
CONV005951,CUST006680,CAMP0183,2023-08-12,Lead
CONV005952,CUST002485,CAMP0208,2025-10-07,Opportunity
CONV005953,CUST005004,CAMP0084,2023-06-22,Lead
CONV005954,CUST008666,CAMP0110,2023-05-05,SQL
CONV005955,CUST009128,CAMP0146,2024-08-26,
CONV005956,CUST001425,CAMP0112,2024-07-10,Lead
CONV005957,CUST003756,CAMP0193,2024-08-19,SQL
CONV005958,CUST007578,CAMP0086,2024-05-20,Opportunity
CONV005959,CUST008809,CAMP0101,2023-04-11,Lead
CONV005960,CUST004816,CAMP0125,2023-12-21,Lead
CONV005961,CUST003681,CAMP0029,09/01/2023,
CONV005962,CUST005651,CAMP0158,2023-10-08,Lead
CONV005963,CUST002410,CAMP0155,2023-01-10,MQL
CONV005964,CUST009527,CAMP0024,2024-11-14,Customer
CONV005965,CUST004909,CAMP0082,07/11/2024,Customer
CONV005966,CUST003897,CAMP0091,,SQL
CONV005967,CUST007076,CAMP0086,23 May 2026,Opportunity
CONV005968,CUST006253,CAMP0076,2024-01-01,MQL
CONV005969,CUST002690,CAMP0041,2025-12-20,Opportunity
CONV005970,CUST003207,CAMP0173,04-02-2025,SQL
CONV005971,CUST002404,CAMP0147,2024-08-03,Lead
CONV005972,CUST004168,CAMP0032,02-03-2024,Opportunity
CONV005973,CUST009345,CAMP0075,07/13/2025,MQL
CONV005974,CUST009120,CAMP0184,2024-11-28,MQL
CONV005975,CUST007673,CAMP0040,2024-06-02,Opportunity
CONV005976,CUST007025,CAMP0132,2026-04-02,MQL
CONV005977,CUST006100,CAMP0097,2026-05-21,Customer
CONV005978,CUST003865,CAMP0047,2025-10-25,SQL
CONV005979,CUST009530,CAMP0127,2025-05-06,Lead
CONV005980,CUST009760,CAMP0176,11/01/2025,MQL
CONV005981,CUST007823,CAMP0123,2025-11-16,Opportunity
CONV005982,CUST000384,CAMP0008,07/19/2024,Customer
CONV005983,CUST003014,CAMP0147,2023-09-01,Lead
CONV005984,CUST007273,CAMP0104,2024-10-12,MQL
CONV005985,CUST006963,CAMP0172,2025-05-22,SQL
CONV005986,CUST005334,CAMP0129,23-08-2025,Opportunity
CONV005987,CUST006991,CAMP0132,30-04-2025,MQL
CONV005988,CUST007973,CAMP0041,26-06-2026,Lead
CONV005989,CUST009895,CAMP0164,2024-07-14,Customer
CONV005990,CUST008603,CAMP0159,10-08-2025,Lead
CONV005991,CUST004567,CAMP0105,2023-04-07,MQL
CONV005992,CUST001859,CAMP0076,2024-07-31,Opportunity
CONV005993,CUST000617,CAMP0028,23-09-2024,Opportunity
CONV005994,CUST005172,CAMP0170,08-08-2025,Customer
CONV005995,CUST005269,CAMP0034,2026-04-21,Customer
CONV005996,CUST004687,CAMP0164,2025-01-06,SQL
CONV005997,CUST004110,CAMP0039,2025-12-31,
CONV005998,CUST009781,CAMP0022,2025-11-28,SQL
CONV005999,CUST000121,CAMP0089,04-09-2023,MQL
CONV006000,CUST008060,CAMP0053,2024-03-31,Opportunity
CONV006001,CUST000203,CAMP0122,2025-06-06,Opportunity
CONV006002,CUST002951,CAMP0138,2023-06-30,Customer
CONV006003,CUST000566,CAMP0151,02/17/2023,MQL
CONV006004,CUST000623,CAMP0013,2023-08-29,SQL
CONV006005,CUST007983,CAMP0019,28-06-2025,Lead
CONV006006,CUST002525,CAMP0124,2025-02-14,Lead
CONV006007,CUST002747,CAMP0031,2024-10-28,Lead
CONV006008,CUST000733,CAMP0126,2023-05-09,Opportunity
CONV006009,CUST009213,CAMP0067,2026-07-20,SQL
CONV006010,CUST007541,CAMP0165,26-03-2026,SQL
CONV006011,CUST006320,CAMP0088,2026-07-14,Customer
CONV006012,CUST008090,CAMP0046,2024-02-16,Opportunity
CONV006013,CUST008659,CAMP0047,2024-03-18,Opportunity
CONV006014,CUST004957,CAMP0095,,Opportunity
CONV006015,CUST000579,CAMP0010,20 Aug 2025,MQL
CONV006016,CUST004836,CAMP0015,10 Jun 2025,Lead
CONV006017,CUST006445,CAMP0007,2024-07-17,Opportunity
CONV006018,CUST008441,CAMP0111,2025-04-28,MQL
CONV006019,CUST007682,CAMP0127,11-12-2023,Customer
CONV006020,CUST004369,CAMP0026,2023-10-03,SQL
CONV006021,CUST007933,CAMP0122,15-11-2024,MQL
CONV006022,CUST006964,CAMP0181,2023-09-30,Customer
CONV006023,CUST001460,CAMP0117,,Opportunity
CONV006024,CUST000190,CAMP0109,2026-07-29,SQL
CONV006025,CUST004850,CAMP0202,03/13/2026,Lead
CONV006026,CUST008908,CAMP0209,2026-04-04,Opportunity
CONV006027,CUST004091,CAMP0152,2023-10-21,Lead
CONV006028,CUST001373,CAMP0190,12/25/2024,MQL
CONV006029,CUST000671,CAMP0036,,Opportunity
CONV006030,CUST008898,CAMP0198,2025-06-29,SQL
CONV006031,CUST008830,CAMP0165,2025-04-15,SQL
CONV006032,CUST003751,CAMP0133,10-05-2023,MQL
CONV006033,CUST003560,CAMP0119,01 Jul 2026,SQL
CONV006034,CUST004560,CAMP0196,2026-01-02,MQL
CONV006035,CUST000873,CAMP0181,07/04/2023,Customer
CONV006036,CUST002876,CAMP0006,18-03-2026,Customer
CONV006037,CUST004372,CAMP0069,2024-01-13,Lead
CONV006038,CUST000546,CAMP0148,03/04/2025,Opportunity
CONV006039,CUST007991,CAMP0073,2025-08-10,Opportunity
CONV006040,CUST005412,CAMP0214,02/07/2025,Opportunity
CONV006041,CUST009021,CAMP0002,09-09-2023,Customer
CONV006042,CUST003495,CAMP0154,19-05-2024,Lead
CONV006043,CUST002181,CAMP0165,22-10-2025,
CONV006044,CUST006747,CAMP0174,2026-03-21,MQL
CONV006045,CUST002093,CAMP0045,23 Feb 2023,MQL
CONV006046,CUST008324,CAMP0061,2025-01-06,Opportunity
CONV006047,CUST003744,CAMP0052,11/14/2024,SQL
CONV006048,CUST004032,CAMP0085,2025-06-17,MQL
CONV006049,CUST001843,CAMP0056,22-02-2026,Opportunity
CONV006050,CUST000923,CAMP0081,09-12-2024,Lead
CONV006051,CUST001209,CAMP0215,2024-08-11,SQL
CONV006052,CUST004598,CAMP0191,31-01-2025,Customer
CONV006053,CUST008107,CAMP0164,26 Dec 2023,Customer
CONV006054,CUST001807,CAMP0071,07-02-2025,SQL
CONV006055,CUST001656,CAMP0152,2023-02-23,SQL
CONV006056,CUST004611,CAMP0065,2023-10-12,Customer
CONV006057,CUST004780,CAMP0033,17-04-2025,MQL
CONV006058,CUST005054,CAMP0212,05-03-2025,SQL
CONV006059,CUST001299,CAMP0149,2024-04-23,Customer
CONV006060,CUST008251,CAMP0025,04/05/2025,SQL
CONV006061,CUST007138,CAMP0187,2026-07-12,SQL
CONV006062,CUST006067,CAMP0147,2025-11-04,Lead
CONV006063,CUST900050,CAMP0123,2024-01-03,SQL
CONV006064,CUST005415,CAMP0051,2024-03-13,SQL
CONV006065,CUST000365,CAMP0206,2026-03-16,SQL
CONV006066,CUST007344,CAMP0009,2024-05-22,SQL
CONV006067,CUST005124,CAMP0092,11-11-2025,MQL
CONV006068,CUST009056,CAMP0022,08/15/2025,SQL
CONV006069,CUST002134,CAMP0199,,Customer
CONV006070,CUST006058,CAMP0183,21-09-2024,Lead
CONV006071,CUST003809,CAMP0033,2024-01-13,Opportunity
CONV006072,CUST000274,CAMP0045,2025-07-09,MQL
CONV006073,CUST007700,CAMP0095,22-11-2023,Customer
CONV006074,CUST005579,CAMP0190,2025-04-15,Lead
CONV006075,CUST002989,CAMP0001,16-02-2023,Customer
CONV006076,CUST009547,CAMP0003,2024-09-24,MQL
CONV006077,CUST000716,CAMP0137,2026-06-18,Lead
CONV006078,CUST001116,CAMP0138,2025-12-15,Opportunity
CONV006079,CUST007072,CAMP0112,,SQL
CONV006080,CUST005709,CAMP0202,03-03-2025,Lead
CONV006081,CUST002774,CAMP0191,16 Nov 2025,MQL
CONV006082,CUST000008,CAMP0140,2023-03-12,Customer
CONV006083,CUST001436,CAMP0104,11/15/2025,MQL
CONV006084,CUST006403,CAMP0199,,Customer
CONV006085,CUST001031,CAMP0007,2023-12-16,Customer
CONV006086,CUST008451,CAMP0075,2025-03-07,Opportunity
CONV006087,CUST004889,CAMP0188,2025-05-15,Opportunity
CONV006088,CUST007829,CAMP0096,05 Mar 2025,Lead
CONV006089,CUST003809,CAMP0149,24-07-2024,Opportunity
CONV006090,CUST001320,CAMP0068,2026-07-21,Opportunity
CONV006091,CUST000008,CAMP0169,2023-12-24,Customer
CONV006092,CUST002851,CAMP0018,2025-08-17,Customer
CONV006093,CUST008806,CAMP0170,2024-03-19,Opportunity
CONV006094,CUST009742,CAMP0115,2024-02-22,SQL
CONV006095,CUST005479,CAMP0033,05/09/2026,Opportunity
CONV006096,CUST001001,CAMP0136,07-03-2026,MQL
CONV006097,CUST007484,CAMP0075,08/04/2023,Lead
CONV006098,CUST900016,CAMP0047,31-05-2025,Opportunity
CONV006099,CUST004347,CAMP0152,04/22/2023,MQL
CONV006100,CUST003716,CAMP0188,09/27/2023,Customer
CONV006101,CUST007997,CAMP0180,2023-05-01,MQL
CONV006102,CUST001875,CAMP0123,2024-03-27,SQL
CONV006103,CUST008278,CAMP0121,2026-05-29,Lead
CONV006104,CUST001229,CAMP0217,12/31/2024,MQL
CONV006105,CUST002319,CAMP0029,2023-08-29,Opportunity
CONV006106,CUST004546,CAMP0029,2025-03-17,SQL
CONV006107,CUST003835,CAMP0160,10/30/2023,SQL
CONV006108,CUST003207,CAMP0021,2023-08-27,Lead
CONV006109,CUST004128,CAMP0181,05-09-2025,SQL
CONV006110,CUST004584,CAMP0143,02-02-2023,Customer
CONV006111,CUST002816,CAMP0127,2024-11-06,Lead
CONV006112,CUST006185,CAMP0077,,SQL
CONV006113,CUST000398,CAMP0028,2024-05-07,Customer
CONV006114,CUST009455,CAMP0152,09/29/2024,Customer
CONV006115,CUST001523,CAMP0083,2024-04-14,SQL
CONV006116,CUST006270,CAMP0109,2026-01-17,Lead
CONV006117,CUST001304,CAMP0027,06/15/2026,SQL
CONV006118,CUST008320,CAMP0161,2024-07-14,Customer
CONV006119,CUST007449,CAMP0020,2025-03-14,Lead
CONV006120,CUST000145,CAMP0105,10/28/2024,Opportunity
CONV006121,CUST001999,CAMP0032,2026-07-24,SQL
CONV006122,CUST007040,CAMP0140,2023-02-02,SQL
CONV006123,CUST004090,CAMP0173,15 Jan 2025,MQL
CONV006124,CUST009618,CAMP0043,24 Sep 2023,Lead
CONV006125,CUST000236,CAMP0014,2023-06-14,Customer
CONV006126,CUST003879,CAMP0060,2024-03-05,Opportunity
CONV006127,CUST006426,CAMP0127,03-02-2024,SQL
CONV006128,CUST002303,CAMP0150,2025-01-18,SQL
CONV006129,CUST000366,CAMP0090,2025-04-12,MQL
CONV006130,CUST007142,CAMP0022,25-02-2023,Customer
CONV006131,CUST005424,CAMP0097,2024-03-05,MQL
CONV006132,CUST000792,CAMP0120,2024-02-03,Customer
CONV006133,CUST003433,CAMP0144,2024-02-08,Customer
CONV006134,CUST004524,CAMP0054,01/08/2025,Lead
CONV006135,CUST004440,CAMP0104,27-04-2023,MQL
CONV006136,CUST009208,CAMP0110,07-06-2024,Customer
CONV006137,CUST000911,CAMP0173,06/10/2026,Lead
CONV006138,CUST000300,CAMP0081,26-12-2023,Lead
CONV006139,CUST008647,CAMP0069,22-10-2025,Opportunity
CONV006140,CUST003057,CAMP0018,04-06-2025,SQL
CONV006141,CUST001015,CAMP0004,2025-03-30,SQL
CONV006142,CUST005197,CAMP0163,20-01-2023,Opportunity
CONV006143,CUST900032,CAMP0220,04-09-2023,Lead
CONV006144,CUST007397,CAMP0143,08/18/2025,Lead
CONV006145,CUST002565,CAMP0106,2025-05-26,Opportunity
CONV006146,CUST001731,CAMP0105,2026-07-13,Lead
CONV006147,CUST003058,CAMP0200,2025-01-05,Opportunity
CONV006148,CUST006802,CAMP0196,2025-09-30,SQL
CONV006149,CUST001716,CAMP0084,25-03-2026,Customer
CONV006150,CUST004802,CAMP0048,2024-12-28,Customer
CONV006151,CUST004155,CAMP0003,2024-11-13,Lead
CONV006152,CUST900033,CAMP0053,2023-12-06,Customer
CONV006153,CUST005601,CAMP0174,2024-05-31,Customer
CONV006154,CUST005633,CAMP0068,07/02/2026,SQL
CONV006155,CUST004251,CAMP0201,12/23/2024,SQL
CONV006156,CUST005870,CAMP0002,11/24/2023,Opportunity
CONV006157,CUST001815,CAMP0023,2026-02-27,Lead
CONV006158,CUST009031,CAMP0002,2025-04-27,Opportunity
CONV006159,CUST004232,CAMP0067,02-08-2024,SQL
CONV006160,CUST000640,CAMP0108,12/15/2023,SQL
CONV006161,CUST008359,CAMP0218,2024-12-05,Lead
CONV006162,CUST005888,CAMP0128,2026-05-27,SQL
CONV006163,CUST000455,CAMP0073,2023-10-11,MQL
CONV006164,CUST006397,CAMP0122,2023-01-14,MQL
CONV006165,CUST006589,CAMP0035,2026-06-05,Lead
CONV006166,CUST002658,CAMP0008,28-10-2023,MQL
CONV006167,CUST003457,CAMP0081,10/13/2025,Customer
CONV006168,CUST003294,CAMP0162,2026-01-12,Lead
CONV006169,CUST004245,CAMP0156,2023-03-06,Opportunity
CONV006170,CUST001782,CAMP0064,06-08-2024,SQL
CONV006171,CUST009326,CAMP0095,04-08-2023,Customer
CONV006172,CUST000057,CAMP0075,07/17/2025,MQL
CONV006173,CUST001275,CAMP0204,2024-05-20,Opportunity
CONV006174,CUST000382,CAMP0075,30-05-2024,Opportunity
CONV006175,CUST008497,CAMP0037,2025-03-19,MQL
CONV006176,CUST002585,CAMP0194,2024-10-10,MQL
CONV006177,CUST001303,CAMP0188,2025-04-21,SQL
CONV006178,CUST005218,CAMP0074,2024-11-27,SQL
CONV006179,CUST003661,CAMP0010,08-06-2026,Customer
CONV006180,CUST004459,CAMP0048,2025-08-19,Opportunity
CONV006181,CUST006399,CAMP0056,2025-04-07,SQL
CONV006182,CUST002861,CAMP0157,2024-10-29,Opportunity
CONV006183,CUST009858,CAMP0204,01/21/2023,Lead
CONV006184,CUST002840,CAMP0173,2024-12-27,SQL
CONV006185,CUST005619,CAMP0005,2023-03-28,MQL
CONV006186,CUST007913,CAMP0006,2025-08-12,Opportunity
CONV006187,CUST005658,CAMP0197,2025-07-21,Opportunity
CONV006188,CUST005372,CAMP0202,02/25/2023,SQL
CONV006189,CUST005672,CAMP0004,24 Jan 2023,Customer
CONV006190,CUST007623,CAMP0070,2024-08-25,Opportunity
CONV006191,CUST001391,CAMP0024,2025-07-18,MQL
CONV006192,CUST007202,CAMP0218,2023-10-14,Customer
CONV006193,CUST001057,CAMP0099,2026-06-07,Opportunity
CONV006194,CUST005144,CAMP0037,14-08-2025,MQL
CONV006195,CUST007071,CAMP0173,2025-06-23,MQL
CONV006196,CUST000772,CAMP0177,,Customer
CONV006197,CUST005739,CAMP0064,27-01-2025,MQL
CONV006198,CUST003727,CAMP0095,2026-03-28,Opportunity
CONV006199,CUST002727,CAMP0068,2023-08-29,Customer
CONV006200,CUST008709,CAMP0064,02-04-2025,Customer
CONV006201,CUST000622,CAMP0138,2025-12-10,Lead
CONV006202,CUST001677,CAMP0129,26-05-2023,MQL
CONV006203,CUST003175,CAMP0082,05/04/2023,Opportunity
CONV006204,CUST009387,CAMP0005,2024-05-27,MQL
CONV006205,CUST004394,CAMP0062,02/13/2023,Opportunity
CONV006206,CUST008090,CAMP0176,29-11-2025,MQL
CONV006207,CUST005189,CAMP0055,01/22/2025,Opportunity
CONV006208,CUST009761,CAMP0197,06/27/2025,SQL
CONV006209,CUST001968,CAMP0004,12 Aug 2025,Customer
CONV006210,CUST002415,CAMP0183,2025-12-20,SQL
CONV006211,CUST004503,CAMP0219,2023-08-12,SQL
CONV006212,CUST008550,CAMP0124,2023-12-03,Customer
CONV006213,CUST007594,CAMP0024,2026-01-02,MQL
CONV006214,CUST005395,CAMP0150,05-11-2025,SQL
CONV006215,CUST007650,CAMP0214,14 Jul 2026,Opportunity
CONV006216,CUST001659,CAMP0034,2023-09-28,Opportunity
CONV006217,CUST009141,CAMP0101,,SQL
CONV006218,CUST009803,CAMP0193,2025-07-28,
CONV006219,CUST004012,CAMP0148,02/26/2026,Opportunity
CONV006220,CUST003336,CAMP0215,,Customer
CONV006221,CUST002505,CAMP0207,2024-06-10,SQL
CONV006222,CUST006158,CAMP0163,07-08-2023,Lead
CONV006223,CUST002612,CAMP0213,2025-10-22,MQL
CONV006224,CUST002488,CAMP0145,2024-05-30,SQL
CONV006225,CUST008551,CAMP0060,23-03-2026,Lead
CONV006226,CUST000867,CAMP0071,2023-02-08,Lead
CONV006227,CUST007571,CAMP0119,2024-07-27,Opportunity
CONV006228,CUST000326,CAMP0112,05/23/2025,Lead
CONV006229,CUST003920,CAMP0121,20-02-2025,Lead
CONV006230,CUST001224,CAMP0213,06-05-2024,Lead
CONV006231,CUST004532,CAMP0036,2025-10-05,Opportunity
CONV006232,CUST002642,CAMP0060,2024-03-05,Customer
CONV006233,CUST002416,CAMP0167,04 Dec 2025,MQL
CONV006234,CUST005702,CAMP0180,2026-04-23,Customer
CONV006235,CUST009056,CAMP0032,2024-12-01,Customer
CONV006236,CUST004874,CAMP0046,11 Oct 2024,Lead
CONV006237,CUST000619,CAMP0154,,SQL
CONV006238,CUST002674,CAMP0212,2024-03-20,Opportunity
CONV006239,CUST007972,CAMP0006,2025-02-11,MQL
CONV006240,CUST007154,CAMP0182,2024-11-04,Customer
CONV006241,CUST002985,CAMP0024,24 Jul 2026,Lead
CONV006242,CUST008764,CAMP0160,2024-07-29,SQL
CONV006243,CUST009460,CAMP0209,05/06/2025,Lead
CONV006244,CUST009809,CAMP0115,09/02/2025,SQL
CONV006245,CUST003726,CAMP0175,14-02-2025,Customer
CONV006246,CUST001359,CAMP0177,2023-05-08,SQL
CONV006247,CUST007922,CAMP0106,2023-12-26,Opportunity
CONV006248,CUST007857,CAMP0146,2025-03-04,Lead
CONV006249,CUST003406,CAMP0196,,Customer
CONV006250,CUST002325,CAMP0027,08/29/2025,MQL
CONV006251,CUST001699,CAMP0050,29 Mar 2023,Lead
CONV006252,CUST003904,CAMP0042,07/23/2026,SQL
CONV006253,CUST000587,CAMP0219,2023-09-26,Lead
CONV006254,CUST004476,CAMP0068,2023-10-24,Lead
CONV006255,CUST006486,CAMP0020,2025-11-29,Customer
CONV006256,CUST004387,CAMP0138,2024-10-31,MQL
CONV006257,CUST004056,CAMP0192,2025-11-11,MQL
CONV006258,CUST007062,CAMP0028,18-05-2024,Opportunity
CONV006259,CUST001202,CAMP0096,2026-03-10,Lead
CONV006260,CUST007781,CAMP0195,12/24/2023,MQL
CONV006261,CUST009649,CAMP0090,2024-04-24,Customer
CONV006262,CUST002497,CAMP0073,29-04-2023,MQL
CONV006263,CUST002724,CAMP0013,2024-05-05,Lead
CONV006264,CUST000814,CAMP0183,29-01-2026,Lead
CONV006265,CUST008467,CAMP0076,01/22/2024,Lead
CONV006266,CUST007920,CAMP0114,02/02/2025,Customer
CONV006267,CUST009271,CAMP0091,2025-06-17,SQL
CONV006268,CUST009237,CAMP0098,2024-04-13,Customer
CONV006269,CUST000133,CAMP0057,14-07-2025,Customer
CONV006270,CUST008222,CAMP0220,09/20/2025,Opportunity
CONV006271,CUST003906,CAMP0201,2023-08-09,Opportunity
CONV006272,CUST008921,CAMP0024,10/27/2024,Customer
CONV006273,CUST005546,CAMP0159,2025-12-02,Customer
CONV006274,CUST007686,CAMP0026,,Lead
CONV006275,CUST007180,CAMP0109,,Lead
CONV006276,CUST004216,CAMP0198,2023-05-27,Opportunity
CONV006277,CUST009551,CAMP0103,2025-04-20,Customer
CONV006278,CUST006354,CAMP0181,2023-06-25,MQL
CONV006279,CUST003796,CAMP0209,03/10/2026,Customer
CONV006280,CUST003611,CAMP0187,17-01-2023,Opportunity
CONV006281,CUST002705,CAMP0041,2025-08-01,MQL
CONV006282,CUST006117,CAMP0152,2024-02-01,Customer
CONV006283,CUST009186,CAMP0013,2026-01-30,SQL
CONV006284,CUST007501,CAMP0012,2024-05-27,Lead
CONV006285,CUST000203,CAMP0122,2023-05-11,MQL
CONV006286,CUST002031,CAMP0203,20-03-2023,Lead
CONV006287,CUST004826,CAMP0180,09/25/2025,Opportunity
CONV006288,CUST002333,CAMP0100,2026-04-28,Customer
CONV006289,CUST003140,CAMP0005,08-07-2026,SQL
CONV006290,CUST006268,CAMP0088,2026-07-13,Lead
CONV006291,CUST001798,CAMP0166,06/03/2024,SQL
CONV006292,CUST009277,CAMP0129,2025-08-26,MQL
CONV006293,CUST003789,CAMP0185,02 Mar 2023,Customer
CONV006294,CUST008746,CAMP0110,,SQL
CONV006295,CUST002962,CAMP0156,2025-12-20,SQL
CONV006296,CUST008391,CAMP0186,2025-05-29,Customer
CONV006297,CUST009697,CAMP0134,2023-07-07,Customer
CONV006298,CUST000304,CAMP0049,2025-07-08,SQL
CONV006299,CUST009568,CAMP0195,,MQL
CONV006300,CUST002326,CAMP0069,2023-07-17,Lead
CONV006301,CUST005310,CAMP0097,26-10-2025,Opportunity
CONV006302,CUST005378,CAMP0194,18-08-2023,Opportunity
CONV006303,CUST008406,CAMP0162,2024-07-16,SQL
CONV006304,CUST006729,CAMP0154,26-12-2023,MQL
CONV006305,CUST007897,CAMP0037,17-10-2024,SQL
CONV006306,CUST002205,CAMP0123,2025-12-08,MQL
CONV006307,CUST007806,CAMP0147,2024-06-19,Lead
CONV006308,CUST009958,CAMP0051,2026-01-23,Lead
CONV006309,CUST003101,CAMP0127,2023-08-08,SQL
CONV006310,CUST005086,CAMP0094,25-06-2026,Opportunity
CONV006311,CUST006216,CAMP0132,06/06/2026,MQL
CONV006312,CUST000443,CAMP0012,13 Apr 2023,Lead
CONV006313,CUST001538,CAMP0090,2023-02-23,Lead
CONV006314,CUST003071,CAMP0175,16-11-2025,Lead
CONV006315,CUST008105,CAMP0040,08/12/2023,MQL
CONV006316,CUST007858,CAMP0153,2025-07-13,Customer
CONV006317,CUST004003,CAMP0097,2025-11-09,MQL
CONV006318,CUST001550,CAMP0220,2024-02-23,SQL
CONV006319,CUST008313,CAMP0027,17-12-2023,Lead
CONV006320,CUST006066,CAMP0078,24-09-2024,MQL
CONV006321,CUST002823,CAMP0080,2023-03-27,Lead
CONV006322,CUST001527,CAMP0003,07-02-2025,Opportunity
CONV006323,CUST001173,CAMP0007,2025-10-18,Lead
CONV006324,CUST004922,CAMP0049,2026-07-16,SQL
CONV006325,CUST009013,CAMP0086,2025-06-22,MQL
CONV006326,CUST007497,CAMP0036,2023-09-05,MQL
CONV006327,CUST008248,CAMP0175,2025-01-18,MQL
CONV006328,CUST002812,CAMP0194,17-10-2024,SQL
CONV006329,CUST002408,CAMP0126,10/21/2025,MQL
CONV006330,CUST009976,CAMP0152,01/09/2024,Opportunity
CONV006331,CUST002067,CAMP0044,2024-11-22,SQL
CONV006332,CUST008128,CAMP0073,05 Jul 2026,Customer
CONV006333,CUST009362,CAMP0200,08-09-2025,SQL
CONV006334,CUST001660,CAMP0026,,Lead
CONV006335,CUST004294,CAMP0112,13-10-2023,Customer
CONV006336,CUST006708,CAMP0212,03/12/2025,Lead
CONV006337,CUST001771,CAMP0025,2025-11-29,Lead
CONV006338,CUST009864,CAMP0090,2024-03-20,Lead
CONV006339,CUST001027,CAMP0098,2025-07-03,SQL
CONV006340,CUST008837,CAMP0012,2024-08-19,MQL
CONV006341,CUST005895,CAMP0039,2025-05-15,Lead
CONV006342,CUST005433,CAMP0220,13 Mar 2025,SQL
CONV006343,CUST000449,CAMP0024,02/23/2026,Customer
CONV006344,CUST001407,CAMP0132,15-04-2025,Opportunity
CONV006345,CUST005563,CAMP0002,2023-04-14,Customer
CONV006346,CUST002005,CAMP0022,2023-02-03,Customer
CONV006347,CUST003869,CAMP0167,2024-08-04,MQL
CONV006348,CUST008956,CAMP0063,2023-12-11,Lead
CONV006349,CUST002294,CAMP0045,2023-06-09,Lead
CONV006350,CUST008651,CAMP0166,2026-01-24,Opportunity
CONV006351,CUST008924,CAMP0185,2023-01-25,MQL
CONV006352,CUST001249,CAMP0021,,MQL
CONV006353,CUST008042,CAMP0019,11-12-2024,Lead
CONV006354,CUST008719,CAMP0057,,Lead
CONV006355,CUST002209,CAMP0091,07/20/2026,Lead
CONV006356,CUST001425,CAMP0168,2025-03-15,MQL
CONV006357,CUST000817,CAMP0162,06/23/2026,Customer
CONV006358,CUST002514,CAMP0051,2024-02-20,Lead
CONV006359,CUST007174,CAMP0122,2026-01-12,Customer
CONV006360,CUST008219,CAMP0187,2024-07-02,Customer
CONV006361,CUST006239,CAMP0075,2024-09-01,Opportunity
CONV006362,CUST001326,CAMP0114,2025-05-05,Lead
CONV006363,CUST002052,CAMP0184,2026-07-31,Lead
CONV006364,CUST000636,CAMP0101,2025-12-16,MQL
CONV006365,CUST003620,CAMP0067,2026-04-13,Opportunity
CONV006366,CUST000998,CAMP0117,07/16/2026,Lead
CONV006367,CUST005201,CAMP0121,2026-01-28,SQL
CONV006368,CUST002547,CAMP0193,02/20/2026,Customer
CONV006369,CUST008718,CAMP0181,21-09-2025,Lead
CONV006370,CUST007890,CAMP0027,2024-07-01,Customer
CONV006371,CUST008439,CAMP0188,12 Nov 2025,MQL
CONV006372,CUST005566,CAMP0066,2026-02-10,Lead
CONV006373,CUST008877,CAMP0192,2025-03-23,Customer
CONV006374,CUST000327,CAMP0157,06/10/2025,Opportunity
CONV006375,CUST004083,CAMP0132,09/19/2025,SQL
CONV006376,CUST000832,CAMP0123,2024-07-22,Customer
CONV006377,CUST007208,CAMP0138,2026-07-20,Customer
CONV006378,CUST003750,CAMP0106,29-10-2023,Lead
CONV006379,CUST009846,CAMP0124,24-02-2025,MQL
CONV006380,CUST008019,CAMP0099,2024-07-03,MQL
CONV006381,CUST004532,CAMP0064,2024-12-14,Customer
CONV006382,CUST003197,CAMP0129,16-05-2026,MQL
CONV006383,CUST000375,CAMP0172,2024-06-15,SQL
CONV006384,CUST000235,CAMP0137,2026-07-06,Lead
CONV006385,CUST005071,CAMP0013,2024-06-26,Opportunity
CONV006386,CUST002809,CAMP0109,2023-09-18,Lead
CONV006387,CUST009210,CAMP0111,2025-02-15,Lead
CONV006388,CUST007434,CAMP0062,2025-11-26,Lead
CONV006389,CUST003207,CAMP0095,06/24/2025,Customer
CONV006390,CUST006193,CAMP0162,08/02/2023,MQL
CONV006391,CUST009695,CAMP0219,2023-11-01,Lead
CONV006392,CUST008943,CAMP0058,2025-10-18,MQL
CONV006393,CUST009116,CAMP0095,01/27/2024,SQL
CONV006394,CUST001766,CAMP0118,2023-03-10,SQL
CONV006395,CUST000946,CAMP0107,2025-03-08,MQL
CONV006396,CUST002472,CAMP0048,2026-05-08,Opportunity
CONV006397,CUST006248,CAMP0195,,Customer
CONV006398,CUST003962,CAMP0171,04/05/2026,SQL
CONV006399,CUST004442,CAMP0189,2026-06-23,SQL
CONV006400,CUST000536,CAMP0159,2023-03-19,SQL
CONV006401,CUST008491,CAMP0158,2024-09-01,SQL
CONV006402,CUST004341,CAMP0091,2023-12-28,Customer
CONV006403,CUST004916,CAMP0036,2025-08-28,SQL
CONV006404,CUST006543,CAMP0011,19-05-2024,Customer
CONV006405,CUST005285,CAMP0172,2025-01-27,MQL
CONV006406,CUST006416,CAMP0094,05-06-2024,MQL
CONV006407,CUST000127,CAMP0005,12 Apr 2024,MQL
CONV006408,CUST003007,CAMP0121,30-03-2026,Opportunity
CONV006409,CUST008369,CAMP0038,2025-12-08,MQL
CONV006410,CUST008188,CAMP0048,2025-02-11,Opportunity
CONV006411,CUST006869,CAMP0097,2025-02-16,Customer
CONV006412,CUST007914,CAMP0051,2025-11-16,MQL
CONV006413,CUST007732,CAMP0014,18-01-2024,MQL
CONV006414,CUST002857,CAMP0192,04/23/2026,SQL
CONV006415,CUST005627,CAMP0003,03 May 2023,SQL
CONV006416,CUST000401,CAMP0009,2024-06-19,SQL
CONV006417,CUST001217,CAMP0204,12/08/2023,Lead
CONV006418,CUST004136,CAMP0055,2024-05-09,Customer
CONV006419,CUST003859,CAMP0020,2026-05-22,MQL
CONV006420,CUST008144,CAMP0140,23-02-2025,Customer
CONV006421,CUST006505,CAMP0111,2023-03-25,Opportunity
CONV006422,CUST002228,CAMP0214,03/20/2023,Opportunity
CONV006423,CUST008199,CAMP0217,2025-07-13,Opportunity
CONV006424,CUST009630,CAMP0031,2024-12-26,Customer
CONV006425,CUST009346,CAMP0098,07/13/2024,Lead
CONV006426,CUST001721,CAMP0117,2026-06-01,SQL
CONV006427,CUST000770,CAMP0178,11-10-2024,SQL
CONV006428,CUST008339,CAMP0176,2024-06-14,Lead
CONV006429,CUST008671,CAMP0037,06-02-2025,MQL
CONV006430,CUST003446,CAMP0136,2026-07-13,Lead
CONV006431,CUST005302,CAMP0187,2023-01-05,Lead
CONV006432,CUST009602,CAMP0116,2023-12-21,Lead
CONV006433,CUST003228,CAMP0068,04-09-2023,Lead
CONV006434,CUST008789,CAMP0104,07/13/2024,Opportunity
CONV006435,CUST006407,CAMP0061,2023-01-22,SQL
CONV006436,CUST000580,CAMP0052,2023-12-18,Lead
CONV006437,CUST005621,CAMP0133,2023-05-07,Lead
CONV006438,CUST002293,CAMP0187,2025-01-09,Lead
CONV006439,CUST003518,CAMP0215,2025-02-15,SQL
CONV006440,CUST006467,CAMP0023,2024-06-06,Lead
CONV006441,CUST005401,CAMP0098,,Opportunity
CONV006442,CUST008181,CAMP0091,05 Oct 2023,Customer
CONV006443,CUST002835,CAMP0017,23-05-2023,Lead
CONV006444,CUST003026,CAMP0066,01-05-2026,Opportunity
CONV006445,CUST003709,CAMP0163,2024-08-19,Lead
CONV006446,CUST001547,CAMP0207,2024-08-23,SQL
CONV006447,CUST003972,CAMP0177,2024-07-11,SQL
CONV006448,CUST004267,CAMP0118,26-08-2023,MQL
CONV006449,CUST004785,CAMP0013,11/24/2024,Opportunity
CONV006450,CUST001457,CAMP0160,05/20/2026,Opportunity
CONV006451,CUST004551,CAMP0124,08/19/2023,Customer
CONV006452,CUST000922,CAMP0085,2023-07-11,Lead
CONV006453,CUST001767,CAMP0219,07/24/2024,SQL
CONV006454,CUST003537,CAMP0031,2023-08-03,Opportunity
CONV006455,CUST001615,CAMP0112,2024-03-26,Lead
CONV006456,CUST001704,CAMP0061,30-04-2026,Lead
CONV006457,CUST000120,CAMP0021,2023-04-12,MQL
CONV006458,CUST000697,CAMP0202,,MQL
CONV006459,CUST000471,CAMP0214,,Customer
CONV006460,CUST000227,CAMP0156,2024-10-06,SQL
CONV006461,CUST005600,CAMP0184,2024-10-14,SQL
CONV006462,CUST008948,CAMP0198,12-02-2025,Lead
CONV006463,CUST005115,CAMP0203,25 Nov 2024,SQL
CONV006464,CUST005088,CAMP0057,30 Jul 2024,MQL
CONV006465,CUST003429,CAMP0197,13-07-2025,Lead
CONV006466,CUST007492,CAMP0111,2023-06-20,Opportunity
CONV006467,CUST004554,CAMP0097,2023-06-03,Customer
CONV006468,CUST006396,CAMP0149,11 Jun 2024,MQL
CONV006469,CUST002166,CAMP0051,2023-07-06,SQL
CONV006470,CUST002497,CAMP0020,2023-12-12,SQL
CONV006471,CUST001667,CAMP0179,01 Dec 2023,SQL
CONV006472,CUST002168,CAMP0099,12 Aug 2023,Opportunity
CONV006473,CUST003223,CAMP0073,07/02/2026,SQL
CONV006474,CUST001234,CAMP0086,2026-04-21,Lead
CONV006475,CUST008709,CAMP0194,01 Apr 2023,Lead
CONV006476,CUST009081,CAMP0170,15-09-2023,Lead
CONV006477,CUST004096,CAMP0155,2025-06-11,SQL
CONV006478,CUST005670,CAMP0009,2025-12-24,Opportunity
CONV006479,CUST007320,CAMP0176,07-08-2024,Customer
CONV006480,CUST006173,CAMP0185,01/23/2024,MQL
CONV006481,CUST007303,CAMP0167,05-09-2025,Customer
CONV006482,CUST008966,CAMP0067,2024-09-02,SQL
CONV006483,CUST007835,CAMP0122,11-09-2023,SQL
CONV006484,CUST001207,CAMP0054,2024-06-14,MQL
CONV006485,CUST007495,CAMP0053,2024-02-29,MQL
CONV006486,CUST004491,CAMP0106,11/11/2023,SQL
CONV006487,CUST001190,CAMP0123,04-07-2024,Opportunity
CONV006488,CUST001159,CAMP0127,04/05/2026,SQL
CONV006489,CUST001280,CAMP0089,2024-12-09,MQL
CONV006490,CUST002346,CAMP0063,31-12-2025,MQL
CONV006491,CUST005719,CAMP0200,,MQL
CONV006492,CUST002585,CAMP0207,2023-02-14,Lead
CONV006493,CUST005068,CAMP0044,2024-05-23,Opportunity
CONV006494,CUST002694,CAMP0032,10/18/2024,Lead
CONV006495,CUST000860,CAMP0036,2023-04-05,SQL
CONV006496,CUST008079,CAMP0118,2025-07-12,SQL
CONV006497,CUST006948,CAMP0165,2025-06-02,MQL
CONV006498,CUST003096,CAMP0015,2023-10-16,Opportunity
CONV006499,CUST007094,CAMP0062,,Customer
CONV006500,CUST007510,CAMP0001,2023-09-15,Lead
CONV006501,CUST001749,CAMP0061,29-03-2023,Customer
CONV006502,CUST001384,CAMP0176,2025-08-20,Lead
CONV006503,CUST007405,CAMP0055,2023-04-12,Customer
CONV006504,CUST009735,CAMP0127,10-09-2023,MQL
CONV006505,CUST007365,CAMP0125,2024-09-26,Customer
CONV006506,CUST007511,CAMP0194,2023-07-08,MQL
CONV006507,CUST003244,CAMP0046,2024-03-17,Opportunity
CONV006508,CUST006702,CAMP0084,2024-12-26,Opportunity
CONV006509,CUST008007,CAMP0019,2025-12-22,MQL
CONV006510,CUST003969,CAMP0128,2025-07-11,Opportunity
CONV006511,CUST005370,CAMP0068,16-09-2025,Lead
CONV006512,CUST002207,CAMP0013,2025-03-23,SQL
CONV006513,CUST007838,CAMP0001,2023-02-23,Customer
CONV006514,CUST005856,CAMP0206,2023-12-16,SQL
CONV006515,CUST009780,CAMP0128,06/30/2024,Opportunity
CONV006516,CUST009812,CAMP0058,2026-03-24,Opportunity
CONV006517,CUST004105,CAMP0020,08-06-2024,Customer
CONV006518,CUST006975,CAMP0018,2024-11-11,Lead
CONV006519,CUST004379,CAMP0093,09/27/2024,Opportunity
CONV006520,CUST000399,CAMP0124,2023-05-09,Customer
CONV006521,CUST007823,CAMP0204,2023-05-07,Customer
CONV006522,CUST004906,CAMP0127,03 Dec 2024,SQL
CONV006523,CUST005497,CAMP0186,01-10-2023,Lead
CONV006524,CUST009230,CAMP0115,01/17/2025,Customer
CONV006525,CUST004469,CAMP0198,2025-05-01,MQL
CONV006526,CUST009055,CAMP0203,2024-12-23,Lead
CONV006527,CUST003681,CAMP0146,2025-09-08,SQL
CONV006528,CUST004878,CAMP0038,2024-11-13,SQL
CONV006529,CUST009619,CAMP0139,06/24/2024,Lead
CONV006530,CUST006118,CAMP0056,2023-01-29,MQL
CONV006531,CUST005306,CAMP0059,02/06/2024,Lead
CONV006532,CUST005654,CAMP0051,2026-05-13,Customer
CONV006533,CUST002217,CAMP0161,,Lead
CONV006534,CUST001602,CAMP0058,2024-11-24,SQL
CONV006535,CUST001747,CAMP0096,06/29/2025,MQL
CONV006536,CUST000665,CAMP0156,2023-08-16,Lead
CONV006537,CUST000111,CAMP0119,2025-09-22,Opportunity
CONV006538,CUST003361,CAMP0209,2024-04-19,SQL
CONV006539,CUST008450,CAMP0101,2024-08-15,MQL
CONV006540,CUST005654,CAMP0082,2023-09-30,Lead
CONV006541,CUST000932,CAMP0100,2023-12-31,Lead
CONV006542,CUST004918,CAMP0024,2025-05-16,SQL
CONV006543,CUST006042,CAMP0134,11/27/2023,Lead
CONV006544,CUST001741,CAMP0070,2023-01-29,Customer
CONV006545,CUST002519,CAMP0178,16-06-2024,Customer
CONV006546,CUST002448,CAMP0074,2023-10-26,Lead
CONV006547,CUST002241,CAMP0038,19 Mar 2024,Opportunity
CONV006548,CUST003159,CAMP0133,2024-08-18,SQL
CONV006549,CUST008118,CAMP0211,2025-06-18,SQL
CONV006550,CUST001090,CAMP0090,2024-12-04,MQL
CONV006551,CUST001885,CAMP0150,10-09-2023,Opportunity
CONV006552,CUST002605,CAMP0103,28-06-2023,SQL
CONV006553,CUST007841,CAMP0129,2024-12-02,Lead
CONV006554,CUST006972,CAMP0010,2024-05-14,MQL
CONV006555,CUST000610,CAMP0140,2023-11-19,SQL
CONV006556,CUST000705,CAMP0046,2024-11-13,MQL
CONV006557,CUST005033,CAMP0054,2026-07-21,MQL
CONV006558,CUST008592,CAMP0118,2024-04-14,Opportunity
CONV006559,CUST003919,CAMP0187,2023-02-26,Lead
CONV006560,CUST009331,CAMP0107,05/17/2025,MQL
CONV006561,CUST009971,CAMP0206,27-09-2023,MQL
CONV006562,CUST006295,CAMP0084,05/06/2024,SQL
CONV006563,CUST008141,CAMP0025,18-04-2024,Customer
CONV006564,CUST008402,CAMP0035,2026-05-07,MQL
CONV006565,CUST002633,CAMP0118,2025-05-31,SQL
CONV006566,CUST001921,CAMP0127,2023-09-22,Lead
CONV006567,CUST003101,CAMP0139,2026-04-30,Lead
CONV006568,CUST006735,CAMP0100,27 Mar 2024,Customer
CONV006569,CUST007047,CAMP0058,2023-10-21,SQL
CONV006570,CUST009931,CAMP0035,2024-02-21,Opportunity
CONV006571,CUST009055,CAMP0176,18-02-2023,Opportunity
CONV006572,CUST009293,CAMP0026,31-01-2026,Customer
CONV006573,CUST006952,CAMP0152,24-06-2025,MQL
CONV006574,CUST002268,CAMP0092,2025-09-29,MQL
CONV006575,CUST003281,CAMP0025,16-11-2023,Customer
CONV006576,CUST006257,CAMP0038,04-08-2025,Customer
CONV006577,CUST004456,CAMP0218,2026-03-06,MQL
CONV006578,CUST001570,CAMP0113,2023-08-11,MQL
CONV006579,CUST006732,CAMP0114,2024-07-02,Opportunity
CONV006580,CUST002439,CAMP0077,2023-09-15,SQL
CONV006581,CUST007455,CAMP0153,01/16/2024,Customer
CONV006582,CUST008327,CAMP0035,2025-06-30,Lead
CONV006583,CUST001751,CAMP0176,17 Oct 2025,Lead
CONV006584,CUST001023,CAMP0143,2026-06-29,Customer
CONV006585,CUST008887,CAMP0126,17-11-2024,MQL
CONV006586,CUST002786,CAMP0080,2023-02-01,Opportunity
CONV006587,CUST008057,CAMP0213,2026-03-01,MQL
CONV006588,CUST000661,CAMP0077,24-09-2023,Lead
CONV006589,CUST006457,CAMP0087,2023-11-03,Lead
CONV006590,CUST005902,CAMP0201,02/28/2026,Customer
CONV006591,CUST004970,CAMP0177,2024-03-18,Lead
CONV006592,CUST007924,CAMP0015,26 Mar 2026,Customer
CONV006593,CUST007733,CAMP0201,02/14/2023,Lead
CONV006594,CUST000506,CAMP0196,14-12-2024,Customer
CONV006595,CUST008274,CAMP0055,2024-04-08,Lead
CONV006596,CUST004146,CAMP0090,2024-08-23,SQL
CONV006597,CUST005339,CAMP0112,2026-05-10,MQL
CONV006598,CUST005614,CAMP0001,23 Mar 2023,Customer
CONV006599,CUST000401,CAMP0145,08/19/2025,Opportunity
CONV006600,CUST009082,CAMP0126,10-07-2024,Customer
CONV006601,CUST003058,CAMP0109,20-01-2025,Lead
CONV006602,CUST001643,CAMP0117,2024-09-26,SQL
CONV006603,CUST005675,CAMP0194,2025-04-27,SQL
CONV006604,CUST005992,CAMP0026,2026-03-22,Lead
CONV006605,CUST000835,CAMP0002,2024-11-02,SQL
CONV006606,CUST008437,CAMP0167,2023-08-16,Opportunity
CONV006607,CUST009160,CAMP0216,2024-05-06,MQL
CONV006608,CUST009519,CAMP0133,09/10/2024,SQL
CONV006609,CUST009526,CAMP0034,2023-10-25,Opportunity
CONV006610,CUST009482,CAMP0193,20-04-2023,Opportunity
CONV006611,CUST007365,CAMP0126,2025-11-01,SQL
CONV006612,CUST000919,CAMP0204,10/06/2025,Lead
CONV006613,CUST001493,CAMP0111,2024-05-05,MQL
CONV006614,CUST004685,CAMP0173,2024-12-31,MQL
CONV006615,CUST006126,CAMP0033,2025-11-30,Lead
CONV006616,CUST003620,CAMP0013,02 Sep 2023,Lead
CONV006617,CUST001502,CAMP0042,2024-07-19,SQL
CONV006618,CUST004278,CAMP0177,2023-11-11,Lead
CONV006619,CUST002372,CAMP0140,2024-11-10,Opportunity
CONV006620,CUST000131,CAMP0065,2025-03-02,MQL
CONV006621,CUST001519,CAMP0012,2025-10-31,Lead
CONV006622,CUST001905,CAMP0145,09-01-2025,MQL
CONV006623,CUST008276,CAMP0055,2025-07-30,SQL
CONV006624,CUST006533,CAMP0125,10/27/2024,SQL
CONV006625,CUST004283,CAMP0077,15 Aug 2023,Customer
CONV006626,CUST004363,CAMP0170,24-02-2026,Customer
CONV006627,CUST005774,CAMP0042,2023-11-19,SQL
CONV006628,CUST005237,CAMP0135,05/04/2023,SQL
CONV006629,CUST005866,CAMP0059,10/26/2025,SQL
CONV006630,CUST003007,CAMP0064,2024-01-03,Lead
CONV006631,CUST004100,CAMP0084,2023-09-11,Customer
CONV006632,CUST001262,CAMP0039,2023-07-14,MQL
CONV006633,CUST002501,CAMP0205,2025-10-31,Customer
CONV006634,CUST002530,CAMP0080,21-03-2023,Customer
CONV006635,CUST004992,CAMP0104,12-02-2023,Lead
CONV006636,CUST002217,CAMP0067,18-08-2025,Customer
CONV006637,CUST003201,CAMP0101,17-04-2025,Lead
CONV006638,CUST007130,CAMP0155,2025-02-16,Lead
CONV006639,CUST006732,CAMP0030,11 Sep 2025,Lead
CONV006640,CUST001330,CAMP0104,2024-01-07,Opportunity
CONV006641,CUST005499,CAMP0117,21-03-2023,Customer
CONV006642,CUST003637,CAMP0015,04/19/2024,Customer
CONV006643,CUST009090,CAMP0136,,Customer
CONV006644,CUST000793,CAMP0068,27 Mar 2026,Customer
CONV006645,CUST002883,CAMP0157,2025-03-07,MQL
CONV006646,CUST009094,CAMP0066,2025-03-03,Customer
CONV006647,CUST001282,CAMP0202,24-12-2024,SQL
CONV006648,CUST005913,CAMP0010,2026-02-10,SQL
CONV006649,CUST007503,CAMP0117,2023-05-30,SQL
CONV006650,CUST009987,CAMP0196,2026-06-12,MQL
CONV006651,CUST006312,CAMP0095,2025-07-31,SQL
CONV006652,CUST000180,CAMP0034,2026-04-26,MQL
CONV006653,CUST004205,CAMP0215,2024-05-29,Opportunity
CONV006654,CUST000396,CAMP0189,28-08-2023,Opportunity
CONV006655,CUST007254,CAMP0008,10/25/2025,MQL
CONV006656,CUST004331,CAMP0181,20-06-2026,Opportunity
CONV006657,CUST006820,CAMP0126,2023-12-12,Lead
CONV006658,CUST004166,CAMP0020,03/28/2025,Lead
CONV006659,CUST001971,CAMP0033,31-07-2023,MQL
CONV006660,CUST000758,CAMP0111,2026-01-02,MQL
CONV006661,CUST006589,CAMP0220,2024-07-09,Opportunity
CONV006662,CUST004747,CAMP0171,11-02-2023,Lead
CONV006663,CUST001994,CAMP0159,07/24/2024,MQL
CONV006664,CUST002459,CAMP0024,20-06-2023,MQL
CONV006665,CUST006768,CAMP0028,03/13/2026,Lead
CONV006666,CUST006140,CAMP0141,04/07/2026,Opportunity
CONV006667,CUST008985,CAMP0169,05/03/2026,SQL
CONV006668,CUST000819,CAMP0019,09-02-2026,Customer
CONV006669,CUST002988,CAMP0184,2025-04-27,Customer
CONV006670,CUST002758,CAMP0081,2026-06-15,MQL
CONV006671,CUST000551,CAMP0057,03-01-2026,MQL
CONV006672,CUST008786,CAMP0003,2024-08-16,MQL
CONV006673,CUST000230,CAMP0002,2026-02-25,Customer
CONV006674,CUST002022,CAMP0045,2023-03-08,Opportunity
CONV006675,CUST005347,CAMP0035,2024-08-21,SQL
CONV006676,CUST007684,CAMP0129,2023-09-19,SQL
CONV006677,CUST008602,CAMP0191,2025-06-14,Opportunity
CONV006678,CUST000100,CAMP0155,2024-10-01,MQL
CONV006679,CUST003386,CAMP0028,10/04/2023,Lead
CONV006680,CUST009593,CAMP0076,10/22/2024,Lead
CONV006681,CUST008227,CAMP0051,09-02-2023,MQL
CONV006682,CUST009802,CAMP0156,2026-06-24,Lead
CONV006683,CUST000158,CAMP0106,22-11-2024,Opportunity
CONV006684,CUST004562,CAMP0072,14-12-2025,MQL
CONV006685,CUST007089,CAMP0126,03-04-2024,Opportunity
CONV006686,CUST004492,CAMP0082,08-04-2026,Opportunity
CONV006687,CUST001239,CAMP0092,19-06-2023,Customer
CONV006688,CUST008550,CAMP0118,2026-02-24,Customer
CONV006689,CUST009698,CAMP0067,28-09-2025,MQL
CONV006690,CUST002879,CAMP0013,10/29/2024,SQL
CONV006691,CUST000308,CAMP0028,2025-09-25,MQL
CONV006692,CUST900007,CAMP0031,2024-07-28,MQL
CONV006693,CUST009599,CAMP0017,2023-07-07,SQL
CONV006694,CUST005278,CAMP0024,2024-09-12,Lead
CONV006695,CUST005563,CAMP0101,08-01-2023,Opportunity
CONV006696,CUST005306,CAMP0009,2025-01-25,MQL
CONV006697,CUST006379,CAMP0036,02/06/2026,Customer
CONV006698,CUST003212,CAMP0208,2026-02-28,Customer
CONV006699,CUST004019,CAMP0184,02-12-2025,SQL
CONV006700,CUST001139,CAMP0123,2025-06-25,Lead
CONV006701,CUST007967,CAMP0017,03/07/2023,Lead
CONV006702,CUST009699,CAMP0212,08/22/2023,MQL
CONV006703,CUST000896,CAMP0129,25-07-2023,Customer
CONV006704,CUST008971,CAMP0107,19-09-2025,Lead
CONV006705,CUST007314,CAMP0090,04/14/2024,Customer
CONV006706,CUST004474,CAMP0119,10 Jan 2025,Customer
CONV006707,CUST005030,CAMP0111,2024-04-13,MQL
CONV006708,CUST007578,CAMP0140,2024-10-18,Opportunity
CONV006709,CUST000166,CAMP0119,2025-03-22,MQL
CONV006710,CUST005814,CAMP0128,01/22/2026,SQL
CONV006711,CUST004432,CAMP0056,2026-06-06,Lead
CONV006712,CUST002898,CAMP0166,04 Feb 2023,SQL
CONV006713,CUST001572,CAMP0144,21-04-2026,Lead
CONV006714,CUST007210,CAMP0188,2023-12-27,SQL
CONV006715,CUST000609,CAMP0104,14-12-2025,MQL
CONV006716,CUST004296,CAMP0056,2023-03-28,MQL
CONV006717,CUST008053,CAMP0003,2024-02-15,Lead
CONV006718,CUST002345,CAMP0165,2023-10-13,Opportunity
CONV006719,CUST008339,CAMP0024,08/17/2025,SQL
CONV006720,CUST008138,CAMP0195,2024-08-07,Opportunity
CONV006721,CUST006476,CAMP0046,2023-04-25,Opportunity
CONV006722,CUST003343,CAMP0200,2023-05-04,Opportunity
CONV006723,CUST007043,CAMP0188,2023-10-11,Customer
CONV006724,CUST005523,CAMP0077,07/11/2026,Opportunity
CONV006725,CUST006621,CAMP0166,26 May 2025,SQL
CONV006726,CUST002035,CAMP0094,05-04-2024,Opportunity
CONV006727,CUST008530,CAMP0015,24-07-2025,Lead
CONV006728,CUST003982,CAMP0097,07-06-2026,Lead
CONV006729,CUST001291,CAMP0062,,Customer
CONV006730,CUST000018,CAMP0004,07/30/2023,Lead
CONV006731,CUST003276,CAMP0049,10-12-2025,SQL
CONV006732,CUST009882,CAMP0141,06-10-2023,Opportunity
CONV006733,CUST001816,CAMP0006,19-08-2024,Lead
CONV006734,CUST007503,CAMP0155,2025-10-31,MQL
CONV006735,CUST003049,CAMP0219,2024-04-21,SQL
CONV006736,CUST003853,CAMP0006,2023-02-24,SQL
CONV006737,CUST001015,CAMP0073,2023-07-31,MQL
CONV006738,CUST003481,CAMP0055,08-06-2025,Customer
CONV006739,CUST008845,CAMP0103,2024-02-28,Opportunity
CONV006740,CUST000921,CAMP0194,26 Feb 2023,MQL
CONV006741,CUST009185,CAMP0036,07/05/2025,Lead
CONV006742,CUST002651,CAMP0072,2026-06-14,SQL
CONV006743,CUST001835,CAMP0169,11/06/2024,Customer
CONV006744,CUST005166,CAMP0131,2023-01-15,Lead
CONV006745,CUST004179,CAMP0057,07-10-2024,MQL
CONV006746,CUST009746,CAMP0195,2024-12-04,Opportunity
CONV006747,CUST006269,CAMP0115,01/09/2025,SQL
CONV006748,CUST003211,CAMP0164,14-07-2025,SQL
CONV006749,CUST005911,CAMP0133,08/19/2024,MQL
CONV006750,CUST002360,CAMP0021,2023-03-12,SQL
CONV006751,CUST003475,CAMP0134,02-12-2025,MQL
CONV006752,CUST001759,CAMP0178,2025-02-20,Customer
CONV006753,CUST002192,CAMP0066,2025-12-12,SQL
CONV006754,CUST006524,CAMP0153,2026-01-23,Lead
CONV006755,CUST005347,CAMP0215,2023-01-04,Lead
CONV006756,CUST007051,CAMP0064,07-06-2026,MQL
CONV006757,CUST005680,CAMP0110,2023-01-17,Lead
CONV006758,CUST001907,CAMP0080,2025-09-04,Lead
CONV006759,CUST003800,CAMP0097,2023-07-12,Customer
CONV006760,CUST008699,CAMP0153,07/23/2024,Lead
CONV006761,CUST000845,CAMP0043,2025-09-30,SQL
CONV006762,CUST007488,CAMP0191,2024-05-14,Customer
CONV006763,CUST001752,CAMP0053,21-07-2025,Lead
CONV006764,CUST008759,CAMP0207,07 Jun 2023,Opportunity
CONV006765,CUST009085,CAMP0119,2024-12-12,Lead
CONV006766,CUST007223,CAMP0118,28 Jan 2024,Lead
CONV006767,CUST005591,CAMP0089,08/27/2024,Customer
CONV006768,CUST007740,CAMP0084,2025-08-21,SQL
CONV006769,CUST000536,CAMP0169,,SQL
CONV006770,CUST001432,CAMP0004,2023-12-04,MQL
CONV006771,CUST008655,CAMP0020,2023-06-11,Lead
CONV006772,CUST001109,CAMP0021,14-08-2025,MQL
CONV006773,CUST900004,CAMP0160,2024-02-27,Lead
CONV006774,CUST002557,CAMP0038,2023-11-01,Lead
CONV006775,CUST003705,CAMP0071,07/09/2026,Lead
CONV006776,CUST003856,CAMP0114,2023-01-18,Lead
CONV006777,CUST007579,CAMP0182,2023-10-24,Customer
CONV006778,CUST000403,CAMP0021,2024-03-28,SQL
CONV006779,CUST009843,CAMP0079,2025-12-30,MQL
CONV006780,CUST004238,CAMP0093,2023-07-11,SQL
CONV006781,CUST003523,CAMP0058,03/24/2025,SQL
CONV006782,CUST005225,CAMP0107,21-12-2025,Opportunity
CONV006783,CUST000324,CAMP0142,2023-08-12,SQL
CONV006784,CUST005644,CAMP0204,2026-02-14,Opportunity
CONV006785,CUST006085,CAMP0218,2025-06-30,MQL
CONV006786,CUST006605,CAMP0098,2023-08-30,Lead
CONV006787,CUST008194,CAMP0197,11/27/2025,Opportunity
CONV006788,CUST000930,CAMP0061,21-06-2026,SQL
CONV006789,CUST007303,CAMP0037,2025-12-02,SQL
CONV006790,CUST001385,CAMP0085,2025-02-06,Opportunity
CONV006791,CUST009281,CAMP0206,01-03-2026,Lead
CONV006792,CUST003992,CAMP0056,2023-06-13,Lead
CONV006793,CUST004796,CAMP0010,2026-01-19,Customer
CONV006794,CUST005167,CAMP0081,2024-10-20,Lead
CONV006795,CUST004554,CAMP0202,2023-08-29,Lead
CONV006796,CUST009931,CAMP0053,07/19/2025,Customer
CONV006797,CUST008983,CAMP0047,2026-04-28,MQL
CONV006798,CUST006225,CAMP0003,2024-07-16,SQL
CONV006799,CUST002824,CAMP0203,25-08-2023,Lead
CONV006800,CUST006056,CAMP0058,10/30/2023,SQL
CONV006801,CUST007022,CAMP0219,2024-02-12,Lead
CONV006802,CUST004536,CAMP0215,2025-07-15,MQL
CONV006803,CUST009681,CAMP0074,11-04-2026,SQL
CONV006804,CUST003649,CAMP0033,02/10/2024,Lead
CONV006805,CUST000951,CAMP0006,2025-11-07,SQL
CONV006806,CUST005460,CAMP0171,2024-11-22,Lead
CONV006807,CUST001229,CAMP0195,2024-10-15,Customer
CONV006808,CUST001368,CAMP0171,2023-11-20,SQL
CONV006809,CUST004942,CAMP0128,12-08-2024,Opportunity
CONV006810,CUST003994,CAMP0045,17 Feb 2023,Customer
CONV006811,CUST004725,CAMP0031,08/20/2024,MQL
CONV006812,CUST000623,CAMP0168,2023-09-27,Customer
CONV006813,CUST002189,CAMP0206,09-07-2025,Lead
CONV006814,CUST009259,CAMP0171,27 Jun 2025,Lead
CONV006815,CUST002888,CAMP0137,2024-06-13,MQL
CONV006816,CUST005678,CAMP0064,02/08/2024,MQL
CONV006817,CUST004283,CAMP0102,01/08/2023,Customer
CONV006818,CUST008195,CAMP0168,09-06-2026,Opportunity
CONV006819,CUST000739,CAMP0055,2026-05-15,
CONV006820,CUST005860,CAMP0191,2026-05-14,Opportunity
CONV006821,CUST001929,CAMP0132,2025-04-10,SQL
CONV006822,CUST006072,CAMP0015,2023-12-20,Lead
CONV006823,CUST005865,CAMP0074,04-03-2024,MQL
CONV006824,CUST000840,CAMP0087,2025-01-08,Lead
CONV006825,CUST001222,CAMP0138,2023-03-02,Lead
CONV006826,CUST007568,CAMP0143,,SQL
CONV006827,CUST002574,CAMP0081,2025-08-28,MQL
CONV006828,CUST001778,CAMP0077,01/02/2025,MQL
CONV006829,CUST005357,CAMP0154,,MQL
CONV006830,CUST001240,CAMP0116,2024-12-14,Customer
CONV006831,CUST007743,CAMP0113,04/03/2026,MQL
CONV006832,CUST002135,CAMP0145,07/14/2025,Customer
CONV006833,CUST001721,CAMP0119,10/20/2023,SQL
CONV006834,CUST005108,CAMP0016,06-04-2025,Lead
CONV006835,CUST009767,CAMP0148,25-01-2024,Customer
CONV006836,CUST900010,CAMP0109,2024-01-10,SQL
CONV006837,CUST006463,CAMP0001,2025-04-01,Opportunity
CONV006838,CUST001809,CAMP0180,18-09-2023,Lead
CONV006839,CUST000451,CAMP0142,2023-02-04,SQL
CONV006840,CUST005843,CAMP0031,2026-07-10,SQL
CONV006841,CUST007805,CAMP0193,28-03-2026,MQL
CONV006842,CUST003596,CAMP0037,03/18/2026,Opportunity
CONV006843,CUST008902,CAMP0041,2023-04-29,Lead
CONV006844,CUST000262,CAMP0186,06-03-2024,MQL
CONV006845,CUST001759,CAMP0030,02/12/2026,Lead
CONV006846,CUST009514,CAMP0186,2023-07-14,MQL
CONV006847,CUST007364,CAMP0085,2025-05-09,Opportunity
CONV006848,CUST009056,CAMP0105,2025-08-20,Opportunity
CONV006849,CUST008166,CAMP0119,25-01-2024,MQL
CONV006850,CUST009938,CAMP0096,23-02-2026,Lead
CONV006851,CUST009029,CAMP0130,2025-08-04,SQL
CONV006852,CUST000307,CAMP0037,04/19/2023,Lead
CONV006853,CUST001339,CAMP0137,2025-12-20,Customer
CONV006854,CUST008425,CAMP0007,2023-10-03,Customer
CONV006855,CUST008206,CAMP0090,15-05-2026,SQL
CONV006856,CUST009184,CAMP0064,2024-07-19,Lead
CONV006857,CUST002828,CAMP0004,2024-08-18,MQL
CONV006858,CUST006126,CAMP0004,01/15/2025,MQL
CONV006859,CUST004307,CAMP0110,2025-03-26,Customer
CONV006860,CUST006597,CAMP0123,2026-02-09,Opportunity
CONV006861,CUST001235,CAMP0103,2023-10-14,SQL
CONV006862,CUST009924,CAMP0021,07/05/2023,Customer
CONV006863,CUST000559,CAMP0148,2024-01-08,SQL
CONV006864,CUST003624,CAMP0165,06/03/2026,MQL
CONV006865,CUST000909,CAMP0178,11/15/2023,Lead
CONV006866,CUST009359,CAMP0181,,SQL
CONV006867,CUST003895,CAMP0070,20 Apr 2026,Lead
CONV006868,CUST007145,CAMP0022,2023-01-03,SQL
CONV006869,CUST005101,CAMP0196,2024-09-21,MQL
CONV006870,CUST006299,CAMP0073,24-06-2024,Customer
CONV006871,CUST005269,CAMP0119,30 Jul 2024,Opportunity
CONV006872,CUST007201,CAMP0025,25-07-2023,MQL
CONV006873,CUST007517,CAMP0156,2025-08-19,Opportunity
CONV006874,CUST007429,CAMP0060,2023-01-17,Customer
CONV006875,CUST003130,CAMP0090,09 Sep 2024,Opportunity
CONV006876,CUST000148,CAMP0088,2024-12-03,MQL
CONV006877,CUST002499,CAMP0101,2025-04-28,MQL
CONV006878,CUST003375,CAMP0048,2025-07-20,Customer
CONV006879,CUST004030,CAMP0161,07/29/2023,Customer
CONV006880,CUST005238,CAMP0146,24-03-2026,Customer
CONV006881,CUST004019,CAMP0068,17 Nov 2024,Opportunity
CONV006882,CUST004532,CAMP0220,2024-05-05,MQL
CONV006883,CUST007040,CAMP0181,22-01-2025,Lead
CONV006884,CUST001664,CAMP0116,2024-02-09,SQL
CONV006885,CUST002352,CAMP0154,10-12-2024,Lead
CONV006886,CUST001966,CAMP0189,15-03-2025,Customer
CONV006887,CUST009546,CAMP0054,2026-06-01,SQL
CONV006888,CUST003065,CAMP0212,2023-05-13,Opportunity
CONV006889,CUST002687,CAMP0113,2023-11-24,MQL
CONV006890,CUST000121,CAMP0195,2023-01-04,Customer
CONV006891,CUST004352,CAMP0017,2026-04-01,SQL
CONV006892,CUST003673,CAMP0110,06 Oct 2025,Opportunity
CONV006893,CUST002805,CAMP0202,2023-01-20,MQL
CONV006894,CUST004284,CAMP0106,12/31/2024,MQL
CONV006895,CUST000776,CAMP0018,2024-08-17,Opportunity
CONV006896,CUST002513,CAMP0074,03/18/2023,MQL
CONV006897,CUST005865,CAMP0172,03/11/2023,Customer
CONV006898,CUST003621,CAMP0115,23 Aug 2024,Lead
CONV006899,CUST008601,CAMP0067,26-04-2024,Lead
CONV006900,CUST005876,CAMP0021,2025-09-21,Lead
CONV006901,CUST006386,CAMP0198,19-10-2025,SQL
CONV006902,CUST002056,CAMP0053,2024-10-13,Opportunity
CONV006903,CUST006098,CAMP0140,2023-08-05,Opportunity
CONV006904,CUST008719,CAMP0084,2026-07-07,Customer
CONV006905,CUST005720,CAMP0053,29-04-2026,SQL
CONV006906,CUST001170,CAMP0002,2026-06-13,SQL
CONV006907,CUST009860,CAMP0064,,MQL
CONV006908,CUST005926,CAMP0214,07-10-2024,Customer
CONV006909,CUST000954,CAMP0111,19-02-2026,Customer
CONV006910,CUST001614,CAMP0059,,Opportunity
CONV006911,CUST003627,CAMP0089,01/05/2026,Opportunity
CONV006912,CUST002070,CAMP0089,2025-05-02,MQL
CONV006913,CUST006524,CAMP0188,,Customer
CONV006914,CUST001316,CAMP0010,2026-03-04,Customer
CONV006915,CUST008833,CAMP0104,16-06-2024,Lead
CONV006916,CUST006844,CAMP0139,04 Apr 2024,Opportunity
CONV006917,CUST009716,CAMP0062,05-12-2023,Lead
CONV006918,CUST007067,CAMP0134,21-01-2024,MQL
CONV006919,CUST006282,CAMP0117,2024-12-12,Customer
CONV006920,CUST008001,CAMP0063,2025-11-25,Opportunity
CONV006921,CUST008477,CAMP0100,10 Mar 2026,Customer
CONV006922,CUST007057,CAMP0174,2025-12-03,SQL
CONV006923,CUST002566,CAMP0162,16-04-2026,Lead
CONV006924,CUST007541,CAMP0139,02/02/2023,Opportunity
CONV006925,CUST000108,CAMP0201,13-08-2024,Opportunity
CONV006926,CUST007677,CAMP0172,2025-10-01,Customer
CONV006927,CUST009591,CAMP0015,2025-03-18,Lead
CONV006928,CUST003478,CAMP0064,2023-03-24,Opportunity
CONV006929,CUST000996,CAMP0058,2026-05-14,MQL
CONV006930,CUST000335,CAMP0140,2023-03-16,Opportunity
CONV006931,CUST005468,CAMP0061,2024-01-07,SQL
CONV006932,CUST008680,CAMP0022,06/21/2023,Lead
CONV006933,CUST009161,CAMP0045,2023-10-04,Opportunity
CONV006934,CUST003497,CAMP0115,2024-07-18,Lead
CONV006935,CUST009963,CAMP0088,2024-06-19,Customer
CONV006936,CUST007643,CAMP0039,21-09-2024,MQL
CONV006937,CUST000459,CAMP0061,28-03-2026,Opportunity
CONV006938,CUST001603,CAMP0161,2025-09-02,Lead
CONV006939,CUST001023,CAMP0143,2023-04-19,SQL
CONV006940,CUST007269,CAMP0099,01/07/2024,Opportunity
CONV006941,CUST008107,CAMP0044,2026-04-13,MQL
CONV006942,CUST003783,CAMP0047,07/10/2024,Customer
CONV006943,CUST007029,CAMP0073,,MQL
CONV006944,CUST003210,CAMP0083,18-01-2023,MQL
CONV006945,CUST005171,CAMP0024,,Lead
CONV006946,CUST000373,CAMP0199,2023-06-18,Lead
CONV006947,CUST001414,CAMP0100,2025-04-03,SQL
CONV006948,CUST007287,CAMP0220,2024-05-18,Customer
CONV006949,CUST007664,CAMP0027,02-07-2024,Opportunity
CONV006950,CUST008435,CAMP0091,21-04-2025,SQL
CONV006951,CUST005946,CAMP0050,,SQL
CONV006952,CUST000786,CAMP0155,12-07-2026,MQL
CONV006953,CUST000198,CAMP0134,2025-09-16,MQL
CONV006954,CUST009219,CAMP0044,05/07/2024,Opportunity
CONV006955,CUST001971,CAMP0176,2024-08-01,MQL
CONV006956,CUST000055,CAMP0177,14-12-2025,Customer
CONV006957,CUST006553,CAMP0070,2025-01-16,MQL
CONV006958,CUST002620,CAMP0077,02-06-2026,SQL
CONV006959,CUST007050,CAMP0160,19 May 2025,Opportunity
CONV006960,CUST006122,CAMP0169,2025-07-12,MQL
CONV006961,CUST005590,CAMP0064,2024-06-11,SQL
CONV006962,CUST002797,CAMP0067,04-09-2025,Lead
CONV006963,CUST009810,CAMP0203,12-02-2023,Lead
CONV006964,CUST001297,CAMP0208,2023-02-04,Customer
CONV006965,CUST003709,CAMP0093,10-01-2024,Opportunity
CONV006966,CUST004834,CAMP0121,2023-10-31,Customer
CONV006967,CUST000200,CAMP0087,2023-05-22,Customer
CONV006968,CUST001331,CAMP0106,2025-05-28,Customer
CONV006969,CUST009328,CAMP0009,2025-09-27,SQL
CONV006970,CUST000633,CAMP0061,2026-03-18,MQL
CONV006971,CUST007265,CAMP0124,,MQL
CONV006972,CUST008895,CAMP0115,2026-01-12,Customer
CONV006973,CUST005755,CAMP0027,10-01-2023,Customer
CONV006974,CUST007051,CAMP0162,2025-11-11,SQL
CONV006975,CUST002123,CAMP0186,2023-09-22,Opportunity
CONV006976,CUST002924,CAMP0108,2025-01-23,Lead
CONV006977,CUST006773,CAMP0051,06/16/2026,Customer
CONV006978,CUST004344,CAMP0214,2025-11-17,SQL
CONV006979,CUST004524,CAMP0193,2024-07-31,Customer
CONV006980,CUST004170,CAMP0069,2023-05-07,Opportunity
CONV006981,CUST006085,CAMP0059,2023-07-11,Lead
CONV006982,CUST009151,CAMP0090,2025-07-21,SQL
CONV006983,CUST009751,CAMP0037,06-01-2024,Lead
CONV006984,CUST004216,CAMP0050,08/16/2023,Opportunity
CONV006985,CUST002015,CAMP0123,05/24/2024,Customer
CONV006986,CUST007027,CAMP0090,2024-06-14,Customer
CONV006987,CUST009825,CAMP0171,21-11-2023,Customer
CONV006988,CUST000266,CAMP0011,2025-10-20,Customer
CONV006989,CUST008521,CAMP0027,29-09-2024,Opportunity
CONV006990,CUST001972,CAMP0018,2025-09-15,Opportunity
CONV006991,CUST003506,CAMP0162,2024-02-20,Opportunity
CONV006992,CUST000381,CAMP0077,18-03-2023,Opportunity
CONV006993,CUST008363,CAMP0019,2026-03-19,Opportunity
CONV006994,CUST003984,CAMP0030,2026-07-25,SQL
CONV006995,CUST006294,CAMP0144,12-08-2025,SQL
CONV006996,CUST005696,CAMP0119,,Customer
CONV006997,CUST006183,CAMP0022,11/12/2025,Lead
CONV006998,CUST005595,CAMP0132,2023-08-26,Customer
CONV006999,CUST002186,CAMP0063,2025-05-27,Lead
CONV007000,CUST001701,CAMP0143,29-08-2023,Lead
CONV007001,CUST003477,CAMP0038,28-03-2023,Lead
CONV007002,CUST002540,CAMP0219,2026-03-15,Opportunity
CONV007003,CUST009567,CAMP0114,2026-02-28,Customer
CONV007004,CUST006765,CAMP0023,2026-04-04,SQL
CONV007005,CUST001795,CAMP0211,2025-10-18,Customer
CONV007006,CUST006735,CAMP0141,27-09-2024,Opportunity
CONV007007,CUST008530,CAMP0040,09-08-2024,Opportunity
CONV007008,CUST003160,CAMP0109,2023-11-24,SQL
CONV007009,CUST000002,CAMP0093,2024-12-19,Customer
CONV007010,CUST002152,CAMP0159,2023-03-19,Opportunity
CONV007011,CUST009179,CAMP0072,2025-08-21,SQL
CONV007012,CUST004728,CAMP0040,30 Dec 2025,Customer
CONV007013,CUST009066,CAMP0102,2024-08-06,Customer
CONV007014,CUST007108,CAMP0028,2023-09-02,MQL
CONV007015,CUST001634,CAMP0205,28-03-2025,SQL
CONV007016,CUST001439,CAMP0108,03/10/2026,Opportunity
CONV007017,CUST001480,CAMP0220,05/02/2024,Opportunity
CONV007018,CUST001324,CAMP0148,2024-12-19,Opportunity
CONV007019,CUST002459,CAMP0202,2025-06-14,MQL
CONV007020,CUST002732,CAMP0052,2024-10-06,MQL
CONV007021,CUST002896,CAMP0181,01/28/2025,Opportunity
CONV007022,CUST005803,CAMP0071,10-07-2026,MQL
CONV007023,CUST007500,CAMP0041,2023-04-16,Customer
CONV007024,CUST007081,CAMP0024,10-03-2026,Lead
CONV007025,CUST900039,CAMP0134,2024-12-25,Lead
CONV007026,CUST005076,CAMP0038,2024-12-08,Lead
CONV007027,CUST005984,CAMP0095,2024-10-02,Opportunity
CONV007028,CUST005101,CAMP0163,11 Feb 2026,Lead
CONV007029,CUST004662,CAMP0165,2024-02-15,MQL
CONV007030,CUST004114,CAMP0165,08/07/2024,MQL
CONV007031,CUST002720,CAMP0122,10/27/2025,MQL
CONV007032,CUST007503,CAMP0095,2025-10-08,SQL
CONV007033,CUST001638,CAMP0163,2023-12-30,MQL
CONV007034,CUST003973,CAMP0091,2025-12-13,Opportunity
CONV007035,CUST005303,CAMP0031,11/18/2025,MQL
CONV007036,CUST003278,CAMP0042,2025-09-07,Lead
CONV007037,CUST001918,CAMP0132,13-06-2025,Lead
CONV007038,CUST007637,CAMP0049,2024-04-26,SQL
CONV007039,CUST002587,CAMP0219,2026-05-02,MQL
CONV007040,CUST000241,CAMP0050,2024-05-25,Opportunity
CONV007041,CUST001185,CAMP0204,2025-12-19,SQL
CONV007042,CUST009733,CAMP0147,2025-06-18,Customer
CONV007043,CUST003433,CAMP0137,20 Dec 2023,Opportunity
CONV007044,CUST003975,CAMP0094,2026-04-30,Customer
CONV007045,CUST004122,CAMP0043,03/16/2025,Customer
CONV007046,CUST000972,CAMP0186,17 Jul 2026,MQL
CONV007047,CUST007618,CAMP0022,2023-03-08,Opportunity
CONV007048,CUST003218,CAMP0064,02/24/2024,Lead
CONV007049,CUST001882,CAMP0159,02/18/2026,Lead
CONV007050,CUST004155,CAMP0061,2024-06-14,Customer
CONV007051,CUST009376,CAMP0145,10/13/2023,Opportunity
CONV007052,CUST003924,CAMP0130,2024-03-23,Opportunity
CONV007053,CUST005888,CAMP0187,04-04-2023,Customer
CONV007054,CUST002017,CAMP0209,18-10-2023,Lead
CONV007055,CUST009642,CAMP0071,01/20/2026,Lead
CONV007056,CUST005836,CAMP0127,2023-06-15,Lead
CONV007057,CUST001521,CAMP0041,10/10/2025,SQL
CONV007058,CUST001073,CAMP0017,2025-12-03,SQL
CONV007059,CUST009112,CAMP0102,2023-04-27,Customer
CONV007060,CUST000290,CAMP0173,05/23/2023,Lead
CONV007061,CUST000683,CAMP0191,2024-11-03,Lead
CONV007062,CUST005601,CAMP0091,2025-05-09,Lead
CONV007063,CUST000100,CAMP0043,2023-11-22,Customer
CONV007064,CUST006214,CAMP0116,2024-02-14,SQL
CONV007065,CUST000934,CAMP0131,2025-02-18,MQL
CONV007066,CUST008185,CAMP0073,19-03-2024,MQL
CONV007067,CUST003849,CAMP0188,02/09/2024,SQL
CONV007068,CUST007732,CAMP0218,2024-01-29,Lead
CONV007069,CUST000405,CAMP0010,12/04/2023,Lead
CONV007070,CUST005046,CAMP0031,2024-08-17,SQL
CONV007071,CUST001379,CAMP0031,2024-12-09,Customer
CONV007072,CUST000953,CAMP0003,,Opportunity
CONV007073,CUST003870,CAMP0092,2023-03-17,Lead
CONV007074,CUST007129,CAMP0157,26-02-2026,Opportunity
CONV007075,CUST005761,CAMP0114,2026-04-20,Customer
CONV007076,CUST004692,CAMP0072,2023-11-20,Lead
CONV007077,CUST009646,CAMP0090,10/11/2024,Lead
CONV007078,CUST008851,CAMP0163,2023-11-22,Opportunity
CONV007079,CUST001094,CAMP0134,28-02-2025,Lead
CONV007080,CUST004244,CAMP0123,2026-07-11,Opportunity
CONV007081,CUST000744,CAMP0157,,MQL
CONV007082,CUST004496,CAMP0080,2026-07-08,MQL
CONV007083,CUST009037,CAMP0027,29-10-2025,SQL
CONV007084,CUST007016,CAMP0054,2026-01-19,Opportunity
CONV007085,CUST005520,CAMP0058,2026-07-19,Customer
CONV007086,CUST004703,CAMP0183,12-02-2025,MQL
CONV007087,CUST001960,CAMP0071,31-07-2023,Opportunity
CONV007088,CUST007564,CAMP0051,12-07-2023,SQL
CONV007089,CUST006417,CAMP0151,2023-11-19,Opportunity
CONV007090,CUST008811,CAMP0116,03/02/2025,Opportunity
CONV007091,CUST003844,CAMP0208,2025-04-12,Opportunity
CONV007092,CUST001122,CAMP0052,16-09-2025,Lead
CONV007093,CUST005692,CAMP0081,2026-01-10,SQL
CONV007094,CUST006421,CAMP0166,01/09/2025,MQL
CONV007095,CUST007475,CAMP0149,2026-03-25,Opportunity
CONV007096,CUST004231,CAMP0152,09/08/2025,Opportunity
CONV007097,CUST008511,CAMP0017,13-05-2024,Lead
CONV007098,CUST002287,CAMP0190,2023-05-27,Opportunity
CONV007099,CUST008206,CAMP0216,2024-02-23,Customer
CONV007100,CUST000463,CAMP0016,2026-02-01,Opportunity
CONV007101,CUST007872,CAMP0053,2025-06-23,SQL
CONV007102,CUST001961,CAMP0161,23-06-2024,Opportunity
CONV007103,CUST009981,CAMP0004,2024-12-23,Lead
CONV007104,CUST008288,CAMP0008,2026-05-20,Lead
CONV007105,CUST003811,CAMP0109,30 Mar 2023,Customer
CONV007106,CUST001719,CAMP0152,2024-12-27,Lead
CONV007107,CUST008708,CAMP0130,2025-03-06,Lead
CONV007108,CUST000428,CAMP0112,06/11/2024,Lead
CONV007109,CUST005623,CAMP0006,,SQL
CONV007110,CUST002354,CAMP0160,2024-06-22,Lead
CONV007111,CUST004754,CAMP0087,2023-07-11,MQL
CONV007112,CUST008991,CAMP0189,2024-05-21,Customer
CONV007113,CUST002695,CAMP0151,2024-01-24,MQL
CONV007114,CUST005293,CAMP0062,01/21/2023,Opportunity
CONV007115,CUST002107,CAMP0138,2026-03-26,Lead
CONV007116,CUST005571,CAMP0187,2025-08-28,SQL
CONV007117,CUST006970,CAMP0138,02/14/2024,Opportunity
CONV007118,CUST003547,CAMP0157,2024-02-03,Opportunity
CONV007119,CUST001197,CAMP0063,27-11-2024,MQL
CONV007120,CUST002685,CAMP0148,12 Jan 2026,MQL
CONV007121,CUST003012,CAMP0018,05/11/2026,Customer
CONV007122,CUST000054,CAMP0163,09-02-2023,Customer
CONV007123,CUST007029,CAMP0188,2025-10-03,Customer
CONV007124,CUST000099,CAMP0213,03-04-2023,SQL
CONV007125,CUST003873,CAMP0120,2025-12-16,Customer
CONV007126,CUST007274,CAMP0121,19-09-2025,Lead
CONV007127,CUST008354,CAMP0085,,Lead
CONV007128,CUST000069,CAMP0030,06-07-2023,Customer
CONV007129,CUST004656,CAMP0191,2025-05-02,SQL
CONV007130,CUST007632,CAMP0028,2023-04-10,Customer
CONV007131,CUST001697,CAMP0069,11 Aug 2025,Opportunity
CONV007132,CUST000267,CAMP0053,03-11-2025,Opportunity
CONV007133,CUST009517,CAMP0172,2024-06-12,Lead
CONV007134,CUST003354,CAMP0008,2024-04-07,Lead
CONV007135,CUST004642,CAMP0007,2026-07-18,Customer
CONV007136,CUST003771,CAMP0201,04/12/2026,Lead
CONV007137,CUST006685,CAMP0067,08 Nov 2024,Customer
CONV007138,CUST009541,CAMP0030,30 May 2024,MQL
CONV007139,CUST002562,CAMP0030,08/20/2024,Opportunity
CONV007140,CUST005242,CAMP0052,2026-07-02,SQL
CONV007141,CUST008879,CAMP0198,2024-07-17,Lead
CONV007142,CUST002583,CAMP0099,02/19/2023,MQL
CONV007143,CUST000653,CAMP0114,2024-07-08,Customer
CONV007144,CUST007718,CAMP0067,2024-08-06,Lead
CONV007145,CUST008749,CAMP0120,2024-04-06,Opportunity
CONV007146,CUST006628,CAMP0090,2025-03-27,MQL
CONV007147,CUST007776,CAMP0041,2025-09-07,Customer
CONV007148,CUST000528,CAMP0116,2024-02-24,Opportunity
CONV007149,CUST001395,CAMP0056,10-02-2024,Customer
CONV007150,CUST003944,CAMP0204,2023-06-09,Customer
CONV007151,CUST009500,CAMP0064,2025-01-29,Lead
CONV007152,CUST006270,CAMP0032,2025-10-23,SQL
CONV007153,CUST003440,CAMP0086,2025-01-10,Opportunity
CONV007154,CUST005057,CAMP0194,2023-03-21,MQL
CONV007155,CUST006746,CAMP0157,,MQL
CONV007156,CUST003105,CAMP0052,2024-01-21,Customer
CONV007157,CUST003265,CAMP0215,2023-03-11,Opportunity
CONV007158,CUST004882,CAMP0116,2025-07-17,Opportunity
CONV007159,CUST003132,CAMP0118,10 Aug 2023,Opportunity
CONV007160,CUST006024,CAMP0159,11-11-2024,MQL
CONV007161,CUST007439,CAMP0191,12/22/2023,Opportunity
CONV007162,CUST009887,CAMP0218,01 Mar 2024,Customer
CONV007163,CUST008633,CAMP0033,29-06-2024,Lead
CONV007164,CUST003651,CAMP0036,2025-07-05,SQL
CONV007165,CUST005036,CAMP0045,31 Oct 2025,MQL
CONV007166,CUST003825,CAMP0113,2023-09-02,Opportunity
CONV007167,CUST005432,CAMP0083,2024-04-16,Opportunity
CONV007168,CUST004977,CAMP0060,17-04-2026,Lead
CONV007169,CUST008614,CAMP0125,2023-09-01,Customer
CONV007170,CUST003855,CAMP0067,01/20/2023,Lead
CONV007171,CUST008894,CAMP0055,2026-07-10,SQL
CONV007172,CUST007739,CAMP0205,2025-12-17,MQL
CONV007173,CUST008670,CAMP0138,,Opportunity
CONV007174,CUST003060,CAMP0200,07/13/2023,SQL
CONV007175,CUST005251,CAMP0072,09 Aug 2023,Customer
CONV007176,CUST006025,CAMP0068,2024-11-03,MQL
CONV007177,CUST003727,CAMP0142,2025-07-22,Opportunity
CONV007178,CUST005624,CAMP0020,10 Nov 2024,Opportunity
CONV007179,CUST004834,CAMP0123,2026-06-06,MQL
CONV007180,CUST009573,CAMP0177,2025-10-21,Opportunity
CONV007181,CUST006986,CAMP0041,2026-05-06,Lead
CONV007182,CUST005185,CAMP0009,2024-12-18,SQL
CONV007183,CUST001088,CAMP0131,21-07-2026,SQL
CONV007184,CUST000023,CAMP0124,2023-07-13,MQL
CONV007185,CUST004175,CAMP0201,2025-12-19,MQL
CONV007186,CUST002330,CAMP0070,2025-07-12,MQL
CONV007187,CUST009109,CAMP0092,2025-08-06,Lead
CONV007188,CUST005319,CAMP0057,,Opportunity
CONV007189,CUST004824,CAMP0208,2024-09-12,Opportunity
CONV007190,CUST001577,CAMP0008,2024-08-09,Opportunity
CONV007191,CUST006651,CAMP0178,2024-12-19,SQL
CONV007192,CUST007711,CAMP0080,2025-02-04,SQL
CONV007193,CUST005687,CAMP0193,2025-12-10,Customer
CONV007194,CUST008131,CAMP0045,2025-04-27,Lead
CONV007195,CUST006538,CAMP0045,2025-08-10,Customer
CONV007196,CUST009646,CAMP0002,06 May 2025,MQL
CONV007197,CUST009706,CAMP0097,2023-06-22,Opportunity
CONV007198,CUST009535,CAMP0016,2026-05-17,SQL
CONV007199,CUST000821,CAMP0048,2025-07-12,Opportunity
CONV007200,CUST001994,CAMP0024,2025-03-19,SQL
CONV007201,CUST006973,CAMP0171,24 Mar 2024,Opportunity
CONV007202,CUST002743,CAMP0025,04/16/2023,
CONV007203,CUST003026,CAMP0154,2025-04-29,Opportunity
CONV007204,CUST004995,CAMP0052,08/17/2023,Customer
CONV007205,CUST002096,CAMP0162,05-10-2025,Opportunity
CONV007206,CUST003137,CAMP0052,2026-03-06,Lead
CONV007207,CUST006983,CAMP0050,2023-12-22,Customer
CONV007208,CUST007250,CAMP0020,04/22/2026,Customer
CONV007209,CUST003736,CAMP0052,2025-08-30,MQL
CONV007210,CUST006117,CAMP0052,04-09-2024,Customer
CONV007211,CUST001170,CAMP0072,12/15/2024,SQL
CONV007212,CUST004950,CAMP0154,06/19/2023,MQL
CONV007213,CUST004648,CAMP0178,05/29/2024,Opportunity
CONV007214,CUST002877,CAMP0184,2024-09-23,Opportunity
CONV007215,CUST007193,CAMP0135,26-11-2024,Lead
CONV007216,CUST004240,CAMP0013,06-01-2026,Customer
CONV007217,CUST007303,CAMP0089,2023-03-13,SQL
CONV007218,CUST009370,CAMP0093,,Lead
CONV007219,CUST004533,CAMP0127,16 Oct 2024,Lead
CONV007220,CUST008489,CAMP0128,09-11-2024,MQL
CONV007221,CUST009883,CAMP0134,09-01-2023,Customer
CONV007222,CUST006455,CAMP0007,2023-11-07,Opportunity
CONV007223,CUST004053,CAMP0097,,SQL
CONV007224,CUST001757,CAMP0150,08/03/2025,Lead
CONV007225,CUST009083,CAMP0007,17-06-2023,MQL
CONV007226,CUST008492,CAMP0098,2025-01-06,Lead
CONV007227,CUST001894,CAMP0122,07/27/2024,Lead
CONV007228,CUST007539,CAMP0020,2025-06-02,SQL
CONV007229,CUST008625,CAMP0091,14 Oct 2024,MQL
CONV007230,CUST004244,CAMP0084,2025-11-04,Lead
CONV007231,CUST005364,CAMP0167,2025-04-18,Opportunity
CONV007232,CUST001562,CAMP0109,2024-09-01,Customer
CONV007233,CUST005317,CAMP0184,12-07-2023,SQL
CONV007234,CUST008413,CAMP0219,2024-06-23,Lead
CONV007235,CUST008549,CAMP0136,03/06/2025,SQL
CONV007236,CUST007303,CAMP0013,2025-05-20,Customer
CONV007237,CUST006972,CAMP0025,2026-07-30,Customer
CONV007238,CUST005306,CAMP0164,21-03-2024,MQL
CONV007239,CUST005262,CAMP0114,2024-06-04,Lead
CONV007240,CUST003108,CAMP0102,14-11-2024,Opportunity
CONV007241,CUST007848,CAMP0074,2026-03-12,MQL
CONV007242,CUST000564,CAMP0093,27-11-2025,SQL
CONV007243,CUST006628,CAMP0135,2023-09-06,SQL
CONV007244,CUST002578,CAMP0121,11-02-2025,MQL
CONV007245,CUST004837,CAMP0029,07-09-2023,Opportunity
CONV007246,CUST000636,CAMP0011,03-10-2025,Opportunity
CONV007247,CUST000284,CAMP0136,2023-08-11,SQL
CONV007248,CUST006784,CAMP0110,2023-11-08,Lead
CONV007249,CUST000669,CAMP0005,2026-05-25,Lead
CONV007250,CUST005830,CAMP0086,2023-04-20,Opportunity
CONV007251,CUST002383,CAMP0168,2024-02-18,Lead
CONV007252,CUST001980,CAMP0117,2023-12-11,Opportunity
CONV007253,CUST000187,CAMP0166,06/08/2026,SQL
CONV007254,CUST005517,CAMP0023,15-07-2026,Customer
CONV007255,CUST008461,CAMP0037,2025-08-03,Lead
CONV007256,CUST006041,CAMP0134,04-08-2023,Customer
CONV007257,CUST000543,CAMP0005,10 Jun 2025,Opportunity
CONV007258,CUST001419,CAMP0053,2025-09-23,MQL
CONV007259,CUST001478,CAMP0013,07-04-2023,Opportunity
CONV007260,CUST001696,CAMP0089,08/29/2025,Customer
CONV007261,CUST008936,CAMP0029,27 Jun 2023,SQL
CONV007262,CUST000842,CAMP0037,27-04-2025,SQL
CONV007263,CUST001061,CAMP0073,2025-11-13,
CONV007264,CUST006140,CAMP0149,22-12-2025,Customer
CONV007265,CUST000191,CAMP0201,01 May 2026,SQL
CONV007266,CUST005387,CAMP0088,03/23/2024,Opportunity
CONV007267,CUST007732,CAMP0059,02-03-2024,Lead
CONV007268,CUST000888,CAMP0054,2024-01-09,Opportunity
CONV007269,CUST000440,CAMP0029,2026-03-25,Lead
CONV007270,CUST008356,CAMP0059,07/31/2023,MQL
CONV007271,CUST001725,CAMP0077,29 Oct 2025,MQL
CONV007272,CUST007356,CAMP0035,05/05/2025,Opportunity
CONV007273,CUST003190,CAMP0043,2025-01-19,Opportunity
CONV007274,CUST004069,CAMP0107,2026-05-25,SQL
CONV007275,CUST006542,CAMP0212,16-08-2024,Opportunity
CONV007276,CUST003076,CAMP0031,2024-08-25,Opportunity
CONV007277,CUST009837,CAMP0069,2024-01-07,Customer
CONV007278,CUST003030,CAMP0088,2024-04-24,Lead
CONV007279,CUST004002,CAMP0160,07-05-2023,Opportunity
CONV007280,CUST001579,CAMP0051,07-08-2024,SQL
CONV007281,CUST002517,CAMP0103,2023-03-09,SQL
CONV007282,CUST007493,CAMP0199,,SQL
CONV007283,CUST009629,CAMP0042,2026-06-12,SQL
CONV007284,CUST002860,CAMP0217,2026-07-12,MQL
CONV007285,CUST002381,CAMP0168,2023-02-24,Customer
CONV007286,CUST005178,CAMP0211,2023-01-12,Customer
CONV007287,CUST003239,CAMP0195,2023-07-20,Customer
CONV007288,CUST007757,CAMP0065,2024-10-26,Customer
CONV007289,CUST004821,CAMP0183,2024-03-29,SQL
CONV007290,CUST003290,CAMP0219,2023-08-20,Opportunity
CONV007291,CUST001867,CAMP0199,2023-07-28,Lead
CONV007292,CUST005642,CAMP0170,12/03/2024,Customer
CONV007293,CUST003367,CAMP0156,12 Feb 2024,Opportunity
CONV007294,CUST002498,CAMP0028,2023-02-09,Customer
CONV007295,CUST008218,CAMP0006,09 Sep 2024,Lead
CONV007296,CUST008742,CAMP0006,2023-05-20,Lead
CONV007297,CUST002268,CAMP0173,,SQL
CONV007298,CUST006364,CAMP0187,2026-02-11,Lead
CONV007299,CUST008624,CAMP0130,2024-11-02,SQL
CONV007300,CUST005308,CAMP0048,29-03-2025,Opportunity
CONV007301,CUST009717,CAMP0151,2024-01-17,SQL
CONV007302,CUST007923,CAMP0025,12-11-2023,Lead
CONV007303,CUST000165,CAMP0200,2026-01-26,SQL
CONV007304,CUST009329,CAMP0081,28 Jun 2026,SQL
CONV007305,CUST008593,CAMP0087,2025-09-10,SQL
CONV007306,CUST006392,CAMP0060,06 May 2024,MQL
CONV007307,CUST006787,CAMP0083,,Lead
CONV007308,CUST004535,CAMP0047,2023-10-16,Lead
CONV007309,CUST001025,CAMP0131,12/06/2025,Lead
CONV007310,CUST008934,CAMP0152,22-09-2023,SQL
CONV007311,CUST003201,CAMP0059,14-03-2025,MQL
CONV007312,CUST001482,CAMP0038,2023-12-28,MQL
CONV007313,CUST000573,CAMP0217,10-05-2024,Lead
CONV007314,CUST003534,CAMP0176,25 Aug 2025,Lead
CONV007315,CUST005549,CAMP0050,04 Feb 2024,SQL
CONV007316,CUST001604,CAMP0135,2024-10-01,SQL
CONV007317,CUST000471,CAMP0050,2025-12-17,Opportunity
CONV007318,CUST004135,CAMP0132,2024-07-04,MQL
CONV007319,CUST007591,CAMP0021,2025-01-17,Opportunity
CONV007320,CUST004724,CAMP0039,2026-04-09,Customer
CONV007321,CUST001525,CAMP0046,2025-05-29,Lead
CONV007322,CUST003707,CAMP0119,30-06-2024,MQL
CONV007323,CUST009042,CAMP0004,2023-01-08,Customer
CONV007324,CUST002030,CAMP0146,2023-10-09,Customer
CONV007325,CUST004874,CAMP0067,2023-09-01,Opportunity
CONV007326,CUST006525,CAMP0144,,Opportunity
CONV007327,CUST004510,CAMP0066,2024-09-15,SQL
CONV007328,CUST000994,CAMP0148,2025-05-10,Lead
CONV007329,CUST002261,CAMP0106,2025-08-05,SQL
CONV007330,CUST000520,CAMP0060,2023-10-05,Opportunity
CONV007331,CUST003912,CAMP0175,2023-12-17,Customer
CONV007332,CUST002191,CAMP0211,20-11-2024,Opportunity
CONV007333,CUST003353,CAMP0096,2023-08-05,Lead
CONV007334,CUST004726,CAMP0108,2025-10-08,Customer
CONV007335,CUST009122,CAMP0086,15-02-2024,SQL
CONV007336,CUST005418,CAMP0175,11-06-2023,MQL
CONV007337,CUST003424,CAMP0166,18-05-2024,SQL
CONV007338,CUST000322,CAMP0212,07/13/2023,Lead
CONV007339,CUST005531,CAMP0065,2025-07-15,Customer
CONV007340,CUST004675,CAMP0115,,SQL
CONV007341,CUST007743,CAMP0123,2023-09-10,SQL
CONV007342,CUST004488,CAMP0015,08 Oct 2025,MQL
CONV007343,CUST009991,CAMP0143,09-04-2026,Opportunity
CONV007344,CUST003161,CAMP0155,11-03-2025,Opportunity
CONV007345,CUST007765,CAMP0216,2026-06-27,SQL
CONV007346,CUST004002,CAMP0151,2024-09-26,Opportunity
CONV007347,CUST006322,CAMP0056,10/06/2025,SQL
CONV007348,CUST000513,CAMP0006,02/01/2026,Opportunity
CONV007349,CUST001719,CAMP0201,12/11/2024,MQL
CONV007350,CUST000045,CAMP0208,2026-03-30,SQL
CONV007351,CUST001250,CAMP0055,2024-11-23,Customer
CONV007352,CUST004037,CAMP0198,2025-06-26,Customer
CONV007353,CUST007946,CAMP0078,2023-04-20,MQL
CONV007354,CUST000253,CAMP0076,,Customer
CONV007355,CUST006592,CAMP0211,03/13/2026,SQL
CONV007356,CUST005118,CAMP0180,2024-09-27,MQL
CONV007357,CUST003469,CAMP0009,05/09/2024,Opportunity
CONV007358,CUST002802,CAMP0147,16-01-2025,SQL
CONV007359,CUST004107,CAMP0131,2025-11-22,MQL
CONV007360,CUST003474,CAMP0212,2024-02-18,Customer
CONV007361,CUST005004,CAMP0054,2026-03-11,Customer
CONV007362,CUST004868,CAMP0004,2024-08-16,SQL
CONV007363,CUST001782,CAMP0017,2026-07-06,SQL
CONV007364,CUST004323,CAMP0088,2025-11-03,MQL
CONV007365,CUST007735,CAMP0107,2026-01-23,MQL
CONV007366,CUST002121,CAMP0114,2023-02-23,Customer
CONV007367,CUST007940,CAMP0101,2025-10-21,Customer
CONV007368,CUST009931,CAMP0025,2023-03-10,Customer
CONV007369,CUST005140,CAMP0129,2025-10-25,Opportunity
CONV007370,CUST002555,CAMP0041,2024-09-01,Customer
CONV007371,CUST001946,CAMP0043,2025-11-15,SQL
CONV007372,CUST003249,CAMP0080,2026-06-15,Opportunity
CONV007373,CUST001794,CAMP0071,22-10-2025,Opportunity
CONV007374,CUST008292,CAMP0060,2023-06-09,SQL
CONV007375,CUST002951,CAMP0061,2023-06-23,Customer
CONV007376,CUST003823,CAMP0069,2024-12-07,Opportunity
CONV007377,CUST008940,CAMP0088,,Opportunity
CONV007378,CUST009773,CAMP0102,01/16/2024,MQL
CONV007379,CUST004536,CAMP0196,,MQL
CONV007380,CUST009633,CAMP0217,2024-10-14,Opportunity
CONV007381,CUST007736,CAMP0162,2023-10-25,Opportunity
CONV007382,CUST003865,CAMP0043,09 Apr 2024,Lead
CONV007383,CUST008905,CAMP0111,2026-01-10,Customer
CONV007384,CUST009072,CAMP0126,2023-11-12,Lead
CONV007385,CUST000780,CAMP0196,2024-02-27,SQL
CONV007386,CUST007654,CAMP0219,2026-03-05,SQL
CONV007387,CUST002315,CAMP0133,12-11-2024,SQL
CONV007388,CUST001536,CAMP0122,21-11-2025,Lead
CONV007389,CUST009713,CAMP0017,2025-08-21,Lead
CONV007390,CUST009445,CAMP0162,2025-12-16,MQL
CONV007391,CUST007190,CAMP0083,2024-06-06,SQL
CONV007392,CUST004997,CAMP0002,2025-04-07,SQL
CONV007393,CUST004473,CAMP0069,2025-02-14,Lead
CONV007394,CUST004653,CAMP0172,14-09-2025,MQL
CONV007395,CUST003092,CAMP0139,2025-02-15,MQL
CONV007396,CUST004221,CAMP0031,2024-08-12,Customer
CONV007397,CUST007390,CAMP0076,2024-11-25,Opportunity
CONV007398,CUST004225,CAMP0078,04-04-2025,Customer
CONV007399,CUST006877,CAMP0101,2025-10-19,Opportunity
CONV007400,CUST008429,CAMP0059,03/16/2024,Customer
CONV007401,CUST003759,CAMP0064,2025-08-07,Lead
CONV007402,CUST003502,CAMP0068,04/09/2025,Customer
CONV007403,CUST008665,CAMP0201,2025-06-06,Lead
CONV007404,CUST008029,CAMP0150,18-07-2024,MQL
CONV007405,CUST006535,CAMP0095,21 Jul 2026,SQL
CONV007406,CUST004966,CAMP0110,2023-10-18,Lead
CONV007407,CUST002132,CAMP0205,12/18/2025,Opportunity
CONV007408,CUST003191,CAMP0093,20-10-2024,Lead
CONV007409,CUST003795,CAMP0130,04/01/2026,SQL
CONV007410,CUST000622,CAMP0219,11-07-2024,Opportunity
CONV007411,CUST004535,CAMP0017,19 Nov 2023,Lead
CONV007412,CUST002534,CAMP0032,2026-05-16,SQL
CONV007413,CUST006835,CAMP0147,30 Jul 2024,SQL
CONV007414,CUST002520,CAMP0076,2024-04-27,Opportunity
CONV007415,CUST001796,CAMP0212,08-12-2024,MQL
CONV007416,CUST002241,CAMP0037,2026-03-23,Customer
CONV007417,CUST004976,CAMP0071,2025-07-05,Opportunity
CONV007418,CUST000841,CAMP0134,2023-07-06,Lead
CONV007419,CUST005898,CAMP0150,06-02-2025,MQL
CONV007420,CUST002460,CAMP0174,15-04-2026,MQL
CONV007421,CUST005972,CAMP0219,09/01/2025,Customer
CONV007422,CUST003974,CAMP0053,2024-04-23,Customer
CONV007423,CUST005321,CAMP0090,2024-04-19,Customer
CONV007424,CUST002758,CAMP0100,2023-08-07,SQL
CONV007425,CUST005365,CAMP0078,2025-12-22,MQL
CONV007426,CUST005186,CAMP0084,03/08/2023,MQL
CONV007427,CUST000377,CAMP0090,26-06-2025,Customer
CONV007428,CUST006755,CAMP0179,2025-06-01,Customer
CONV007429,CUST003783,CAMP0199,28-05-2024,Lead
CONV007430,CUST005818,CAMP0187,08/21/2024,Lead
CONV007431,CUST008801,CAMP0047,22-05-2023,SQL
CONV007432,CUST005882,CAMP0079,2026-07-10,Customer
CONV007433,CUST001887,CAMP0013,2025-01-08,SQL
CONV007434,CUST003281,CAMP0164,01/03/2026,SQL
CONV007435,CUST007329,CAMP0196,26-04-2023,Customer
CONV007436,CUST008932,CAMP0040,2024-06-11,MQL
CONV007437,CUST005058,CAMP0139,2025-03-28,Customer
CONV007438,CUST003571,CAMP0094,08-06-2025,Customer
CONV007439,CUST002275,CAMP0196,31-03-2025,Customer
CONV007440,CUST001008,CAMP0160,2025-06-27,Customer
CONV007441,CUST007403,CAMP0009,2025-12-20,Customer
CONV007442,CUST003886,CAMP0038,2023-09-17,SQL
CONV007443,CUST000545,CAMP0194,2023-08-29,Lead
CONV007444,CUST004441,CAMP0115,2025-08-02,SQL
CONV007445,CUST008754,CAMP0063,2024-06-29,Customer
CONV007446,CUST001449,CAMP0090,02/21/2025,MQL
CONV007447,CUST005489,CAMP0154,,Lead
CONV007448,CUST005403,CAMP0126,09-09-2024,Opportunity
CONV007449,CUST001085,CAMP0033,2025-08-31,Opportunity
CONV007450,CUST009033,CAMP0176,25-01-2023,Customer
CONV007451,CUST009066,CAMP0203,2026-03-01,Customer
CONV007452,CUST006681,CAMP0056,2025-10-06,Lead
CONV007453,CUST007699,CAMP0027,,Opportunity
CONV007454,CUST005999,CAMP0187,2023-03-14,SQL
CONV007455,CUST005891,CAMP0022,06-02-2024,MQL
CONV007456,CUST002841,CAMP0028,23 Mar 2025,SQL
CONV007457,CUST009513,CAMP0034,13 Jun 2025,MQL
CONV007458,CUST004777,CAMP0111,,Customer
CONV007459,CUST004608,CAMP0207,2024-11-19,Lead
CONV007460,CUST002286,CAMP0052,05/31/2026,SQL
CONV007461,CUST008812,CAMP0094,2025-03-14,SQL
CONV007462,CUST001510,CAMP0162,2026-01-09,Customer
CONV007463,CUST003921,CAMP0032,2025-12-06,Lead
CONV007464,CUST009215,CAMP0168,2024-04-30,MQL
CONV007465,CUST007837,CAMP0214,2023-02-01,Lead
CONV007466,CUST000447,CAMP0203,2024-11-16,Customer
CONV007467,CUST009971,CAMP0074,2024-06-29,Customer
CONV007468,CUST007689,CAMP0016,2024-05-03,MQL
CONV007469,CUST006734,CAMP0137,2023-03-22,SQL
CONV007470,CUST008787,CAMP0019,06/14/2023,Opportunity
CONV007471,CUST009343,CAMP0029,05 Jan 2026,Opportunity
CONV007472,CUST002957,CAMP0128,17 Apr 2025,MQL
CONV007473,CUST001743,CAMP0044,2023-04-18,SQL
CONV007474,CUST005512,CAMP0164,2025-07-09,SQL
CONV007475,CUST001826,CAMP0059,27-06-2026,Customer
CONV007476,CUST007762,CAMP0109,05/09/2025,SQL
CONV007477,CUST002323,CAMP0071,2023-11-13,Opportunity
CONV007478,CUST000945,CAMP0092,03/26/2024,SQL
CONV007479,CUST004338,CAMP0010,2025-04-16,Lead
CONV007480,CUST005350,CAMP0159,07-03-2025,MQL
CONV007481,CUST003874,CAMP0135,2023-06-08,Customer
CONV007482,CUST000144,CAMP0144,2025-12-17,Lead
CONV007483,CUST009083,CAMP0006,2024-07-02,MQL
CONV007484,CUST008846,CAMP0077,2023-04-24,Lead
CONV007485,CUST003110,CAMP0179,28-05-2023,Lead
CONV007486,CUST006347,CAMP0124,2025-07-29,Customer
CONV007487,CUST008017,CAMP0151,2025-04-13,Customer
CONV007488,CUST002669,CAMP0060,2025-12-14,
CONV007489,CUST004023,CAMP0064,2026-06-09,SQL
CONV007490,CUST001391,CAMP0065,10-02-2023,MQL
CONV007491,CUST004649,CAMP0117,2025-01-18,SQL
CONV007492,CUST005294,CAMP0019,02/27/2025,SQL
CONV007493,CUST007765,CAMP0014,2023-11-29,SQL
CONV007494,CUST004609,CAMP0055,06 Jun 2026,MQL
CONV007495,CUST007982,CAMP0022,2023-09-12,SQL
CONV007496,CUST001132,CAMP0015,2024-11-15,SQL
CONV007497,CUST006823,CAMP0127,13-03-2024,Customer
CONV007498,CUST007107,CAMP0198,2023-05-28,Lead
CONV007499,CUST005240,CAMP0166,2023-01-15,Customer
CONV007500,CUST001917,CAMP0122,09/03/2025,SQL
CONV007501,CUST007530,CAMP0043,04/23/2026,Customer
CONV007502,CUST009190,CAMP0072,04/17/2026,SQL
CONV007503,CUST001582,CAMP0197,2026-05-05,Lead
CONV007504,CUST003870,CAMP0084,2025-09-08,Opportunity
CONV007505,CUST000223,CAMP0059,2025-01-10,MQL
CONV007506,CUST005826,CAMP0091,19-03-2025,Customer
CONV007507,CUST005250,CAMP0099,2025-07-12,Customer
CONV007508,CUST009263,CAMP0156,2026-03-01,Customer
CONV007509,CUST004327,CAMP0019,21-01-2023,MQL
CONV007510,CUST009434,CAMP0117,01 Sep 2025,Customer
CONV007511,CUST002192,CAMP0220,14 Aug 2024,MQL
CONV007512,CUST000844,CAMP0110,2023-05-07,Opportunity
CONV007513,CUST003082,CAMP0108,2025-04-04,MQL
CONV007514,CUST008760,CAMP0068,2024-04-17,Lead
CONV007515,CUST008740,CAMP0128,23-01-2026,MQL
CONV007516,CUST000735,CAMP0200,2024-07-22,Opportunity
CONV007517,CUST009031,CAMP0052,03 Sep 2024,Lead
CONV007518,CUST009082,CAMP0075,04-10-2023,Customer
CONV007519,CUST002345,CAMP0095,2026-07-01,Customer
CONV007520,CUST004499,CAMP0002,02/15/2025,Opportunity
CONV007521,CUST008915,CAMP0001,2024-04-27,Customer
CONV007522,CUST003476,CAMP0135,15-06-2025,Customer
CONV007523,CUST002677,CAMP0079,11/11/2025,Customer
CONV007524,CUST009450,CAMP0017,2024-10-01,Opportunity
CONV007525,CUST008799,CAMP0130,2025-12-22,MQL
CONV007526,CUST002261,CAMP0193,2023-08-06,SQL
CONV007527,CUST000616,CAMP0093,,SQL
CONV007528,CUST001471,CAMP0058,09/07/2025,Customer
CONV007529,CUST007336,CAMP0112,2026-05-28,SQL
CONV007530,CUST008612,CAMP0127,2026-05-06,SQL
CONV007531,CUST005235,CAMP0210,2024-09-30,MQL
CONV007532,CUST008336,CAMP0040,15-11-2024,Lead
CONV007533,CUST003919,CAMP0024,04-02-2025,SQL
CONV007534,CUST003577,CAMP0016,2023-07-10,Lead
CONV007535,CUST005191,CAMP0080,27-05-2023,SQL
CONV007536,CUST001200,CAMP0154,21-02-2023,SQL
CONV007537,CUST009746,CAMP0162,07 Aug 2025,Lead
CONV007538,CUST006085,CAMP0081,2024-10-20,Customer
CONV007539,CUST003833,CAMP0106,2025-05-16,Opportunity
CONV007540,CUST000548,CAMP0206,06-10-2023,Customer
CONV007541,CUST000623,CAMP0077,2023-06-17,Opportunity
CONV007542,CUST005115,CAMP0208,10 Mar 2024,SQL
CONV007543,CUST000769,CAMP0059,04-10-2024,Opportunity
CONV007544,CUST006678,CAMP0214,2025-09-24,Customer
CONV007545,CUST008340,CAMP0098,2025-12-02,Lead
CONV007546,CUST001410,CAMP0046,2025-01-08,SQL
CONV007547,CUST009856,CAMP0159,2025-11-15,Opportunity
CONV007548,CUST009402,CAMP0153,02 Apr 2026,Opportunity
CONV007549,CUST004828,CAMP0074,2024-12-01,Opportunity
CONV007550,CUST004941,CAMP0022,2026-06-23,SQL
CONV007551,CUST000427,CAMP0061,29 Nov 2025,Lead
CONV007552,CUST009942,CAMP0218,04-01-2024,MQL
CONV007553,CUST009384,CAMP0162,2024-06-04,Opportunity
CONV007554,CUST009312,CAMP0196,2026-05-25,Customer
CONV007555,CUST002038,CAMP0021,15-06-2024,MQL
CONV007556,CUST005352,CAMP0037,2024-07-13,SQL
CONV007557,CUST005828,CAMP0128,31-05-2023,Lead
CONV007558,CUST005216,CAMP0142,2026-05-29,Opportunity
CONV007559,CUST005243,CAMP0019,02 Jul 2024,SQL
CONV007560,CUST009039,CAMP0201,15-03-2024,Customer
CONV007561,CUST007384,CAMP0186,2025-03-13,Opportunity
CONV007562,CUST009605,CAMP0128,05 May 2023,Opportunity
CONV007563,CUST006100,CAMP0056,,Opportunity
CONV007564,CUST007393,CAMP0113,2024-04-06,SQL
CONV007565,CUST003451,CAMP0066,03-07-2023,Lead
CONV007566,CUST001428,CAMP0150,08/03/2024,MQL
CONV007567,CUST001484,CAMP0183,2024-06-10,Customer
CONV007568,CUST001082,CAMP0199,2024-10-04,Lead
CONV007569,CUST007853,CAMP0160,2023-11-16,SQL
CONV007570,CUST005825,CAMP0203,2024-03-06,Customer
CONV007571,CUST003629,CAMP0201,2023-09-07,SQL
CONV007572,CUST009181,CAMP0054,2023-05-01,SQL
CONV007573,CUST000603,CAMP0115,2023-06-26,MQL
CONV007574,CUST004504,CAMP0160,2025-09-16,Customer
CONV007575,CUST009868,CAMP0029,12-05-2023,Opportunity
CONV007576,CUST007340,CAMP0060,2026-06-26,Customer
CONV007577,CUST005289,CAMP0119,07-05-2026,MQL
CONV007578,CUST000804,CAMP0191,04 Jul 2023,Lead
CONV007579,CUST009406,CAMP0176,2024-11-30,Lead
CONV007580,CUST007323,CAMP0164,28-06-2024,Opportunity
CONV007581,CUST006734,CAMP0181,16 Jun 2024,Lead
CONV007582,CUST003910,CAMP0108,2023-04-18,Customer
CONV007583,CUST007273,CAMP0134,2025-06-04,Lead
CONV007584,CUST005272,CAMP0012,02/04/2023,Lead
CONV007585,CUST000760,CAMP0219,12/15/2024,MQL
CONV007586,CUST002231,CAMP0104,2025-03-19,SQL
CONV007587,CUST009097,CAMP0045,27 Sep 2024,
CONV007588,CUST004933,CAMP0110,07/07/2024,MQL
CONV007589,CUST001006,CAMP0143,2023-05-01,SQL
CONV007590,CUST007491,CAMP0176,01/15/2026,SQL
CONV007591,CUST005662,CAMP0171,2025-02-26,SQL
CONV007592,CUST009397,CAMP0193,2025-03-05,Opportunity
CONV007593,CUST006998,CAMP0098,,Lead
CONV007594,CUST002773,CAMP0217,2025-09-04,SQL
CONV007595,CUST006352,CAMP0041,11/01/2024,Opportunity
CONV007596,CUST009444,CAMP0158,2024-10-17,Customer
CONV007597,CUST006090,CAMP0107,2025-04-23,SQL
CONV007598,CUST002917,CAMP0076,2023-05-05,Lead
CONV007599,CUST008625,CAMP0206,,Opportunity
CONV007600,CUST007996,CAMP0149,14-12-2025,Opportunity
CONV007601,CUST003867,CAMP0167,02/02/2025,SQL
CONV007602,CUST009347,CAMP0209,2024-09-14,MQL
CONV007603,CUST001305,CAMP0170,,Customer
CONV007604,CUST002176,CAMP0040,2026-04-07,Lead
CONV007605,CUST002117,CAMP0017,2026-05-23,MQL
CONV007606,CUST001810,CAMP0148,2024-05-03,SQL
CONV007607,CUST004979,CAMP0121,2026-02-19,MQL
CONV007608,CUST007040,CAMP0078,03 May 2023,Opportunity
CONV007609,CUST002955,CAMP0138,2025-05-30,Customer
CONV007610,CUST008724,CAMP0033,2025-06-25,Customer
CONV007611,CUST007860,CAMP0103,2024-05-05,Customer
CONV007612,CUST008543,CAMP0122,2025-07-12,Opportunity
CONV007613,CUST001399,CAMP0097,2025-12-21,Lead
CONV007614,CUST000566,CAMP0174,2024-04-07,Lead
CONV007615,CUST004349,CAMP0031,02-11-2025,Lead
CONV007616,CUST006458,CAMP0059,08-02-2025,Lead
CONV007617,CUST000602,CAMP0202,2023-09-08,Opportunity
CONV007618,CUST004394,CAMP0172,2023-02-04,SQL
CONV007619,CUST000985,CAMP0047,2026-04-13,MQL
CONV007620,CUST000135,CAMP0146,2024-12-17,Lead
CONV007621,CUST002307,CAMP0011,2024-02-18,MQL
CONV007622,CUST004761,CAMP0171,2023-03-31,MQL
CONV007623,CUST005245,CAMP0106,2026-06-11,Lead
CONV007624,CUST006867,CAMP0108,04/23/2026,SQL
CONV007625,CUST003158,CAMP0112,2025-03-22,Lead
CONV007626,CUST000002,CAMP0133,11-12-2025,Opportunity
CONV007627,CUST002104,CAMP0081,2023-02-06,SQL
CONV007628,CUST005938,CAMP0050,2025-08-17,MQL
CONV007629,CUST009411,CAMP0136,2025-10-25,MQL
CONV007630,CUST006625,CAMP0125,2024-04-25,Opportunity
CONV007631,CUST003430,CAMP0135,2023-01-15,Opportunity
CONV007632,CUST002288,CAMP0209,01/23/2024,Customer
CONV007633,CUST009747,CAMP0077,30 Jul 2025,SQL
CONV007634,CUST005295,CAMP0040,2026-07-31,Customer
CONV007635,CUST007837,CAMP0101,2025-07-26,Customer
CONV007636,CUST003301,CAMP0126,2023-05-23,Opportunity
CONV007637,CUST004689,CAMP0075,2023-10-18,SQL
CONV007638,CUST008042,CAMP0081,2025-05-02,Opportunity
CONV007639,CUST009494,CAMP0179,11/10/2024,SQL
CONV007640,CUST004710,CAMP0131,2025-09-07,MQL
CONV007641,CUST007503,CAMP0219,2025-10-18,SQL
CONV007642,CUST006672,CAMP0069,28-06-2023,Customer
CONV007643,CUST002080,CAMP0140,2023-11-04,MQL
CONV007644,CUST002604,CAMP0131,2023-05-06,SQL
CONV007645,CUST008442,CAMP0111,2025-07-07,Opportunity
CONV007646,CUST008295,CAMP0144,2025-11-12,Opportunity
CONV007647,CUST003869,CAMP0056,2025-05-11,Lead
CONV007648,CUST009126,CAMP0196,01/12/2026,Lead
CONV007649,CUST003047,CAMP0210,,Lead
CONV007650,CUST900043,CAMP0059,2025-12-06,Opportunity
CONV007651,CUST002572,CAMP0084,2023-08-26,MQL
CONV007652,CUST000477,CAMP0220,2026-03-22,MQL
CONV007653,CUST009866,CAMP0173,14-04-2025,Lead
CONV007654,CUST004084,CAMP0187,2025-08-02,Lead
CONV007655,CUST005748,CAMP0186,2024-06-18,Customer
CONV007656,CUST005456,CAMP0158,25 Apr 2025,Customer
CONV007657,CUST004476,CAMP0169,2024-11-29,SQL
CONV007658,CUST000854,CAMP0189,2024-09-22,MQL
CONV007659,CUST005139,CAMP0105,2023-12-27,MQL
CONV007660,CUST006766,CAMP0033,04/12/2024,Lead
CONV007661,CUST001220,CAMP0201,2024-08-23,MQL
CONV007662,CUST003792,CAMP0089,26 May 2026,Customer
CONV007663,CUST007123,CAMP0085,2025-04-30,MQL
CONV007664,CUST006937,CAMP0135,11/29/2024,MQL
CONV007665,CUST007765,CAMP0079,30-06-2025,Customer
CONV007666,CUST008059,CAMP0219,10/12/2025,SQL
CONV007667,CUST007161,CAMP0079,09/24/2025,Customer
CONV007668,CUST003174,CAMP0198,20 Feb 2024,Opportunity
CONV007669,CUST001322,CAMP0096,07-02-2025,SQL
CONV007670,CUST006249,CAMP0165,28-06-2026,SQL
CONV007671,CUST007025,CAMP0055,06-02-2025,Opportunity
CONV007672,CUST000929,CAMP0008,2026-03-02,SQL
CONV007673,CUST007298,CAMP0010,2025-01-07,Lead
CONV007674,CUST004418,CAMP0103,01-06-2023,Lead
CONV007675,CUST005778,CAMP0205,17 May 2026,SQL
CONV007676,CUST001603,CAMP0089,2025-09-06,MQL
CONV007677,CUST000767,CAMP0219,2023-01-20,Lead
CONV007678,CUST009791,CAMP0159,04 Jan 2024,Opportunity
CONV007679,CUST003383,CAMP0076,,Lead
CONV007680,CUST007144,CAMP0163,2026-07-30,SQL
CONV007681,CUST004267,CAMP0137,2026-02-21,Lead
CONV007682,CUST005675,CAMP0020,2023-10-07,Opportunity
CONV007683,CUST003114,CAMP0216,2023-09-29,MQL
CONV007684,CUST005587,CAMP0113,2025-03-28,Customer
CONV007685,CUST001775,CAMP0220,06/09/2026,MQL
CONV007686,CUST001475,CAMP0218,2024-03-12,Opportunity
CONV007687,CUST003081,CAMP0045,2024-01-19,Customer
CONV007688,CUST002107,CAMP0192,10/08/2025,Opportunity
CONV007689,CUST002746,CAMP0073,2023-03-18,MQL
CONV007690,CUST000679,CAMP0193,2024-07-05,MQL
CONV007691,CUST000181,CAMP0063,15 Feb 2024,Opportunity
CONV007692,CUST007522,CAMP0091,2025-10-01,Customer
CONV007693,CUST005159,CAMP0192,2024-05-27,Opportunity
CONV007694,CUST003671,CAMP0210,08/27/2023,Opportunity
CONV007695,CUST000226,CAMP0059,27 Dec 2024,Customer
CONV007696,CUST005488,CAMP0219,2023-11-30,SQL
CONV007697,CUST008148,CAMP0089,27 Oct 2023,Customer
CONV007698,CUST005431,CAMP0167,19 May 2025,Customer
CONV007699,CUST009735,CAMP0206,09/08/2024,Customer
CONV007700,CUST006804,CAMP0209,2026-06-07,Opportunity
CONV007701,CUST008231,CAMP0033,17-08-2023,Customer
CONV007702,CUST000321,CAMP0128,2023-11-20,SQL
CONV007703,CUST000588,CAMP0069,2023-10-22,Opportunity
CONV007704,CUST001668,CAMP0216,2024-03-26,SQL
CONV007705,CUST006298,CAMP0032,08/29/2023,Lead
CONV007706,CUST004211,CAMP0061,2025-12-06,Customer
CONV007707,CUST005223,CAMP0085,2026-07-23,SQL
CONV007708,CUST009489,CAMP0038,21-12-2024,MQL
CONV007709,CUST006120,CAMP0003,2023-08-13,SQL
CONV007710,CUST008437,CAMP0137,2024-05-21,Opportunity
CONV007711,CUST004635,CAMP0173,07-08-2024,Opportunity
CONV007712,CUST006163,CAMP0047,2023-04-03,MQL
CONV007713,CUST007950,CAMP0158,2025-12-05,Opportunity
CONV007714,CUST002871,CAMP0214,02/23/2026,Customer
CONV007715,CUST004737,CAMP0139,2025-01-28,MQL
CONV007716,CUST006961,CAMP0135,2024-02-26,Customer
CONV007717,CUST003466,CAMP0194,03/08/2023,SQL
CONV007718,CUST006792,CAMP0110,08/27/2023,Lead
CONV007719,CUST009710,CAMP0187,28-06-2026,SQL
CONV007720,CUST007935,CAMP0115,23-05-2024,MQL
CONV007721,CUST005362,CAMP0070,2023-03-28,Opportunity
CONV007722,CUST009085,CAMP0149,04-03-2023,SQL
CONV007723,CUST009828,CAMP0195,2024-02-29,Lead
CONV007724,CUST001364,CAMP0210,25-10-2024,Opportunity
CONV007725,CUST001812,CAMP0022,2024-01-22,MQL
CONV007726,CUST000362,CAMP0165,2026-06-18,Opportunity
CONV007727,CUST000363,CAMP0078,2025-09-12,MQL
CONV007728,CUST009407,CAMP0165,17-09-2025,MQL
CONV007729,CUST001859,CAMP0046,06/01/2026,SQL
CONV007730,CUST007067,CAMP0043,2024-03-27,Lead
CONV007731,CUST004733,CAMP0106,2026-01-29,MQL
CONV007732,CUST003265,CAMP0019,,Opportunity
CONV007733,CUST005799,CAMP0073,20-07-2026,MQL
CONV007734,CUST003422,CAMP0079,14 Aug 2025,MQL
CONV007735,CUST009329,CAMP0196,2025-05-30,Customer
CONV007736,CUST005957,CAMP0148,2026-01-10,Opportunity
CONV007737,CUST002477,CAMP0217,2023-08-25,Customer
CONV007738,CUST003832,CAMP0177,2025-10-09,SQL
CONV007739,CUST000976,CAMP0036,31-08-2024,SQL
CONV007740,CUST002525,CAMP0197,06/17/2024,Customer
CONV007741,CUST001890,CAMP0024,03/24/2026,Opportunity
CONV007742,CUST000574,CAMP0126,2023-01-13,Opportunity
CONV007743,CUST007614,CAMP0016,12/13/2023,MQL
CONV007744,CUST008606,CAMP0125,24-09-2025,Customer
CONV007745,CUST007161,CAMP0166,2025-12-02,Customer
CONV007746,CUST005119,CAMP0172,17-09-2025,Customer
CONV007747,CUST005615,CAMP0135,2023-07-09,Opportunity
CONV007748,CUST006618,CAMP0067,2026-01-04,Customer
CONV007749,CUST003811,CAMP0143,01-08-2023,MQL
CONV007750,CUST003659,CAMP0195,2024-11-01,MQL
CONV007751,CUST007144,CAMP0197,02/10/2023,SQL
CONV007752,CUST007647,CAMP0039,2026-07-22,Customer
CONV007753,CUST000996,CAMP0084,10/06/2023,MQL
CONV007754,CUST008230,CAMP0130,2024-08-14,Customer
CONV007755,CUST009477,CAMP0148,15-02-2026,MQL
CONV007756,CUST007988,CAMP0149,2025-10-15,Opportunity
CONV007757,CUST001588,CAMP0124,23-02-2024,Lead
CONV007758,CUST000500,CAMP0127,2025-08-20,Opportunity
CONV007759,CUST002214,CAMP0118,2024-01-10,Opportunity
CONV007760,CUST000987,CAMP0174,20-05-2023,Opportunity
CONV007761,CUST001609,CAMP0138,2025-08-25,SQL
CONV007762,CUST005110,CAMP0034,2026-02-06,SQL
CONV007763,CUST005809,CAMP0072,2024-01-29,MQL
CONV007764,CUST007123,CAMP0188,10/01/2025,Customer
CONV007765,CUST009568,CAMP0069,2024-09-03,SQL
CONV007766,CUST000871,CAMP0087,2024-05-16,Opportunity
CONV007767,CUST010000,CAMP0089,2023-01-16,SQL
CONV007768,CUST007872,CAMP0190,2023-04-10,Opportunity
CONV007769,CUST001122,CAMP0044,06-12-2023,Customer
CONV007770,CUST000989,CAMP0181,11/14/2023,Lead
CONV007771,CUST009627,CAMP0194,2023-02-28,Lead
CONV007772,CUST009413,CAMP0164,2024-12-28,MQL
CONV007773,CUST009787,CAMP0084,03/06/2026,Opportunity
CONV007774,CUST003334,CAMP0108,2023-10-31,Customer
CONV007775,CUST003835,CAMP0146,2025-08-02,SQL
CONV007776,CUST006259,CAMP0016,12/03/2024,Customer
CONV007777,CUST000173,CAMP0015,2025-04-27,Lead
CONV007778,CUST004402,CAMP0208,03-09-2025,Customer
CONV007779,CUST007508,CAMP0165,2025-10-18,Opportunity
CONV007780,CUST008443,CAMP0068,2023-03-06,Lead
CONV007781,CUST007731,CAMP0190,2023-03-05,SQL
CONV007782,CUST001543,CAMP0120,09-12-2024,MQL
CONV007783,CUST009061,CAMP0157,2024-07-27,Customer
CONV007784,CUST002754,CAMP0059,2025-03-11,SQL
CONV007785,CUST001310,CAMP0027,06 Aug 2024,MQL
CONV007786,CUST003336,CAMP0100,2023-08-06,MQL
CONV007787,CUST008715,CAMP0216,2025-03-31,SQL
CONV007788,CUST005400,CAMP0178,2025-09-11,Customer
CONV007789,CUST000512,CAMP0029,,Lead
CONV007790,CUST001655,CAMP0190,2025-07-03,SQL
CONV007791,CUST008808,CAMP0115,2024-01-04,Customer
CONV007792,CUST007654,CAMP0118,2024-06-06,Lead
CONV007793,CUST004003,CAMP0013,08-01-2023,Customer
CONV007794,CUST007870,CAMP0100,2025-01-25,MQL
CONV007795,CUST003881,CAMP0113,2024-03-19,Customer
CONV007796,CUST007221,CAMP0059,2023-09-20,Customer
CONV007797,CUST000302,CAMP0123,2024-06-09,Opportunity
CONV007798,CUST004673,CAMP0172,03/12/2026,Opportunity
CONV007799,CUST009480,CAMP0116,10-07-2024,
CONV007800,CUST007622,CAMP0072,07/16/2023,Customer
CONV007801,CUST001614,CAMP0041,2023-12-18,MQL
CONV007802,CUST001005,CAMP0129,2025-02-08,Opportunity
CONV007803,CUST006923,CAMP0203,2025-06-08,SQL
CONV007804,CUST000419,CAMP0010,2024-09-11,Opportunity
CONV007805,CUST000267,CAMP0060,2023-12-17,Lead
CONV007806,CUST008328,CAMP0115,2023-11-07,SQL
CONV007807,CUST003422,CAMP0194,23-12-2025,MQL
CONV007808,CUST008502,CAMP0079,2025-06-17,Customer
CONV007809,CUST003985,CAMP0198,2023-12-22,Opportunity
CONV007810,CUST003916,CAMP0112,2025-03-09,MQL
CONV007811,CUST001322,CAMP0048,10 Aug 2024,Opportunity
CONV007812,CUST007277,CAMP0093,2025-05-18,Customer
CONV007813,CUST007790,CAMP0165,02-06-2024,Customer
CONV007814,CUST000191,CAMP0095,2023-05-05,Customer
CONV007815,CUST005325,CAMP0085,2025-07-03,Lead
CONV007816,CUST001352,CAMP0190,01/28/2023,SQL
CONV007817,CUST005311,CAMP0170,2023-12-17,Customer
CONV007818,CUST008028,CAMP0024,2026-05-23,MQL
CONV007819,CUST004748,CAMP0079,2023-06-23,Lead
CONV007820,CUST008154,CAMP0177,2025-02-09,SQL
CONV007821,CUST002300,CAMP0193,03-07-2023,SQL
CONV007822,CUST001669,CAMP0126,2025-06-30,Customer
CONV007823,CUST002530,CAMP0049,2024-02-22,Lead
CONV007824,CUST002806,CAMP0184,10/28/2023,Lead
CONV007825,CUST003385,CAMP0149,07/10/2026,Lead
CONV007826,CUST005319,CAMP0124,2023-09-28,Lead
CONV007827,CUST006887,CAMP0158,2026-02-24,SQL
CONV007828,CUST000495,CAMP0144,2026-07-27,Lead
CONV007829,CUST006423,CAMP0186,2024-12-17,MQL
CONV007830,CUST000602,CAMP0078,12/23/2024,MQL
CONV007831,CUST004360,CAMP0013,2025-04-18,Customer
CONV007832,CUST009978,CAMP0132,08/24/2025,Lead
CONV007833,CUST008582,CAMP0130,08/12/2025,Lead
CONV007834,CUST009698,CAMP0092,,MQL
CONV007835,CUST004410,CAMP0106,18-01-2023,MQL
CONV007836,CUST005444,CAMP0129,23-07-2025,Lead
CONV007837,CUST003695,CAMP0059,05/15/2026,SQL
CONV007838,CUST003803,CAMP0183,04-01-2023,Lead
CONV007839,CUST008961,CAMP0067,2023-03-12,Customer
CONV007840,CUST006307,CAMP0210,2024-06-02,Customer
CONV007841,CUST007253,CAMP0126,2023-11-16,MQL
CONV007842,CUST007501,CAMP0207,2023-11-28,Opportunity
CONV007843,CUST005270,CAMP0030,30-03-2025,Opportunity
CONV007844,CUST008222,CAMP0124,05/13/2023,Lead
CONV007845,CUST004275,CAMP0082,2025-01-03,Lead
CONV007846,CUST006342,CAMP0091,2023-12-05,Opportunity
CONV007847,CUST006419,CAMP0114,2025-04-23,Opportunity
CONV007848,CUST003492,CAMP0204,2024-05-14,Opportunity
CONV007849,CUST005853,CAMP0147,24-02-2026,SQL
CONV007850,CUST006086,CAMP0057,2024-08-21,SQL
CONV007851,CUST006548,CAMP0127,2024-10-11,Lead
CONV007852,CUST003644,CAMP0113,2023-12-21,Opportunity
CONV007853,CUST007271,CAMP0131,2024-05-28,MQL
CONV007854,CUST005489,CAMP0205,2025-12-22,MQL
CONV007855,CUST002909,CAMP0098,2026-01-20,Opportunity
CONV007856,CUST000797,CAMP0095,22-07-2025,MQL
CONV007857,CUST006175,CAMP0196,2024-05-15,Customer
CONV007858,CUST003364,CAMP0106,04-04-2026,SQL
CONV007859,CUST000896,CAMP0219,2023-02-26,Opportunity
CONV007860,CUST000169,CAMP0104,05/16/2026,Opportunity
CONV007861,CUST002835,CAMP0081,,Lead
CONV007862,CUST007291,CAMP0003,2025-06-20,Customer
CONV007863,CUST000538,CAMP0045,2024-01-26,SQL
CONV007864,CUST000964,CAMP0197,2026-03-09,Lead
CONV007865,CUST006142,CAMP0124,29-11-2025,Opportunity
CONV007866,CUST002788,CAMP0053,07-01-2023,Opportunity
CONV007867,CUST008804,CAMP0010,2023-07-24,MQL
CONV007868,CUST007628,CAMP0010,2023-04-04,SQL
CONV007869,CUST006401,CAMP0208,2024-03-30,Opportunity
CONV007870,CUST008810,CAMP0204,2023-08-01,SQL
CONV007871,CUST007475,CAMP0175,2023-08-27,MQL
CONV007872,CUST009163,CAMP0217,21-02-2026,SQL
CONV007873,CUST007674,CAMP0076,02/15/2023,MQL
CONV007874,CUST000014,CAMP0177,2025-09-16,Opportunity
CONV007875,CUST002503,CAMP0076,22-05-2025,MQL
CONV007876,CUST006491,CAMP0137,13-11-2025,Lead
CONV007877,CUST002733,CAMP0025,2023-10-03,Opportunity
CONV007878,CUST002269,CAMP0089,04/14/2023,Customer
CONV007879,CUST003924,CAMP0133,23-02-2026,MQL
CONV007880,CUST007696,CAMP0026,2025-08-31,Lead
CONV007881,CUST006487,CAMP0060,2024-05-23,Opportunity
CONV007882,CUST008203,CAMP0072,2025-05-31,MQL
CONV007883,CUST004184,CAMP0065,10-12-2025,Lead
CONV007884,CUST006959,CAMP0043,03 Apr 2026,SQL
CONV007885,CUST002545,CAMP0215,2023-08-06,SQL
CONV007886,CUST007477,CAMP0182,2023-02-15,Opportunity
CONV007887,CUST002255,CAMP0189,06 May 2025,Customer
CONV007888,CUST005209,CAMP0042,02/18/2024,MQL
CONV007889,CUST000186,CAMP0096,12-06-2026,SQL
CONV007890,CUST003089,CAMP0186,,Opportunity
CONV007891,CUST004469,CAMP0027,2025-12-28,MQL
CONV007892,CUST001940,CAMP0197,2024-10-04,SQL
CONV007893,CUST008502,CAMP0145,2024-08-10,SQL
CONV007894,CUST005367,CAMP0090,08/26/2024,Customer
CONV007895,CUST009279,CAMP0200,26 Feb 2024,SQL
CONV007896,CUST003273,CAMP0039,2023-07-26,SQL
CONV007897,CUST004684,CAMP0003,05/16/2026,MQL
CONV007898,CUST004626,CAMP0103,2024-11-19,Lead
CONV007899,CUST009965,CAMP0081,26 Feb 2023,MQL
CONV007900,CUST002444,CAMP0068,27-01-2023,Customer
CONV007901,CUST009333,CAMP0013,2025-03-10,Lead
CONV007902,CUST001858,CAMP0030,2026-03-10,MQL
CONV007903,CUST006101,CAMP0094,2023-02-27,SQL
CONV007904,CUST001910,CAMP0032,2025-11-14,MQL
CONV007905,CUST003891,CAMP0005,2024-11-15,MQL
CONV007906,CUST008182,CAMP0112,2024-12-02,Customer
CONV007907,CUST006928,CAMP0064,2024-08-03,Customer
CONV007908,CUST005532,CAMP0013,2023-06-25,SQL
CONV007909,CUST008056,CAMP0201,2023-08-15,Customer
CONV007910,CUST007870,CAMP0058,01/25/2024,Customer
CONV007911,CUST004325,CAMP0033,11/28/2023,SQL
CONV007912,CUST002646,CAMP0015,,SQL
CONV007913,CUST008417,CAMP0063,2024-07-01,Customer
CONV007914,CUST001019,CAMP0007,2023-02-22,Opportunity
CONV007915,CUST007357,CAMP0053,2023-10-13,SQL
CONV007916,CUST004972,CAMP0047,26-01-2025,Opportunity
CONV007917,CUST003128,CAMP0219,,Opportunity
CONV007918,CUST007553,CAMP0088,2024-06-23,Customer
CONV007919,CUST003450,CAMP0217,2025-09-14,Lead
CONV007920,CUST001767,CAMP0216,,SQL
CONV007921,CUST004399,CAMP0040,2026-07-17,Lead
CONV007922,CUST007448,CAMP0214,04/21/2023,Customer
CONV007923,CUST002567,CAMP0123,06/13/2024,Customer
CONV007924,CUST004129,CAMP0159,2025-10-30,MQL
CONV007925,CUST006489,CAMP0201,12/14/2023,Lead
CONV007926,CUST006446,CAMP0168,2023-09-02,MQL
CONV007927,CUST002393,CAMP0175,2026-01-18,SQL
CONV007928,CUST006066,CAMP0111,23-05-2024,Lead
CONV007929,CUST004801,CAMP0179,09/29/2025,Lead
CONV007930,CUST005058,CAMP0217,2023-05-18,Opportunity
CONV007931,CUST007656,CAMP0176,22 Nov 2025,Customer
CONV007932,CUST000850,CAMP0138,23-09-2023,Lead
CONV007933,CUST003956,CAMP0090,2025-04-09,SQL
CONV007934,CUST007590,CAMP0017,2023-12-03,Opportunity
CONV007935,CUST005242,CAMP0202,2025-02-11,Lead
CONV007936,CUST007810,CAMP0022,2026-01-12,Lead
CONV007937,CUST006019,CAMP0001,2023-11-20,Customer
CONV007938,CUST007018,CAMP0063,16 Apr 2024,Lead
CONV007939,CUST002212,CAMP0083,,MQL
CONV007940,CUST004670,CAMP0189,06/13/2023,Customer
CONV007941,CUST007068,CAMP0097,2023-01-14,Opportunity
CONV007942,CUST004720,CAMP0155,09/02/2024,Lead
CONV007943,CUST002666,CAMP0220,07/29/2023,Lead
CONV007944,CUST007288,CAMP0208,2025-01-06,MQL
CONV007945,CUST008066,CAMP0081,09-11-2024,SQL
CONV007946,CUST003205,CAMP0080,08 Aug 2025,SQL
CONV007947,CUST009103,CAMP0176,2024-08-05,SQL
CONV007948,CUST004602,CAMP0128,2024-11-18,Customer
CONV007949,CUST000299,CAMP0215,2026-04-15,SQL
CONV007950,CUST006613,CAMP0189,2023-04-05,Lead
CONV007951,CUST001347,CAMP0005,2023-10-05,Customer
CONV007952,CUST002926,CAMP0020,2025-04-12,SQL
CONV007953,CUST004330,CAMP0096,08 Apr 2026,MQL
CONV007954,CUST006458,CAMP0024,02 May 2026,MQL
CONV007955,CUST003633,CAMP0145,2024-10-23,Opportunity
CONV007956,CUST001205,CAMP0053,12 Sep 2023,SQL
CONV007957,CUST008574,CAMP0159,28-03-2026,Opportunity
CONV007958,CUST001752,CAMP0051,2023-01-31,Opportunity
CONV007959,CUST004039,CAMP0081,2024-10-20,Customer
CONV007960,CUST002846,CAMP0127,30-01-2023,SQL
CONV007961,CUST002352,CAMP0077,2026-03-10,Opportunity
CONV007962,CUST007644,CAMP0039,29 Aug 2023,SQL
CONV007963,CUST006059,CAMP0023,2023-08-05,MQL
CONV007964,CUST001073,CAMP0044,2025-06-04,MQL
CONV007965,CUST002526,CAMP0164,03-12-2024,Customer
CONV007966,CUST005883,CAMP0021,2026-01-10,Lead
CONV007967,CUST003333,CAMP0208,2025-11-22,Lead
CONV007968,CUST000363,CAMP0093,08/28/2024,Opportunity
CONV007969,CUST005241,CAMP0218,05/10/2024,Opportunity
CONV007970,CUST006908,CAMP0098,2025-05-16,Lead
CONV007971,CUST009663,CAMP0137,2023-10-20,Lead
CONV007972,CUST008833,CAMP0002,08-05-2024,Opportunity
CONV007973,CUST000055,CAMP0132,2023-06-08,SQL
CONV007974,CUST009226,CAMP0019,06-11-2024,MQL
CONV007975,CUST009666,CAMP0059,05-02-2024,Lead
CONV007976,CUST005395,CAMP0032,10/25/2025,MQL
CONV007977,CUST008917,CAMP0150,,MQL
CONV007978,CUST009774,CAMP0146,2025-03-26,SQL
CONV007979,CUST006869,CAMP0132,2024-12-05,MQL
CONV007980,CUST007029,CAMP0016,2025-05-22,Customer
CONV007981,CUST000543,CAMP0204,04-04-2026,Lead
CONV007982,CUST005937,CAMP0062,17 Oct 2025,Lead
CONV007983,CUST004894,CAMP0020,,SQL
CONV007984,CUST008876,CAMP0176,2023-01-11,Opportunity
CONV007985,CUST005140,CAMP0209,03-12-2025,Customer
CONV007986,CUST003397,CAMP0217,,Opportunity
CONV007987,CUST005647,CAMP0203,19-01-2023,Customer
CONV007988,CUST008761,CAMP0208,08 Sep 2023,MQL
CONV007989,CUST007389,CAMP0210,2024-06-04,MQL
CONV007990,CUST008824,CAMP0169,2024-04-14,SQL
CONV007991,CUST000537,CAMP0134,12-06-2024,SQL
CONV007992,CUST003925,CAMP0106,2025-11-18,Customer
CONV007993,CUST002378,CAMP0048,2024-10-05,SQL
CONV007994,CUST002389,CAMP0152,2023-05-27,SQL
CONV007995,CUST006160,CAMP0025,01/05/2023,Opportunity
CONV007996,CUST005644,CAMP0160,06-10-2024,Opportunity
CONV007997,CUST008313,CAMP0007,28-02-2023,SQL
CONV007998,CUST002164,CAMP0119,23-11-2024,Customer
CONV007999,CUST006992,CAMP0038,12-04-2023,MQL
CONV008000,CUST003740,CAMP0166,2023-09-14,Opportunity
CONV008001,CUST004935,CAMP0126,2023-11-17,SQL
CONV008002,CUST007680,CAMP0138,16-05-2025,
CONV008003,CUST004446,CAMP0043,27-06-2023,MQL
CONV008004,CUST008768,CAMP0177,2023-11-09,SQL
CONV008005,CUST001843,CAMP0128,2025-05-28,SQL
CONV008006,CUST003349,CAMP0192,2023-11-13,Customer
CONV008007,CUST007319,CAMP0035,01-10-2024,SQL
CONV008008,CUST002598,CAMP0057,04-01-2025,Opportunity
CONV008009,CUST008674,CAMP0105,2024-04-27,Opportunity
CONV008010,CUST009059,CAMP0215,2025-10-11,SQL
CONV008011,CUST009671,CAMP0075,2023-09-23,MQL
CONV008012,CUST900052,CAMP0099,2024-06-24,Lead
CONV008013,CUST007479,CAMP0159,2023-07-01,Customer
CONV008014,CUST001747,CAMP0100,12-09-2023,MQL
CONV008015,CUST005767,CAMP0168,2023-11-08,Lead
CONV008016,CUST004018,CAMP0031,2024-05-17,Customer
CONV008017,CUST001353,CAMP0048,12-08-2023,Lead
CONV008018,CUST005210,CAMP0062,07-03-2024,Lead
CONV008019,CUST001803,CAMP0088,05/27/2023,Opportunity
CONV008020,CUST008099,CAMP0187,2024-12-18,Customer
CONV008021,CUST000798,CAMP0185,21-03-2025,SQL
CONV008022,CUST008186,CAMP0054,2024-10-17,Customer
CONV008023,CUST001079,CAMP0160,2025-09-19,SQL
CONV008024,CUST009624,CAMP0213,2024-12-01,MQL
CONV008025,CUST002870,CAMP0068,17 Jul 2023,Opportunity
CONV008026,CUST000644,CAMP0099,29-05-2026,Lead
CONV008027,CUST007961,CAMP0210,,Opportunity
CONV008028,CUST007799,CAMP0058,08/23/2025,MQL
CONV008029,CUST007648,CAMP0081,2023-06-30,Opportunity
CONV008030,CUST006605,CAMP0002,2025-10-14,MQL
CONV008031,CUST001687,CAMP0110,05-10-2025,MQL
CONV008032,CUST009414,CAMP0004,30-10-2023,MQL
CONV008033,CUST005790,CAMP0133,09/19/2023,SQL
CONV008034,CUST002864,CAMP0109,2025-11-05,Customer
CONV008035,CUST008291,CAMP0123,2026-04-11,SQL
CONV008036,CUST003573,CAMP0037,2025-05-17,SQL
CONV008037,CUST003117,CAMP0193,26 Jul 2026,SQL
CONV008038,CUST001257,CAMP0073,05/10/2026,Customer
CONV008039,CUST004229,CAMP0075,2024-04-16,Customer
CONV008040,CUST001734,CAMP0010,06 Apr 2026,Opportunity
CONV008041,CUST008647,CAMP0059,13-05-2023,Lead
CONV008042,CUST008142,CAMP0162,2024-11-01,MQL
CONV008043,CUST001226,CAMP0203,2025-08-11,SQL
CONV008044,CUST006437,CAMP0018,2023-05-22,Customer
CONV008045,CUST001086,CAMP0121,25 Jun 2026,MQL
CONV008046,CUST005066,CAMP0219,11/21/2025,MQL
CONV008047,CUST009833,CAMP0146,06-06-2024,MQL
CONV008048,CUST007364,CAMP0220,22-12-2023,MQL
CONV008049,CUST001997,CAMP0038,2023-09-20,Opportunity
CONV008050,CUST009580,CAMP0124,2024-11-08,MQL
CONV008051,CUST002772,CAMP0144,2025-01-18,MQL
CONV008052,CUST004136,CAMP0034,01-05-2025,Customer
CONV008053,CUST001896,CAMP0131,2023-10-20,Opportunity
CONV008054,CUST009362,CAMP0107,2024-06-24,Customer
CONV008055,CUST003964,CAMP0217,2023-02-08,MQL
CONV008056,CUST004509,CAMP0145,2023-10-24,SQL
CONV008057,CUST007190,CAMP0035,2024-05-15,Lead
CONV008058,CUST002183,CAMP0008,17-07-2025,Customer
CONV008059,CUST007319,CAMP0028,20 Aug 2023,SQL
CONV008060,CUST006489,CAMP0149,,Lead
CONV008061,CUST000402,CAMP0117,10 Feb 2025,MQL
CONV008062,CUST004001,CAMP0219,,Opportunity
CONV008063,CUST000493,CAMP0145,23-12-2024,MQL
CONV008064,CUST001730,CAMP0091,12/15/2024,Customer
CONV008065,CUST002093,CAMP0084,2024-07-06,SQL
CONV008066,CUST006812,CAMP0066,2024-02-02,MQL
CONV008067,CUST000895,CAMP0190,2025-12-03,Lead
CONV008068,CUST007711,CAMP0149,2024-11-03,Lead
CONV008069,CUST002410,CAMP0120,2024-01-07,SQL
CONV008070,CUST002072,CAMP0110,2025-01-18,Lead
CONV008071,CUST003716,CAMP0145,2025-09-12,MQL
CONV008072,CUST004412,CAMP0044,2025-05-29,SQL
CONV008073,CUST000797,CAMP0122,01-09-2024,SQL
CONV008074,CUST007125,CAMP0152,20-05-2023,Customer
CONV008075,CUST003629,CAMP0175,2026-05-01,Lead
CONV008076,CUST007237,CAMP0014,01 May 2023,Opportunity
CONV008077,CUST008800,CAMP0001,2023-03-02,Lead
CONV008078,CUST009022,CAMP0083,2024-05-04,SQL
CONV008079,CUST007156,CAMP0087,2025-11-25,Lead
CONV008080,CUST008427,CAMP0148,26-02-2024,Opportunity
CONV008081,CUST000255,CAMP0215,2023-07-03,SQL
CONV008082,CUST003044,CAMP0182,2025-05-28,Lead
CONV008083,CUST004286,CAMP0136,07/25/2023,Customer
CONV008084,CUST008882,CAMP0150,2024-11-03,Opportunity
CONV008085,CUST005700,CAMP0198,06-11-2024,Customer
CONV008086,CUST009943,CAMP0017,2025-07-18,SQL
CONV008087,CUST005666,CAMP0025,04/09/2024,Opportunity
CONV008088,CUST004690,CAMP0077,01-03-2025,Lead
CONV008089,CUST000964,CAMP0176,2026-01-09,MQL
CONV008090,CUST005764,CAMP0104,15-03-2023,SQL
CONV008091,CUST005685,CAMP0198,2026-01-16,Lead
CONV008092,CUST001739,CAMP0102,2024-12-20,Customer
CONV008093,CUST001325,CAMP0169,2025-09-13,Customer
CONV008094,CUST008778,CAMP0021,2025-02-18,SQL
CONV008095,CUST004837,CAMP0091,2024-04-25,Opportunity
CONV008096,CUST004352,CAMP0196,07-06-2026,Customer
CONV008097,CUST001066,CAMP0093,03-03-2024,Lead
CONV008098,CUST004047,CAMP0159,2024-09-16,SQL
CONV008099,CUST007099,CAMP0029,2026-05-20,SQL
CONV008100,CUST006729,CAMP0196,31-01-2024,MQL
CONV008101,CUST007814,CAMP0107,,Lead
CONV008102,CUST005123,CAMP0136,09-12-2024,SQL
CONV008103,CUST007543,CAMP0109,2024-10-29,Customer
CONV008104,CUST007257,CAMP0030,06-07-2024,SQL
CONV008105,CUST002958,CAMP0009,2024-07-08,SQL
CONV008106,CUST005939,CAMP0015,2025-08-06,Lead
CONV008107,CUST005580,CAMP0025,2024-09-15,SQL
CONV008108,CUST009981,CAMP0073,2023-03-03,Customer
CONV008109,CUST009976,CAMP0187,2023-04-30,Customer
CONV008110,CUST009723,CAMP0179,2023-11-26,Lead
CONV008111,CUST004131,CAMP0200,01/10/2026,SQL
CONV008112,CUST002162,CAMP0163,06/18/2025,SQL
CONV008113,CUST007023,CAMP0072,2023-09-13,Opportunity
CONV008114,CUST003812,CAMP0107,2025-10-27,MQL
CONV008115,CUST008682,CAMP0047,2026-07-16,MQL
CONV008116,CUST000508,CAMP0175,2024-09-06,MQL
CONV008117,CUST002719,CAMP0205,30-07-2023,Lead
CONV008118,CUST000027,CAMP0144,2025-01-24,MQL
CONV008119,CUST009161,CAMP0033,07-01-2024,Lead
CONV008120,CUST005607,CAMP0126,01/24/2026,Customer
CONV008121,CUST001366,CAMP0192,2026-04-12,SQL
CONV008122,CUST005518,CAMP0098,2024-10-28,Opportunity
CONV008123,CUST005800,CAMP0074,2025-07-24,Opportunity
CONV008124,CUST006643,CAMP0214,2024-12-21,MQL
CONV008125,CUST003310,CAMP0099,09/26/2025,MQL
CONV008126,CUST005929,CAMP0091,06/17/2025,Lead
CONV008127,CUST006489,CAMP0010,2026-01-11,SQL
CONV008128,CUST005211,CAMP0023,2023-03-07,MQL
CONV008129,CUST000512,CAMP0025,30 Nov 2025,MQL
CONV008130,CUST000169,CAMP0176,,Lead
CONV008131,CUST002191,CAMP0189,2026-03-10,Lead
CONV008132,CUST007020,CAMP0190,2026-04-09,MQL
CONV008133,CUST002893,CAMP0047,07/13/2025,Lead
CONV008134,CUST006533,CAMP0051,2023-04-13,Customer
CONV008135,CUST006281,CAMP0211,12-02-2023,Customer
CONV008136,CUST002798,CAMP0070,10/24/2025,Customer
CONV008137,CUST002904,CAMP0149,2024-10-04,Lead
CONV008138,CUST008774,CAMP0109,04/02/2025,Lead
CONV008139,CUST007495,CAMP0099,2023-12-24,SQL
CONV008140,CUST000884,CAMP0217,2026-06-12,SQL
CONV008141,CUST009651,CAMP0140,31-03-2024,Customer
CONV008142,CUST003453,CAMP0180,11-08-2023,Customer
CONV008143,CUST005274,CAMP0041,2024-01-19,MQL
CONV008144,CUST006004,CAMP0142,08-03-2026,MQL
CONV008145,CUST006926,CAMP0012,03/02/2024,Customer
CONV008146,CUST005107,CAMP0206,07/24/2023,MQL
CONV008147,CUST000689,CAMP0139,2023-09-22,Customer
CONV008148,CUST002862,CAMP0021,29-06-2024,MQL
CONV008149,CUST002024,CAMP0198,05-08-2023,MQL
CONV008150,CUST009761,CAMP0157,,Customer
CONV008151,CUST000304,CAMP0076,07/21/2026,MQL
CONV008152,CUST001026,CAMP0011,2024-06-26,SQL
CONV008153,CUST004808,CAMP0057,07/18/2026,SQL
CONV008154,CUST007667,CAMP0008,2025-02-20,Lead
CONV008155,CUST004177,CAMP0047,02/24/2023,Lead
CONV008156,CUST009304,CAMP0012,03-11-2023,Opportunity
CONV008157,CUST003365,CAMP0178,2023-01-29,Opportunity
CONV008158,CUST006373,CAMP0085,2024-03-15,MQL
CONV008159,CUST009044,CAMP0128,2023-09-24,MQL
CONV008160,CUST005246,CAMP0095,2025-08-26,Lead
CONV008161,CUST005047,CAMP0064,2023-04-06,MQL
CONV008162,CUST005441,CAMP0170,18-01-2025,Customer
CONV008163,CUST001238,CAMP0214,2024-06-12,SQL
CONV008164,CUST005168,CAMP0048,2026-01-22,SQL
CONV008165,CUST004000,CAMP0047,10/06/2023,Customer
CONV008166,CUST001355,CAMP0201,14-09-2025,Lead
CONV008167,CUST004638,CAMP0032,2023-10-25,Lead
CONV008168,CUST009127,CAMP0027,,MQL
CONV008169,CUST000232,CAMP0132,2024-05-11,Customer
CONV008170,CUST007406,CAMP0045,,Opportunity
CONV008171,CUST006445,CAMP0111,2024-01-03,Lead
CONV008172,CUST006926,CAMP0155,2025-07-25,Opportunity
CONV008173,CUST009920,CAMP0012,29-06-2023,Lead
CONV008174,CUST004322,CAMP0105,01-04-2024,Opportunity
CONV008175,CUST002686,CAMP0191,07 Jul 2025,Opportunity
CONV008176,CUST004928,CAMP0170,16-05-2024,MQL
CONV008177,CUST008630,CAMP0066,2026-07-09,MQL
CONV008178,CUST001201,CAMP0035,2024-08-30,Customer
CONV008179,CUST002275,CAMP0055,2024-10-05,MQL
CONV008180,CUST009671,CAMP0220,2025-02-25,MQL
CONV008181,CUST009964,CAMP0065,18 Apr 2025,MQL
CONV008182,CUST002926,CAMP0160,11/27/2025,Lead
CONV008183,CUST003174,CAMP0042,,Lead
CONV008184,CUST007323,CAMP0084,2024-09-03,SQL
CONV008185,CUST008197,CAMP0220,2024-08-26,Opportunity
CONV008186,CUST000112,CAMP0143,2023-07-16,
CONV008187,CUST004394,CAMP0092,25 Jun 2026,SQL
CONV008188,CUST004537,CAMP0091,28-02-2023,MQL
CONV008189,CUST005758,CAMP0179,2023-02-17,Lead
CONV008190,CUST009553,CAMP0147,20-02-2024,MQL
CONV008191,CUST005264,CAMP0174,09/23/2024,Customer
CONV008192,CUST001117,CAMP0060,2026-06-03,SQL
CONV008193,CUST007881,CAMP0170,2023-11-24,SQL
CONV008194,CUST003452,CAMP0200,30-08-2024,Lead
CONV008195,CUST008067,CAMP0204,2026-02-07,Customer
CONV008196,CUST005967,CAMP0131,2026-05-17,Customer
CONV008197,CUST008259,CAMP0002,05-10-2024,SQL
CONV008198,CUST002070,CAMP0099,25-02-2026,
CONV008199,CUST001116,CAMP0090,2023-05-30,SQL
CONV008200,CUST005307,CAMP0041,2024-02-29,MQL
CONV008201,CUST005387,CAMP0091,04-08-2023,Opportunity
CONV008202,CUST006681,CAMP0106,12/07/2025,Opportunity
CONV008203,CUST009005,CAMP0150,07/11/2024,Opportunity
CONV008204,CUST008551,CAMP0218,2023-05-30,
CONV008205,CUST000836,CAMP0074,2025-09-18,Opportunity
CONV008206,CUST005345,CAMP0173,2025-03-18,Customer
CONV008207,CUST004578,CAMP0005,06-01-2025,Customer
CONV008208,CUST008791,CAMP0041,15-03-2026,Lead
CONV008209,CUST000658,CAMP0197,2023-07-21,Opportunity
CONV008210,CUST003177,CAMP0116,2025-07-08,Opportunity
CONV008211,CUST007395,CAMP0208,2024-05-06,Lead
CONV008212,CUST005674,CAMP0103,07/17/2026,Opportunity
CONV008213,CUST003109,CAMP0080,2026-06-05,Customer
CONV008214,CUST005957,CAMP0062,,Lead
CONV008215,CUST008766,CAMP0185,2023-09-22,Customer
CONV008216,CUST000335,CAMP0089,01/30/2025,Opportunity
CONV008217,CUST005537,CAMP0044,2026-04-19,Opportunity
CONV008218,CUST002819,CAMP0022,22-10-2024,Customer
CONV008219,CUST007612,CAMP0158,07/07/2026,Lead
CONV008220,CUST004002,CAMP0213,,Lead
CONV008221,CUST002622,CAMP0129,04/08/2024,Customer
CONV008222,CUST001528,CAMP0172,2024-09-30,SQL
CONV008223,CUST008076,CAMP0016,,Lead
CONV008224,CUST000411,CAMP0156,2024-04-10,Lead
CONV008225,CUST006290,CAMP0093,11 Jul 2026,Customer
CONV008226,CUST005027,CAMP0144,2023-01-03,SQL
CONV008227,CUST001963,CAMP0160,2026-07-14,Lead
CONV008228,CUST007691,CAMP0075,2024-02-28,Lead
CONV008229,CUST005716,CAMP0160,2026-02-11,Lead
CONV008230,CUST008143,CAMP0064,09/18/2025,Lead
CONV008231,CUST001602,CAMP0075,2025-08-29,Opportunity
CONV008232,CUST006073,CAMP0148,09/10/2023,SQL
CONV008233,CUST004377,CAMP0045,2025-09-20,Lead
CONV008234,CUST008219,CAMP0045,2024-03-14,SQL
CONV008235,CUST008761,CAMP0149,2025-09-13,MQL
CONV008236,CUST007204,CAMP0046,2025-08-22,Lead
CONV008237,CUST003076,CAMP0180,06-09-2024,
CONV008238,CUST002526,CAMP0169,2025-03-20,Opportunity
CONV008239,CUST007495,CAMP0082,12/24/2025,SQL
CONV008240,CUST006198,CAMP0152,02 Aug 2024,Customer
CONV008241,CUST004038,CAMP0089,2024-12-05,Opportunity
CONV008242,CUST007630,CAMP0054,2026-05-25,Lead
CONV008243,CUST001707,CAMP0200,16-09-2025,Opportunity
CONV008244,CUST001013,CAMP0075,2025-04-05,Opportunity
CONV008245,CUST007176,CAMP0208,31-12-2023,Lead
CONV008246,CUST006227,CAMP0101,09/09/2023,Opportunity
CONV008247,CUST003228,CAMP0209,2025-11-17,MQL
CONV008248,CUST004454,CAMP0101,2023-01-06,Lead
CONV008249,CUST005249,CAMP0102,04/13/2023,MQL
CONV008250,CUST001748,CAMP0109,2026-04-04,Lead
CONV008251,CUST001582,CAMP0215,03-08-2023,Lead
CONV008252,CUST001647,CAMP0202,2023-03-12,Customer
CONV008253,CUST001189,CAMP0145,05/29/2024,Customer
CONV008254,CUST003735,CAMP0060,2025-08-09,Customer
CONV008255,CUST004586,CAMP0011,2026-07-11,Opportunity
CONV008256,CUST001746,CAMP0188,16-12-2023,MQL
CONV008257,CUST007744,CAMP0037,16 Oct 2024,MQL
CONV008258,CUST009561,CAMP0105,2026-01-27,MQL
CONV008259,CUST006419,CAMP0071,2026-02-11,Opportunity
CONV008260,CUST000195,CAMP0077,2023-11-01,SQL
CONV008261,CUST008465,CAMP0084,09/30/2023,SQL
CONV008262,CUST007668,CAMP0009,2023-06-16,Customer
CONV008263,CUST009370,CAMP0092,12-11-2025,MQL
CONV008264,CUST005824,CAMP0061,04 Dec 2025,Opportunity
CONV008265,CUST008237,CAMP0181,07/05/2024,Customer
CONV008266,CUST000055,CAMP0180,2024-12-05,Lead
CONV008267,CUST006574,CAMP0078,12/07/2025,Customer
CONV008268,CUST000387,CAMP0151,2025-05-20,Opportunity
CONV008269,CUST008912,CAMP0089,17-01-2025,MQL
CONV008270,CUST003990,CAMP0131,2026-02-21,Opportunity
CONV008271,CUST001728,CAMP0218,2024-03-01,Lead
CONV008272,CUST006817,CAMP0169,2023-10-02,Customer
CONV008273,CUST005088,CAMP0091,09 Mar 2025,MQL
CONV008274,CUST008224,CAMP0080,02/25/2025,SQL
CONV008275,CUST002374,CAMP0048,2025-07-05,MQL
CONV008276,CUST008504,CAMP0162,19-01-2024,Opportunity
CONV008277,CUST009634,CAMP0166,2025-08-29,Lead
CONV008278,CUST004444,CAMP0098,2023-07-02,Opportunity
CONV008279,CUST006306,CAMP0186,02/11/2024,Lead
CONV008280,CUST002369,CAMP0014,2024-06-25,Customer
CONV008281,CUST002746,CAMP0020,23-08-2025,Lead
CONV008282,CUST007085,CAMP0070,2023-03-18,MQL
CONV008283,CUST008410,CAMP0160,2026-03-27,Customer
CONV008284,CUST006954,CAMP0197,2024-06-01,SQL
CONV008285,CUST007683,CAMP0116,2024-07-04,MQL
CONV008286,CUST003204,CAMP0118,01/31/2026,Customer
CONV008287,CUST003044,CAMP0086,2024-12-09,Opportunity
CONV008288,CUST008955,CAMP0054,2025-11-24,Lead
CONV008289,CUST008082,CAMP0008,2024-12-30,MQL
CONV008290,CUST005157,CAMP0053,23 Sep 2024,Opportunity
CONV008291,CUST000045,CAMP0210,2026-05-08,Lead
CONV008292,CUST007178,CAMP0139,2023-03-30,SQL
CONV008293,CUST009512,CAMP0065,,SQL
CONV008294,CUST006204,CAMP0184,2025-06-02,Customer
CONV008295,CUST008128,CAMP0158,2023-05-27,Lead
CONV008296,CUST006918,CAMP0100,17 Dec 2024,Customer
CONV008297,CUST000567,CAMP0125,30-04-2023,Opportunity
CONV008298,CUST005749,CAMP0168,2025-03-22,MQL
CONV008299,CUST000237,CAMP0133,,MQL
CONV008300,CUST004172,CAMP0132,2026-05-13,MQL
CONV008301,CUST005303,CAMP0111,02/14/2026,MQL
CONV008302,CUST001802,CAMP0169,13-01-2023,Opportunity
CONV008303,CUST004003,CAMP0083,2023-11-22,Customer
CONV008304,CUST003651,CAMP0038,2025-07-12,Customer
CONV008305,CUST003807,CAMP0066,2025-04-03,MQL
CONV008306,CUST005337,CAMP0211,2024-02-25,Customer
CONV008307,CUST006141,CAMP0033,01/28/2023,Customer
CONV008308,CUST006250,CAMP0008,2024-01-29,MQL
CONV008309,CUST000249,CAMP0104,12/18/2023,SQL
CONV008310,CUST005324,CAMP0177,2023-01-31,Opportunity
CONV008311,CUST001422,CAMP0220,2024-03-18,Opportunity
CONV008312,CUST006115,CAMP0096,2023-12-21,MQL
CONV008313,CUST006408,CAMP0045,15-07-2023,Lead
CONV008314,CUST006238,CAMP0021,01 Aug 2023,Lead
CONV008315,CUST006788,CAMP0084,2023-10-22,MQL
CONV008316,CUST008530,CAMP0106,01/18/2025,
CONV008317,CUST004717,CAMP0094,2024-08-17,Lead
CONV008318,CUST005024,CAMP0183,07/22/2023,MQL
CONV008319,CUST000220,CAMP0029,19-12-2024,Opportunity
CONV008320,CUST004687,CAMP0126,2025-02-26,Opportunity
CONV008321,CUST004132,CAMP0071,06/28/2023,SQL
CONV008322,CUST000231,CAMP0051,2025-01-21,Lead
CONV008323,CUST007110,CAMP0052,17-05-2024,Opportunity
CONV008324,CUST007080,CAMP0105,08/04/2024,MQL
CONV008325,CUST001430,CAMP0150,2024-01-14,MQL
CONV008326,CUST008546,CAMP0015,05/16/2024,Lead
CONV008327,CUST003540,CAMP0077,2025-03-17,MQL
CONV008328,CUST007585,CAMP0101,2025-09-25,MQL
CONV008329,CUST009531,CAMP0142,2025-12-13,Lead
CONV008330,CUST004293,CAMP0058,2023-08-28,SQL
CONV008331,CUST007191,CAMP0161,26-11-2024,Opportunity
CONV008332,CUST006158,CAMP0113,05-11-2024,MQL
CONV008333,CUST006601,CAMP0093,2026-03-31,Customer
CONV008334,CUST006772,CAMP0100,11/19/2024,SQL
CONV008335,CUST003610,CAMP0026,2023-09-22,Opportunity
CONV008336,CUST006550,CAMP0095,2024-07-11,Opportunity
CONV008337,CUST006951,CAMP0041,2025-03-27,Lead
CONV008338,CUST001565,CAMP0042,04-06-2025,Lead
CONV008339,CUST000215,CAMP0052,10-10-2024,Opportunity
CONV008340,CUST006158,CAMP0111,2024-04-16,Customer
CONV008341,CUST002295,CAMP0002,2025-10-22,Customer
CONV008342,CUST007598,CAMP0059,2023-12-25,Lead
CONV008343,CUST001324,CAMP0066,2025-11-21,Opportunity
CONV008344,CUST007731,CAMP0107,03-10-2024,Opportunity
CONV008345,CUST003831,CAMP0193,09-12-2025,Customer
CONV008346,CUST000367,CAMP0031,31-10-2024,Customer
CONV008347,CUST008892,CAMP0151,11/30/2023,SQL
CONV008348,CUST008895,CAMP0170,2024-10-25,Opportunity
CONV008349,CUST000637,CAMP0218,09/14/2023,MQL
CONV008350,CUST009019,CAMP0209,2024-03-12,Customer
CONV008351,CUST002793,CAMP0038,12/09/2025,Lead
CONV008352,CUST003158,CAMP0008,08/28/2023,Opportunity
CONV008353,CUST008419,CAMP0190,04-11-2025,Opportunity
CONV008354,CUST007491,CAMP0161,2025-01-05,Opportunity
CONV008355,CUST004762,CAMP0049,2025-01-31,MQL
CONV008356,CUST001070,CAMP0116,2024-10-30,MQL
CONV008357,CUST001123,CAMP0082,17 Sep 2024,Lead
CONV008358,CUST004128,CAMP0040,03/23/2026,Customer
CONV008359,CUST004673,CAMP0190,2025-12-07,Customer
CONV008360,CUST001263,CAMP0046,2026-03-10,MQL
CONV008361,CUST002537,CAMP0108,21 Feb 2023,Lead
CONV008362,CUST006538,CAMP0169,2026-02-02,MQL
CONV008363,CUST008265,CAMP0033,26 Jul 2025,SQL
CONV008364,CUST008583,CAMP0219,24-10-2025,Customer
CONV008365,CUST004678,CAMP0168,2023-10-30,Opportunity
CONV008366,CUST007138,CAMP0099,2025-08-22,Customer
CONV008367,CUST001156,CAMP0105,30-04-2026,Customer
CONV008368,CUST001838,CAMP0059,04-01-2023,Opportunity
CONV008369,CUST004889,CAMP0027,2023-05-20,Lead
CONV008370,CUST000688,CAMP0084,2024-09-14,Customer
CONV008371,CUST001642,CAMP0006,26-06-2024,MQL
CONV008372,CUST004455,CAMP0191,2026-06-13,Customer
CONV008373,CUST003765,CAMP0156,2023-11-02,Opportunity
CONV008374,CUST001397,CAMP0128,12/02/2023,Customer
CONV008375,CUST000648,CAMP0153,2023-06-19,MQL
CONV008376,CUST002625,CAMP0157,18-04-2023,Opportunity
CONV008377,CUST008128,CAMP0215,04/20/2024,Opportunity
CONV008378,CUST000375,CAMP0163,2025-07-13,MQL
CONV008379,CUST002622,CAMP0008,2025-06-29,Opportunity
CONV008380,CUST009133,CAMP0089,03/26/2026,Opportunity
CONV008381,CUST002345,CAMP0135,21 Jun 2026,MQL
CONV008382,CUST005833,CAMP0086,2026-03-13,Opportunity
CONV008383,CUST002415,CAMP0032,11/13/2023,MQL
CONV008384,CUST006066,CAMP0066,07/02/2024,
CONV008385,CUST009261,CAMP0126,10/05/2024,Opportunity
CONV008386,CUST009205,CAMP0044,2023-08-11,Opportunity
CONV008387,CUST004761,CAMP0174,2025-06-12,Opportunity
CONV008388,CUST006079,CAMP0198,2025-02-09,Customer
CONV008389,CUST000743,CAMP0219,2025-06-17,SQL
CONV008390,CUST000034,CAMP0057,2025-01-14,MQL
CONV008391,CUST003521,CAMP0076,2025-06-10,SQL
CONV008392,CUST002304,CAMP0175,2024-12-17,Opportunity
CONV008393,CUST006456,CAMP0115,03/10/2023,Opportunity
CONV008394,CUST004451,CAMP0053,2024-03-24,SQL
CONV008395,CUST002871,CAMP0116,06/05/2024,Customer
CONV008396,CUST001443,CAMP0126,2025-02-26,MQL
CONV008397,CUST000040,CAMP0105,2025-04-30,Lead
CONV008398,CUST009518,CAMP0109,2025-05-05,MQL
CONV008399,CUST000672,CAMP0212,2025-11-10,Lead
CONV008400,CUST001668,CAMP0186,13 Apr 2023,Opportunity
CONV008401,CUST006018,CAMP0001,2023-08-25,Opportunity
CONV008402,CUST001839,CAMP0098,2025-05-10,MQL
CONV008403,CUST007549,CAMP0049,2024-03-22,Customer
CONV008404,CUST007482,CAMP0181,2023-08-22,Lead
CONV008405,CUST005092,CAMP0027,17-06-2023,Customer
CONV008406,CUST005368,CAMP0012,2025-07-28,MQL
CONV008407,CUST006294,CAMP0218,2023-09-18,Lead
CONV008408,CUST007030,CAMP0068,02/17/2023,SQL
CONV008409,CUST001649,CAMP0001,23-08-2025,Opportunity
CONV008410,CUST002103,CAMP0081,09/09/2023,SQL
CONV008411,CUST008323,CAMP0036,18-02-2023,SQL
CONV008412,CUST007509,CAMP0120,2023-04-07,MQL
CONV008413,CUST001842,CAMP0064,2025-01-16,Opportunity
CONV008414,CUST007888,CAMP0022,2024-10-25,Opportunity
CONV008415,CUST004639,CAMP0034,28-08-2025,MQL
CONV008416,CUST000386,CAMP0012,21-05-2026,MQL
CONV008417,CUST008824,CAMP0038,05 Mar 2026,Opportunity
CONV008418,CUST009403,CAMP0215,2025-01-20,MQL
CONV008419,CUST002184,CAMP0079,03/13/2025,Customer
CONV008420,CUST000161,CAMP0075,11/30/2023,MQL
CONV008421,CUST000562,CAMP0077,06 May 2023,Opportunity
CONV008422,CUST009498,CAMP0040,2023-04-03,Lead
CONV008423,CUST002942,CAMP0160,13 Apr 2026,Customer
CONV008424,CUST008311,CAMP0168,06-08-2023,SQL
CONV008425,CUST000993,CAMP0182,2024-06-22,Customer
CONV008426,CUST006323,CAMP0203,2025-07-02,Opportunity
CONV008427,CUST009483,CAMP0209,2023-08-22,SQL
CONV008428,CUST007763,CAMP0137,2025-02-25,MQL
CONV008429,CUST008605,CAMP0217,25-03-2025,Opportunity
CONV008430,CUST007248,CAMP0212,2025-03-06,Customer
CONV008431,CUST007778,CAMP0069,2023-05-04,MQL
CONV008432,CUST001882,CAMP0113,29 Dec 2023,Opportunity
CONV008433,CUST003147,CAMP0217,2026-04-09,SQL
CONV008434,CUST003400,CAMP0186,29 Jan 2023,Lead
CONV008435,CUST002734,CAMP0213,09/11/2024,MQL
CONV008436,CUST009583,CAMP0101,01/20/2024,Customer
CONV008437,CUST008287,CAMP0020,2025-05-15,Opportunity
CONV008438,CUST004695,CAMP0147,26-02-2025,Customer
CONV008439,CUST004826,CAMP0006,08/03/2023,Lead
CONV008440,CUST005117,CAMP0172,2023-11-08,SQL
CONV008441,CUST002683,CAMP0117,05/15/2023,Opportunity
CONV008442,CUST004800,CAMP0141,23-08-2023,Opportunity
CONV008443,CUST000280,CAMP0116,2024-07-26,MQL
CONV008444,CUST007616,CAMP0114,09-09-2024,Opportunity
CONV008445,CUST006561,CAMP0034,28-05-2026,Lead
CONV008446,CUST003261,CAMP0011,2026-04-28,Opportunity
CONV008447,CUST006182,CAMP0206,2024-07-21,Lead
CONV008448,CUST002059,CAMP0214,2023-10-19,Opportunity
CONV008449,CUST000150,CAMP0029,05/19/2026,SQL
CONV008450,CUST002172,CAMP0035,2024-01-13,Lead
CONV008451,CUST008233,CAMP0097,2025-03-31,Customer
CONV008452,CUST009298,CAMP0042,,MQL
CONV008453,CUST009727,CAMP0160,07-05-2025,SQL
CONV008454,CUST009080,CAMP0012,09/09/2023,Lead
CONV008455,CUST001210,CAMP0213,2026-05-05,MQL
CONV008456,CUST002281,CAMP0123,03/09/2026,Opportunity
CONV008457,CUST009330,CAMP0176,02/06/2024,Lead
CONV008458,CUST007921,CAMP0106,2025-03-21,Lead
CONV008459,CUST001215,CAMP0017,2026-07-09,Opportunity
CONV008460,CUST006899,CAMP0185,07-05-2024,Opportunity
CONV008461,CUST005537,CAMP0010,2024-06-02,Opportunity
CONV008462,CUST004721,CAMP0090,02/02/2025,MQL
CONV008463,CUST001762,CAMP0175,2024-05-07,Customer
CONV008464,CUST007733,CAMP0006,,SQL
CONV008465,CUST005382,CAMP0152,2023-08-05,Customer
CONV008466,CUST006102,CAMP0071,2024-05-29,MQL
CONV008467,CUST008585,CAMP0200,2025-04-01,SQL
CONV008468,CUST002667,CAMP0026,12-04-2025,Opportunity
CONV008469,CUST006192,CAMP0091,2026-03-16,Opportunity
CONV008470,CUST004723,CAMP0180,2024-02-28,SQL
CONV008471,CUST000507,CAMP0056,2025-10-22,SQL
CONV008472,CUST003462,CAMP0034,2026-03-15,Customer
CONV008473,CUST005712,CAMP0084,2026-01-10,Customer
CONV008474,CUST003980,CAMP0160,01/07/2023,MQL
CONV008475,CUST006913,CAMP0173,05/30/2024,Lead
CONV008476,CUST007401,CAMP0111,2025-03-13,Opportunity
CONV008477,CUST005334,CAMP0065,12 May 2023,MQL
CONV008478,CUST005443,CAMP0065,20-02-2023,MQL
CONV008479,CUST000961,CAMP0160,2026-01-20,Customer
CONV008480,CUST008583,CAMP0007,01/05/2023,SQL
CONV008481,CUST003761,CAMP0086,01/16/2023,Lead
CONV008482,CUST001942,CAMP0204,2025-09-15,Lead
CONV008483,CUST003137,CAMP0146,2023-03-09,Lead
CONV008484,CUST005321,CAMP0127,2024-12-31,MQL
CONV008485,CUST009262,CAMP0052,2024-10-26,MQL
CONV008486,CUST007170,CAMP0021,22-03-2024,SQL
CONV008487,CUST005806,CAMP0020,12/17/2024,MQL
CONV008488,CUST004071,CAMP0158,22-10-2023,Customer
CONV008489,CUST008818,CAMP0196,2025-10-02,Customer
CONV008490,CUST007658,CAMP0186,2024-01-28,Opportunity
CONV008491,CUST001151,CAMP0074,2026-03-18,Lead
CONV008492,CUST002214,CAMP0133,2025-08-14,Opportunity
CONV008493,CUST006959,CAMP0128,08/30/2025,SQL
CONV008494,CUST003827,CAMP0099,2026-01-24,Lead
CONV008495,CUST009945,CAMP0017,2023-12-08,Opportunity
CONV008496,CUST007341,CAMP0160,21 Jul 2026,SQL
CONV008497,CUST008235,CAMP0113,2024-01-08,MQL
CONV008498,CUST000655,CAMP0116,,Opportunity
CONV008499,CUST006540,CAMP0179,2025-11-26,
CONV008500,CUST003341,CAMP0153,2023-08-14,MQL
CONV008501,CUST004915,CAMP0026,07/18/2024,MQL
CONV008502,CUST001004,CAMP0061,2025-05-13,Opportunity
CONV008503,CUST008207,CAMP0208,2024-09-15,Opportunity
CONV008504,CUST003421,CAMP0167,2024-04-20,Customer
CONV008505,CUST008986,CAMP0174,2026-06-17,Opportunity
CONV008506,CUST007682,CAMP0178,2025-05-31,Customer
CONV008507,CUST006310,CAMP0018,01/12/2025,Opportunity
CONV008508,CUST002086,CAMP0048,2024-03-11,SQL
CONV008509,CUST003221,CAMP0155,11-12-2024,Lead
CONV008510,CUST003970,CAMP0052,2023-05-07,Opportunity
CONV008511,CUST002646,CAMP0188,12-06-2026,Customer
CONV008512,CUST005934,CAMP0060,01/13/2024,Lead
CONV008513,CUST007217,CAMP0187,04/13/2023,Opportunity
CONV008514,CUST002796,CAMP0182,12/11/2025,Customer
CONV008515,CUST009286,CAMP0095,07-01-2026,MQL
CONV008516,CUST003588,CAMP0017,2025-05-17,MQL
CONV008517,CUST001872,CAMP0196,2025-02-11,SQL
CONV008518,CUST000991,CAMP0016,2026-05-18,Customer
CONV008519,CUST001898,CAMP0050,06/30/2025,SQL
CONV008520,CUST000595,CAMP0177,17-05-2023,Customer
CONV008521,CUST004567,CAMP0141,12/29/2024,SQL
CONV008522,CUST005477,CAMP0150,2023-04-15,Lead
CONV008523,CUST002445,CAMP0175,2025-01-19,MQL
CONV008524,CUST005800,CAMP0207,2025-07-09,MQL
CONV008525,CUST000797,CAMP0162,01/18/2023,Lead
CONV008526,CUST004783,CAMP0029,14-08-2023,SQL
CONV008527,CUST005125,CAMP0160,,Lead
CONV008528,CUST007784,CAMP0040,08/08/2024,MQL
CONV008529,CUST003701,CAMP0158,07/29/2024,Opportunity
CONV008530,CUST004481,CAMP0054,05/14/2024,MQL
CONV008531,CUST007087,CAMP0107,2023-02-12,Customer
CONV008532,CUST007573,CAMP0087,2024-11-06,Customer
CONV008533,CUST004333,CAMP0066,2025-10-05,Customer
CONV008534,CUST003849,CAMP0204,2025-02-12,SQL
CONV008535,CUST007178,CAMP0005,26-10-2023,Opportunity
CONV008536,CUST004822,CAMP0047,2023-11-16,Opportunity
CONV008537,CUST003834,CAMP0079,2024-12-21,Opportunity
CONV008538,CUST006490,CAMP0207,2023-05-19,MQL
CONV008539,CUST001381,CAMP0205,2026-07-27,SQL
CONV008540,CUST004885,CAMP0121,10-01-2024,Lead
CONV008541,CUST006068,CAMP0050,2025-09-22,SQL
CONV008542,CUST009625,CAMP0112,18 May 2024,SQL
CONV008543,CUST004706,CAMP0156,04-05-2023,SQL
CONV008544,CUST006676,CAMP0058,2023-10-13,Customer
CONV008545,CUST003152,CAMP0076,2026-08-01,Customer
CONV008546,CUST000650,CAMP0161,2024-10-26,Lead
CONV008547,CUST005068,CAMP0201,2024-07-05,MQL
CONV008548,CUST009330,CAMP0003,2023-03-09,Lead
CONV008549,CUST000389,CAMP0043,18-03-2023,Customer
CONV008550,CUST001416,CAMP0052,08/08/2024,Opportunity
CONV008551,CUST008764,CAMP0020,2023-10-04,Customer
CONV008552,CUST008489,CAMP0118,30-04-2026,MQL
CONV008553,CUST004102,CAMP0002,12/23/2024,MQL
CONV008554,CUST001380,CAMP0036,2024-10-03,MQL
CONV008555,CUST000374,CAMP0047,2025-08-26,MQL
CONV008556,CUST006199,CAMP0136,2025-02-23,Customer
CONV008557,CUST001604,CAMP0035,09/08/2024,SQL
CONV008558,CUST009635,CAMP0121,2024-06-15,MQL
CONV008559,CUST007929,CAMP0144,2025-07-08,SQL
CONV008560,CUST004075,CAMP0198,2025-03-24,SQL
CONV008561,CUST006114,CAMP0193,,SQL
CONV008562,CUST001329,CAMP0110,03/18/2024,SQL
CONV008563,CUST002854,CAMP0056,04/30/2024,Customer
CONV008564,CUST000181,CAMP0142,2026-07-18,Customer
CONV008565,CUST004181,CAMP0091,2025-04-12,SQL
CONV008566,CUST000281,CAMP0209,03-03-2024,Lead
CONV008567,CUST007926,CAMP0029,2023-12-06,MQL
CONV008568,CUST008131,CAMP0127,16 Jul 2024,SQL
CONV008569,CUST008451,CAMP0045,07/20/2023,Customer
CONV008570,CUST008330,CAMP0112,2024-09-24,Customer
CONV008571,CUST003773,CAMP0150,2024-10-11,SQL
CONV008572,CUST005454,CAMP0075,2023-02-25,Opportunity
CONV008573,CUST007312,CAMP0137,2023-09-25,Opportunity
CONV008574,CUST000206,CAMP0053,2023-07-22,Customer
CONV008575,CUST000988,CAMP0164,2025-02-16,Lead
CONV008576,CUST004259,CAMP0040,2025-03-20,MQL
CONV008577,CUST002737,CAMP0179,2026-03-07,SQL
CONV008578,CUST004835,CAMP0004,2023-05-18,Opportunity
CONV008579,CUST001889,CAMP0065,03-09-2025,MQL
CONV008580,CUST002826,CAMP0042,29-05-2026,SQL
CONV008581,CUST002570,CAMP0067,2024-12-07,SQL
CONV008582,CUST001109,CAMP0178,21-02-2026,SQL
CONV008583,CUST007837,CAMP0102,,Opportunity
CONV008584,CUST008521,CAMP0187,2024-04-02,SQL
CONV008585,CUST005341,CAMP0126,13-05-2024,Lead
CONV008586,CUST006611,CAMP0179,08-12-2023,Customer
CONV008587,CUST007703,CAMP0096,03/02/2024,Lead
CONV008588,CUST001529,CAMP0071,08/28/2024,MQL
CONV008589,CUST008479,CAMP0128,10-03-2025,SQL
CONV008590,CUST004212,CAMP0139,28-08-2023,MQL
CONV008591,CUST009160,CAMP0045,2026-05-15,Customer
CONV008592,CUST007689,CAMP0055,2025-01-12,SQL
CONV008593,CUST000314,CAMP0098,07/11/2025,SQL
CONV008594,CUST009804,CAMP0141,08-07-2024,Opportunity
CONV008595,CUST006217,CAMP0092,2024-03-27,MQL
CONV008596,CUST008645,CAMP0035,10-04-2026,SQL
CONV008597,CUST005436,CAMP0146,03-11-2023,MQL
CONV008598,CUST000142,CAMP0002,2024-09-04,MQL
CONV008599,CUST007720,CAMP0025,03-08-2024,Opportunity
CONV008600,CUST000756,CAMP0057,2025-08-24,MQL
CONV008601,CUST009182,CAMP0016,2024-05-28,Customer
CONV008602,CUST001648,CAMP0048,21-04-2026,Opportunity
CONV008603,CUST002094,CAMP0025,2025-11-12,SQL
CONV008604,CUST009100,CAMP0201,22-06-2025,Lead
CONV008605,CUST008019,CAMP0118,30-04-2025,SQL
CONV008606,CUST004317,CAMP0041,2025-09-03,Opportunity
CONV008607,CUST900054,CAMP0078,,Customer
CONV008608,CUST001568,CAMP0127,2024-07-07,MQL
CONV008609,CUST008233,CAMP0079,2024-05-31,Customer
CONV008610,CUST000346,CAMP0171,2023-11-11,Opportunity
CONV008611,CUST006343,CAMP0082,2023-06-07,SQL
CONV008612,CUST007731,CAMP0011,01-06-2026,MQL
CONV008613,CUST003268,CAMP0042,27-08-2024,Opportunity
CONV008614,CUST002607,CAMP0067,05/05/2025,Opportunity
CONV008615,CUST005741,CAMP0075,2023-12-05,SQL
CONV008616,CUST008075,CAMP0032,04/28/2026,SQL
CONV008617,CUST002359,CAMP0119,03/21/2026,Customer
CONV008618,CUST009733,CAMP0212,22-10-2023,SQL
CONV008619,CUST008859,CAMP0090,2023-05-08,Lead
CONV008620,CUST006714,CAMP0162,12/20/2024,Lead
CONV008621,CUST003248,CAMP0168,18-11-2025,Customer
CONV008622,CUST003725,CAMP0201,24 Apr 2025,Customer
CONV008623,CUST004922,CAMP0070,04/21/2023,Lead
CONV008624,CUST001087,CAMP0153,21-06-2025,SQL
CONV008625,CUST008974,CAMP0071,2026-02-18,Lead
CONV008626,CUST009143,CAMP0028,2025-09-06,MQL
CONV008627,CUST009445,CAMP0189,01/23/2023,MQL
CONV008628,CUST003023,CAMP0084,2026-04-12,Customer
CONV008629,CUST002705,CAMP0190,14-07-2026,MQL
CONV008630,CUST009392,CAMP0164,20-12-2023,Customer
CONV008631,CUST007636,CAMP0061,08/03/2023,MQL
CONV008632,CUST002446,CAMP0116,2024-09-07,Lead
CONV008633,CUST004531,CAMP0162,2026-02-19,MQL
CONV008634,CUST003290,CAMP0209,08/28/2024,MQL
CONV008635,CUST005039,CAMP0148,2024-07-17,SQL
CONV008636,CUST005796,CAMP0042,2024-09-14,Opportunity
CONV008637,CUST007172,CAMP0058,02-01-2026,SQL
CONV008638,CUST006191,CAMP0019,2023-10-05,Lead
CONV008639,CUST002385,CAMP0090,2024-01-02,MQL
CONV008640,CUST003013,CAMP0189,07/21/2026,Customer
CONV008641,CUST001075,CAMP0066,26-11-2025,Lead
CONV008642,CUST000456,CAMP0057,03/06/2025,Lead
CONV008643,CUST008052,CAMP0092,2024-07-01,Lead
CONV008644,CUST007757,CAMP0016,2025-04-17,Opportunity
CONV008645,CUST006803,CAMP0218,2023-05-13,Customer
CONV008646,CUST005950,CAMP0096,10-02-2023,Opportunity
CONV008647,CUST004651,CAMP0078,2026-06-15,MQL
CONV008648,CUST009206,CAMP0068,12/07/2024,SQL
CONV008649,CUST003986,CAMP0189,2023-01-14,SQL
CONV008650,CUST006412,CAMP0121,28-06-2026,SQL
CONV008651,CUST008717,CAMP0215,22-09-2025,MQL
CONV008652,CUST002517,CAMP0042,2023-12-29,Lead
CONV008653,CUST007854,CAMP0209,2024-06-15,SQL
CONV008654,CUST005756,CAMP0220,2023-07-03,Lead
CONV008655,CUST003215,CAMP0024,01-11-2025,Lead
CONV008656,CUST007520,CAMP0023,2023-02-27,Opportunity
CONV008657,CUST008867,CAMP0205,24-02-2023,Lead
CONV008658,CUST004885,CAMP0112,2024-05-01,MQL
CONV008659,CUST002188,CAMP0065,2023-12-16,SQL
CONV008660,CUST007295,CAMP0137,2025-09-07,Lead
CONV008661,CUST004619,CAMP0016,12/31/2023,Customer
CONV008662,CUST003708,CAMP0206,2024-12-05,Opportunity
CONV008663,CUST005871,CAMP0157,2024-12-26,SQL
CONV008664,CUST005387,CAMP0188,01/03/2024,Opportunity
CONV008665,CUST005295,CAMP0088,15-06-2025,Lead
CONV008666,CUST001006,CAMP0122,2026-01-14,MQL
CONV008667,CUST000896,CAMP0176,2024-10-08,Customer
CONV008668,CUST003108,CAMP0064,30-10-2023,Customer
CONV008669,CUST002747,CAMP0193,,MQL
CONV008670,CUST003447,CAMP0155,23-05-2023,SQL
CONV008671,CUST007374,CAMP0144,2024-04-15,Opportunity
CONV008672,CUST004527,CAMP0009,2024-06-20,Customer
CONV008673,CUST008650,CAMP0130,2025-08-23,Lead
CONV008674,CUST006114,CAMP0009,2024-03-05,MQL
CONV008675,CUST005132,CAMP0190,31 May 2024,Customer
CONV008676,CUST003387,CAMP0220,2026-06-10,MQL
CONV008677,CUST008180,CAMP0007,13-09-2024,MQL
CONV008678,CUST008127,CAMP0155,2026-05-11,SQL
CONV008679,CUST000336,CAMP0172,2026-02-03,Opportunity
CONV008680,CUST001674,CAMP0181,2025-11-29,Opportunity
CONV008681,CUST004505,CAMP0188,06-03-2026,Lead
CONV008682,CUST002210,CAMP0059,2025-01-18,SQL
CONV008683,CUST008405,CAMP0127,04-09-2024,Lead
CONV008684,CUST008096,CAMP0110,2025-03-08,Opportunity
CONV008685,CUST000461,CAMP0171,2023-07-24,Opportunity
CONV008686,CUST003355,CAMP0007,2024-06-01,Opportunity
CONV008687,CUST006067,CAMP0045,09/29/2024,Customer
CONV008688,CUST008564,CAMP0122,2024-04-24,Opportunity
CONV008689,CUST006302,CAMP0129,2026-01-30,MQL
CONV008690,CUST007527,CAMP0081,2025-10-11,Opportunity
CONV008691,CUST003432,CAMP0147,09/01/2024,Opportunity
CONV008692,CUST005691,CAMP0051,2024-06-16,Lead
CONV008693,CUST007335,CAMP0120,2024-10-21,MQL
CONV008694,CUST005236,CAMP0063,02/08/2024,Customer
CONV008695,CUST000957,CAMP0081,,SQL
CONV008696,CUST008633,CAMP0186,26-05-2023,SQL
CONV008697,CUST009100,CAMP0089,03/18/2023,Lead
CONV008698,CUST005430,CAMP0037,2024-06-28,Lead
CONV008699,CUST005538,CAMP0043,24-07-2024,Customer
CONV008700,CUST000292,CAMP0096,2026-01-31,Customer
CONV008701,CUST003487,CAMP0083,24-11-2024,SQL
CONV008702,CUST004880,CAMP0092,2024-03-13,Lead
CONV008703,CUST005972,CAMP0030,11/06/2023,MQL
CONV008704,CUST009649,CAMP0204,2025-11-27,Opportunity
CONV008705,CUST003530,CAMP0087,08-11-2024,Lead
CONV008706,CUST005562,CAMP0109,2023-06-10,Customer
CONV008707,CUST005513,CAMP0095,09-03-2024,Lead
CONV008708,CUST004991,CAMP0209,10-01-2024,SQL
CONV008709,CUST000150,CAMP0123,2023-02-23,Customer
CONV008710,CUST008920,CAMP0090,2023-12-30,Lead
CONV008711,CUST006857,CAMP0191,05-03-2024,Lead
CONV008712,CUST009809,CAMP0102,12/04/2025,Opportunity
CONV008713,CUST001195,CAMP0015,2024-01-25,Opportunity
CONV008714,CUST000404,CAMP0202,06/18/2025,Customer
CONV008715,CUST006755,CAMP0140,05/20/2025,SQL
CONV008716,CUST007113,CAMP0139,27-06-2023,Opportunity
CONV008717,CUST005889,CAMP0050,04/29/2024,SQL
CONV008718,CUST006426,CAMP0024,2024-03-11,SQL
CONV008719,CUST004838,CAMP0136,06 Oct 2023,MQL
CONV008720,CUST004140,CAMP0068,2024-03-01,Customer
CONV008721,CUST001134,CAMP0038,26-01-2025,SQL
CONV008722,CUST002640,CAMP0134,2024-06-14,Customer
CONV008723,CUST008606,CAMP0058,04-12-2025,Customer
CONV008724,CUST007620,CAMP0207,11-01-2025,Lead
CONV008725,CUST009491,CAMP0111,22-02-2026,Lead
CONV008726,CUST008062,CAMP0028,08-03-2026,Customer
CONV008727,CUST001515,CAMP0158,03/29/2024,MQL
CONV008728,CUST001416,CAMP0072,2023-11-22,Opportunity
CONV008729,CUST004621,CAMP0195,30-12-2025,SQL
CONV008730,CUST004127,CAMP0072,2023-01-30,SQL
CONV008731,CUST008500,CAMP0070,2025-12-19,Opportunity
CONV008732,CUST009811,CAMP0132,2024-09-21,Opportunity
CONV008733,CUST000881,CAMP0022,2025-05-12,Customer
CONV008734,CUST001306,CAMP0067,31-01-2023,Opportunity
CONV008735,CUST009750,CAMP0026,2023-08-24,SQL
CONV008736,CUST007657,CAMP0150,2025-10-09,Opportunity
CONV008737,CUST009873,CAMP0197,08-03-2025,MQL
CONV008738,CUST008060,CAMP0104,2025-06-10,MQL
CONV008739,CUST004992,CAMP0094,2026-04-08,MQL
CONV008740,CUST007879,CAMP0036,,SQL
CONV008741,CUST001680,CAMP0177,2024-03-23,Opportunity
CONV008742,CUST008334,CAMP0177,,Customer
CONV008743,CUST008407,CAMP0030,2025-02-26,MQL
CONV008744,CUST000542,CAMP0141,2024-05-20,Lead
CONV008745,CUST002864,CAMP0045,2023-09-12,Opportunity
CONV008746,CUST000355,CAMP0008,2025-12-06,Opportunity
CONV008747,CUST000465,CAMP0165,03 May 2024,SQL
CONV008748,CUST001272,CAMP0150,2024-02-13,Customer
CONV008749,CUST000579,CAMP0168,03-08-2023,Opportunity
CONV008750,CUST006239,CAMP0155,2026-04-05,SQL
CONV008751,CUST008106,CAMP0193,2024-07-27,Opportunity
CONV008752,CUST900002,CAMP0085,23-08-2023,Customer
CONV008753,CUST008475,CAMP0005,2026-04-22,SQL
CONV008754,CUST006522,CAMP0201,2024-03-13,Opportunity
CONV008755,CUST002844,CAMP0063,2025-07-23,MQL
CONV008756,CUST000933,CAMP0064,07-02-2023,Opportunity
CONV008757,CUST006553,CAMP0123,2024-05-27,SQL
CONV008758,CUST004102,CAMP0056,28 Jul 2025,MQL
CONV008759,CUST003877,CAMP0140,17-10-2025,MQL
CONV008760,CUST002660,CAMP0122,2026-07-13,MQL
CONV008761,CUST005133,CAMP0109,2024-03-14,SQL
CONV008762,CUST004181,CAMP0088,05-11-2024,MQL
CONV008763,CUST002923,CAMP0124,2026-06-22,Customer
CONV008764,CUST003410,CAMP0189,2025-03-25,Lead
CONV008765,CUST007491,CAMP0081,2024-08-06,MQL
CONV008766,CUST002830,CAMP0181,2024-12-24,SQL
CONV008767,CUST006837,CAMP0160,18-09-2025,
CONV008768,CUST001758,CAMP0215,2026-06-15,Lead
CONV008769,CUST007458,CAMP0107,2025-09-05,Opportunity
CONV008770,CUST006453,CAMP0111,2024-04-05,Customer
CONV008771,CUST001252,CAMP0125,2024-05-22,SQL
CONV008772,CUST008564,CAMP0025,2026-02-24,SQL
CONV008773,CUST004284,CAMP0012,05-02-2023,SQL
CONV008774,CUST006291,CAMP0147,06/29/2025,MQL
CONV008775,CUST007405,CAMP0114,2024-11-25,MQL
CONV008776,CUST005415,CAMP0125,06/12/2026,MQL
CONV008777,CUST003799,CAMP0080,28-06-2025,MQL
CONV008778,CUST003274,CAMP0204,2025-09-25,Customer
CONV008779,CUST002337,CAMP0080,16 Mar 2024,MQL
CONV008780,CUST008013,CAMP0200,2025-02-19,MQL
CONV008781,CUST005796,CAMP0148,2024-09-28,Lead
CONV008782,CUST007379,CAMP0183,2024-01-17,MQL
CONV008783,CUST007660,CAMP0152,2024-12-21,Lead
CONV008784,CUST008568,CAMP0099,2026-03-29,Opportunity
CONV008785,CUST009773,CAMP0034,04/12/2023,Lead
CONV008786,CUST009821,CAMP0159,2026-06-12,Customer
CONV008787,CUST004426,CAMP0173,09/29/2025,SQL
CONV008788,CUST005085,CAMP0205,2025-11-28,Customer
CONV008789,CUST005104,CAMP0173,2026-03-20,Opportunity
CONV008790,CUST003478,CAMP0151,2026-06-10,Lead
CONV008791,CUST009735,CAMP0187,2025-02-17,Lead
CONV008792,CUST007384,CAMP0204,2023-11-01,Lead
CONV008793,CUST001142,CAMP0084,26-04-2023,Lead
CONV008794,CUST002945,CAMP0102,03/20/2023,SQL
CONV008795,CUST006831,CAMP0069,2024-01-22,Customer
CONV008796,CUST009299,CAMP0001,02/23/2023,SQL
CONV008797,CUST002596,CAMP0195,01/18/2023,Lead
CONV008798,CUST008046,CAMP0144,2023-08-16,Lead
CONV008799,CUST001865,CAMP0216,2025-01-16,Customer
CONV008800,CUST005354,CAMP0168,2024-10-07,Opportunity
CONV008801,CUST009325,CAMP0133,2026-04-21,MQL
CONV008802,CUST003717,CAMP0065,30 Oct 2025,MQL
CONV008803,CUST007616,CAMP0030,30 Jul 2024,MQL
CONV008804,CUST006714,CAMP0027,2023-03-12,Lead
CONV008805,CUST005239,CAMP0165,2024-05-26,Opportunity
CONV008806,CUST009190,CAMP0026,05/08/2025,MQL
CONV008807,CUST007303,CAMP0027,10/09/2025,SQL
CONV008808,CUST009029,CAMP0137,14-12-2023,Customer
CONV008809,CUST002671,CAMP0058,07 May 2024,SQL
CONV008810,CUST007088,CAMP0123,2025-12-29,SQL
CONV008811,CUST005394,CAMP0158,2025-05-31,Opportunity
CONV008812,CUST004868,CAMP0032,21-11-2023,MQL
CONV008813,CUST003963,CAMP0124,05/14/2024,Lead
CONV008814,CUST003404,CAMP0147,30-03-2025,Lead
CONV008815,CUST008980,CAMP0135,2025-09-11,Customer
CONV008816,CUST001561,CAMP0076,2024-01-26,MQL
CONV008817,CUST003439,CAMP0198,2025-03-31,MQL
CONV008818,CUST002404,CAMP0065,06/30/2023,Customer
CONV008819,CUST004230,CAMP0082,22-08-2023,SQL
CONV008820,CUST001303,CAMP0050,22-04-2024,Customer
CONV008821,CUST004599,CAMP0072,11-06-2025,MQL
CONV008822,CUST001533,CAMP0048,2023-01-22,MQL
CONV008823,CUST005347,CAMP0068,2023-04-11,Customer
CONV008824,CUST008543,CAMP0172,22-02-2024,Opportunity
CONV008825,CUST004625,CAMP0078,2024-11-16,Opportunity
CONV008826,CUST001833,CAMP0013,18-10-2025,Lead
CONV008827,CUST000232,CAMP0017,2023-07-06,Customer
CONV008828,CUST003062,CAMP0164,2025-11-25,MQL
CONV008829,CUST002755,CAMP0095,20-11-2023,MQL
CONV008830,CUST003891,CAMP0171,2025-10-19,Customer
CONV008831,CUST004221,CAMP0017,2024-07-05,MQL
CONV008832,CUST003497,CAMP0118,2026-06-28,SQL
CONV008833,CUST000552,CAMP0176,2025-10-22,MQL
CONV008834,CUST001993,CAMP0185,2025-07-22,Lead
CONV008835,CUST001946,CAMP0011,09/16/2023,Opportunity
CONV008836,CUST009319,CAMP0154,19-03-2023,SQL
CONV008837,CUST003360,CAMP0012,08-05-2023,SQL
CONV008838,CUST003930,CAMP0041,27 Feb 2026,Lead
CONV008839,CUST005424,CAMP0195,2025-01-25,Customer
CONV008840,CUST007603,CAMP0160,2025-02-08,Opportunity
CONV008841,CUST009665,CAMP0190,2025-06-06,SQL
CONV008842,CUST008104,CAMP0023,2026-08-01,SQL
CONV008843,CUST008233,CAMP0133,2023-06-14,MQL
CONV008844,CUST009720,CAMP0199,2025-01-01,SQL
CONV008845,CUST006448,CAMP0125,07/21/2025,Lead
CONV008846,CUST000159,CAMP0046,03-04-2023,SQL
CONV008847,CUST006038,CAMP0063,2024-11-23,Opportunity
CONV008848,CUST001358,CAMP0115,2023-11-30,Customer
CONV008849,CUST006417,CAMP0036,2024-05-17,Customer
CONV008850,CUST003380,CAMP0018,2023-04-23,SQL
CONV008851,CUST009878,CAMP0033,2023-01-31,Customer
CONV008852,CUST007926,CAMP0041,2024-06-19,Lead
CONV008853,CUST002911,CAMP0142,08/12/2024,MQL
CONV008854,CUST000106,CAMP0183,22-05-2025,MQL
CONV008855,CUST004066,CAMP0062,2024-07-28,MQL
CONV008856,CUST005951,CAMP0004,2025-02-28,SQL
CONV008857,CUST008338,CAMP0180,2023-01-16,Lead
CONV008858,CUST004032,CAMP0174,2024-03-26,Opportunity
CONV008859,CUST001233,CAMP0010,2025-11-08,Customer
CONV008860,CUST006893,CAMP0126,2025-01-05,Lead
CONV008861,CUST004394,CAMP0059,2024-09-25,Customer
CONV008862,CUST001477,CAMP0024,2023-06-01,Opportunity
CONV008863,CUST000598,CAMP0175,2024-07-22,Opportunity
CONV008864,CUST003218,CAMP0162,2025-08-25,Customer
CONV008865,CUST001766,CAMP0218,04/20/2025,Customer
CONV008866,CUST009701,CAMP0126,22-03-2024,Customer
CONV008867,CUST005207,CAMP0064,2024-10-14,Opportunity
CONV008868,CUST005419,CAMP0195,25-07-2023,SQL
CONV008869,CUST003861,CAMP0134,2024-03-31,SQL
CONV008870,CUST000622,CAMP0006,2023-12-13,SQL
CONV008871,CUST000881,CAMP0098,2026-05-08,Lead
CONV008872,CUST002881,CAMP0003,2025-04-15,SQL
CONV008873,CUST002459,CAMP0125,15-11-2025,MQL
CONV008874,CUST005235,CAMP0042,2026-06-19,Lead
CONV008875,CUST001386,CAMP0189,2023-01-02,Opportunity
CONV008876,CUST004386,CAMP0082,2025-04-23,Opportunity
CONV008877,CUST006206,CAMP0015,11 Feb 2025,Customer
CONV008878,CUST003151,CAMP0153,2026-02-05,SQL
CONV008879,CUST009859,CAMP0131,03-10-2023,Customer
CONV008880,CUST006501,CAMP0070,2024-12-31,Lead
CONV008881,CUST000415,CAMP0104,2026-01-28,Opportunity
CONV008882,CUST001779,CAMP0193,2024-04-01,Opportunity
CONV008883,CUST007780,CAMP0021,,SQL
CONV008884,CUST006423,CAMP0165,2025-12-05,Customer
CONV008885,CUST008588,CAMP0195,12/24/2025,Lead
CONV008886,CUST007328,CAMP0130,2024-08-02,Opportunity
CONV008887,CUST001376,CAMP0041,2024-08-29,MQL
CONV008888,CUST009067,CAMP0043,2026-01-06,Customer
CONV008889,CUST001353,CAMP0052,21-06-2024,Lead
CONV008890,CUST000906,CAMP0068,2023-04-02,MQL
CONV008891,CUST009821,CAMP0075,2023-11-27,Customer
CONV008892,CUST009799,CAMP0201,06/22/2023,Opportunity
CONV008893,CUST008456,CAMP0126,05/06/2024,SQL
CONV008894,CUST008884,CAMP0052,21-04-2024,SQL
CONV008895,CUST000015,CAMP0074,2025-10-17,SQL
CONV008896,CUST001975,CAMP0054,05/29/2023,SQL
CONV008897,CUST007302,CAMP0094,2023-01-23,SQL
CONV008898,CUST001056,CAMP0020,2025-07-25,Lead
CONV008899,CUST006226,CAMP0180,30-03-2025,SQL
CONV008900,CUST004971,CAMP0067,2024-01-23,SQL
CONV008901,CUST007490,CAMP0191,13-02-2025,Opportunity
CONV008902,CUST005881,CAMP0190,2025-03-24,Customer
CONV008903,CUST000055,CAMP0177,,Opportunity
CONV008904,CUST003148,CAMP0075,07/07/2025,SQL
CONV008905,CUST005688,CAMP0186,2023-04-26,Customer
CONV008906,CUST004760,CAMP0092,01-06-2023,MQL
CONV008907,CUST000117,CAMP0041,2026-06-11,MQL
CONV008908,CUST004278,CAMP0062,2025-04-16,SQL
CONV008909,CUST003706,CAMP0067,2026-02-10,Customer
CONV008910,CUST006065,CAMP0135,01-02-2023,SQL
CONV008911,CUST003589,CAMP0116,02/11/2023,SQL
CONV008912,CUST003005,CAMP0201,2026-02-13,SQL
CONV008913,CUST001650,CAMP0183,01-03-2023,Opportunity
CONV008914,CUST008954,CAMP0110,05-11-2024,SQL
CONV008915,CUST005630,CAMP0014,2026-05-22,Lead
CONV008916,CUST003275,CAMP0106,2024-05-22,Lead
CONV008917,CUST003809,CAMP0210,2023-08-30,SQL
CONV008918,CUST008749,CAMP0155,2024-07-01,SQL
CONV008919,CUST007634,CAMP0049,2025-06-14,SQL
CONV008920,CUST007619,CAMP0161,2026-05-27,Opportunity
CONV008921,CUST004546,CAMP0185,10/21/2025,MQL
CONV008922,CUST003483,CAMP0207,10-02-2023,SQL
CONV008923,CUST000416,CAMP0120,18 Nov 2025,MQL
CONV008924,CUST008402,CAMP0052,2025-05-04,Customer
CONV008925,CUST006601,CAMP0105,2023-02-25,Lead
CONV008926,CUST000359,CAMP0043,12-05-2025,SQL
CONV008927,CUST004567,CAMP0126,29-04-2026,Customer
CONV008928,CUST001796,CAMP0142,2025-04-17,SQL
CONV008929,CUST006533,CAMP0123,2025-11-24,Customer
CONV008930,CUST008085,CAMP0034,08/20/2024,Lead
CONV008931,CUST002582,CAMP0023,08-07-2023,Customer
CONV008932,CUST008961,CAMP0082,2025-05-31,Customer
CONV008933,CUST002965,CAMP0140,05/02/2024,Lead
CONV008934,CUST000184,CAMP0152,2023-03-16,SQL
CONV008935,CUST002532,CAMP0108,2023-09-13,Lead
CONV008936,CUST000076,CAMP0026,2025-07-03,Customer
CONV008937,CUST000802,CAMP0173,27 Feb 2023,Customer
CONV008938,CUST000362,CAMP0216,14-10-2025,Opportunity
CONV008939,CUST003517,CAMP0027,05/17/2026,MQL
CONV008940,CUST002152,CAMP0014,,MQL
CONV008941,CUST003150,CAMP0007,22-09-2023,Lead
CONV008942,CUST005952,CAMP0096,07/24/2026,Customer
CONV008943,CUST000293,CAMP0156,,Opportunity
CONV008944,CUST009352,CAMP0102,2023-06-30,Lead
CONV008945,CUST001836,CAMP0177,2023-05-09,Customer
CONV008946,CUST005322,CAMP0215,11/09/2023,Lead
CONV008947,CUST900003,CAMP0169,2024-10-09,SQL
CONV008948,CUST002843,CAMP0186,2026-04-27,Customer
CONV008949,CUST005524,CAMP0219,2025-05-24,MQL
CONV008950,CUST003695,CAMP0023,01-11-2025,MQL
CONV008951,CUST003214,CAMP0055,,Lead
CONV008952,CUST004402,CAMP0140,2024-03-08,Opportunity
CONV008953,CUST009489,CAMP0088,02-09-2023,Opportunity
CONV008954,CUST001752,CAMP0094,2023-07-10,MQL
CONV008955,CUST003318,CAMP0011,28-08-2024,Opportunity
CONV008956,CUST003865,CAMP0208,2023-11-09,SQL
CONV008957,CUST006723,CAMP0031,23-04-2025,Opportunity
CONV008958,CUST001539,CAMP0014,2023-06-02,Opportunity
CONV008959,CUST008185,CAMP0018,01-09-2025,Opportunity
CONV008960,CUST004585,CAMP0219,2025-04-20,Customer
CONV008961,CUST002645,CAMP0048,15-07-2025,Customer
CONV008962,CUST006072,CAMP0083,07-09-2024,Customer
CONV008963,CUST004868,CAMP0092,2023-02-10,SQL
CONV008964,CUST007505,CAMP0077,2024-01-07,Customer
CONV008965,CUST000363,CAMP0194,2026-06-04,Customer
CONV008966,CUST006607,CAMP0021,01/24/2025,Opportunity
CONV008967,CUST007352,CAMP0043,2024-06-01,MQL
CONV008968,CUST000229,CAMP0179,2026-03-07,Opportunity
CONV008969,CUST009233,CAMP0015,11-03-2026,SQL
CONV008970,CUST000893,CAMP0138,2025-03-14,SQL
CONV008971,CUST001585,CAMP0009,2024-09-27,SQL
CONV008972,CUST000931,CAMP0184,24-02-2023,Customer
CONV008973,CUST005210,CAMP0199,2025-06-06,Lead
CONV008974,CUST005276,CAMP0044,2024-08-07,Customer
CONV008975,CUST000408,CAMP0019,09-02-2026,Opportunity
CONV008976,CUST005436,CAMP0198,2023-07-02,Opportunity
CONV008977,CUST008438,CAMP0063,2024-05-20,Customer
CONV008978,CUST005716,CAMP0006,12/05/2024,Customer
CONV008979,CUST009551,CAMP0051,30-06-2025,SQL
CONV008980,CUST008234,CAMP0090,,SQL
CONV008981,CUST002021,CAMP0073,2024-12-08,Customer
CONV008982,CUST006914,CAMP0052,02/06/2025,MQL
CONV008983,CUST004983,CAMP0056,2024-06-15,MQL
CONV008984,CUST006386,CAMP0018,2024-08-28,Lead
CONV008985,CUST000677,CAMP0058,2026-06-19,Customer
CONV008986,CUST009907,CAMP0019,2026-01-01,Customer
CONV008987,CUST008160,CAMP0073,04 Jan 2025,Opportunity
CONV008988,CUST009863,CAMP0176,10-01-2026,MQL
CONV008989,CUST000158,CAMP0144,2026-06-26,Opportunity
CONV008990,CUST000510,CAMP0046,24-08-2023,Customer
CONV008991,CUST000348,CAMP0076,01-08-2023,MQL
CONV008992,CUST004909,CAMP0006,03-05-2024,Customer
CONV008993,CUST008705,CAMP0197,2023-08-19,Lead
CONV008994,CUST000038,CAMP0176,02 Jun 2024,Opportunity
CONV008995,CUST006925,CAMP0146,04-01-2026,Opportunity
CONV008996,CUST001364,CAMP0003,2024-08-04,Opportunity
CONV008997,CUST005074,CAMP0040,08 Dec 2025,MQL
CONV008998,CUST004459,CAMP0133,2025-06-02,Opportunity
CONV008999,CUST000532,CAMP0104,22 Jul 2024,Customer
CONV009000,CUST006013,CAMP0065,2026-03-18,Customer
CONV009001,CUST000963,CAMP0074,2024-04-18,Customer
CONV009002,CUST007545,CAMP0093,2023-12-24,MQL
CONV009003,CUST001720,CAMP0123,2025-10-07,Customer
CONV009004,CUST000719,CAMP0130,02/15/2024,Opportunity
CONV009005,CUST006877,CAMP0185,16-10-2024,Lead
CONV009006,CUST007594,CAMP0079,12-11-2024,Customer
CONV009007,CUST002791,CAMP0171,,Opportunity
CONV009008,CUST004212,CAMP0177,19 Jan 2025,Lead
CONV009009,CUST009599,CAMP0073,2023-06-10,Opportunity
CONV009010,CUST009293,CAMP0022,2026-01-30,Customer
CONV009011,CUST000315,CAMP0177,27-09-2025,MQL
CONV009012,CUST003628,CAMP0217,2023-07-24,SQL
CONV009013,CUST009950,CAMP0035,2025-04-08,MQL
CONV009014,CUST000772,CAMP0215,2026-07-23,SQL
CONV009015,CUST007424,CAMP0030,2026-06-27,Lead
CONV009016,CUST009015,CAMP0108,07-02-2026,Customer
CONV009017,CUST007562,CAMP0188,2025-11-19,MQL
CONV009018,CUST007897,CAMP0033,03/18/2026,Opportunity
CONV009019,CUST008780,CAMP0204,10/27/2024,MQL
CONV009020,CUST002605,CAMP0208,2024-07-10,Customer
CONV009021,CUST006582,CAMP0151,2023-10-10,SQL
CONV009022,CUST009339,CAMP0118,26-08-2025,MQL
CONV009023,CUST001162,CAMP0128,06-07-2024,Customer
CONV009024,CUST009571,CAMP0218,02 May 2023,Opportunity
CONV009025,CUST009069,CAMP0117,2023-03-10,Opportunity
CONV009026,CUST001568,CAMP0186,02-03-2024,SQL
CONV009027,CUST000310,CAMP0042,15-04-2025,MQL
CONV009028,CUST009387,CAMP0155,2026-07-08,Lead
CONV009029,CUST002030,CAMP0198,2024-01-10,Opportunity
CONV009030,CUST009380,CAMP0128,2025-12-05,Customer
CONV009031,CUST001274,CAMP0022,10 Mar 2023,Lead
CONV009032,CUST005093,CAMP0171,,Opportunity
CONV009033,CUST007187,CAMP0016,2025-08-13,SQL
CONV009034,CUST008033,CAMP0061,30-07-2023,Customer
CONV009035,CUST003460,CAMP0003,2024-06-14,SQL
CONV009036,CUST006682,CAMP0099,2023-11-08,Lead
CONV009037,CUST006471,CAMP0157,2023-05-24,SQL
CONV009038,CUST003289,CAMP0085,2023-04-18,Opportunity
CONV009039,CUST006490,CAMP0094,29-07-2025,Lead
CONV009040,CUST005755,CAMP0099,2025-08-26,Opportunity
CONV009041,CUST006753,CAMP0102,2024-03-12,Opportunity
CONV009042,CUST002480,CAMP0088,2024-10-01,Customer
CONV009043,CUST005133,CAMP0026,2024-05-24,SQL
CONV009044,CUST008638,CAMP0025,2024-04-01,Customer
CONV009045,CUST009605,CAMP0147,10/07/2024,SQL
CONV009046,CUST009198,CAMP0005,2023-02-09,SQL
CONV009047,CUST003411,CAMP0215,2024-12-09,SQL
CONV009048,CUST001594,CAMP0158,2023-07-17,Customer
CONV009049,CUST004932,CAMP0029,,Customer
CONV009050,CUST001653,CAMP0191,01/11/2026,Customer
CONV009051,CUST002308,CAMP0036,2025-09-29,MQL
CONV009052,CUST004167,CAMP0175,2026-05-04,Customer
CONV009053,CUST009404,CAMP0002,12-10-2025,Opportunity
CONV009054,CUST004830,CAMP0200,2024-05-07,Opportunity
CONV009055,CUST007875,CAMP0090,2023-11-01,Customer
CONV009056,CUST007509,CAMP0172,2025-01-22,Customer
CONV009057,CUST007466,CAMP0017,10-03-2026,Customer
CONV009058,CUST001705,CAMP0038,14-11-2024,MQL
CONV009059,CUST006381,CAMP0201,02-08-2023,Lead
CONV009060,CUST001553,CAMP0084,18-03-2024,Customer
CONV009061,CUST000711,CAMP0050,2026-03-07,Customer
CONV009062,CUST000323,CAMP0053,2026-07-17,Lead
CONV009063,CUST004460,CAMP0092,2024-03-15,MQL
CONV009064,CUST005253,CAMP0105,28-07-2026,MQL
CONV009065,CUST001399,CAMP0156,2025-11-01,SQL
CONV009066,CUST003167,CAMP0126,2026-04-03,MQL
CONV009067,CUST003852,CAMP0192,2025-08-11,Lead
CONV009068,CUST007946,CAMP0120,2025-09-25,SQL
CONV009069,CUST004561,CAMP0211,04/09/2024,Opportunity
CONV009070,CUST007592,CAMP0147,02-03-2023,Customer
CONV009071,CUST002783,CAMP0103,,Lead
CONV009072,CUST004036,CAMP0153,2025-11-18,Opportunity
CONV009073,CUST009273,CAMP0215,02-07-2024,Customer
CONV009074,CUST001531,CAMP0052,10/19/2023,Lead
CONV009075,CUST002865,CAMP0052,13-02-2024,MQL
CONV009076,CUST005155,CAMP0139,13 Aug 2023,Customer
CONV009077,CUST007694,CAMP0209,12-05-2025,Lead
CONV009078,CUST005447,CAMP0212,09-04-2024,Lead
CONV009079,CUST006107,CAMP0020,2024-03-10,SQL
CONV009080,CUST006024,CAMP0119,2023-09-27,Lead
CONV009081,CUST007405,CAMP0111,2025-04-09,Opportunity
CONV009082,CUST009346,CAMP0121,2024-07-12,MQL
CONV009083,CUST000551,CAMP0024,2023-02-17,MQL
CONV009084,CUST006959,CAMP0147,03-06-2023,Customer
CONV009085,CUST009364,CAMP0098,2023-10-13,Lead
CONV009086,CUST001071,CAMP0215,,MQL
CONV009087,CUST000460,CAMP0137,2023-07-21,SQL
CONV009088,CUST002013,CAMP0194,2025-10-15,Lead
CONV009089,CUST005941,CAMP0185,2026-03-27,Customer
CONV009090,CUST005416,CAMP0167,21 Feb 2026,SQL
CONV009091,CUST009168,CAMP0190,2025-10-08,Customer
CONV009092,CUST003018,CAMP0016,2023-02-24,MQL
CONV009093,CUST007045,CAMP0105,2023-06-06,Opportunity
CONV009094,CUST004380,CAMP0206,29-05-2026,Lead
CONV009095,CUST005601,CAMP0175,08/21/2024,Customer
CONV009096,CUST005667,CAMP0217,07 Nov 2023,Lead
CONV009097,CUST006847,CAMP0026,2024-05-02,Opportunity
CONV009098,CUST008447,CAMP0060,21-02-2026,Lead
CONV009099,CUST007573,CAMP0055,05-05-2023,Customer
CONV009100,CUST009470,CAMP0016,12-03-2025,SQL
CONV009101,CUST007828,CAMP0057,2024-06-20,SQL
CONV009102,CUST005705,CAMP0081,2026-03-05,Lead
CONV009103,CUST006901,CAMP0169,19-03-2023,MQL
CONV009104,CUST003373,CAMP0052,2025-02-21,
CONV009105,CUST001180,CAMP0194,2026-03-16,MQL
CONV009106,CUST008404,CAMP0093,2023-12-11,MQL
CONV009107,CUST007384,CAMP0180,10/15/2024,Lead
CONV009108,CUST008950,CAMP0093,2023-06-11,Lead
CONV009109,CUST001549,CAMP0145,15-10-2024,SQL
CONV009110,CUST001692,CAMP0029,28-07-2023,MQL
CONV009111,CUST000771,CAMP0023,11-03-2024,Customer
CONV009112,CUST001946,CAMP0105,2025-10-02,Opportunity
CONV009113,CUST001189,CAMP0163,2023-04-19,Lead
CONV009114,CUST005289,CAMP0146,29 Mar 2025,Customer
CONV009115,CUST001703,CAMP0214,2025-12-26,Opportunity
CONV009116,CUST008210,CAMP0135,2024-03-16,Lead
CONV009117,CUST008739,CAMP0091,2025-01-06,Opportunity
CONV009118,CUST001358,CAMP0166,2023-06-24,MQL
CONV009119,CUST005911,CAMP0193,2023-04-15,SQL
CONV009120,CUST005070,CAMP0086,02-07-2026,Lead
CONV009121,CUST005090,CAMP0124,2023-02-02,Customer
CONV009122,CUST006946,CAMP0120,01-04-2026,Lead
CONV009123,CUST009922,CAMP0121,,Lead
CONV009124,CUST008161,CAMP0127,2024-06-18,
CONV009125,CUST000180,CAMP0041,07/13/2026,SQL
CONV009126,CUST005016,CAMP0014,2023-12-08,Lead
CONV009127,CUST002798,CAMP0064,27-10-2024,Lead
CONV009128,CUST003770,CAMP0005,2023-05-12,SQL
CONV009129,CUST001354,CAMP0149,10/10/2024,Lead
CONV009130,CUST004016,CAMP0062,2026-05-29,Lead
CONV009131,CUST008278,CAMP0043,04/29/2026,Customer
CONV009132,CUST009157,CAMP0067,2024-04-24,Opportunity
CONV009133,CUST006027,CAMP0149,,Opportunity
CONV009134,CUST004392,CAMP0218,2026-03-23,Customer
CONV009135,CUST002261,CAMP0038,,SQL
CONV009136,CUST007066,CAMP0044,27 Jul 2026,Opportunity
CONV009137,CUST005218,CAMP0146,2023-01-23,MQL
CONV009138,CUST009747,CAMP0040,2025-11-18,Customer
CONV009139,CUST007765,CAMP0063,03-07-2024,MQL
CONV009140,CUST001848,CAMP0087,2025-02-03,Lead
CONV009141,CUST000653,CAMP0184,2023-10-30,Opportunity
CONV009142,CUST002916,CAMP0140,2025-07-01,SQL
CONV009143,CUST003240,CAMP0155,02/18/2026,Opportunity
CONV009144,CUST007287,CAMP0098,2025-12-14,MQL
CONV009145,CUST002878,CAMP0026,2024-01-05,Opportunity
CONV009146,CUST008467,CAMP0082,2023-06-11,Opportunity
CONV009147,CUST002377,CAMP0195,01-08-2024,Opportunity
CONV009148,CUST009359,CAMP0211,2025-01-03,Opportunity
CONV009149,CUST005432,CAMP0100,08-02-2023,Opportunity
CONV009150,CUST003543,CAMP0023,2026-04-11,SQL
CONV009151,CUST000981,CAMP0205,2024-06-15,MQL
CONV009152,CUST000542,CAMP0071,2026-05-20,MQL
CONV009153,CUST006103,CAMP0119,2026-06-30,MQL
CONV009154,CUST002259,CAMP0048,08/17/2025,SQL
CONV009155,CUST009276,CAMP0169,2024-08-08,Opportunity
CONV009156,CUST004160,CAMP0157,07/12/2023,Lead
CONV009157,CUST009403,CAMP0062,2023-11-01,SQL
CONV009158,CUST002181,CAMP0015,30-03-2023,SQL
CONV009159,CUST009715,CAMP0155,01/13/2023,Customer
CONV009160,CUST009448,CAMP0080,05 Mar 2024,SQL
CONV009161,CUST002755,CAMP0200,2025-08-01,MQL
CONV009162,CUST007598,CAMP0124,2024-02-14,Customer
CONV009163,CUST006873,CAMP0057,06/19/2025,Lead
CONV009164,CUST008276,CAMP0214,06/27/2023,MQL
CONV009165,CUST002053,CAMP0035,2025-03-26,MQL
CONV009166,CUST006895,CAMP0138,06/23/2025,Opportunity
CONV009167,CUST009158,CAMP0106,07-12-2025,MQL
CONV009168,CUST006403,CAMP0121,12/26/2024,SQL
CONV009169,CUST000845,CAMP0046,16-12-2024,SQL
CONV009170,CUST009956,CAMP0031,10/02/2025,Customer
CONV009171,CUST007900,CAMP0142,2023-08-17,Opportunity
CONV009172,CUST006968,CAMP0055,2025-03-22,Customer
CONV009173,CUST009133,CAMP0179,13-03-2026,Customer
CONV009174,CUST001861,CAMP0037,2023-02-05,Customer
CONV009175,CUST008147,CAMP0207,,Opportunity
CONV009176,CUST003078,CAMP0046,2026-07-01,Customer
CONV009177,CUST003153,CAMP0159,2023-05-09,Lead
CONV009178,CUST008111,CAMP0082,19 Mar 2025,Lead
CONV009179,CUST006938,CAMP0088,06/22/2026,Opportunity
CONV009180,CUST003706,CAMP0063,2024-02-17,Opportunity
CONV009181,CUST002398,CAMP0201,2026-01-11,Customer
CONV009182,CUST009850,CAMP0025,2024-05-27,Customer
CONV009183,CUST000545,CAMP0063,2026-04-24,Lead
CONV009184,CUST006547,CAMP0169,2024-03-06,SQL
CONV009185,CUST001027,CAMP0092,2023-08-21,Opportunity
CONV009186,CUST005438,CAMP0207,2025-06-30,SQL
CONV009187,CUST003485,CAMP0111,2024-11-09,Opportunity
CONV009188,CUST003369,CAMP0051,2024-08-23,Opportunity
CONV009189,CUST002183,CAMP0113,05/25/2026,SQL
CONV009190,CUST006392,CAMP0049,2026-07-08,Lead
CONV009191,CUST007137,CAMP0138,07/20/2025,Opportunity
CONV009192,CUST007124,CAMP0144,2025-05-03,SQL
CONV009193,CUST007126,CAMP0140,08/24/2023,SQL
CONV009194,CUST009740,CAMP0094,2024-04-26,Opportunity
CONV009195,CUST009581,CAMP0079,13-08-2025,
CONV009196,CUST002801,CAMP0058,2024-03-14,Customer
CONV009197,CUST004239,CAMP0059,11/21/2025,Opportunity
CONV009198,CUST000079,CAMP0092,03-09-2023,Customer
CONV009199,CUST009838,CAMP0121,2024-02-04,Opportunity
CONV009200,CUST009206,CAMP0025,2025-12-24,Opportunity
CONV009201,CUST006110,CAMP0024,2026-04-23,Opportunity
CONV009202,CUST008115,CAMP0153,23-10-2023,SQL
CONV009203,CUST009416,CAMP0112,27-06-2024,Opportunity
CONV009204,CUST002326,CAMP0005,2024-04-17,Lead
CONV009205,CUST007078,CAMP0140,2026-02-24,SQL
CONV009206,CUST008547,CAMP0120,02-08-2023,Lead
CONV009207,CUST006468,CAMP0079,2026-01-02,SQL
CONV009208,CUST008879,CAMP0036,05/05/2025,MQL
CONV009209,CUST007395,CAMP0093,2025-09-10,SQL
CONV009210,CUST004635,CAMP0132,2024-01-25,Lead
CONV009211,CUST003410,CAMP0195,2026-06-24,MQL
CONV009212,CUST005018,CAMP0038,09-09-2023,MQL
CONV009213,CUST002768,CAMP0005,12 Jan 2025,Opportunity
CONV009214,CUST008902,CAMP0113,2025-01-25,Customer
CONV009215,CUST009217,CAMP0034,07-10-2024,Lead
CONV009216,CUST004062,CAMP0037,03-10-2023,Opportunity
CONV009217,CUST002125,CAMP0094,25-03-2025,
CONV009218,CUST006521,CAMP0194,2025-05-17,Opportunity
CONV009219,CUST007935,CAMP0005,,Customer
CONV009220,CUST008237,CAMP0044,2024-09-07,Customer
CONV009221,CUST006717,CAMP0019,03/14/2026,Lead
CONV009222,CUST000159,CAMP0067,2025-04-04,Lead
CONV009223,CUST006767,CAMP0158,06/14/2026,Customer
CONV009224,CUST005826,CAMP0047,2023-11-06,MQL
CONV009225,CUST009968,CAMP0204,2024-11-16,MQL
CONV009226,CUST002908,CAMP0095,07-07-2026,MQL
CONV009227,CUST000707,CAMP0169,11/05/2025,Opportunity
CONV009228,CUST004597,CAMP0149,2025-05-21,Opportunity
CONV009229,CUST005279,CAMP0219,2025-11-08,Lead
CONV009230,CUST006397,CAMP0011,2024-04-03,Opportunity
CONV009231,CUST006796,CAMP0190,09-04-2025,Opportunity
CONV009232,CUST003518,CAMP0168,10/23/2024,SQL
CONV009233,CUST002692,CAMP0184,03/23/2025,SQL
CONV009234,CUST005498,CAMP0083,2025-07-29,Lead
CONV009235,CUST004918,CAMP0214,2025-09-07,Customer
CONV009236,CUST009118,CAMP0099,2025-12-07,Opportunity
CONV009237,CUST006296,CAMP0170,2025-10-04,Opportunity
CONV009238,CUST009412,CAMP0151,2023-03-12,MQL
CONV009239,CUST008649,CAMP0189,2025-05-14,Opportunity
CONV009240,CUST007086,CAMP0028,2024-10-02,Opportunity
CONV009241,CUST008467,CAMP0095,2025-04-19,Opportunity
CONV009242,CUST007772,CAMP0103,2024-08-26,SQL
CONV009243,CUST002673,CAMP0067,27-09-2023,Opportunity
CONV009244,CUST000415,CAMP0077,02/19/2025,Customer
CONV009245,CUST001564,CAMP0053,2023-08-27,MQL
CONV009246,CUST004245,CAMP0094,,MQL
CONV009247,CUST000660,CAMP0126,2023-08-11,MQL
CONV009248,CUST001283,CAMP0116,2025-11-30,Customer
CONV009249,CUST009365,CAMP0063,2026-04-09,Customer
CONV009250,CUST009771,CAMP0096,2023-11-22,SQL
CONV009251,CUST000098,CAMP0142,20-12-2023,Lead
CONV009252,CUST000301,CAMP0102,2025-07-22,Customer
CONV009253,CUST009685,CAMP0212,04 Sep 2025,SQL
CONV009254,CUST000952,CAMP0217,2026-05-30,Customer
CONV009255,CUST005083,CAMP0217,03/11/2024,SQL
CONV009256,CUST007171,CAMP0089,10/19/2024,Opportunity
CONV009257,CUST004284,CAMP0064,2026-05-31,MQL
CONV009258,CUST006460,CAMP0033,2023-05-31,SQL
CONV009259,CUST003998,CAMP0135,01 Aug 2026,Lead
CONV009260,CUST007881,CAMP0141,2024-09-01,SQL
CONV009261,CUST007972,CAMP0220,2026-06-01,Lead
CONV009262,CUST005427,CAMP0124,2023-10-28,Lead
CONV009263,CUST001329,CAMP0194,2023-05-12,SQL
CONV009264,CUST000043,CAMP0157,2023-12-14,SQL
CONV009265,CUST006212,CAMP0131,07-07-2025,Lead
CONV009266,CUST001890,CAMP0166,11/30/2024,Customer
CONV009267,CUST001297,CAMP0145,14 Sep 2025,SQL
CONV009268,CUST006126,CAMP0179,2023-02-13,Opportunity
CONV009269,CUST006091,CAMP0213,2023-01-13,Customer
CONV009270,CUST005930,CAMP0107,17 Nov 2023,SQL
CONV009271,CUST003081,CAMP0219,2025-03-18,Customer
CONV009272,CUST005867,CAMP0190,2025-08-01,SQL
CONV009273,CUST003171,CAMP0021,2023-11-02,SQL
CONV009274,CUST006758,CAMP0113,27 Feb 2025,Customer
CONV009275,CUST009671,CAMP0109,12-10-2025,MQL
CONV009276,CUST002258,CAMP0158,2023-01-10,MQL
CONV009277,CUST005215,CAMP0043,04/01/2026,Customer
CONV009278,CUST009039,CAMP0111,2023-01-05,Lead
CONV009279,CUST008480,CAMP0074,2025-03-14,Lead
CONV009280,CUST005577,CAMP0219,2025-05-01,Customer
CONV009281,CUST006949,CAMP0167,2025-04-02,SQL
CONV009282,CUST002079,CAMP0101,24-12-2023,MQL
CONV009283,CUST001624,CAMP0030,2025-04-23,MQL
CONV009284,CUST006517,CAMP0168,10-01-2026,MQL
CONV009285,CUST007711,CAMP0061,14-07-2026,Lead
CONV009286,CUST009602,CAMP0144,21-08-2024,SQL
CONV009287,CUST004780,CAMP0146,2025-04-25,Opportunity
CONV009288,CUST000854,CAMP0105,06-06-2023,Lead
CONV009289,CUST001489,CAMP0219,20-10-2025,Lead
CONV009290,CUST003939,CAMP0050,2024-04-16,Lead
CONV009291,CUST005160,CAMP0155,2025-02-22,Opportunity
CONV009292,CUST009983,CAMP0217,28-06-2025,Lead
CONV009293,CUST004191,CAMP0012,2025-01-25,MQL
CONV009294,CUST003736,CAMP0135,2024-05-05,Opportunity
CONV009295,CUST003793,CAMP0111,2023-06-05,MQL
CONV009296,CUST000244,CAMP0206,2025-06-01,Lead
CONV009297,CUST005023,CAMP0125,04/13/2024,Opportunity
CONV009298,CUST009269,CAMP0068,20 Jul 2024,SQL
CONV009299,CUST006365,CAMP0120,2024-05-08,Lead
CONV009300,CUST006440,CAMP0058,,Lead
CONV009301,CUST001830,CAMP0161,2024-06-14,Customer
CONV009302,CUST001330,CAMP0178,2025-02-20,Customer
CONV009303,CUST005582,CAMP0075,16-11-2023,MQL
CONV009304,CUST000821,CAMP0042,2024-07-20,Opportunity
CONV009305,CUST001104,CAMP0156,2024-02-03,MQL
CONV009306,CUST001328,CAMP0048,01/13/2025,Opportunity
CONV009307,CUST004540,CAMP0140,2025-07-18,MQL
CONV009308,CUST002130,CAMP0206,04/29/2025,SQL
CONV009309,CUST007747,CAMP0196,2023-11-07,Customer
CONV009310,CUST006721,CAMP0159,22-11-2025,MQL
CONV009311,CUST008856,CAMP0055,2025-01-26,Customer
CONV009312,CUST006601,CAMP0015,09/06/2025,Lead
CONV009313,CUST008699,CAMP0144,2025-09-03,MQL
CONV009314,CUST005962,CAMP0017,2023-03-15,SQL
CONV009315,CUST006836,CAMP0110,2024-11-28,MQL
CONV009316,CUST000432,CAMP0128,28-08-2025,SQL
CONV009317,CUST000811,CAMP0077,2026-04-28,Opportunity
CONV009318,CUST005216,CAMP0156,2024-10-11,Opportunity
CONV009319,CUST005400,CAMP0035,05/10/2025,Customer
CONV009320,CUST003159,CAMP0156,18-07-2023,MQL
CONV009321,CUST001651,CAMP0010,09 Feb 2026,SQL
CONV009322,CUST006120,CAMP0055,,SQL
CONV009323,CUST003437,CAMP0109,2026-02-10,Opportunity
CONV009324,CUST007964,CAMP0159,07/19/2026,Opportunity
CONV009325,CUST006926,CAMP0183,2025-10-15,Lead
CONV009326,CUST005472,CAMP0018,2023-03-20,Opportunity
CONV009327,CUST008809,CAMP0116,21-12-2023,Lead
CONV009328,CUST005932,CAMP0146,14-03-2025,Customer
CONV009329,CUST002063,CAMP0013,07/09/2026,Customer
CONV009330,CUST008409,CAMP0086,2024-02-23,Lead
CONV009331,CUST004245,CAMP0194,20-02-2024,MQL
CONV009332,CUST009112,CAMP0073,05-02-2025,Opportunity
CONV009333,CUST006736,CAMP0111,2025-11-08,Customer
CONV009334,CUST006858,CAMP0146,20-06-2025,SQL
CONV009335,CUST005721,CAMP0188,,Opportunity
CONV009336,CUST008545,CAMP0162,2023-06-05,Opportunity
CONV009337,CUST005168,CAMP0095,2023-06-21,MQL
CONV009338,CUST004092,CAMP0144,2026-04-24,Lead
CONV009339,CUST007021,CAMP0138,2025-01-08,SQL
CONV009340,CUST004691,CAMP0027,04/05/2024,SQL
CONV009341,CUST007383,CAMP0088,2024-02-26,MQL
CONV009342,CUST006863,CAMP0194,01-02-2026,SQL
CONV009343,CUST002258,CAMP0034,15 Jul 2023,Customer
CONV009344,CUST007740,CAMP0154,2023-03-12,SQL
CONV009345,CUST007398,CAMP0138,2025-09-26,SQL
CONV009346,CUST001750,CAMP0198,04/18/2025,MQL
CONV009347,CUST007854,CAMP0044,2024-11-10,Opportunity
CONV009348,CUST003170,CAMP0147,2026-04-13,Lead
CONV009349,CUST000473,CAMP0201,2024-04-27,Opportunity
CONV009350,CUST000226,CAMP0124,11/16/2024,SQL
CONV009351,CUST001764,CAMP0151,01/31/2024,Customer
CONV009352,CUST002390,CAMP0030,09 Jun 2023,Customer
CONV009353,CUST001265,CAMP0139,2025-05-15,MQL
CONV009354,CUST002009,CAMP0202,09/21/2025,SQL
CONV009355,CUST006060,CAMP0010,2025-07-21,MQL
CONV009356,CUST005315,CAMP0173,12/02/2025,Opportunity
CONV009357,CUST002157,CAMP0069,2025-09-17,MQL
CONV009358,CUST004175,CAMP0014,2024-06-08,MQL
CONV009359,CUST001691,CAMP0005,25-06-2026,MQL
CONV009360,CUST000785,CAMP0058,2023-05-06,Lead
CONV009361,CUST005582,CAMP0148,21-03-2026,Opportunity
CONV009362,CUST003157,CAMP0153,2026-07-29,Customer
CONV009363,CUST005318,CAMP0111,2024-07-19,MQL
CONV009364,CUST004992,CAMP0103,2025-04-05,Lead
CONV009365,CUST006284,CAMP0144,18-12-2024,Customer
CONV009366,CUST003502,CAMP0172,2026-03-20,Customer
CONV009367,CUST006771,CAMP0169,2023-12-31,SQL
CONV009368,CUST003388,CAMP0170,2023-12-02,Lead
CONV009369,CUST009358,CAMP0095,,MQL
CONV009370,CUST007092,CAMP0215,11/27/2023,SQL
CONV009371,CUST001579,CAMP0193,2025-04-11,Customer
CONV009372,CUST004525,CAMP0038,04 Dec 2023,Customer
CONV009373,CUST007382,CAMP0179,2023-02-18,Opportunity
CONV009374,CUST007392,CAMP0135,2025-07-24,Customer
CONV009375,CUST000029,CAMP0042,25-03-2023,Lead
CONV009376,CUST004333,CAMP0191,2025-07-20,SQL
CONV009377,CUST008822,CAMP0066,07-05-2026,Opportunity
CONV009378,CUST002739,CAMP0093,2024-02-04,Opportunity
CONV009379,CUST007578,CAMP0136,2026-06-30,Customer
CONV009380,CUST006119,CAMP0034,2024-11-06,Opportunity
CONV009381,CUST005838,CAMP0068,2024-09-02,MQL
CONV009382,CUST009112,CAMP0073,2024-07-31,Lead
CONV009383,CUST000788,CAMP0084,,SQL
CONV009384,CUST006920,CAMP0027,2024-09-04,Opportunity
CONV009385,CUST000490,CAMP0007,2025-05-06,Opportunity
CONV009386,CUST000250,CAMP0052,17-03-2026,Opportunity
CONV009387,CUST006312,CAMP0025,2023-10-05,MQL
CONV009388,CUST007338,CAMP0045,2024-03-24,Opportunity
CONV009389,CUST009485,CAMP0138,2025-12-20,MQL
CONV009390,CUST009162,CAMP0102,02/21/2026,SQL
CONV009391,CUST005635,CAMP0017,12-12-2025,MQL
CONV009392,CUST005081,CAMP0212,16-03-2023,SQL
CONV009393,CUST005129,CAMP0199,04/14/2025,Customer
CONV009394,CUST001071,CAMP0093,05 Jan 2023,MQL
CONV009395,CUST009064,CAMP0144,2023-09-02,Customer
CONV009396,CUST006700,CAMP0173,2025-07-16,Lead
CONV009397,CUST000439,CAMP0030,2025-03-14,Opportunity
CONV009398,CUST008006,CAMP0082,2023-04-26,Customer
CONV009399,CUST006656,CAMP0165,2025-03-18,SQL
CONV009400,CUST008178,CAMP0209,09/19/2025,Lead
CONV009401,CUST004804,CAMP0011,2025-08-20,Lead
CONV009402,CUST009184,CAMP0006,12-02-2024,Opportunity
CONV009403,CUST003100,CAMP0052,,Opportunity
CONV009404,CUST002754,CAMP0136,2023-03-17,MQL
CONV009405,CUST003232,CAMP0176,23-04-2023,Opportunity
CONV009406,CUST007514,CAMP0137,25-02-2025,Opportunity
CONV009407,CUST000569,CAMP0017,2026-01-08,MQL
CONV009408,CUST000576,CAMP0160,04/30/2023,MQL
CONV009409,CUST004472,CAMP0050,2024-09-25,Customer
CONV009410,CUST009131,CAMP0040,05-12-2025,Lead
CONV009411,CUST007186,CAMP0010,01/07/2024,SQL
CONV009412,CUST002995,CAMP0032,2025-07-10,MQL
CONV009413,CUST000874,CAMP0207,2024-11-30,Opportunity
CONV009414,CUST009895,CAMP0219,2024-06-19,Lead
CONV009415,CUST002054,CAMP0122,12/16/2025,Lead
CONV009416,CUST009380,CAMP0095,2026-03-26,Lead
CONV009417,CUST002243,CAMP0109,,Opportunity
CONV009418,CUST009801,CAMP0153,,MQL
CONV009419,CUST006476,CAMP0100,2024-09-16,MQL
CONV009420,CUST005334,CAMP0042,2023-05-28,Opportunity
CONV009421,CUST008467,CAMP0092,28 Jan 2024,Customer
CONV009422,CUST008147,CAMP0196,20-07-2024,SQL
CONV009423,CUST007679,CAMP0025,19-05-2023,MQL
CONV009424,CUST001691,CAMP0082,2026-05-09,MQL
CONV009425,CUST001342,CAMP0145,2023-01-15,Lead
CONV009426,CUST006129,CAMP0106,2024-03-08,Lead
CONV009427,CUST004621,CAMP0129,2025-03-29,SQL
CONV009428,CUST006850,CAMP0089,,Customer
CONV009429,CUST002465,CAMP0039,2023-06-26,Opportunity
CONV009430,CUST007981,CAMP0106,2026-02-28,Lead
CONV009431,CUST007456,CAMP0204,2025-08-12,Opportunity
CONV009432,CUST007386,CAMP0097,12/13/2023,SQL
CONV009433,CUST008257,CAMP0139,2026-05-31,Customer
CONV009434,CUST005509,CAMP0197,2025-04-10,MQL
CONV009435,CUST003133,CAMP0201,09 May 2026,Opportunity
CONV009436,CUST005564,CAMP0085,07 Jun 2023,SQL
CONV009437,CUST007325,CAMP0208,2026-06-11,Customer
CONV009438,CUST007801,CAMP0029,2025-12-06,Customer
CONV009439,CUST009596,CAMP0158,01 Apr 2024,Opportunity
CONV009440,CUST001632,CAMP0082,2026-06-07,SQL
CONV009441,CUST005390,CAMP0201,11/05/2025,MQL
CONV009442,CUST006296,CAMP0147,2024-03-13,Customer
CONV009443,CUST008634,CAMP0010,2023-04-05,Customer
CONV009444,CUST004969,CAMP0179,,Lead
CONV009445,CUST006875,CAMP0146,25-11-2025,Customer
CONV009446,CUST005851,CAMP0044,2024-07-30,Opportunity
CONV009447,CUST001795,CAMP0135,13-01-2023,Lead
CONV009448,CUST004412,CAMP0021,2025-01-05,SQL
CONV009449,CUST008739,CAMP0162,2024-04-30,Lead
CONV009450,CUST005663,CAMP0050,01/12/2026,Lead
CONV009451,CUST007388,CAMP0184,21 Apr 2023,Lead
CONV009452,CUST004228,CAMP0031,2024-10-13,Customer
CONV009453,CUST007134,CAMP0023,2024-01-29,Opportunity
CONV009454,CUST008733,CAMP0037,2023-08-01,Customer
CONV009455,CUST006640,CAMP0005,2024-09-21,Customer
CONV009456,CUST006435,CAMP0124,2026-05-13,Opportunity
CONV009457,CUST007569,CAMP0175,2026-04-23,SQL
CONV009458,CUST007624,CAMP0038,11/08/2025,Opportunity
CONV009459,CUST006879,CAMP0052,01 Jan 2023,Lead
CONV009460,CUST009065,CAMP0006,2026-04-05,Lead
CONV009461,CUST002760,CAMP0001,2025-08-30,Opportunity
CONV009462,CUST000028,CAMP0149,2023-04-12,Customer
CONV009463,CUST009929,CAMP0142,2026-06-27,Customer
CONV009464,CUST005884,CAMP0138,01-11-2023,Customer
CONV009465,CUST004003,CAMP0159,2024-04-21,SQL
CONV009466,CUST004088,CAMP0145,2025-09-09,MQL
CONV009467,CUST001776,CAMP0178,27-07-2023,Lead
CONV009468,CUST000505,CAMP0014,19-06-2026,MQL
CONV009469,CUST003270,CAMP0048,,Opportunity
CONV009470,CUST004498,CAMP0057,2024-02-27,Opportunity
CONV009471,CUST009293,CAMP0003,2026-06-07,Lead
CONV009472,CUST009719,CAMP0190,2024-02-09,Customer
CONV009473,CUST005473,CAMP0109,2025-12-29,SQL
CONV009474,CUST006734,CAMP0217,2023-07-07,MQL
CONV009475,CUST001571,CAMP0149,03/10/2024,Lead
CONV009476,CUST003857,CAMP0048,2026-06-13,Customer
CONV009477,CUST002761,CAMP0112,2023-04-05,Lead
CONV009478,CUST007737,CAMP0117,2025-09-12,Customer
CONV009479,CUST003960,CAMP0046,2023-08-18,
CONV009480,CUST009700,CAMP0095,01/12/2023,SQL
CONV009481,CUST001369,CAMP0002,2023-03-05,Customer
CONV009482,CUST009872,CAMP0088,27-09-2025,Customer
CONV009483,CUST007982,CAMP0205,2024-07-28,Customer
CONV009484,CUST005790,CAMP0099,2024-11-04,SQL
CONV009485,CUST000532,CAMP0015,2024-09-21,SQL
CONV009486,CUST008050,CAMP0012,2025-03-02,MQL
CONV009487,CUST004224,CAMP0040,2024-11-21,Customer
CONV009488,CUST000469,CAMP0052,2025-01-07,Opportunity
CONV009489,CUST003191,CAMP0173,03/12/2025,SQL
CONV009490,CUST008947,CAMP0091,2024-02-06,MQL
CONV009491,CUST009863,CAMP0210,01/04/2024,Customer
CONV009492,CUST004149,CAMP0188,07-05-2025,Customer
CONV009493,CUST001801,CAMP0162,10/13/2023,MQL
CONV009494,CUST002136,CAMP0112,14 Oct 2023,Lead
CONV009495,CUST002428,CAMP0038,2023-05-01,MQL
CONV009496,CUST004154,CAMP0038,2023-09-10,Customer
CONV009497,CUST005550,CAMP0220,2025-03-08,MQL
CONV009498,CUST002711,CAMP0034,05-10-2025,Customer
CONV009499,CUST002075,CAMP0084,08/17/2025,SQL
CONV009500,CUST001228,CAMP0049,04-05-2023,Lead
CONV009501,CUST005228,CAMP0216,23-05-2025,Customer
CONV009502,CUST002988,CAMP0100,2026-02-01,SQL
CONV009503,CUST009642,CAMP0185,15-03-2026,MQL
CONV009504,CUST001947,CAMP0112,2023-02-10,Customer
CONV009505,CUST001366,CAMP0187,2023-05-11,SQL
CONV009506,CUST004287,CAMP0066,2023-10-16,Lead
CONV009507,CUST005770,CAMP0107,20-08-2025,SQL
CONV009508,CUST008429,CAMP0159,2026-03-31,SQL
CONV009509,CUST008921,CAMP0139,2024-09-04,Customer
CONV009510,CUST002675,CAMP0188,2023-04-30,Lead
CONV009511,CUST001930,CAMP0038,2026-05-11,Lead
CONV009512,CUST006744,CAMP0074,,Opportunity
CONV009513,CUST003164,CAMP0123,24-01-2024,MQL
CONV009514,CUST008878,CAMP0192,12/17/2024,Opportunity
CONV009515,CUST005303,CAMP0070,2023-05-06,MQL
CONV009516,CUST002321,CAMP0137,2025-01-02,MQL
CONV009517,CUST008188,CAMP0005,20 May 2023,SQL
CONV009518,CUST007441,CAMP0077,2026-03-27,Customer
CONV009519,CUST005598,CAMP0100,2025-09-27,SQL
CONV009520,CUST002680,CAMP0031,2023-11-08,SQL
CONV009521,CUST003656,CAMP0208,2023-10-10,Opportunity
CONV009522,CUST007008,CAMP0054,07/26/2026,Customer
CONV009523,CUST006791,CAMP0217,08-03-2025,Opportunity
CONV009524,CUST008698,CAMP0039,04/15/2024,Opportunity
CONV009525,CUST000548,CAMP0056,2026-06-19,MQL
CONV009526,CUST008969,CAMP0022,05/31/2024,MQL
CONV009527,CUST007334,CAMP0095,2025-09-15,Lead
CONV009528,CUST005703,CAMP0054,02/24/2026,Lead
CONV009529,CUST003450,CAMP0010,2025-01-25,Opportunity
CONV009530,CUST006343,CAMP0127,2025-01-09,SQL
CONV009531,CUST006881,CAMP0070,19 Jul 2026,SQL
CONV009532,CUST006546,CAMP0100,22-11-2024,Lead
CONV009533,CUST009339,CAMP0165,13 Feb 2024,Lead
CONV009534,CUST007781,CAMP0053,06/30/2025,MQL
CONV009535,CUST000275,CAMP0106,2025-05-08,Lead
CONV009536,CUST001251,CAMP0014,05 Feb 2026,MQL
CONV009537,CUST001819,CAMP0123,2024-12-05,Lead
CONV009538,CUST005432,CAMP0090,27-12-2024,Lead
CONV009539,CUST000162,CAMP0150,2024-02-02,MQL
CONV009540,CUST000695,CAMP0125,2023-07-09,SQL
CONV009541,CUST007291,CAMP0013,07-03-2026,Customer
CONV009542,CUST006496,CAMP0051,02-12-2024,MQL
CONV009543,CUST006232,CAMP0196,2023-07-21,Customer
CONV009544,CUST000066,CAMP0201,19-12-2023,Customer
CONV009545,CUST001320,CAMP0203,08-03-2023,SQL
CONV009546,CUST009915,CAMP0165,2023-08-21,SQL
CONV009547,CUST004139,CAMP0154,11/21/2025,
CONV009548,CUST001406,CAMP0167,12/01/2023,Opportunity
CONV009549,CUST006106,CAMP0094,2023-08-19,MQL
CONV009550,CUST007933,CAMP0030,2024-07-01,Opportunity
CONV009551,CUST007356,CAMP0094,01/16/2024,Opportunity
CONV009552,CUST009205,CAMP0032,2026-03-25,SQL
CONV009553,CUST007740,CAMP0186,2023-03-01,Lead
CONV009554,CUST003244,CAMP0035,2023-05-10,SQL
CONV009555,CUST006456,CAMP0084,2023-06-18,Opportunity
CONV009556,CUST006823,CAMP0189,2025-09-04,MQL
CONV009557,CUST007617,CAMP0176,2025-11-30,SQL
CONV009558,CUST002629,CAMP0219,11-10-2024,SQL
CONV009559,CUST000539,CAMP0025,2024-05-14,SQL
CONV009560,CUST000899,CAMP0030,2025-06-20,Opportunity
CONV009561,CUST000532,CAMP0057,26-05-2025,MQL
CONV009562,CUST001845,CAMP0147,2025-02-24,Lead
CONV009563,CUST007165,CAMP0166,30-03-2024,MQL
CONV009564,CUST009384,CAMP0083,20-03-2023,SQL
CONV009565,CUST008395,CAMP0201,03/07/2023,Lead
CONV009566,CUST008003,CAMP0145,12/27/2024,MQL
CONV009567,CUST007007,CAMP0050,2024-11-02,Customer
CONV009568,CUST005621,CAMP0038,2025-09-05,Lead
CONV009569,CUST004697,CAMP0148,12/12/2024,MQL
CONV009570,CUST006225,CAMP0062,27-09-2024,Customer
CONV009571,CUST002655,CAMP0153,2023-01-28,Opportunity
CONV009572,CUST000552,CAMP0193,2023-03-01,Customer
CONV009573,CUST004607,CAMP0098,2023-04-24,Opportunity
CONV009574,CUST007071,CAMP0203,2026-01-06,Lead
CONV009575,CUST004957,CAMP0047,2025-07-28,Opportunity
CONV009576,CUST004873,CAMP0149,2023-06-06,Opportunity
CONV009577,CUST002526,CAMP0048,07/28/2024,SQL
CONV009578,CUST006978,CAMP0057,01-11-2023,SQL
CONV009579,CUST002871,CAMP0171,08-01-2026,Lead
CONV009580,CUST005790,CAMP0008,2024-08-18,SQL
CONV009581,CUST008160,CAMP0128,21-02-2023,Customer
CONV009582,CUST004553,CAMP0137,2025-02-14,SQL
CONV009583,CUST005685,CAMP0091,2026-02-18,MQL
CONV009584,CUST006368,CAMP0016,03-04-2023,MQL
CONV009585,CUST001475,CAMP0174,2026-01-25,Lead
CONV009586,CUST007441,CAMP0075,2024-09-07,
CONV009587,CUST008760,CAMP0180,2023-05-16,SQL
CONV009588,CUST001639,CAMP0193,07-05-2023,Opportunity
CONV009589,CUST003304,CAMP0046,05-08-2023,MQL
CONV009590,CUST009034,CAMP0147,2024-12-22,Lead
CONV009591,CUST003226,CAMP0197,2026-05-31,Opportunity
CONV009592,CUST000130,CAMP0174,2023-12-27,Customer
CONV009593,CUST009537,CAMP0065,27-02-2024,Lead
CONV009594,CUST008665,CAMP0112,2025-07-08,SQL
CONV009595,CUST006684,CAMP0153,2024-07-21,Customer
CONV009596,CUST006403,CAMP0194,01-11-2023,MQL
CONV009597,CUST008879,CAMP0153,2026-03-06,MQL
CONV009598,CUST008869,CAMP0035,2025-05-11,Opportunity
CONV009599,CUST004993,CAMP0192,14-07-2026,Lead
CONV009600,CUST000909,CAMP0037,2026-02-25,SQL
CONV009601,CUST002778,CAMP0111,2025-03-31,Opportunity
CONV009602,CUST003642,CAMP0170,10-06-2025,Opportunity
CONV009603,CUST006872,CAMP0075,2024-06-07,Opportunity
CONV009604,CUST003848,CAMP0152,06/18/2024,SQL
CONV009605,CUST009030,CAMP0084,2026-04-30,Lead
CONV009606,CUST004758,CAMP0210,2024-03-06,SQL
CONV009607,CUST000435,CAMP0098,2023-07-21,Customer
CONV009608,CUST003479,CAMP0073,01/22/2024,Opportunity
CONV009609,CUST002071,CAMP0219,2025-05-18,MQL
CONV009610,CUST008005,CAMP0172,05/15/2025,SQL
CONV009611,CUST006971,CAMP0201,2024-04-04,Lead
CONV009612,CUST003241,CAMP0201,2023-05-12,Opportunity
CONV009613,CUST007162,CAMP0090,2024-05-15,SQL
CONV009614,CUST007718,CAMP0015,2025-06-09,Customer
CONV009615,CUST005431,CAMP0204,2026-06-19,Customer
CONV009616,CUST007090,CAMP0190,2026-04-18,MQL
CONV009617,CUST005769,CAMP0126,2025-09-16,Customer
CONV009618,CUST006619,CAMP0132,2024-10-02,SQL
CONV009619,CUST002171,CAMP0184,05/14/2025,Lead
CONV009620,CUST009012,CAMP0061,2023-08-21,Customer
CONV009621,CUST007541,CAMP0067,20-08-2025,Opportunity
CONV009622,CUST000811,CAMP0133,15-02-2024,MQL
CONV009623,CUST006811,CAMP0181,2026-01-26,Lead
CONV009624,CUST005984,CAMP0037,2025-10-22,SQL
CONV009625,CUST004338,CAMP0075,05/30/2024,Lead
CONV009626,CUST009705,CAMP0193,06 Apr 2025,Lead
CONV009627,CUST008947,CAMP0209,2024-06-26,Lead
CONV009628,CUST000556,CAMP0100,2023-05-12,Opportunity
CONV009629,CUST002516,CAMP0027,02 Feb 2026,Customer
CONV009630,CUST001487,CAMP0060,01 Jul 2026,Opportunity
CONV009631,CUST000702,CAMP0024,2025-02-14,Lead
CONV009632,CUST004990,CAMP0103,13-01-2025,Customer
CONV009633,CUST004101,CAMP0094,08-01-2023,Opportunity
CONV009634,CUST004825,CAMP0090,03-02-2023,Customer
CONV009635,CUST003530,CAMP0187,30-06-2025,MQL
CONV009636,CUST003312,CAMP0165,2026-03-26,SQL
CONV009637,CUST001960,CAMP0001,2025-05-31,Customer
CONV009638,CUST001958,CAMP0150,22-01-2023,Opportunity
CONV009639,CUST009733,CAMP0108,24-12-2023,Opportunity
CONV009640,CUST005097,CAMP0127,2025-01-31,Opportunity
CONV009641,CUST004050,CAMP0131,2025-04-15,Opportunity
CONV009642,CUST005957,CAMP0133,29-06-2023,MQL
CONV009643,CUST001493,CAMP0011,2024-07-28,
CONV009644,CUST006282,CAMP0120,04/23/2026,Customer
CONV009645,CUST008794,CAMP0186,18-02-2023,Lead
CONV009646,CUST008495,CAMP0132,09 Feb 2024,SQL
CONV009647,CUST004284,CAMP0034,09-05-2023,Lead
CONV009648,CUST007735,CAMP0126,2026-02-10,SQL
CONV009649,CUST004918,CAMP0105,07/18/2025,Opportunity
CONV009650,CUST000384,CAMP0033,04/07/2026,Opportunity
CONV009651,CUST009932,CAMP0165,,Lead
CONV009652,CUST005796,CAMP0097,04-07-2025,Customer
CONV009653,CUST003125,CAMP0031,22-04-2026,Opportunity
CONV009654,CUST003178,CAMP0038,2024-07-03,Customer
CONV009655,CUST002150,CAMP0095,21-07-2023,Lead
CONV009656,CUST002575,CAMP0030,2024-02-05,Customer
CONV009657,CUST001156,CAMP0007,2024-09-23,Opportunity
CONV009658,CUST006614,CAMP0169,2025-04-27,Customer
CONV009659,CUST009521,CAMP0079,2024-02-12,MQL
CONV009660,CUST002099,CAMP0220,2024-12-09,Opportunity
CONV009661,CUST002218,CAMP0143,16-03-2023,Opportunity
CONV009662,CUST004944,CAMP0049,2023-07-21,MQL
CONV009663,CUST007307,CAMP0214,2025-10-05,Customer
CONV009664,CUST005984,CAMP0092,02/17/2024,Customer
CONV009665,CUST001236,CAMP0175,16-08-2023,MQL
CONV009666,CUST003107,CAMP0132,08/25/2023,Opportunity
CONV009667,CUST005300,CAMP0078,2023-01-19,Customer
CONV009668,CUST005525,CAMP0003,2026-03-31,Opportunity
CONV009669,CUST000530,CAMP0007,2025-11-28,Opportunity
CONV009670,CUST006384,CAMP0148,2025-09-02,MQL
CONV009671,CUST006324,CAMP0177,05 Mar 2024,Opportunity
CONV009672,CUST003893,CAMP0005,2024-05-31,SQL
CONV009673,CUST003704,CAMP0047,20-04-2024,Customer
CONV009674,CUST000895,CAMP0011,03/18/2023,SQL
CONV009675,CUST007022,CAMP0073,06/17/2026,Customer
CONV009676,CUST004242,CAMP0071,04 Dec 2024,MQL
CONV009677,CUST005998,CAMP0101,2024-01-05,Customer
CONV009678,CUST002710,CAMP0002,2025-08-26,SQL
CONV009679,CUST003092,CAMP0112,02/22/2023,Lead
CONV009680,CUST006905,CAMP0146,2024-11-19,Opportunity
CONV009681,CUST005468,CAMP0110,2026-04-10,Customer
CONV009682,CUST007151,CAMP0124,2024-10-16,Opportunity
CONV009683,CUST003613,CAMP0158,01-01-2025,Customer
CONV009684,CUST008501,CAMP0025,2023-07-20,Lead
CONV009685,CUST008396,CAMP0008,15-05-2024,MQL
CONV009686,CUST005010,CAMP0089,2026-06-07,Customer
CONV009687,CUST004921,CAMP0126,2026-02-01,Lead
CONV009688,CUST003923,CAMP0053,2024-10-20,MQL
CONV009689,CUST006731,CAMP0117,10/17/2024,Lead
CONV009690,CUST006084,CAMP0006,2023-08-22,Lead
CONV009691,CUST004111,CAMP0094,2026-06-04,MQL
CONV009692,CUST007221,CAMP0146,2025-11-02,MQL
CONV009693,CUST007776,CAMP0022,27-03-2026,Customer
CONV009694,CUST003970,CAMP0185,24-03-2026,Lead
CONV009695,CUST004275,CAMP0040,,Opportunity
CONV009696,CUST004972,CAMP0207,2024-04-11,Lead
CONV009697,CUST009300,CAMP0048,2025-11-10,SQL
CONV009698,CUST004967,CAMP0198,2025-06-20,Lead
CONV009699,CUST002730,CAMP0105,2024-05-16,Opportunity
CONV009700,CUST006548,CAMP0032,2026-03-07,MQL
CONV009701,CUST003373,CAMP0009,09/22/2024,Lead
CONV009702,CUST004570,CAMP0126,2026-02-16,SQL
CONV009703,CUST009096,CAMP0044,2023-08-03,Lead
CONV009704,CUST003937,CAMP0079,2026-06-02,Customer
CONV009705,CUST001445,CAMP0181,2026-03-23,Lead
CONV009706,CUST008618,CAMP0128,2024-08-19,SQL
CONV009707,CUST000694,CAMP0072,12-09-2024,Lead
CONV009708,CUST007002,CAMP0191,2023-09-08,SQL
CONV009709,CUST003453,CAMP0012,12/20/2024,Opportunity
CONV009710,CUST007817,CAMP0131,2026-05-03,Lead
CONV009711,CUST008002,CAMP0019,2025-01-18,Lead
CONV009712,CUST003871,CAMP0046,23-11-2025,Opportunity
CONV009713,CUST008760,CAMP0203,2023-10-13,Customer
CONV009714,CUST900013,CAMP0028,2025-11-23,Lead
CONV009715,CUST008076,CAMP0101,23 Jan 2025,MQL
CONV009716,CUST002371,CAMP0062,2025-04-25,SQL
CONV009717,CUST002781,CAMP0018,07/15/2024,Lead
CONV009718,CUST007661,CAMP0189,06 Jan 2025,SQL
CONV009719,CUST001256,CAMP0045,2024-01-26,Opportunity
CONV009720,CUST008085,CAMP0001,2023-03-20,Customer
CONV009721,CUST008585,CAMP0106,2024-10-29,SQL
CONV009722,CUST009556,CAMP0148,10/16/2025,Opportunity
CONV009723,CUST003743,CAMP0036,06-10-2023,MQL
CONV009724,CUST006202,CAMP0040,2024-04-21,Lead
CONV009725,CUST001001,CAMP0043,10/21/2025,Lead
CONV009726,CUST001491,CAMP0104,2026-06-19,Opportunity
CONV009727,CUST000932,CAMP0055,2024-09-26,Customer
CONV009728,CUST005189,CAMP0063,06-09-2024,Lead
CONV009729,CUST001185,CAMP0122,2024-02-29,Lead
CONV009730,CUST003054,CAMP0033,2023-05-12,Opportunity
CONV009731,CUST004109,CAMP0106,2024-08-04,SQL
CONV009732,CUST009493,CAMP0024,24-02-2023,MQL
CONV009733,CUST005050,CAMP0109,,MQL
CONV009734,CUST002235,CAMP0193,2023-02-07,MQL
CONV009735,CUST004346,CAMP0128,2025-10-26,Lead
CONV009736,CUST009776,CAMP0112,2025-07-24,MQL
CONV009737,CUST005526,CAMP0141,14 Dec 2024,Customer
CONV009738,CUST009371,CAMP0017,07-02-2023,Opportunity
CONV009739,CUST008589,CAMP0094,10-03-2024,Customer
CONV009740,CUST009928,CAMP0172,2025-02-09,Customer
CONV009741,CUST009953,CAMP0149,06-05-2023,Lead
CONV009742,CUST000335,CAMP0195,2024-08-27,SQL
CONV009743,CUST000446,CAMP0188,2023-03-03,MQL
CONV009744,CUST000781,CAMP0134,04/28/2024,SQL
CONV009745,CUST009556,CAMP0189,27-05-2026,MQL
CONV009746,CUST007988,CAMP0076,2023-04-24,Customer
CONV009747,CUST004901,CAMP0017,2025-04-10,SQL
CONV009748,CUST006772,CAMP0208,2023-04-24,Opportunity
CONV009749,CUST005600,CAMP0190,2023-02-05,Opportunity
CONV009750,CUST005464,CAMP0067,03/21/2025,SQL
CONV009751,CUST006849,CAMP0122,01/19/2026,SQL
CONV009752,CUST008186,CAMP0003,13-08-2024,Opportunity
CONV009753,CUST002142,CAMP0061,07/22/2026,SQL
CONV009754,CUST001143,CAMP0133,07-10-2023,SQL
CONV009755,CUST003768,CAMP0164,2024-10-10,
CONV009756,CUST008775,CAMP0153,2023-04-28,Customer
CONV009757,CUST002561,CAMP0023,01/27/2025,SQL
CONV009758,CUST004590,CAMP0149,2023-04-24,Opportunity
CONV009759,CUST008483,CAMP0160,2025-03-10,Customer
CONV009760,CUST003089,CAMP0083,2024-08-10,Lead
CONV009761,CUST006067,CAMP0201,16 Jun 2025,MQL
CONV009762,CUST002934,CAMP0030,2025-10-04,Customer
CONV009763,CUST002067,CAMP0100,08/01/2026,Opportunity
CONV009764,CUST002998,CAMP0167,14 Jun 2025,SQL
CONV009765,CUST008862,CAMP0145,23-03-2024,Opportunity
CONV009766,CUST002967,CAMP0070,,Lead
CONV009767,CUST007504,CAMP0183,2023-10-02,Lead
CONV009768,CUST002565,CAMP0039,2025-12-24,Opportunity
CONV009769,CUST002179,CAMP0156,2024-03-21,Customer
CONV009770,CUST002450,CAMP0143,2026-03-08,Lead
CONV009771,CUST003340,CAMP0143,2023-10-25,Customer
CONV009772,CUST009409,CAMP0021,05 Mar 2026,Lead
CONV009773,CUST000642,CAMP0157,30 Apr 2026,Opportunity
CONV009774,CUST001910,CAMP0135,16-01-2023,MQL
CONV009775,CUST003333,CAMP0085,2025-05-12,Customer
CONV009776,CUST000411,CAMP0073,2026-02-02,Opportunity
CONV009777,CUST009827,CAMP0136,19 Apr 2023,Customer
CONV009778,CUST006870,CAMP0034,2025-05-07,Opportunity
CONV009779,CUST006571,CAMP0220,2025-06-14,Opportunity
CONV009780,CUST008802,CAMP0175,03-05-2026,Lead
CONV009781,CUST009793,CAMP0063,2024-04-16,SQL
CONV009782,CUST004265,CAMP0037,2026-03-02,Lead
CONV009783,CUST004392,CAMP0025,05-06-2023,Opportunity
CONV009784,CUST007823,CAMP0173,11/18/2025,SQL
CONV009785,CUST000884,CAMP0031,2025-01-29,Opportunity
CONV009786,CUST000461,CAMP0220,2026-03-30,Opportunity
CONV009787,CUST000849,CAMP0054,,MQL
CONV009788,CUST003297,CAMP0062,2026-05-17,SQL
CONV009789,CUST008354,CAMP0192,11/24/2024,Lead
CONV009790,CUST005221,CAMP0058,2023-07-02,Customer
CONV009791,CUST000501,CAMP0099,2026-03-07,Opportunity
CONV009792,CUST006052,CAMP0210,02-01-2026,SQL
CONV009793,CUST008534,CAMP0030,2023-07-28,Opportunity
CONV009794,CUST000627,CAMP0082,22 Jul 2024,SQL
CONV009795,CUST007755,CAMP0140,2026-07-22,Lead
CONV009796,CUST001694,CAMP0133,2023-04-18,Opportunity
CONV009797,CUST001663,CAMP0004,06-07-2025,Opportunity
CONV009798,CUST001369,CAMP0170,09/05/2024,SQL
CONV009799,CUST009397,CAMP0132,12/26/2024,Customer
CONV009800,CUST006751,CAMP0168,10-02-2024,Opportunity
CONV009801,CUST006601,CAMP0162,19-10-2023,SQL
CONV009802,CUST001949,CAMP0173,2023-04-14,SQL
CONV009803,CUST008841,CAMP0048,,Opportunity
CONV009804,CUST001323,CAMP0154,2023-02-11,MQL
CONV009805,CUST001107,CAMP0161,2023-05-10,SQL
CONV009806,CUST007790,CAMP0133,01-06-2025,MQL
CONV009807,CUST007835,CAMP0185,,MQL
CONV009808,CUST006759,CAMP0201,2026-06-11,Opportunity
CONV009809,CUST002755,CAMP0090,07-03-2025,Opportunity
CONV009810,CUST008313,CAMP0017,2025-10-19,Lead
CONV009811,CUST003716,CAMP0193,09/28/2024,Lead
CONV009812,CUST004206,CAMP0173,2026-02-03,Lead
CONV009813,CUST007064,CAMP0148,09-10-2023,SQL
CONV009814,CUST002481,CAMP0059,28 Jul 2024,Customer
CONV009815,CUST004104,CAMP0007,2025-11-23,Customer
CONV009816,CUST004653,CAMP0033,2023-01-02,SQL
CONV009817,CUST002239,CAMP0110,06-11-2025,Customer
CONV009818,CUST002518,CAMP0183,2024-09-19,MQL
CONV009819,CUST006067,CAMP0116,11/15/2025,Opportunity
CONV009820,CUST004455,CAMP0089,31-01-2025,Lead
CONV009821,CUST002126,CAMP0017,2024-12-22,SQL
CONV009822,CUST000411,CAMP0201,25-04-2026,Customer
CONV009823,CUST009094,CAMP0137,10/28/2025,Customer
CONV009824,CUST008712,CAMP0129,2023-12-04,MQL
CONV009825,CUST003668,CAMP0027,07-05-2026,Opportunity
CONV009826,CUST009533,CAMP0133,2024-07-10,SQL
CONV009827,CUST004177,CAMP0049,27-08-2025,Lead
CONV009828,CUST001174,CAMP0171,2024-10-21,Opportunity
CONV009829,CUST009626,CAMP0100,2025-02-17,MQL
CONV009830,CUST007030,CAMP0118,2024-04-25,Lead
CONV009831,CUST008929,CAMP0202,08/31/2025,Customer
CONV009832,CUST009313,CAMP0164,2025-02-25,SQL
CONV009833,CUST000182,CAMP0182,2024-02-17,Opportunity
CONV009834,CUST004517,CAMP0020,2023-09-16,Customer
CONV009835,CUST006513,CAMP0153,07/04/2025,Customer
CONV009836,CUST004104,CAMP0016,06/04/2026,SQL
CONV009837,CUST006514,CAMP0146,01 Feb 2025,Lead
CONV009838,CUST004173,CAMP0061,05 Sep 2024,Customer
CONV009839,CUST009078,CAMP0148,07/15/2026,Customer
CONV009840,CUST009763,CAMP0145,2026-01-29,Customer
CONV009841,CUST001309,CAMP0218,2025-09-25,MQL
CONV009842,CUST004949,CAMP0141,12/27/2024,Lead
CONV009843,CUST005131,CAMP0149,,Customer
CONV009844,CUST001327,CAMP0207,2023-11-18,Opportunity
CONV009845,CUST007660,CAMP0115,2025-05-11,Opportunity
CONV009846,CUST002687,CAMP0050,2023-12-15,Opportunity
CONV009847,CUST007297,CAMP0055,2024-05-11,Opportunity
CONV009848,CUST006196,CAMP0011,2024-09-02,Customer
CONV009849,CUST001021,CAMP0054,2024-06-08,Lead
CONV009850,CUST003708,CAMP0137,2026-06-19,SQL
CONV009851,CUST004855,CAMP0119,16-09-2024,SQL
CONV009852,CUST004735,CAMP0112,10/13/2023,Opportunity
CONV009853,CUST001587,CAMP0218,2025-11-09,Lead
CONV009854,CUST002566,CAMP0140,2023-03-11,SQL
CONV009855,CUST001759,CAMP0208,13-03-2026,Lead
CONV009856,CUST008695,CAMP0046,2026-08-01,Lead
CONV009857,CUST002793,CAMP0011,,MQL
CONV009858,CUST007097,CAMP0034,13-06-2023,Lead
CONV009859,CUST007779,CAMP0010,2025-09-26,SQL
CONV009860,CUST006400,CAMP0115,02/04/2023,MQL
CONV009861,CUST003119,CAMP0037,14-05-2025,Customer
CONV009862,CUST008187,CAMP0017,2023-07-16,SQL
CONV009863,CUST004207,CAMP0207,27 Sep 2024,SQL
CONV009864,CUST006658,CAMP0164,2023-11-15,Customer
CONV009865,CUST009627,CAMP0215,18-10-2024,Lead
CONV009866,CUST009869,CAMP0079,04/18/2024,Customer
CONV009867,CUST009178,CAMP0183,,MQL
CONV009868,CUST001138,CAMP0188,12-10-2023,Opportunity
CONV009869,CUST004103,CAMP0147,2024-12-27,Lead
CONV009870,CUST002159,CAMP0014,03/11/2024,Opportunity
CONV009871,CUST009291,CAMP0131,2023-06-20,SQL
CONV009872,CUST006469,CAMP0062,03-11-2024,SQL
CONV009873,CUST002730,CAMP0145,03 Aug 2024,MQL
CONV009874,CUST003160,CAMP0016,2025-10-12,Opportunity
CONV009875,CUST003621,CAMP0011,06/17/2025,MQL
CONV009876,CUST006583,CAMP0174,2026-07-19,Lead
CONV009877,CUST001178,CAMP0158,2024-09-25,SQL
CONV009878,CUST002106,CAMP0131,2023-12-23,MQL
CONV009879,CUST006896,CAMP0008,02 Mar 2023,Lead
CONV009880,CUST001441,CAMP0044,2025-04-21,Lead
CONV009881,CUST009734,CAMP0126,2024-07-17,Opportunity
CONV009882,CUST000549,CAMP0184,2026-06-04,SQL
CONV009883,CUST007544,CAMP0129,12/10/2024,SQL
CONV009884,CUST008961,CAMP0179,01-08-2025,SQL
CONV009885,CUST008553,CAMP0010,07/11/2024,Lead
CONV009886,CUST006534,CAMP0061,2024-01-25,Customer
CONV009887,CUST008717,CAMP0148,2023-10-25,Customer
CONV009888,CUST006215,CAMP0134,2024-10-16,Lead
CONV009889,CUST004640,CAMP0093,2023-02-06,Customer
CONV009890,CUST001334,CAMP0176,2023-02-28,SQL
CONV009891,CUST002971,CAMP0095,11/11/2025,Opportunity
CONV009892,CUST009027,CAMP0057,2026-01-11,Opportunity
CONV009893,CUST004345,CAMP0126,09/29/2023,MQL
CONV009894,CUST006644,CAMP0098,2023-12-05,MQL
CONV009895,CUST008946,CAMP0026,04/30/2023,SQL
CONV009896,CUST002567,CAMP0116,2024-09-17,Opportunity
CONV009897,CUST002524,CAMP0121,16-12-2023,Lead
CONV009898,CUST002512,CAMP0090,2026-07-08,Customer
CONV009899,CUST000663,CAMP0013,2026-07-29,Customer
CONV009900,CUST001186,CAMP0035,,Opportunity
CONV009901,CUST002244,CAMP0171,04/29/2023,SQL
CONV009902,CUST000712,CAMP0078,2024-05-13,Lead
CONV009903,CUST001608,CAMP0214,2023-10-12,SQL
CONV009904,CUST004266,CAMP0187,2023-09-04,Lead
CONV009905,CUST003394,CAMP0088,23-01-2025,MQL
CONV009906,CUST006857,CAMP0143,2025-09-03,SQL
CONV009907,CUST000082,CAMP0096,2023-09-16,MQL
CONV009908,CUST007791,CAMP0153,2023-06-10,Opportunity
CONV009909,CUST008171,CAMP0117,2024-05-16,Opportunity
CONV009910,CUST006594,CAMP0057,01/08/2026,MQL
CONV009911,CUST004051,CAMP0193,,Lead
CONV009912,CUST000109,CAMP0067,04/12/2026,Customer
CONV009913,CUST007946,CAMP0028,2023-09-28,Customer
CONV009914,CUST008862,CAMP0180,06 Dec 2023,Customer
CONV009915,CUST006492,CAMP0019,24-12-2024,SQL
CONV009916,CUST008642,CAMP0186,27-08-2023,Customer
CONV009917,CUST003248,CAMP0124,2025-02-20,MQL
CONV009918,CUST000312,CAMP0062,04/18/2026,MQL
CONV009919,CUST007057,CAMP0091,2024-10-25,Lead
CONV009920,CUST001154,CAMP0166,06-05-2024,MQL
CONV009921,CUST003542,CAMP0135,2026-03-27,Lead
CONV009922,CUST004602,CAMP0106,21-11-2024,SQL
CONV009923,CUST003801,CAMP0185,2023-01-11,Lead
CONV009924,CUST007797,CAMP0181,12/12/2024,Opportunity
CONV009925,CUST004967,CAMP0215,2024-05-04,MQL
CONV009926,CUST002443,CAMP0073,2025-12-20,Customer
CONV009927,CUST000937,CAMP0014,2023-07-31,Lead
CONV009928,CUST009664,CAMP0053,2025-07-25,MQL
CONV009929,CUST000737,CAMP0189,01 Jul 2025,SQL
CONV009930,CUST008103,CAMP0152,08-02-2025,Opportunity
CONV009931,CUST008524,CAMP0201,2025-01-01,Opportunity
CONV009932,CUST001944,CAMP0124,2023-10-23,SQL
CONV009933,CUST003078,CAMP0096,2023-10-17,Lead
CONV009934,CUST000191,CAMP0132,11 Feb 2024,Lead
CONV009935,CUST008363,CAMP0090,20 Jan 2025,Lead
CONV009936,CUST008766,CAMP0175,2023-11-02,Customer
CONV009937,CUST008397,CAMP0114,2025-06-15,MQL
CONV009938,CUST004569,CAMP0052,2024-11-11,Customer
CONV009939,CUST008177,CAMP0058,2025-09-11,Customer
CONV009940,CUST000211,CAMP0189,2025-03-31,MQL
CONV009941,CUST002109,CAMP0147,06 Apr 2024,Customer
CONV009942,CUST003538,CAMP0203,2023-07-16,MQL
CONV009943,CUST000825,CAMP0029,04/15/2026,MQL
CONV009944,CUST002268,CAMP0186,2026-06-21,Customer
CONV009945,CUST001597,CAMP0076,2024-09-05,MQL
CONV009946,CUST002198,CAMP0171,2023-12-03,Customer
CONV009947,CUST009026,CAMP0199,2025-04-05,MQL
CONV009948,CUST005072,CAMP0051,29-07-2023,Lead
CONV009949,CUST003577,CAMP0151,2026-02-14,MQL
CONV009950,CUST007502,CAMP0184,09-11-2024,Lead
CONV009951,CUST004962,CAMP0147,2025-10-02,MQL
CONV009952,CUST001476,CAMP0130,2023-01-26,Lead
CONV009953,CUST000500,CAMP0051,2025-11-05,Customer
CONV009954,CUST003471,CAMP0101,28-03-2025,Customer
CONV009955,CUST003064,CAMP0037,18-09-2024,SQL
CONV009956,CUST008070,CAMP0036,07/15/2026,SQL
CONV009957,CUST008889,CAMP0015,01 Jul 2025,MQL
CONV009958,CUST006787,CAMP0053,2023-07-08,MQL
CONV009959,CUST004678,CAMP0151,2025-01-08,Opportunity
CONV009960,CUST007662,CAMP0137,2026-07-05,Lead
CONV009961,CUST009318,CAMP0184,07 Mar 2024,Customer
CONV009962,CUST002741,CAMP0080,2026-07-25,Lead
CONV009963,CUST001300,CAMP0098,2025-11-04,Lead
CONV009964,CUST003118,CAMP0126,,SQL
CONV009965,CUST001921,CAMP0111,2026-06-20,Customer
CONV009966,CUST002003,CAMP0188,01/08/2025,Opportunity
CONV009967,CUST003678,CAMP0164,02/14/2025,Lead
CONV009968,CUST000329,CAMP0021,2023-12-14,Lead
CONV009969,CUST003084,CAMP0097,2026-04-08,Customer
CONV009970,CUST006440,CAMP0043,24-01-2026,MQL
CONV009971,CUST007029,CAMP0050,2025-03-17,Opportunity
CONV009972,CUST005213,CAMP0061,04/05/2025,Customer
CONV009973,CUST009925,CAMP0142,2023-10-02,SQL
CONV009974,CUST006070,CAMP0092,2026-07-07,Customer
CONV009975,CUST005763,CAMP0140,2023-07-15,Opportunity
CONV009976,CUST008026,CAMP0068,2026-07-30,MQL
CONV009977,CUST007211,CAMP0168,2024-11-02,Customer
CONV009978,CUST002683,CAMP0124,,Customer
CONV009979,CUST006152,CAMP0089,23 Jun 2024,SQL
CONV009980,CUST001512,CAMP0114,02/03/2025,Opportunity
CONV009981,CUST007364,CAMP0068,05/02/2024,Customer
CONV009982,CUST003084,CAMP0201,,SQL
CONV009983,CUST003261,CAMP0153,2025-07-16,Opportunity
CONV009984,CUST000824,CAMP0013,08/05/2023,SQL
CONV009985,CUST009185,CAMP0016,2025-06-26,Opportunity
CONV009986,CUST009314,CAMP0031,2024-01-31,Opportunity
CONV009987,CUST006814,CAMP0065,2023-03-19,MQL
CONV009988,CUST008184,CAMP0066,17-11-2024,SQL
CONV009989,CUST008879,CAMP0033,2025-08-25,MQL
CONV009990,CUST008210,CAMP0060,2023-01-25,Customer
CONV009991,CUST004027,CAMP0013,2024-01-10,Opportunity
CONV009992,CUST003539,CAMP0019,2024-06-28,Opportunity
CONV009993,CUST005400,CAMP0207,01-03-2023,Lead
CONV009994,CUST009788,CAMP0106,2026-04-06,MQL
CONV009995,CUST008377,CAMP0062,2024-11-28,Customer
CONV009996,CUST003664,CAMP0217,01/11/2025,MQL
CONV009997,CUST006271,CAMP0067,04/29/2023,Opportunity
CONV009998,CUST002773,CAMP0058,2025-12-08,MQL
CONV009999,CUST000111,CAMP0123,21-04-2024,Opportunity
CONV010000,CUST002096,CAMP0168,2025-11-07,Lead
CONV010001,CUST002906,CAMP0055,10 Jun 2023,SQL
CONV010002,CUST006821,CAMP0060,25-03-2025,Customer
CONV010003,CUST009225,CAMP0163,24-06-2026,Customer
CONV010004,CUST009025,CAMP0005,2025-08-03,MQL
CONV010005,CUST004480,CAMP0141,03-03-2023,Lead
CONV010006,CUST009553,CAMP0026,16-08-2023,MQL
CONV010007,CUST008624,CAMP0183,05-02-2023,Lead
CONV010008,CUST000430,CAMP0088,29-05-2025,Opportunity
CONV010009,CUST001882,CAMP0016,2025-11-03,SQL
CONV010010,CUST000640,CAMP0031,2025-07-14,Opportunity
CONV010011,CUST008159,CAMP0072,2024-10-15,MQL
CONV010012,CUST008088,CAMP0148,2024-03-04,Opportunity
CONV010013,CUST006232,CAMP0172,2026-06-17,Opportunity
CONV010014,CUST000089,CAMP0170,12-04-2023,Lead
CONV010015,CUST001609,CAMP0078,2025-05-29,Customer
CONV010016,CUST006022,CAMP0110,24 Jun 2024,Opportunity
CONV010017,CUST001828,CAMP0203,07 May 2026,Customer
CONV010018,CUST002866,CAMP0137,2025-06-21,Customer
CONV010019,CUST005265,CAMP0161,2023-09-29,Customer
CONV010020,CUST002956,CAMP0197,2023-10-09,Lead
CONV010021,CUST000614,CAMP0184,10/30/2025,SQL
CONV010022,CUST007954,CAMP0216,2024-02-28,MQL
CONV010023,CUST004697,CAMP0065,02-04-2026,Customer
CONV010024,CUST000658,CAMP0089,2025-05-14,SQL
CONV010025,CUST009807,CAMP0215,2024-06-24,Opportunity
CONV010026,CUST003205,CAMP0217,07/04/2026,SQL
CONV010027,CUST004167,CAMP0006,2026-07-31,Lead
CONV010028,CUST007806,CAMP0053,12 May 2026,MQL
CONV010029,CUST000685,CAMP0163,2025-10-05,Lead
CONV010030,CUST008455,CAMP0151,,Customer
CONV010031,CUST003031,CAMP0098,09/20/2025,SQL
CONV010032,CUST002170,CAMP0038,2025-10-26,Lead
CONV010033,CUST005390,CAMP0083,02/18/2026,Opportunity
CONV010034,CUST001512,CAMP0164,2026-07-10,SQL
CONV010035,CUST003866,CAMP0017,06/20/2024,Opportunity
CONV010036,CUST007031,CAMP0009,2023-01-21,MQL
CONV010037,CUST002414,CAMP0157,06/09/2023,Customer
CONV010038,CUST008931,CAMP0194,2023-06-09,Lead
CONV010039,CUST002809,CAMP0163,,Lead
CONV010040,CUST006249,CAMP0043,04/26/2025,MQL
CONV010041,CUST008763,CAMP0128,18-12-2025,MQL
CONV010042,CUST008847,CAMP0006,11/11/2024,MQL
CONV010043,CUST006872,CAMP0126,2023-05-18,Customer
CONV010044,CUST008468,CAMP0137,2026-04-18,Lead
CONV010045,CUST006863,CAMP0190,2025-04-16,Lead
CONV010046,CUST009216,CAMP0026,2023-01-26,SQL
CONV010047,CUST002857,CAMP0123,2025-05-20,MQL
CONV010048,CUST005293,CAMP0065,2024-07-26,Customer
CONV010049,CUST007784,CAMP0158,2024-01-22,Lead
CONV010050,CUST009765,CAMP0080,10 Jan 2026,SQL
CONV010051,CUST009818,CAMP0026,2025-03-16,Lead
CONV010052,CUST007799,CAMP0002,02 Jan 2023,Opportunity
CONV010053,CUST008890,CAMP0120,2025-11-25,Customer
CONV010054,CUST004533,CAMP0197,03/06/2026,Lead
CONV010055,CUST008487,CAMP0096,01/12/2023,Customer
CONV010056,CUST006593,CAMP0127,2026-04-27,MQL
CONV010057,CUST000425,CAMP0109,2024-11-26,MQL
CONV010058,CUST005189,CAMP0032,2024-03-14,Opportunity
CONV010059,CUST009606,CAMP0095,2025-06-02,MQL
CONV010060,CUST003001,CAMP0029,09/21/2025,MQL
CONV010061,CUST003616,CAMP0020,06/15/2024,Opportunity
CONV010062,CUST001220,CAMP0092,2025-10-21,MQL
CONV010063,CUST009331,CAMP0181,2023-02-14,Lead
CONV010064,CUST003582,CAMP0158,2026-03-01,Lead
CONV010065,CUST002527,CAMP0142,2024-09-22,MQL
CONV010066,CUST008883,CAMP0189,2025-07-16,SQL
CONV010067,CUST008307,CAMP0138,,Customer
CONV010068,CUST006758,CAMP0075,13-04-2025,MQL
CONV010069,CUST007736,CAMP0214,04/30/2025,Customer
CONV010070,CUST004271,CAMP0151,27-10-2024,Lead
CONV010071,CUST003758,CAMP0107,02-12-2024,Customer
CONV010072,CUST003237,CAMP0200,13-07-2023,Customer
CONV010073,CUST007178,CAMP0135,08-12-2023,SQL
CONV010074,CUST005098,CAMP0063,08-03-2023,Customer
CONV010075,CUST002403,CAMP0046,,Opportunity
CONV010076,CUST008617,CAMP0186,2026-07-23,Customer
CONV010077,CUST005068,CAMP0149,23-01-2026,Lead
CONV010078,CUST009981,CAMP0070,2023-10-09,SQL
CONV010079,CUST002593,CAMP0159,03-03-2024,SQL
CONV010080,CUST001126,CAMP0059,2025-11-04,Lead
CONV010081,CUST007907,CAMP0044,02/18/2026,SQL
CONV010082,CUST000626,CAMP0089,07-07-2025,Customer
CONV010083,CUST000268,CAMP0175,19-08-2025,Customer
CONV010084,CUST006949,CAMP0015,2024-09-18,SQL
CONV010085,CUST005711,CAMP0107,07 Apr 2024,Customer
CONV010086,CUST002799,CAMP0067,2026-03-04,MQL
CONV010087,CUST009322,CAMP0064,,MQL
CONV010088,CUST008258,CAMP0012,2025-08-27,Opportunity
CONV010089,CUST004483,CAMP0210,2023-06-28,SQL
CONV010090,CUST006099,CAMP0160,08-07-2026,Opportunity
CONV010091,CUST005388,CAMP0218,06/24/2023,Opportunity
CONV010092,CUST008567,CAMP0199,2024-02-06,Lead
CONV010093,CUST009003,CAMP0002,27-08-2025,SQL
CONV010094,CUST007484,CAMP0074,2025-08-22,Lead
CONV010095,CUST007269,CAMP0183,2025-04-14,Lead
CONV010096,CUST001395,CAMP0154,,Customer
CONV010097,CUST005372,CAMP0112,07-05-2025,Opportunity
CONV010098,CUST003974,CAMP0100,2025-06-12,MQL
CONV010099,CUST003247,CAMP0090,17 Jun 2024,MQL
CONV010100,CUST008044,CAMP0119,,MQL
CONV010101,CUST007185,CAMP0082,2023-01-18,SQL
CONV010102,CUST009986,CAMP0062,30 May 2025,Lead
CONV010103,CUST007300,CAMP0089,2026-03-16,Lead
CONV010104,CUST006505,CAMP0217,2024-08-08,SQL
CONV010105,CUST005778,CAMP0060,2026-02-28,Lead
CONV010106,CUST005486,CAMP0039,12/26/2025,SQL
CONV010107,CUST005969,CAMP0149,23-03-2024,Opportunity
CONV010108,CUST006421,CAMP0150,07-03-2023,MQL
CONV010109,CUST006770,CAMP0129,06-08-2025,Opportunity
CONV010110,CUST009419,CAMP0197,2024-08-25,MQL
CONV010111,CUST002468,CAMP0066,2023-10-08,SQL
CONV010112,CUST001072,CAMP0176,09/03/2024,Opportunity
CONV010113,CUST004417,CAMP0102,2024-10-21,Lead
CONV010114,CUST001599,CAMP0101,2025-09-28,Customer
CONV010115,CUST001232,CAMP0144,2024-11-14,Lead
CONV010116,CUST003193,CAMP0118,2024-04-03,Opportunity
CONV010117,CUST007319,CAMP0001,2023-08-01,SQL
CONV010118,CUST003723,CAMP0030,24 Oct 2024,Customer
CONV010119,CUST005199,CAMP0051,01/14/2025,Customer
CONV010120,CUST007649,CAMP0006,11/14/2023,Lead
CONV010121,CUST004393,CAMP0032,2026-07-28,SQL
CONV010122,CUST004583,CAMP0218,29-10-2023,Customer
CONV010123,CUST007215,CAMP0218,18-04-2026,SQL
CONV010124,CUST005262,CAMP0153,09/12/2024,MQL
CONV010125,CUST003790,CAMP0032,2023-06-15,Customer
CONV010126,CUST003906,CAMP0051,2023-08-02,Opportunity
CONV010127,CUST005303,CAMP0134,2025-08-24,SQL
CONV010128,CUST000831,CAMP0115,08/15/2025,Opportunity
CONV010129,CUST008864,CAMP0115,,Lead
CONV010130,CUST008102,CAMP0017,2026-02-20,Opportunity
CONV010131,CUST009638,CAMP0097,2025-06-02,SQL
CONV010132,CUST005795,CAMP0079,,Lead
CONV010133,CUST009530,CAMP0059,08-07-2025,SQL
CONV010134,CUST002565,CAMP0011,2024-09-27,Opportunity
CONV010135,CUST002272,CAMP0097,2023-05-01,Lead
CONV010136,CUST004455,CAMP0151,2025-11-02,Lead
CONV010137,CUST003116,CAMP0013,2025-02-02,Customer
CONV010138,CUST007796,CAMP0134,06-03-2024,MQL
CONV010139,CUST002530,CAMP0203,2024-01-30,Lead
CONV010140,CUST000929,CAMP0062,2023-03-14,Lead
CONV010141,CUST002533,CAMP0138,2023-01-13,MQL
CONV010142,CUST000507,CAMP0035,2025-04-22,Opportunity
CONV010143,CUST004511,CAMP0210,13 Mar 2026,MQL
CONV010144,CUST005289,CAMP0015,2024-06-13,Customer
CONV010145,CUST004360,CAMP0043,2024-01-13,Lead
CONV010146,CUST002487,CAMP0168,07/24/2023,Opportunity
CONV010147,CUST009025,CAMP0038,16-06-2026,Opportunity
CONV010148,CUST008673,CAMP0030,20-08-2025,Opportunity
CONV010149,CUST008211,CAMP0184,2026-06-21,SQL
CONV010150,CUST008978,CAMP0066,05/01/2023,Customer
CONV010151,CUST009302,CAMP0168,11-10-2025,SQL
CONV010152,CUST000296,CAMP0094,10-07-2024,MQL
CONV010153,CUST004070,CAMP0190,03-04-2023,Opportunity
CONV010154,CUST007779,CAMP0161,04/30/2024,Opportunity
CONV010155,CUST009011,CAMP0007,,Customer
CONV010156,CUST009430,CAMP0115,07-02-2024,Customer
CONV010157,CUST008788,CAMP0175,2026-03-01,Lead
CONV010158,CUST002352,CAMP0158,06-01-2026,Customer
CONV010159,CUST006268,CAMP0077,2024-07-19,MQL
CONV010160,CUST009995,CAMP0165,04 Apr 2025,Lead
CONV010161,CUST007948,CAMP0083,2023-02-10,Lead
CONV010162,CUST001580,CAMP0193,2024-07-18,Customer
CONV010163,CUST005936,CAMP0152,06/02/2023,Lead
CONV010164,CUST007860,CAMP0058,2023-03-06,SQL
CONV010165,CUST001502,CAMP0079,2025-12-21,Customer
CONV010166,CUST007676,CAMP0160,2024-12-10,Opportunity
CONV010167,CUST001666,CAMP0089,2024-02-23,MQL
CONV010168,CUST007732,CAMP0185,2023-07-16,Customer
CONV010169,CUST000517,CAMP0084,22-05-2024,Customer
CONV010170,CUST007148,CAMP0191,12-05-2023,Lead
CONV010171,CUST005994,CAMP0105,2023-03-13,Opportunity
CONV010172,CUST005968,CAMP0063,2023-04-13,Customer
CONV010173,CUST007209,CAMP0105,,Opportunity
CONV010174,CUST005563,CAMP0088,2026-01-30,Lead
CONV010175,CUST001532,CAMP0102,2025-07-17,Customer
CONV010176,CUST006839,CAMP0083,19-02-2024,Customer
CONV010177,CUST007950,CAMP0143,2026-03-21,MQL
CONV010178,CUST000181,CAMP0052,27-04-2023,Opportunity
CONV010179,CUST007368,CAMP0151,2025-06-18,Lead
CONV010180,CUST008533,CAMP0023,2024-11-11,Customer
CONV010181,CUST006402,CAMP0067,26-09-2023,Customer
CONV010182,CUST007934,CAMP0019,2023-04-09,Customer
CONV010183,CUST003902,CAMP0092,10/26/2023,Opportunity
CONV010184,CUST000127,CAMP0047,2023-09-12,SQL
CONV010185,CUST003597,CAMP0014,2024-11-07,Opportunity
CONV010186,CUST008563,CAMP0193,2024-01-25,SQL
CONV010187,CUST001825,CAMP0100,2023-01-16,Lead
CONV010188,CUST009932,CAMP0114,2025-12-10,SQL
CONV010189,CUST008287,CAMP0201,2025-05-23,Opportunity
CONV010190,CUST000389,CAMP0012,02-03-2025,SQL
CONV010191,CUST003549,CAMP0125,2024-09-07,Customer
CONV010192,CUST002145,CAMP0025,28-10-2024,Customer
CONV010193,CUST000564,CAMP0174,28-04-2023,Lead
CONV010194,CUST003165,CAMP0011,11/22/2025,Opportunity
CONV010195,CUST008595,CAMP0216,26 Oct 2025,SQL
CONV010196,CUST001274,CAMP0125,04/23/2026,Customer
CONV010197,CUST000215,CAMP0220,2026-01-05,MQL
CONV010198,CUST001872,CAMP0141,25 May 2025,Lead
CONV010199,CUST007468,CAMP0084,2025-12-25,MQL
CONV010200,CUST009932,CAMP0060,08-04-2024,Lead
CONV010201,CUST005829,CAMP0192,2024-02-24,SQL
CONV010202,CUST005786,CAMP0067,2023-06-07,Customer
CONV010203,CUST002609,CAMP0013,03-12-2025,SQL
CONV010204,CUST006884,CAMP0131,17 Oct 2023,Customer
CONV010205,CUST003385,CAMP0152,2026-06-17,SQL
CONV010206,CUST004677,CAMP0204,11-10-2025,MQL
CONV010207,CUST006208,CAMP0218,2026-04-23,MQL
CONV010208,CUST004004,CAMP0160,2023-08-21,MQL
CONV010209,CUST006666,CAMP0211,2024-07-09,Opportunity
CONV010210,CUST008214,CAMP0056,13-04-2023,Lead
CONV010211,CUST004606,CAMP0089,2025-06-23,MQL
CONV010212,CUST008196,CAMP0175,2023-06-10,SQL
CONV010213,CUST004364,CAMP0185,2024-03-04,Customer
CONV010214,CUST005339,CAMP0207,2024-02-02,Lead
CONV010215,CUST002375,CAMP0181,22-03-2023,Opportunity
CONV010216,CUST001896,CAMP0066,2025-11-08,Customer
CONV010217,CUST009253,CAMP0077,2026-03-01,Opportunity
CONV010218,CUST002324,CAMP0196,2026-01-26,MQL
CONV010219,CUST007932,CAMP0051,2024-08-07,SQL
CONV010220,CUST000133,CAMP0031,26 Dec 2023,Lead
CONV010221,CUST004218,CAMP0115,2023-04-10,Opportunity
CONV010222,CUST007943,CAMP0038,05/20/2023,MQL
CONV010223,CUST002385,CAMP0044,19-12-2024,Lead
CONV010224,CUST007027,CAMP0037,03/08/2024,SQL
CONV010225,CUST001693,CAMP0065,2023-02-28,MQL
CONV010226,CUST001061,CAMP0102,2026-04-12,MQL
CONV010227,CUST004752,CAMP0091,2025-05-01,SQL
CONV010228,CUST005350,CAMP0034,11/16/2023,SQL
CONV010229,CUST007970,CAMP0150,22-10-2023,MQL
CONV010230,CUST003235,CAMP0150,2026-01-03,SQL
CONV010231,CUST008516,CAMP0159,2023-03-20,SQL
CONV010232,CUST008170,CAMP0127,24-06-2024,Opportunity
CONV010233,CUST009263,CAMP0066,2024-05-04,SQL
CONV010234,CUST008191,CAMP0042,,SQL
CONV010235,CUST005965,CAMP0060,2023-08-08,SQL
CONV010236,CUST000468,CAMP0145,26-08-2025,Customer
CONV010237,CUST003253,CAMP0020,2024-11-27,Lead
CONV010238,CUST007679,CAMP0058,22-05-2025,Lead
CONV010239,CUST002013,CAMP0012,2024-12-10,Lead
CONV010240,CUST006252,CAMP0020,2023-11-06,Lead
CONV010241,CUST003222,CAMP0112,2023-02-22,SQL
CONV010242,CUST003719,CAMP0009,,Lead
CONV010243,CUST006167,CAMP0216,2024-04-11,Opportunity
CONV010244,CUST006428,CAMP0009,2023-05-10,Lead
CONV010245,CUST008755,CAMP0213,2025-02-21,Customer
CONV010246,CUST001417,CAMP0154,2025-12-24,Opportunity
CONV010247,CUST000428,CAMP0125,06-02-2024,Lead
CONV010248,CUST006245,CAMP0144,2024-04-19,Opportunity
CONV010249,CUST005443,CAMP0122,02/16/2024,Customer
CONV010250,CUST003594,CAMP0039,2026-03-17,SQL
CONV010251,CUST008000,CAMP0147,01-03-2025,Customer
CONV010252,CUST005485,CAMP0001,2025-08-07,MQL
CONV010253,CUST007772,CAMP0090,,Opportunity
CONV010254,CUST001291,CAMP0006,05/12/2023,Opportunity
CONV010255,CUST007658,CAMP0207,2026-06-09,Lead
CONV010256,CUST008053,CAMP0141,2026-02-17,Customer
CONV010257,CUST006649,CAMP0094,,MQL
CONV010258,CUST001305,CAMP0084,2025-07-06,MQL
CONV010259,CUST007865,CAMP0122,2025-02-14,Opportunity
CONV010260,CUST007686,CAMP0158,2023-09-10,Opportunity
CONV010261,CUST006487,CAMP0195,06-04-2026,Customer
CONV010262,CUST005204,CAMP0169,26 Nov 2025,Opportunity
CONV010263,CUST009057,CAMP0157,2026-05-26,SQL
CONV010264,CUST009725,CAMP0196,14-01-2024,Lead
CONV010265,CUST009562,CAMP0059,2023-05-13,Lead
CONV010266,CUST001190,CAMP0195,31 Oct 2024,Customer
CONV010267,CUST003636,CAMP0053,2024-06-02,MQL
CONV010268,CUST002483,CAMP0037,22-10-2024,Lead
CONV010269,CUST003075,CAMP0203,07-01-2026,Opportunity
CONV010270,CUST002991,CAMP0135,17-09-2024,Customer
CONV010271,CUST006381,CAMP0164,16-01-2026,Opportunity
CONV010272,CUST001795,CAMP0201,2024-06-09,MQL
CONV010273,CUST007280,CAMP0163,04-03-2024,SQL
CONV010274,CUST000766,CAMP0036,07/09/2025,MQL
CONV010275,CUST006471,CAMP0060,02-12-2024,MQL
CONV010276,CUST007905,CAMP0190,2024-12-10,Customer
CONV010277,CUST005046,CAMP0116,2026-07-29,Customer
CONV010278,CUST001056,CAMP0026,27 Oct 2024,SQL
CONV010279,CUST006381,CAMP0178,02/05/2024,SQL
CONV010280,CUST003731,CAMP0124,,Lead
CONV010281,CUST000729,CAMP0157,01-02-2026,SQL
CONV010282,CUST004697,CAMP0155,2025-10-30,Customer
CONV010283,CUST005862,CAMP0034,11/05/2024,Opportunity
CONV010284,CUST007129,CAMP0216,2023-03-31,MQL
CONV010285,CUST009443,CAMP0087,2025-03-04,SQL
CONV010286,CUST008183,CAMP0062,2024-05-27,Opportunity
CONV010287,CUST005988,CAMP0115,2023-09-01,Lead
CONV010288,CUST009082,CAMP0150,2025-02-22,Customer
CONV010289,CUST008789,CAMP0167,2023-05-24,SQL
CONV010290,CUST002250,CAMP0053,2023-03-30,MQL
CONV010291,CUST001781,CAMP0034,07 Jan 2025,Lead
CONV010292,CUST008432,CAMP0126,2025-09-29,Opportunity
CONV010293,CUST001423,CAMP0013,04-02-2026,Customer
CONV010294,CUST000782,CAMP0063,2025-01-29,Lead
CONV010295,CUST008356,CAMP0176,2025-01-27,SQL
CONV010296,CUST005818,CAMP0114,18 Apr 2023,SQL
CONV010297,CUST004144,CAMP0030,12-11-2023,SQL
CONV010298,CUST008825,CAMP0094,2024-06-24,Lead
CONV010299,CUST008204,CAMP0141,11/01/2025,MQL
CONV010300,CUST003694,CAMP0156,2025-05-03,MQL
CONV010301,CUST007731,CAMP0145,2025-01-27,Lead
CONV010302,CUST006041,CAMP0098,2026-02-18,Customer
CONV010303,CUST004328,CAMP0096,12/26/2025,SQL
CONV010304,CUST001873,CAMP0012,2024-08-21,MQL
CONV010305,CUST002561,CAMP0133,2023-08-21,Customer
CONV010306,CUST004059,CAMP0179,13-10-2025,MQL
CONV010307,CUST005422,CAMP0133,07/20/2025,MQL
CONV010308,CUST008288,CAMP0063,16-01-2024,SQL
CONV010309,CUST009687,CAMP0140,2025-09-09,SQL
CONV010310,CUST004310,CAMP0037,2025-06-29,
CONV010311,CUST002116,CAMP0210,19-08-2023,Lead
CONV010312,CUST008984,CAMP0127,23-12-2024,SQL
CONV010313,CUST009147,CAMP0020,10/21/2023,MQL
CONV010314,CUST008135,CAMP0092,25-07-2025,MQL
CONV010315,CUST006961,CAMP0084,2025-06-09,Customer
CONV010316,CUST003753,CAMP0054,15 May 2026,Lead
CONV010317,CUST008647,CAMP0017,,Opportunity
CONV010318,CUST004473,CAMP0196,18-05-2026,MQL
CONV010319,CUST005836,CAMP0170,20 Mar 2026,Opportunity
CONV010320,CUST003582,CAMP0018,2024-02-03,SQL
CONV010321,CUST004830,CAMP0108,2024-02-29,MQL
CONV010322,CUST006852,CAMP0195,08-10-2025,SQL
CONV010323,CUST008335,CAMP0066,2024-05-27,Lead
CONV010324,CUST007776,CAMP0075,18 Jan 2024,Lead
CONV010325,CUST005260,CAMP0009,18-05-2023,SQL
CONV010326,CUST009478,CAMP0180,2025-12-15,MQL
CONV010327,CUST007231,CAMP0215,27 Aug 2023,Customer
CONV010328,CUST002370,CAMP0175,2023-10-09,Lead
CONV010329,CUST006090,CAMP0185,2023-09-30,Customer
CONV010330,CUST001500,CAMP0020,2025-10-29,Opportunity
CONV010331,CUST000885,CAMP0052,11/16/2024,MQL
CONV010332,CUST003515,CAMP0195,2023-07-19,Opportunity
CONV010333,CUST008086,CAMP0120,17 Sep 2025,SQL
CONV010334,CUST009058,CAMP0076,,Customer
CONV010335,CUST003217,CAMP0107,2025-10-28,Opportunity
CONV010336,CUST008909,CAMP0092,24 Jun 2023,Opportunity
CONV010337,CUST009670,CAMP0076,02/20/2025,SQL
CONV010338,CUST008789,CAMP0219,08/02/2024,SQL
CONV010339,CUST008416,CAMP0025,2025-05-25,
CONV010340,CUST009613,CAMP0004,03/02/2023,Lead
CONV010341,CUST006157,CAMP0027,2024-09-15,MQL
CONV010342,CUST002903,CAMP0078,2025-08-28,Opportunity
CONV010343,CUST007938,CAMP0012,2024-12-06,Lead
CONV010344,CUST008888,CAMP0078,28-05-2024,SQL
CONV010345,CUST002437,CAMP0135,12/10/2023,MQL
CONV010346,CUST009132,CAMP0165,2025-02-22,Lead
CONV010347,CUST001180,CAMP0084,18 Jul 2025,SQL
CONV010348,CUST004863,CAMP0030,21-10-2023,Opportunity
CONV010349,CUST007789,CAMP0159,17 Nov 2023,Opportunity
CONV010350,CUST005956,CAMP0216,28 Jun 2026,Lead
CONV010351,CUST008407,CAMP0028,2026-03-19,Opportunity
CONV010352,CUST007830,CAMP0071,12 Jan 2023,Lead
CONV010353,CUST009839,CAMP0107,2025-07-10,Opportunity
CONV010354,CUST001945,CAMP0165,04/10/2026,Lead
CONV010355,CUST006627,CAMP0107,2024-08-18,Opportunity
CONV010356,CUST004854,CAMP0034,2025-07-01,Customer
CONV010357,CUST001376,CAMP0102,2026-01-23,Customer
CONV010358,CUST001887,CAMP0068,2024-03-01,Lead
CONV010359,CUST006908,CAMP0157,2023-02-23,Lead
CONV010360,CUST001274,CAMP0104,2023-01-03,Opportunity
CONV010361,CUST000517,CAMP0123,09/14/2025,SQL
CONV010362,CUST007007,CAMP0064,2025-12-12,Opportunity
CONV010363,CUST003946,CAMP0134,08/11/2024,MQL
CONV010364,CUST009297,CAMP0052,2026-05-24,Lead
CONV010365,CUST000441,CAMP0190,2025-12-07,MQL
CONV010366,CUST001847,CAMP0072,2025-08-08,MQL
CONV010367,CUST007706,CAMP0103,25-08-2023,Lead
CONV010368,CUST009675,CAMP0084,2024-11-20,Customer
CONV010369,CUST001280,CAMP0199,24 Sep 2023,SQL
CONV010370,CUST006994,CAMP0131,26 Apr 2023,SQL
CONV010371,CUST000809,CAMP0205,2025-05-19,Lead
CONV010372,CUST009706,CAMP0040,,Customer
CONV010373,CUST006109,CAMP0130,01/13/2025,SQL
CONV010374,CUST008778,CAMP0046,02/16/2025,
CONV010375,CUST006340,CAMP0083,2025-10-08,Opportunity
CONV010376,CUST008939,CAMP0062,,SQL
CONV010377,CUST009827,CAMP0065,2023-09-15,Lead
CONV010378,CUST009549,CAMP0064,2025-03-15,Opportunity
CONV010379,CUST008987,CAMP0109,2026-04-27,SQL
CONV010380,CUST000297,CAMP0202,2024-12-31,SQL
CONV010381,CUST002200,CAMP0211,26-11-2025,Opportunity
CONV010382,CUST005005,CAMP0029,2023-02-06,Lead
CONV010383,CUST007756,CAMP0116,12/10/2023,SQL
CONV010384,CUST001480,CAMP0136,2024-12-13,MQL
CONV010385,CUST003029,CAMP0018,2024-12-21,MQL
CONV010386,CUST008432,CAMP0121,15 Jan 2023,Lead
CONV010387,CUST005071,CAMP0022,13-05-2025,Customer
CONV010388,CUST006783,CAMP0219,2026-06-10,Lead
CONV010389,CUST004532,CAMP0115,23 Jul 2025,SQL
CONV010390,CUST001694,CAMP0067,2023-03-09,SQL
CONV010391,CUST001833,CAMP0051,10-07-2024,Opportunity
CONV010392,CUST002845,CAMP0155,2025-09-23,MQL
CONV010393,CUST009164,CAMP0008,2023-09-27,Customer
CONV010394,CUST008700,CAMP0197,07 Nov 2024,SQL
CONV010395,CUST003460,CAMP0062,2024-12-06,Customer
CONV010396,CUST005082,CAMP0038,08-03-2024,Lead
CONV010397,CUST005500,CAMP0154,2024-06-11,Lead
CONV010398,CUST002307,CAMP0147,2024-05-09,MQL
CONV010399,CUST009284,CAMP0103,2025-05-18,Lead
CONV010400,CUST008024,CAMP0138,2025-09-01,MQL
CONV010401,CUST000130,CAMP0042,2026-02-23,Customer
CONV010402,CUST002093,CAMP0195,01/18/2025,Customer
CONV010403,CUST006537,CAMP0174,2024-09-02,MQL
CONV010404,CUST002296,CAMP0179,2025-03-13,SQL
CONV010405,CUST006971,CAMP0143,2023-11-08,Opportunity
CONV010406,CUST005712,CAMP0201,09/15/2025,SQL
CONV010407,CUST000314,CAMP0152,2026-04-19,Customer
CONV010408,CUST007177,CAMP0073,16 Jan 2023,Lead
CONV010409,CUST009955,CAMP0014,2024-07-01,Opportunity
CONV010410,CUST007247,CAMP0030,2026-01-06,SQL
CONV010411,CUST002783,CAMP0121,2024-03-23,MQL
CONV010412,CUST002720,CAMP0015,2026-05-17,SQL
CONV010413,CUST005297,CAMP0155,2026-06-17,SQL
CONV010414,CUST000887,CAMP0073,05/09/2023,Opportunity
CONV010415,CUST005889,CAMP0143,2023-08-24,Opportunity
CONV010416,CUST008314,CAMP0093,2024-07-22,SQL
CONV010417,CUST006705,CAMP0123,2023-05-14,MQL
CONV010418,CUST009927,CAMP0115,2026-05-04,Lead
CONV010419,CUST007679,CAMP0073,2023-10-28,Opportunity
CONV010420,CUST004960,CAMP0020,,Opportunity
CONV010421,CUST005901,CAMP0202,2025-04-14,MQL
CONV010422,CUST004691,CAMP0004,04-05-2023,Lead
CONV010423,CUST009635,CAMP0214,2024-09-18,Opportunity
CONV010424,CUST005377,CAMP0215,05/05/2026,SQL
CONV010425,CUST002813,CAMP0054,05/27/2023,SQL
CONV010426,CUST005638,CAMP0154,2023-05-06,Customer
CONV010427,CUST004788,CAMP0170,2024-08-17,Lead
CONV010428,CUST007084,CAMP0146,05/16/2025,Lead
CONV010429,CUST000821,CAMP0134,01/03/2024,Lead
CONV010430,CUST004635,CAMP0186,03/13/2025,Customer
CONV010431,CUST008331,CAMP0059,16-05-2023,MQL
CONV010432,CUST002720,CAMP0213,2023-08-29,Opportunity
CONV010433,CUST000668,CAMP0119,2023-01-16,Lead
CONV010434,CUST004327,CAMP0010,25 May 2023,Lead
CONV010435,CUST009805,CAMP0032,12-06-2025,SQL
CONV010436,CUST002556,CAMP0025,13-09-2023,MQL
CONV010437,CUST004239,CAMP0012,17-01-2026,Customer
CONV010438,CUST008529,CAMP0058,2023-08-02,MQL
CONV010439,CUST002234,CAMP0147,2024-08-02,Opportunity
CONV010440,CUST004220,CAMP0030,2024-01-29,Lead
CONV010441,CUST004694,CAMP0090,,MQL
CONV010442,CUST009314,CAMP0004,27-12-2024,MQL
CONV010443,CUST004194,CAMP0179,06-12-2023,MQL
CONV010444,CUST003756,CAMP0003,27-09-2024,MQL
CONV010445,CUST002712,CAMP0058,2025-08-04,MQL
CONV010446,CUST001359,CAMP0020,10-11-2023,Opportunity
CONV010447,CUST006137,CAMP0115,14-01-2026,Customer
CONV010448,CUST007378,CAMP0121,2024-07-03,Lead
CONV010449,CUST001742,CAMP0015,2023-04-25,Opportunity
CONV010450,CUST002323,CAMP0176,2025-01-12,MQL
CONV010451,CUST002456,CAMP0133,07-11-2025,Lead
CONV010452,CUST003898,CAMP0164,2023-06-30,SQL
CONV010453,CUST009900,CAMP0159,2024-04-16,Opportunity
CONV010454,CUST007563,CAMP0147,2023-01-07,Lead
CONV010455,CUST000296,CAMP0172,03-06-2023,Opportunity
CONV010456,CUST000352,CAMP0063,2025-07-23,MQL
CONV010457,CUST006873,CAMP0060,2025-01-06,Lead
CONV010458,CUST006524,CAMP0074,10/12/2024,SQL
CONV010459,CUST005244,CAMP0161,04-07-2026,MQL
CONV010460,CUST003586,CAMP0003,2025-10-02,Lead
CONV010461,CUST003002,CAMP0119,07/21/2025,Lead
CONV010462,CUST008643,CAMP0003,2024-07-16,Customer
CONV010463,CUST006087,CAMP0192,12/02/2025,Opportunity
CONV010464,CUST005834,CAMP0150,2026-06-29,Customer
CONV010465,CUST005454,CAMP0042,2023-03-18,Opportunity
CONV010466,CUST001484,CAMP0201,05/18/2023,Customer
CONV010467,CUST003112,CAMP0056,03/23/2023,Customer
CONV010468,CUST000159,CAMP0128,01/12/2025,MQL
CONV010469,CUST007428,CAMP0117,2025-01-09,SQL
CONV010470,CUST006707,CAMP0110,22-05-2023,SQL
CONV010471,CUST006948,CAMP0093,03 Apr 2023,MQL
CONV010472,CUST008055,CAMP0166,2023-05-12,Lead
CONV010473,CUST008880,CAMP0112,2026-06-05,MQL
CONV010474,CUST004990,CAMP0061,08-07-2025,Customer
CONV010475,CUST009410,CAMP0061,03/17/2024,Opportunity
CONV010476,CUST007662,CAMP0109,2023-09-09,Customer
CONV010477,CUST009594,CAMP0036,2026-07-09,MQL
CONV010478,CUST001005,CAMP0004,2024-12-07,Customer
CONV010479,CUST005156,CAMP0129,,Lead
CONV010480,CUST008418,CAMP0205,2024-04-18,Customer
CONV010481,CUST004045,CAMP0078,09/24/2024,Customer
CONV010482,CUST006361,CAMP0166,2023-02-09,SQL
CONV010483,CUST002618,CAMP0143,21-07-2024,Opportunity
CONV010484,CUST008551,CAMP0177,10/19/2023,SQL
CONV010485,CUST001511,CAMP0097,09/13/2023,Customer
CONV010486,CUST004406,CAMP0082,2023-09-02,Lead
CONV010487,CUST001472,CAMP0015,2025-10-16,Opportunity
CONV010488,CUST002460,CAMP0106,30-10-2025,Customer
CONV010489,CUST009470,CAMP0125,2025-02-15,SQL
CONV010490,CUST008084,CAMP0004,09/26/2023,MQL
CONV010491,CUST003084,CAMP0001,13-06-2026,SQL
CONV010492,CUST000801,CAMP0218,2026-06-17,Customer
CONV010493,CUST000283,CAMP0102,29 Jan 2026,Opportunity
CONV010494,CUST005592,CAMP0207,2023-11-29,Opportunity
CONV010495,CUST009408,CAMP0086,28 Jun 2025,SQL
CONV010496,CUST006819,CAMP0003,2023-11-22,SQL
CONV010497,CUST009638,CAMP0060,2024-04-27,Customer
CONV010498,CUST004617,CAMP0011,2025-05-06,Lead
CONV010499,CUST002756,CAMP0213,2025-01-01,SQL
CONV010500,CUST003908,CAMP0153,2023-08-01,SQL
CONV010501,CUST002737,CAMP0141,2025-04-12,SQL
CONV010502,CUST005812,CAMP0063,2023-10-30,Opportunity
CONV010503,CUST000224,CAMP0213,2026-03-02,Customer
CONV010504,CUST007169,CAMP0050,2025-01-13,Lead
CONV010505,CUST009647,CAMP0192,2023-05-26,Lead
CONV010506,CUST003191,CAMP0167,2024-02-26,Customer
CONV010507,CUST008873,CAMP0045,2023-02-10,Lead
CONV010508,CUST003425,CAMP0001,2025-10-20,Lead
CONV010509,CUST007167,CAMP0200,2024-08-02,MQL
CONV010510,CUST008502,CAMP0057,03/25/2024,SQL
CONV010511,CUST000399,CAMP0125,04/07/2026,Customer
CONV010512,CUST009265,CAMP0098,03/04/2024,MQL
CONV010513,CUST004336,CAMP0085,2024-04-05,SQL
CONV010514,CUST002906,CAMP0062,29-06-2025,Lead
CONV010515,CUST001325,CAMP0032,2023-09-13,
CONV010516,CUST007708,CAMP0065,28-10-2023,Lead
CONV010517,CUST009096,CAMP0086,24-06-2026,Lead
CONV010518,CUST000700,CAMP0100,2023-06-06,Customer
CONV010519,CUST003999,CAMP0154,2023-02-05,SQL
CONV010520,CUST000175,CAMP0157,2024-03-19,Customer
CONV010521,CUST003247,CAMP0011,2024-05-14,MQL
CONV010522,CUST007147,CAMP0143,2023-04-22,MQL
CONV010523,CUST007393,CAMP0088,12/25/2023,SQL
CONV010524,CUST005020,CAMP0107,2025-08-08,Customer
CONV010525,CUST004164,CAMP0176,2023-07-07,Opportunity
CONV010526,CUST008664,CAMP0022,2025-02-18,Lead
CONV010527,CUST006685,CAMP0003,,Customer
CONV010528,CUST003556,CAMP0121,2025-07-09,Customer
CONV010529,CUST004285,CAMP0144,2025-12-20,MQL
CONV010530,CUST006774,CAMP0021,2024-08-06,Opportunity
CONV010531,CUST003773,CAMP0012,18-12-2023,Lead
CONV010532,CUST001082,CAMP0178,02-05-2025,Customer
CONV010533,CUST006639,CAMP0156,09-02-2026,SQL
CONV010534,CUST001957,CAMP0076,2025-11-24,MQL
CONV010535,CUST002857,CAMP0208,21-06-2025,MQL
CONV010536,CUST003359,CAMP0078,2024-02-25,Customer
CONV010537,CUST004699,CAMP0154,11-06-2023,Lead
CONV010538,CUST003719,CAMP0085,26-02-2024,Lead
CONV010539,CUST002664,CAMP0065,01/30/2026,MQL
CONV010540,CUST007113,CAMP0058,,SQL
CONV010541,CUST007885,CAMP0061,2024-12-10,Lead
CONV010542,CUST007185,CAMP0161,2023-09-28,MQL
CONV010543,CUST004225,CAMP0145,09/22/2024,SQL
CONV010544,CUST004709,CAMP0171,,Customer
CONV010545,CUST004129,CAMP0132,01-04-2024,MQL
CONV010546,CUST002008,CAMP0172,31-03-2025,MQL
CONV010547,CUST005550,CAMP0047,25-01-2025,Lead
CONV010548,CUST003519,CAMP0188,2026-02-10,SQL
CONV010549,CUST000469,CAMP0003,24-03-2025,Lead
CONV010550,CUST006509,CAMP0127,2024-12-12,SQL
CONV010551,CUST006515,CAMP0199,09/13/2023,MQL
CONV010552,CUST005080,CAMP0161,25-03-2026,MQL
CONV010553,CUST006509,CAMP0090,06/26/2024,MQL
CONV010554,CUST001525,CAMP0023,09/14/2023,SQL
CONV010555,CUST007018,CAMP0090,2025-02-27,SQL
CONV010556,CUST005886,CAMP0048,02/08/2026,MQL
CONV010557,CUST001002,CAMP0029,2024-08-02,SQL
CONV010558,CUST007041,CAMP0190,11/20/2024,SQL
CONV010559,CUST001260,CAMP0143,2024-01-07,MQL
CONV010560,CUST001206,CAMP0084,08-01-2024,SQL
CONV010561,CUST006782,CAMP0216,2024-08-27,Lead
CONV010562,CUST009519,CAMP0013,2025-08-15,Customer
CONV010563,CUST000213,CAMP0054,2025-11-26,Customer
CONV010564,CUST006805,CAMP0166,02/09/2024,SQL
CONV010565,CUST000178,CAMP0200,27-06-2025,Lead
CONV010566,CUST003292,CAMP0060,07-09-2023,Lead
CONV010567,CUST003946,CAMP0165,2024-10-03,Opportunity
CONV010568,CUST003136,CAMP0108,2025-06-09,SQL
CONV010569,CUST001429,CAMP0144,10/28/2023,Customer
CONV010570,CUST007253,CAMP0172,2026-07-15,Customer
CONV010571,CUST008181,CAMP0122,2024-01-27,SQL
CONV010572,CUST009108,CAMP0114,2026-03-10,Opportunity
CONV010573,CUST008811,CAMP0111,2024-12-07,Customer
CONV010574,CUST005564,CAMP0137,01/24/2025,SQL
CONV010575,CUST000320,CAMP0042,2025-08-26,Opportunity
CONV010576,CUST005653,CAMP0006,2023-04-13,Lead
CONV010577,CUST003257,CAMP0049,2025-12-21,SQL
CONV010578,CUST000330,CAMP0157,2023-11-19,Opportunity
CONV010579,CUST004291,CAMP0076,2023-10-31,MQL
CONV010580,CUST008637,CAMP0120,13-04-2024,Customer
CONV010581,CUST007819,CAMP0084,06/27/2026,Opportunity
CONV010582,CUST004897,CAMP0113,07/25/2023,Customer
CONV010583,CUST003924,CAMP0089,2024-05-22,Customer
CONV010584,CUST006822,CAMP0048,2025-09-15,Lead
CONV010585,CUST005192,CAMP0068,2023-03-08,Lead
CONV010586,CUST004388,CAMP0128,2024-03-10,SQL
CONV010587,CUST000660,CAMP0043,2023-12-08,Lead
CONV010588,CUST005937,CAMP0112,2023-11-19,Customer
CONV010589,CUST000828,CAMP0032,26-03-2026,MQL
CONV010590,CUST009350,CAMP0194,2025-08-23,Opportunity
CONV010591,CUST005916,CAMP0044,2024-10-24,SQL
CONV010592,CUST007085,CAMP0198,2024-01-27,MQL
CONV010593,CUST007062,CAMP0091,2025-03-03,Customer
CONV010594,CUST004735,CAMP0219,,Opportunity
CONV010595,CUST000206,CAMP0146,2025-11-29,Lead
CONV010596,CUST006235,CAMP0057,2026-01-27,Opportunity
CONV010597,CUST009223,CAMP0108,2023-05-06,SQL
CONV010598,CUST007298,CAMP0177,2023-01-24,Opportunity
CONV010599,CUST005744,CAMP0119,2024-04-11,Opportunity
CONV010600,CUST007852,CAMP0115,2026-05-19,Lead
CONV010601,CUST008465,CAMP0126,17 Nov 2025,Customer
CONV010602,CUST004743,CAMP0085,2023-09-27,MQL
CONV010603,CUST000920,CAMP0146,24-04-2025,Lead
CONV010604,CUST008923,CAMP0191,2025-07-12,Opportunity
CONV010605,CUST008536,CAMP0027,2026-06-06,MQL
CONV010606,CUST004817,CAMP0038,2026-04-03,Lead
CONV010607,CUST005021,CAMP0072,2025-05-04,Opportunity
CONV010608,CUST004925,CAMP0200,06-04-2023,MQL
CONV010609,CUST008495,CAMP0075,22-07-2026,Lead
CONV010610,CUST004841,CAMP0025,21 Mar 2025,SQL
CONV010611,CUST004400,CAMP0063,01-06-2026,Customer
CONV010612,CUST002796,CAMP0156,2025-01-08,Opportunity
CONV010613,CUST002575,CAMP0085,30-08-2023,Lead
CONV010614,CUST007482,CAMP0011,2023-08-21,Customer
CONV010615,CUST000113,CAMP0133,17 Feb 2026,SQL
CONV010616,CUST001665,CAMP0002,2024-02-27,Opportunity
CONV010617,CUST001136,CAMP0185,2026-03-21,Lead
CONV010618,CUST006365,CAMP0057,10/27/2025,SQL
CONV010619,CUST005485,CAMP0007,2024-06-17,Opportunity
CONV010620,CUST001910,CAMP0086,2025-11-29,SQL
CONV010621,CUST001391,CAMP0149,,Opportunity
CONV010622,CUST006815,CAMP0077,2023-08-18,MQL
CONV010623,CUST001490,CAMP0163,2025-03-05,Opportunity
CONV010624,CUST002772,CAMP0166,31-03-2023,Customer
CONV010625,CUST006930,CAMP0042,2025-12-22,MQL
CONV010626,CUST001908,CAMP0038,08/29/2025,Opportunity
CONV010627,CUST003138,CAMP0107,2023-08-22,MQL
CONV010628,CUST004151,CAMP0190,2024-02-02,SQL
CONV010629,CUST006342,CAMP0200,2025-02-17,Lead
CONV010630,CUST005848,CAMP0105,10-12-2025,SQL
CONV010631,CUST002484,CAMP0172,2024-08-14,SQL
CONV010632,CUST001047,CAMP0163,2026-01-28,Lead
CONV010633,CUST009496,CAMP0152,2025-01-05,Opportunity
CONV010634,CUST004657,CAMP0150,30 Nov 2023,Customer
CONV010635,CUST000071,CAMP0083,23 Jul 2026,MQL
CONV010636,CUST009028,CAMP0187,07/12/2023,Opportunity
CONV010637,CUST900036,CAMP0185,2023-06-10,SQL
CONV010638,CUST000028,CAMP0109,2024-01-21,MQL
CONV010639,CUST009487,CAMP0163,2024-02-08,Lead
CONV010640,CUST003356,CAMP0095,14-01-2023,SQL
CONV010641,CUST006087,CAMP0091,2025-04-22,SQL
CONV010642,CUST004170,CAMP0192,2025-11-03,Opportunity
CONV010643,CUST007941,CAMP0151,2025-10-02,Opportunity
CONV010644,CUST003782,CAMP0049,,Lead
CONV010645,CUST008236,CAMP0031,2023-06-26,MQL
CONV010646,CUST007505,CAMP0159,09/08/2025,Customer
CONV010647,CUST003025,CAMP0125,04 Jun 2025,Opportunity
CONV010648,CUST006820,CAMP0191,2024-05-14,Lead
CONV010649,CUST009504,CAMP0163,05/18/2024,MQL
CONV010650,CUST002440,CAMP0127,12/29/2023,Lead
CONV010651,CUST005455,CAMP0029,10/31/2023,Customer
CONV010652,CUST000477,CAMP0111,06/09/2024,Lead
CONV010653,CUST003018,CAMP0117,2024-05-05,Opportunity
CONV010654,CUST003614,CAMP0068,2023-01-02,Opportunity
CONV010655,CUST004634,CAMP0181,01/25/2026,Lead
CONV010656,CUST009727,CAMP0220,23-09-2024,Customer
CONV010657,CUST003083,CAMP0115,06-12-2024,Lead
CONV010658,CUST004197,CAMP0135,2025-07-27,MQL
CONV010659,CUST002482,CAMP0093,11/16/2025,SQL
CONV010660,CUST007946,CAMP0210,01 May 2025,Lead
CONV010661,CUST006870,CAMP0018,2026-05-25,Lead
CONV010662,CUST004509,CAMP0040,03/30/2025,Lead
CONV010663,CUST001843,CAMP0029,24-09-2025,Opportunity
CONV010664,CUST007609,CAMP0188,,MQL
CONV010665,CUST003893,CAMP0196,07/04/2026,Customer
CONV010666,CUST004430,CAMP0085,18-07-2024,Opportunity
CONV010667,CUST006534,CAMP0064,2024-04-18,Opportunity
CONV010668,CUST008759,CAMP0084,2023-06-26,Customer
CONV010669,CUST005391,CAMP0139,2026-01-18,SQL
CONV010670,CUST002540,CAMP0080,2025-08-15,MQL
CONV010671,CUST007730,CAMP0115,2024-04-04,Lead
CONV010672,CUST002735,CAMP0025,2025-09-19,Opportunity
CONV010673,CUST006353,CAMP0141,23-11-2023,Lead
CONV010674,CUST007808,CAMP0030,2025-12-08,Lead
CONV010675,CUST006833,CAMP0194,2024-09-07,SQL
CONV010676,CUST006830,CAMP0078,16-04-2023,SQL
CONV010677,CUST004057,CAMP0148,13-03-2026,SQL
CONV010678,CUST002451,CAMP0198,10/12/2025,MQL
CONV010679,CUST002975,CAMP0079,2024-07-02,Customer
CONV010680,CUST009985,CAMP0040,16-03-2026,Opportunity
CONV010681,CUST009465,CAMP0087,02-06-2023,Opportunity
CONV010682,CUST004230,CAMP0181,2024-02-08,SQL
CONV010683,CUST003116,CAMP0145,29-04-2026,Customer
CONV010684,CUST007561,CAMP0137,03/17/2026,Customer
CONV010685,CUST007680,CAMP0100,06-01-2023,MQL
CONV010686,CUST008578,CAMP0154,2023-11-23,SQL
CONV010687,CUST008235,CAMP0205,2023-01-24,Customer
CONV010688,CUST004657,CAMP0184,09/07/2023,Lead
CONV010689,CUST000030,CAMP0196,18-02-2025,Lead
CONV010690,CUST006759,CAMP0134,2024-04-21,Lead
CONV010691,CUST007501,CAMP0172,30-03-2026,MQL
CONV010692,CUST006510,CAMP0053,17-08-2025,SQL
CONV010693,CUST009002,CAMP0012,2026-05-11,Opportunity
CONV010694,CUST008173,CAMP0128,2025-08-28,MQL
CONV010695,CUST003607,CAMP0091,2024-02-25,SQL
CONV010696,CUST003741,CAMP0019,2023-10-09,SQL
CONV010697,CUST002805,CAMP0208,2024-11-08,MQL
CONV010698,CUST002057,CAMP0054,2024-02-19,MQL
CONV010699,CUST000425,CAMP0143,2024-01-05,Customer
CONV010700,CUST007539,CAMP0136,2023-12-05,MQL
CONV010701,CUST001195,CAMP0066,2023-10-11,Lead
CONV010702,CUST002664,CAMP0066,12/13/2025,Lead
CONV010703,CUST009215,CAMP0116,02/04/2026,MQL
CONV010704,CUST009278,CAMP0076,03/28/2025,Lead
CONV010705,CUST005516,CAMP0100,08-01-2026,MQL
CONV010706,CUST003083,CAMP0122,2023-03-17,Opportunity
CONV010707,CUST002315,CAMP0117,2024-06-27,Opportunity
CONV010708,CUST003116,CAMP0008,2025-11-30,Opportunity
CONV010709,CUST006591,CAMP0191,01/20/2026,Customer
CONV010710,CUST002450,CAMP0201,2025-07-24,Opportunity
CONV010711,CUST009165,CAMP0091,2024-07-09,SQL
CONV010712,CUST001639,CAMP0143,06/27/2026,Lead
CONV010713,CUST008553,CAMP0147,2023-02-28,Opportunity
CONV010714,CUST001674,CAMP0147,2024-07-12,Lead
CONV010715,CUST000806,CAMP0133,30 Sep 2025,Customer
CONV010716,CUST003339,CAMP0006,06/16/2023,Lead
CONV010717,CUST003048,CAMP0036,09-03-2026,Customer
CONV010718,CUST006854,CAMP0186,2025-07-30,MQL
CONV010719,CUST008503,CAMP0204,,MQL
CONV010720,CUST008316,CAMP0176,2025-05-26,Customer
CONV010721,CUST007831,CAMP0090,2026-05-14,Lead
CONV010722,CUST001172,CAMP0186,2026-02-22,Opportunity
CONV010723,CUST001446,CAMP0201,2026-06-26,Opportunity
CONV010724,CUST003993,CAMP0011,2024-08-26,Lead
CONV010725,CUST004454,CAMP0130,2026-07-23,SQL
CONV010726,CUST007210,CAMP0150,2025-07-05,Opportunity
CONV010727,CUST001259,CAMP0166,2026-05-30,MQL
CONV010728,CUST004913,CAMP0219,05/23/2023,Opportunity
CONV010729,CUST005376,CAMP0098,2024-12-12,SQL
CONV010730,CUST009876,CAMP0061,01/04/2025,Opportunity
CONV010731,CUST004018,CAMP0135,2024-01-27,Lead
CONV010732,CUST007783,CAMP0192,2025-09-23,SQL
CONV010733,CUST003087,CAMP0031,2025-04-30,Opportunity
CONV010734,CUST003005,CAMP0013,05/21/2024,Lead
CONV010735,CUST004517,CAMP0191,2023-10-24,MQL
CONV010736,CUST004659,CAMP0083,2025-12-13,MQL
CONV010737,CUST004405,CAMP0058,2025-07-10,Opportunity
CONV010738,CUST008698,CAMP0166,10/15/2023,MQL
CONV010739,CUST000687,CAMP0002,06-06-2023,Lead
CONV010740,CUST003475,CAMP0217,2023-03-06,SQL
CONV010741,CUST002655,CAMP0124,2025-11-07,Customer
CONV010742,CUST001003,CAMP0134,01/14/2024,MQL
CONV010743,CUST005394,CAMP0078,2024-11-11,SQL
CONV010744,CUST002706,CAMP0201,2023-02-26,SQL
CONV010745,CUST003357,CAMP0017,2024-04-23,Customer
CONV010746,CUST001746,CAMP0111,2023-08-03,MQL
CONV010747,CUST005144,CAMP0095,05/29/2023,SQL
CONV010748,CUST004947,CAMP0179,12-07-2025,Lead
CONV010749,CUST007831,CAMP0218,10/08/2024,SQL
CONV010750,CUST008846,CAMP0142,2025-01-23,Lead
CONV010751,CUST008472,CAMP0061,2024-06-17,MQL
CONV010752,CUST007530,CAMP0199,13-05-2024,Customer
CONV010753,CUST002572,CAMP0058,2025-12-28,SQL
CONV010754,CUST007282,CAMP0137,04-01-2025,Customer
CONV010755,CUST006014,CAMP0123,2025-12-26,SQL
CONV010756,CUST003406,CAMP0117,,Customer
CONV010757,CUST006527,CAMP0108,2024-03-26,SQL
CONV010758,CUST009751,CAMP0205,05/07/2023,Customer
CONV010759,CUST008492,CAMP0149,,Lead
CONV010760,CUST002565,CAMP0080,24-03-2024,Customer
CONV010761,CUST000916,CAMP0191,2023-11-23,MQL
CONV010762,CUST009297,CAMP0007,16-03-2025,Lead
CONV010763,CUST009296,CAMP0033,2023-04-26,Customer
CONV010764,CUST003302,CAMP0192,2025-09-12,Customer
CONV010765,CUST004524,CAMP0108,06-11-2024,MQL
CONV010766,CUST000975,CAMP0198,30 Jul 2024,Lead
CONV010767,CUST007891,CAMP0164,2025-10-21,MQL
CONV010768,CUST004228,CAMP0131,,Customer
CONV010769,CUST005039,CAMP0197,07/20/2025,MQL
CONV010770,CUST008110,CAMP0036,2024-10-11,Customer
CONV010771,CUST001400,CAMP0013,06/08/2025,SQL
CONV010772,CUST001533,CAMP0060,2024-10-19,Lead
CONV010773,CUST008989,CAMP0001,10-04-2023,SQL
CONV010774,CUST000024,CAMP0035,2024-03-12,Customer
CONV010775,CUST009477,CAMP0050,2024-01-24,MQL
CONV010776,CUST004074,CAMP0071,2023-10-05,Customer
CONV010777,CUST001352,CAMP0046,20-06-2025,MQL
CONV010778,CUST005047,CAMP0011,02/08/2024,Lead
CONV010779,CUST007567,CAMP0073,2023-10-06,Customer
CONV010780,CUST000141,CAMP0085,21-07-2026,SQL
CONV010781,CUST000716,CAMP0156,2023-04-12,MQL
CONV010782,CUST003700,CAMP0124,2025-05-24,Lead
CONV010783,CUST009515,CAMP0083,2025-07-02,MQL
CONV010784,CUST005355,CAMP0118,,Opportunity
CONV010785,CUST006705,CAMP0100,02/15/2026,Lead
CONV010786,CUST005330,CAMP0060,12/07/2024,Lead
CONV010787,CUST000434,CAMP0008,2023-02-16,SQL
CONV010788,CUST001405,CAMP0128,04/05/2024,SQL
CONV010789,CUST008325,CAMP0005,2026-03-18,Lead
CONV010790,CUST000840,CAMP0182,2024-06-03,Customer
CONV010791,CUST000933,CAMP0213,24 Jan 2023,Customer
CONV010792,CUST002698,CAMP0133,2024-03-07,Lead
CONV010793,CUST003471,CAMP0097,2023-03-19,Lead
CONV010794,CUST000432,CAMP0003,,Lead
CONV010795,CUST000590,CAMP0085,29-12-2025,Opportunity
CONV010796,CUST006486,CAMP0048,28 Aug 2024,Customer
CONV010797,CUST002400,CAMP0137,2026-04-29,MQL
CONV010798,CUST005482,CAMP0190,11-04-2026,Customer
CONV010799,CUST004709,CAMP0158,2023-05-14,Lead
CONV010800,CUST001152,CAMP0148,24-04-2024,MQL
CONV010801,CUST000612,CAMP0007,,Lead
CONV010802,CUST000889,CAMP0029,2024-03-29,MQL
CONV010803,CUST009213,CAMP0020,2025-11-29,Opportunity
CONV010804,CUST009665,CAMP0150,28 Apr 2023,MQL
CONV010805,CUST008873,CAMP0087,27-09-2023,Opportunity
CONV010806,CUST000818,CAMP0059,2023-03-27,SQL
CONV010807,CUST007376,CAMP0056,03-04-2026,Customer
CONV010808,CUST007527,CAMP0054,2023-07-02,Customer
CONV010809,CUST008709,CAMP0125,2026-06-02,Opportunity
CONV010810,CUST009495,CAMP0181,2025-06-29,Lead
CONV010811,CUST005234,CAMP0131,31-01-2025,SQL
CONV010812,CUST008248,CAMP0061,,MQL
CONV010813,CUST007059,CAMP0055,31-03-2024,Customer
CONV010814,CUST003747,CAMP0043,2024-12-14,Customer
CONV010815,CUST008062,CAMP0115,10-10-2024,SQL
CONV010816,CUST000208,CAMP0146,2024-01-01,Lead
CONV010817,CUST003618,CAMP0045,05/17/2024,Lead
CONV010818,CUST005954,CAMP0107,2023-01-31,Lead
CONV010819,CUST002121,CAMP0178,2025-04-17,Lead
CONV010820,CUST008863,CAMP0158,12/11/2024,MQL
CONV010821,CUST003896,CAMP0108,05/09/2025,MQL
CONV010822,CUST007027,CAMP0090,2023-12-19,MQL
CONV010823,CUST000887,CAMP0042,10-03-2023,Customer
CONV010824,CUST001136,CAMP0096,09/26/2025,MQL
CONV010825,CUST002150,CAMP0086,,Lead
CONV010826,CUST008950,CAMP0145,2024-11-05,MQL
CONV010827,CUST009184,CAMP0031,10/29/2024,Lead
CONV010828,CUST009630,CAMP0209,05/05/2023,Customer
CONV010829,CUST004282,CAMP0118,2024-09-18,MQL
CONV010830,CUST005497,CAMP0156,2024-04-26,Customer
CONV010831,CUST008438,CAMP0090,2023-12-05,MQL
CONV010832,CUST004912,CAMP0214,2024-07-03,Customer
CONV010833,CUST001333,CAMP0019,07/30/2025,Lead
CONV010834,CUST002521,CAMP0178,31 Oct 2025,Customer
CONV010835,CUST009998,CAMP0151,,MQL
CONV010836,CUST005066,CAMP0194,06/30/2025,MQL
CONV010837,CUST006097,CAMP0071,,MQL
CONV010838,CUST005947,CAMP0198,2023-12-02,Lead
CONV010839,CUST007460,CAMP0220,2026-06-29,Lead
CONV010840,CUST004227,CAMP0220,2023-06-12,Customer
CONV010841,CUST006227,CAMP0194,,Lead
CONV010842,CUST000992,CAMP0158,02-09-2023,Opportunity
CONV010843,CUST001163,CAMP0185,23-12-2024,Opportunity
CONV010844,CUST008028,CAMP0200,2025-07-17,SQL
CONV010845,CUST004960,CAMP0159,25-09-2023,Lead
CONV010846,CUST009459,CAMP0017,08/27/2023,Opportunity
CONV010847,CUST009015,CAMP0209,17-03-2024,SQL
CONV010848,CUST008830,CAMP0055,2024-10-25,Lead
CONV010849,CUST008052,CAMP0057,2025-12-18,Customer
CONV010850,CUST008705,CAMP0063,2023-10-27,Lead
CONV010851,CUST001237,CAMP0144,10/24/2025,SQL
CONV010852,CUST009586,CAMP0045,,SQL
CONV010853,CUST002718,CAMP0077,16-03-2023,Opportunity
CONV010854,CUST007645,CAMP0064,2023-04-29,SQL
CONV010855,CUST009462,CAMP0157,2025-08-20,SQL
CONV010856,CUST005167,CAMP0053,2024-03-23,Customer
CONV010857,CUST000343,CAMP0116,10-07-2025,MQL
CONV010858,CUST007186,CAMP0029,2023-08-15,Opportunity
CONV010859,CUST009716,CAMP0014,24 Mar 2024,Opportunity
CONV010860,CUST009338,CAMP0122,24-05-2026,MQL
CONV010861,CUST004805,CAMP0143,2025-09-27,MQL
CONV010862,CUST001574,CAMP0208,2025-04-29,MQL
CONV010863,CUST001487,CAMP0051,2024-06-26,SQL
CONV010864,CUST000969,CAMP0194,14-12-2024,MQL
CONV010865,CUST001029,CAMP0166,2026-06-19,MQL
CONV010866,CUST005073,CAMP0209,18 Feb 2026,SQL
CONV010867,CUST002190,CAMP0112,17 Dec 2023,Lead
CONV010868,CUST001655,CAMP0094,2025-10-19,Customer
CONV010869,CUST006892,CAMP0005,2026-01-11,MQL
CONV010870,CUST008312,CAMP0189,2024-12-31,Opportunity
CONV010871,CUST004623,CAMP0116,05-12-2024,MQL
CONV010872,CUST007580,CAMP0094,05-08-2024,Lead
CONV010873,CUST003349,CAMP0076,2023-11-19,MQL
CONV010874,CUST002509,CAMP0215,2026-02-20,Opportunity
CONV010875,CUST006549,CAMP0099,,Lead
CONV010876,CUST007213,CAMP0030,10-03-2024,Customer
CONV010877,CUST003205,CAMP0182,2023-03-02,MQL
CONV010878,CUST003095,CAMP0091,2024-06-26,SQL
CONV010879,CUST008527,CAMP0207,10-02-2023,Lead
CONV010880,CUST001263,CAMP0011,17-06-2026,SQL
CONV010881,CUST006128,CAMP0218,2024-07-12,Lead
CONV010882,CUST006138,CAMP0187,2024-07-25,SQL
CONV010883,CUST005544,CAMP0035,2025-12-14,Opportunity
CONV010884,CUST004233,CAMP0058,2026-05-20,Lead
CONV010885,CUST006990,CAMP0171,10-06-2025,Customer
CONV010886,CUST002756,CAMP0044,2025-02-16,Customer
CONV010887,CUST003988,CAMP0111,08/26/2023,SQL
CONV010888,CUST004502,CAMP0039,2024-08-07,SQL
CONV010889,CUST007044,CAMP0080,04/14/2023,Lead
CONV010890,CUST008465,CAMP0185,03/21/2023,Customer
CONV010891,CUST008330,CAMP0130,2026-01-01,Opportunity
CONV010892,CUST003230,CAMP0187,17-03-2025,MQL
CONV010893,CUST009978,CAMP0087,2026-05-07,Customer
CONV010894,CUST006670,CAMP0077,2023-12-07,Opportunity
CONV010895,CUST000740,CAMP0061,2024-03-15,SQL
CONV010896,CUST008844,CAMP0026,2025-11-20,MQL
CONV010897,CUST002646,CAMP0203,29 Mar 2026,Lead
CONV010898,CUST007707,CAMP0112,02/14/2023,Lead
CONV010899,CUST002637,CAMP0218,18-08-2023,MQL
CONV010900,CUST004186,CAMP0132,02 Oct 2025,Lead
CONV010901,CUST001379,CAMP0119,2025-10-19,MQL
CONV010902,CUST009551,CAMP0172,08-12-2023,SQL
CONV010903,CUST006773,CAMP0045,2025-04-22,SQL
CONV010904,CUST006055,CAMP0120,2026-06-30,SQL
CONV010905,CUST005854,CAMP0007,04-02-2025,Opportunity
CONV010906,CUST001960,CAMP0100,08 Jul 2023,Lead
CONV010907,CUST006793,CAMP0208,25-12-2025,MQL
CONV010908,CUST006442,CAMP0022,25-09-2024,Lead
CONV010909,CUST007638,CAMP0182,2024-12-22,SQL
CONV010910,CUST006840,CAMP0131,2024-10-13,Opportunity
CONV010911,CUST002372,CAMP0071,2023-04-21,SQL
CONV010912,CUST002781,CAMP0100,2025-07-17,SQL
CONV010913,CUST009302,CAMP0124,10-03-2026,Opportunity
CONV010914,CUST003346,CAMP0065,2024-02-29,Customer
CONV010915,CUST009436,CAMP0171,2025-06-07,SQL
CONV010916,CUST009286,CAMP0220,24-04-2026,MQL
CONV010917,CUST003913,CAMP0055,19-01-2026,Opportunity
CONV010918,CUST000425,CAMP0104,,MQL
CONV010919,CUST002299,CAMP0082,06 Jun 2024,SQL
CONV010920,CUST004112,CAMP0033,2025-11-17,Opportunity
CONV010921,CUST002185,CAMP0066,2023-11-05,Lead
CONV010922,CUST007937,CAMP0188,15-05-2025,SQL
CONV010923,CUST007797,CAMP0090,2025-12-13,Lead
CONV010924,CUST000201,CAMP0218,2025-10-13,Customer
CONV010925,CUST000110,CAMP0018,2023-06-25,Lead
CONV010926,CUST003350,CAMP0138,2023-04-28,Opportunity
CONV010927,CUST003895,CAMP0199,2026-05-13,SQL
CONV010928,CUST900040,CAMP0158,2024-04-10,Lead
CONV010929,CUST000218,CAMP0042,2023-08-12,Customer
CONV010930,CUST008571,CAMP0018,2024-09-22,Lead
CONV010931,CUST004910,CAMP0043,14-04-2026,MQL
CONV010932,CUST003284,CAMP0152,2023-02-26,SQL
CONV010933,CUST008619,CAMP0005,10/06/2024,Lead
CONV010934,CUST005529,CAMP0049,2024-10-10,Customer
CONV010935,CUST005384,CAMP0152,2025-03-02,SQL
CONV010936,CUST009233,CAMP0096,2026-03-29,Opportunity
CONV010937,CUST000866,CAMP0181,2024-04-16,Opportunity
CONV010938,CUST009031,CAMP0218,2025-07-26,Lead
CONV010939,CUST001464,CAMP0042,2024-12-30,SQL
CONV010940,CUST004936,CAMP0107,19-10-2025,Customer
CONV010941,CUST001837,CAMP0056,2026-07-22,Lead
CONV010942,CUST002288,CAMP0155,2026-07-03,Lead
CONV010943,CUST002451,CAMP0031,05-03-2026,Opportunity
CONV010944,CUST004981,CAMP0035,26-05-2026,MQL
CONV010945,CUST008309,CAMP0138,09/25/2025,Lead
CONV010946,CUST009140,CAMP0001,2025-01-04,SQL
CONV010947,CUST003631,CAMP0140,2025-09-14,SQL
CONV010948,CUST000748,CAMP0142,2025-05-11,Customer
CONV010949,CUST007293,CAMP0198,2025-07-01,Opportunity
CONV010950,CUST002363,CAMP0195,2025-01-01,Opportunity
CONV010951,CUST009674,CAMP0183,05/17/2024,Customer
CONV010952,CUST007778,CAMP0203,03/10/2026,SQL
CONV010953,CUST006769,CAMP0164,2023-12-04,Lead
CONV010954,CUST006906,CAMP0177,03/05/2025,Lead
CONV010955,CUST005254,CAMP0143,2025-05-27,Opportunity
CONV010956,CUST003536,CAMP0114,2025-07-13,Lead
CONV010957,CUST000049,CAMP0022,2023-10-18,MQL
CONV010958,CUST004074,CAMP0185,2023-03-16,SQL
CONV010959,CUST001773,CAMP0027,,SQL
CONV010960,CUST009497,CAMP0028,2024-05-06,Customer
CONV010961,CUST000716,CAMP0085,2023-02-03,Lead
CONV010962,CUST008105,CAMP0148,10/06/2024,SQL
CONV010963,CUST007201,CAMP0125,01/15/2024,Customer
CONV010964,CUST003443,CAMP0026,2023-06-13,MQL
CONV010965,CUST000234,CAMP0110,2023-03-22,Lead
CONV010966,CUST009597,CAMP0183,2026-06-10,Lead
CONV010967,CUST001885,CAMP0003,2024-02-27,SQL
CONV010968,CUST005507,CAMP0026,07/27/2024,MQL
CONV010969,CUST007157,CAMP0007,2024-11-30,MQL
CONV010970,CUST009260,CAMP0182,23 Dec 2023,MQL
CONV010971,CUST001340,CAMP0044,2023-03-09,Lead
CONV010972,CUST006200,CAMP0005,2024-03-29,Opportunity
CONV010973,CUST009781,CAMP0197,2024-02-21,SQL
CONV010974,CUST002837,CAMP0164,2026-06-22,Customer
CONV010975,CUST006263,CAMP0016,2024-07-24,Lead
CONV010976,CUST007579,CAMP0094,2026-03-09,SQL
CONV010977,CUST000160,CAMP0034,2025-12-16,MQL
CONV010978,CUST002311,CAMP0181,24 May 2026,Lead
CONV010979,CUST001923,CAMP0088,2025-04-20,MQL
CONV010980,CUST004614,CAMP0055,05-04-2024,Customer
CONV010981,CUST001066,CAMP0207,2023-03-01,Opportunity
CONV010982,CUST000778,CAMP0044,11 Jun 2026,SQL
CONV010983,CUST000551,CAMP0019,02/20/2026,SQL
CONV010984,CUST001600,CAMP0072,03/22/2023,SQL
CONV010985,CUST007360,CAMP0085,17-11-2024,
CONV010986,CUST007070,CAMP0010,2023-11-30,SQL
CONV010987,CUST001041,CAMP0136,2024-12-18,MQL
CONV010988,CUST000489,CAMP0044,05-06-2026,Lead
CONV010989,CUST002701,CAMP0033,20-09-2025,Lead
CONV010990,CUST000716,CAMP0107,2026-05-28,SQL
CONV010991,CUST001027,CAMP0041,2023-06-29,Opportunity
CONV010992,CUST005652,CAMP0176,2024-02-09,Opportunity
CONV010993,CUST000626,CAMP0153,13-05-2023,SQL
CONV010994,CUST009657,CAMP0179,17-03-2024,Opportunity
CONV010995,CUST003041,CAMP0051,2024-03-27,Lead
CONV010996,CUST002237,CAMP0025,2026-01-05,Customer
CONV010997,CUST005774,CAMP0121,2026-03-11,Lead
CONV010998,CUST007803,CAMP0139,2026-07-12,Customer
CONV010999,CUST003930,CAMP0214,2025-08-12,Customer
CONV011000,CUST001593,CAMP0104,2026-05-03,MQL
CONV011001,CUST008834,CAMP0181,2025-02-16,SQL
CONV011002,CUST001255,CAMP0110,2023-02-18,Lead
CONV011003,CUST006242,CAMP0049,20 Dec 2025,Lead
CONV011004,CUST007530,CAMP0103,2026-06-10,Customer
CONV011005,CUST003140,CAMP0182,18-09-2024,Opportunity
CONV011006,CUST008721,CAMP0144,2026-01-19,SQL
CONV011007,CUST006366,CAMP0212,2024-11-18,MQL
CONV011008,CUST007088,CAMP0092,20-02-2024,Customer
CONV011009,CUST001426,CAMP0208,2025-09-06,Customer
CONV011010,CUST003029,CAMP0118,2024-05-29,SQL
CONV011011,CUST002571,CAMP0150,2025-01-21,Lead
CONV011012,CUST000461,CAMP0140,06/19/2023,SQL
CONV011013,CUST003263,CAMP0142,2025-12-17,Customer
CONV011014,CUST007482,CAMP0100,2025-04-30,SQL
CONV011015,CUST006172,CAMP0066,2024-05-22,Lead
CONV011016,CUST002902,CAMP0028,2023-12-08,SQL
CONV011017,CUST008668,CAMP0183,31-12-2023,Opportunity
CONV011018,CUST008396,CAMP0059,13-09-2024,MQL
CONV011019,CUST001084,CAMP0069,2024-06-03,Opportunity
CONV011020,CUST002634,CAMP0168,2025-04-01,Lead
CONV011021,CUST002738,CAMP0146,2026-05-22,Lead
CONV011022,CUST007429,CAMP0212,2025-09-11,Opportunity
CONV011023,CUST008254,CAMP0098,15-06-2026,MQL
CONV011024,CUST005502,CAMP0053,30-12-2023,MQL
CONV011025,CUST005770,CAMP0020,03-08-2023,Lead
CONV011026,CUST006609,CAMP0073,2023-08-10,Opportunity
CONV011027,CUST004894,CAMP0137,08 Oct 2023,Opportunity
CONV011028,CUST003643,CAMP0058,2024-06-28,MQL
CONV011029,CUST000663,CAMP0044,01/25/2023,MQL
CONV011030,CUST003408,CAMP0155,2024-01-31,SQL
CONV011031,CUST002691,CAMP0003,2025-10-17,Opportunity
CONV011032,CUST004980,CAMP0097,11/22/2023,SQL
CONV011033,CUST002307,CAMP0172,2023-12-19,Opportunity
CONV011034,CUST005124,CAMP0215,,Lead
CONV011035,CUST001510,CAMP0064,30-11-2023,SQL
CONV011036,CUST001124,CAMP0019,2025-07-14,Customer
CONV011037,CUST001488,CAMP0061,31-03-2023,Customer
CONV011038,CUST005406,CAMP0198,29 May 2025,Opportunity
CONV011039,CUST008275,CAMP0062,2026-01-08,Lead
CONV011040,CUST006342,CAMP0172,2026-02-25,MQL
CONV011041,CUST002677,CAMP0041,2023-03-25,Opportunity
CONV011042,CUST007333,CAMP0096,2023-02-22,Opportunity
CONV011043,CUST009450,CAMP0117,2024-07-14,MQL
CONV011044,CUST001410,CAMP0098,02/27/2023,Opportunity
CONV011045,CUST003282,CAMP0118,02/09/2024,Customer
CONV011046,CUST009073,CAMP0083,2023-02-11,Lead
CONV011047,CUST003093,CAMP0131,2024-06-21,Lead
CONV011048,CUST006325,CAMP0064,2024-10-31,Customer
CONV011049,CUST001059,CAMP0108,2024-10-22,SQL
CONV011050,CUST007535,CAMP0209,2024-12-06,MQL
CONV011051,CUST006720,CAMP0052,2023-04-11,MQL
CONV011052,CUST004045,CAMP0006,2023-10-09,MQL
CONV011053,CUST009097,CAMP0146,11/18/2024,MQL
CONV011054,CUST009603,CAMP0142,2023-07-29,Lead
CONV011055,CUST001572,CAMP0205,01/29/2025,MQL
CONV011056,CUST009038,CAMP0148,2026-05-14,Lead
CONV011057,CUST006047,CAMP0005,12/29/2023,Customer
CONV011058,CUST004826,CAMP0052,2025-05-29,SQL
CONV011059,CUST006069,CAMP0053,2026-05-26,MQL
CONV011060,CUST008800,CAMP0197,07/18/2024,SQL
CONV011061,CUST008610,CAMP0089,,Lead
CONV011062,CUST002139,CAMP0015,25-04-2023,SQL
CONV011063,CUST004497,CAMP0109,05/04/2025,Customer
CONV011064,CUST008658,CAMP0105,17 Nov 2023,Opportunity
CONV011065,CUST001381,CAMP0156,04-02-2025,Customer
CONV011066,CUST005635,CAMP0186,02/28/2025,SQL
CONV011067,CUST000325,CAMP0081,29 Apr 2026,Opportunity
CONV011068,CUST002178,CAMP0149,2026-05-21,MQL
CONV011069,CUST001702,CAMP0101,2025-01-04,Opportunity
CONV011070,CUST006260,CAMP0013,2024-11-12,Opportunity
CONV011071,CUST008459,CAMP0177,2024-05-15,Opportunity
CONV011072,CUST006074,CAMP0004,2026-07-21,Customer
CONV011073,CUST008376,CAMP0135,02/11/2024,SQL
CONV011074,CUST008209,CAMP0189,2023-04-20,Opportunity
CONV011075,CUST007732,CAMP0032,15 Feb 2024,MQL
CONV011076,CUST002776,CAMP0028,21 Oct 2023,MQL
CONV011077,CUST006916,CAMP0183,2023-08-25,Lead
CONV011078,CUST002788,CAMP0212,2025-07-08,SQL
CONV011079,CUST003825,CAMP0135,2023-03-17,SQL
CONV011080,CUST004940,CAMP0216,2023-12-16,MQL
CONV011081,CUST003170,CAMP0018,03 Jul 2025,SQL
CONV011082,CUST002034,CAMP0127,11-12-2025,Customer
CONV011083,CUST003754,CAMP0152,19-05-2023,MQL
CONV011084,CUST007756,CAMP0208,2024-12-19,Lead
CONV011085,CUST009684,CAMP0034,2023-08-21,Opportunity
CONV011086,CUST003331,CAMP0060,21-08-2025,Customer
CONV011087,CUST004503,CAMP0095,21-06-2025,SQL
CONV011088,CUST005101,CAMP0022,2025-09-03,SQL
CONV011089,CUST007804,CAMP0202,2023-05-15,MQL
CONV011090,CUST008986,CAMP0041,2024-11-30,MQL
CONV011091,CUST009331,CAMP0044,2024-02-28,Opportunity
CONV011092,CUST008856,CAMP0102,2024-08-23,Opportunity
CONV011093,CUST006184,CAMP0020,09/05/2024,MQL
CONV011094,CUST000915,CAMP0197,2023-10-27,Opportunity
CONV011095,CUST002451,CAMP0160,25-01-2023,MQL
CONV011096,CUST002597,CAMP0070,03/04/2024,Customer
CONV011097,CUST002824,CAMP0116,09/08/2024,Opportunity
CONV011098,CUST008273,CAMP0085,2024-04-22,SQL
CONV011099,CUST003014,CAMP0037,2023-11-12,Customer
CONV011100,CUST005373,CAMP0160,04 Jun 2024,MQL
CONV011101,CUST008253,CAMP0144,2024-07-06,SQL
CONV011102,CUST002999,CAMP0121,01-06-2025,SQL
CONV011103,CUST004393,CAMP0182,03/20/2023,Lead
CONV011104,CUST002912,CAMP0091,03/19/2026,SQL
CONV011105,CUST001928,CAMP0146,2026-07-10,SQL
CONV011106,CUST004561,CAMP0120,2023-10-23,SQL
CONV011107,CUST004129,CAMP0066,07/05/2026,Customer
CONV011108,CUST002559,CAMP0029,05/11/2024,Customer
CONV011109,CUST001073,CAMP0151,2026-04-05,SQL
CONV011110,CUST003307,CAMP0034,2023-08-22,Customer
CONV011111,CUST005900,CAMP0051,08/03/2023,Customer
CONV011112,CUST002598,CAMP0195,13-02-2025,MQL
CONV011113,CUST005076,CAMP0179,2025-07-05,Lead
CONV011114,CUST002883,CAMP0116,2023-08-04,Customer
CONV011115,CUST001410,CAMP0053,13-02-2023,MQL
CONV011116,CUST004361,CAMP0034,2025-03-05,Customer
CONV011117,CUST007967,CAMP0094,2023-08-14,
CONV011118,CUST003754,CAMP0204,2023-05-15,Customer
CONV011119,CUST008590,CAMP0183,2026-05-26,Opportunity
CONV011120,CUST005479,CAMP0207,2026-05-30,MQL
CONV011121,CUST001686,CAMP0204,16-02-2025,Opportunity
CONV011122,CUST009728,CAMP0072,15-10-2025,SQL
CONV011123,CUST003439,CAMP0051,2025-09-09,Customer
CONV011124,CUST001279,CAMP0066,2023-09-24,Customer
CONV011125,CUST002000,CAMP0087,04-02-2023,Customer
CONV011126,CUST008249,CAMP0187,10/30/2025,Opportunity
CONV011127,CUST001056,CAMP0205,2026-03-15,MQL
CONV011128,CUST004996,CAMP0173,2026-01-30,Customer
CONV011129,CUST004341,CAMP0172,2024-05-30,
CONV011130,CUST006195,CAMP0134,01/06/2023,Lead
CONV011131,CUST006880,CAMP0110,2023-02-02,Customer
CONV011132,CUST008924,CAMP0107,2025-09-08,Customer
CONV011133,CUST008218,CAMP0218,2024-09-13,Opportunity
CONV011134,CUST005190,CAMP0153,09/25/2023,Opportunity
CONV011135,CUST002677,CAMP0097,12/23/2025,Customer
CONV011136,CUST001940,CAMP0219,09 Feb 2024,Opportunity
CONV011137,CUST000493,CAMP0134,04/03/2025,SQL
CONV011138,CUST007701,CAMP0093,03 Dec 2024,MQL
CONV011139,CUST003149,CAMP0119,2023-10-21,Opportunity
CONV011140,CUST000947,CAMP0063,2023-07-15,Opportunity
CONV011141,CUST002123,CAMP0052,07 Oct 2024,SQL
CONV011142,CUST004307,CAMP0117,2023-02-11,Lead
CONV011143,CUST008404,CAMP0183,17-04-2026,Opportunity
CONV011144,CUST008919,CAMP0129,02-03-2025,SQL
CONV011145,CUST007188,CAMP0217,18 Jan 2025,Lead
CONV011146,CUST004233,CAMP0158,2026-02-27,MQL
CONV011147,CUST000199,CAMP0089,01/30/2026,SQL
CONV011148,CUST007628,CAMP0112,05 May 2024,SQL
CONV011149,CUST007847,CAMP0050,2024-09-05,SQL
CONV011150,CUST001295,CAMP0092,2026-06-03,SQL
CONV011151,CUST007054,CAMP0120,2025-03-11,MQL
CONV011152,CUST003321,CAMP0089,02/27/2025,Customer
CONV011153,CUST005211,CAMP0212,2023-10-24,Lead
CONV011154,CUST006371,CAMP0016,2023-01-12,Lead
CONV011155,CUST004934,CAMP0102,07/03/2024,Opportunity
CONV011156,CUST000474,CAMP0039,2025-09-12,Opportunity
CONV011157,CUST001522,CAMP0003,2024-07-05,Lead
CONV011158,CUST008395,CAMP0041,2023-01-23,Customer
CONV011159,CUST005967,CAMP0157,22 Oct 2025,MQL
CONV011160,CUST006997,CAMP0212,06-09-2025,Opportunity
CONV011161,CUST009898,CAMP0081,2025-09-20,Lead
CONV011162,CUST009985,CAMP0022,12/19/2023,MQL
CONV011163,CUST009021,CAMP0152,2023-02-04,Opportunity
CONV011164,CUST005628,CAMP0128,2023-04-17,MQL
CONV011165,CUST002623,CAMP0187,08-06-2026,SQL
CONV011166,CUST007168,CAMP0060,2025-05-26,Opportunity
CONV011167,CUST005534,CAMP0060,2025-03-26,SQL
CONV011168,CUST005763,CAMP0123,2026-01-30,Opportunity
CONV011169,CUST009985,CAMP0134,2026-04-22,MQL
CONV011170,CUST005397,CAMP0141,21-06-2025,SQL
CONV011171,CUST009358,CAMP0048,2024-06-04,MQL
CONV011172,CUST008499,CAMP0132,03/03/2024,SQL
CONV011173,CUST003873,CAMP0207,2026-04-02,Lead
CONV011174,CUST001519,CAMP0092,2024-06-24,Customer
CONV011175,CUST006883,CAMP0075,2026-02-18,Customer
CONV011176,CUST004629,CAMP0035,26 Dec 2025,SQL
CONV011177,CUST000493,CAMP0200,30-11-2024,SQL
CONV011178,CUST008925,CAMP0178,2026-07-15,Customer
CONV011179,CUST005722,CAMP0108,23-04-2024,Opportunity
CONV011180,CUST002850,CAMP0012,2024-07-12,SQL
CONV011181,CUST008977,CAMP0108,2024-02-21,MQL
CONV011182,CUST006558,CAMP0008,29 Sep 2023,MQL
CONV011183,CUST007499,CAMP0026,2023-01-03,MQL
CONV011184,CUST001986,CAMP0191,05/04/2023,Customer
CONV011185,CUST007171,CAMP0137,2023-01-26,Opportunity
CONV011186,CUST007986,CAMP0017,2023-02-03,Opportunity
CONV011187,CUST009338,CAMP0034,11/01/2023,MQL
CONV011188,CUST007748,CAMP0162,2023-03-12,Customer
CONV011189,CUST003561,CAMP0097,08/20/2024,Opportunity
CONV011190,CUST005102,CAMP0028,08/05/2023,Opportunity
CONV011191,CUST005800,CAMP0128,2023-03-22,MQL
CONV011192,CUST002610,CAMP0019,07/09/2026,MQL
CONV011193,CUST005809,CAMP0153,2023-11-11,MQL
CONV011194,CUST004425,CAMP0003,2023-04-01,Opportunity
CONV011195,CUST002421,CAMP0210,2024-06-10,Opportunity
CONV011196,CUST007243,CAMP0143,14-01-2025,Customer
CONV011197,CUST001335,CAMP0039,01/03/2024,SQL
CONV011198,CUST008612,CAMP0148,12-08-2025,Lead
CONV011199,CUST008070,CAMP0161,05-04-2023,SQL
CONV011200,CUST000144,CAMP0142,2025-02-19,Customer
CONV011201,CUST008118,CAMP0177,15-02-2025,Opportunity
CONV011202,CUST002004,CAMP0070,03-07-2024,SQL
CONV011203,CUST001331,CAMP0182,09-05-2025,Opportunity
CONV011204,CUST001872,CAMP0156,2025-10-18,MQL
CONV011205,CUST003116,CAMP0160,01-01-2024,Lead
CONV011206,CUST000719,CAMP0030,2023-09-04,Opportunity
CONV011207,CUST000513,CAMP0115,2026-04-07,Opportunity
CONV011208,CUST004620,CAMP0141,17-01-2024,MQL
CONV011209,CUST004034,CAMP0101,06/21/2023,Lead
CONV011210,CUST006341,CAMP0208,2024-02-24,Customer
CONV011211,CUST001482,CAMP0038,2024-12-05,Opportunity
CONV011212,CUST001419,CAMP0155,26 May 2024,Lead
CONV011213,CUST005234,CAMP0019,06-03-2025,MQL
CONV011214,CUST006825,CAMP0049,05/11/2026,Customer
CONV011215,CUST002214,CAMP0207,2026-07-23,Customer
CONV011216,CUST000491,CAMP0123,03/07/2024,Customer
CONV011217,CUST004356,CAMP0087,2024-07-20,Customer
CONV011218,CUST001826,CAMP0065,2023-10-24,MQL
CONV011219,CUST006877,CAMP0041,2023-07-26,SQL
CONV011220,CUST000367,CAMP0022,2024-01-22,SQL
CONV011221,CUST008940,CAMP0160,22-09-2025,
CONV011222,CUST005147,CAMP0206,2026-02-07,Opportunity
CONV011223,CUST000728,CAMP0203,2026-06-22,Opportunity
CONV011224,CUST005481,CAMP0038,2023-08-10,Lead
CONV011225,CUST009326,CAMP0209,2023-06-13,Customer
CONV011226,CUST006126,CAMP0144,2024-07-17,Opportunity
CONV011227,CUST003987,CAMP0122,2024-04-27,Opportunity
CONV011228,CUST004165,CAMP0162,02/15/2025,Customer
CONV011229,CUST002749,CAMP0147,2026-06-07,Lead
CONV011230,CUST007235,CAMP0019,2025-03-23,Opportunity
CONV011231,CUST000955,CAMP0104,04-10-2024,SQL
CONV011232,CUST001867,CAMP0143,2023-10-24,Lead
CONV011233,CUST005129,CAMP0148,06/14/2023,SQL
CONV011234,CUST000090,CAMP0191,2026-07-03,Opportunity
CONV011235,CUST003737,CAMP0130,07-09-2025,Opportunity
CONV011236,CUST003636,CAMP0210,01/31/2026,Opportunity
CONV011237,CUST004274,CAMP0154,2026-06-30,Customer
CONV011238,CUST007837,CAMP0194,2023-07-22,Opportunity
CONV011239,CUST009555,CAMP0156,2025-04-28,Customer
CONV011240,CUST005139,CAMP0111,2023-05-21,Opportunity
CONV011241,CUST008251,CAMP0033,2025-09-12,Opportunity
CONV011242,CUST003711,CAMP0032,29 Jul 2025,Opportunity
CONV011243,CUST006526,CAMP0095,31-03-2023,Opportunity
CONV011244,CUST005736,CAMP0213,03-09-2024,Customer
CONV011245,CUST005460,CAMP0042,06/12/2023,Opportunity
CONV011246,CUST004334,CAMP0210,2026-02-11,MQL
CONV011247,CUST007895,CAMP0116,2023-05-02,SQL
CONV011248,CUST006591,CAMP0215,12/11/2024,MQL
CONV011249,CUST007456,CAMP0133,02/09/2024,SQL
CONV011250,CUST004797,CAMP0185,2024-04-28,Lead
CONV011251,CUST005728,CAMP0116,09-05-2025,Lead
CONV011252,CUST009861,CAMP0216,01-11-2024,Customer
CONV011253,CUST009843,CAMP0108,2023-10-03,MQL
CONV011254,CUST007248,CAMP0027,2026-03-28,Opportunity
CONV011255,CUST000302,CAMP0211,05-08-2024,Lead
CONV011256,CUST000611,CAMP0152,06/22/2025,Opportunity
CONV011257,CUST004905,CAMP0174,2025-04-19,Customer
CONV011258,CUST007895,CAMP0041,04/22/2026,MQL
CONV011259,CUST004910,CAMP0200,2023-06-21,MQL
CONV011260,CUST003514,CAMP0128,08/30/2024,Customer
CONV011261,CUST900051,CAMP0124,2023-04-17,Lead
CONV011262,CUST001244,CAMP0160,2026-05-12,MQL
CONV011263,CUST003095,CAMP0208,09/24/2023,Lead
CONV011264,CUST900028,CAMP0171,2026-06-13,Customer
CONV011265,CUST009047,CAMP0110,2023-08-17,Customer
CONV011266,CUST003789,CAMP0057,2024-02-17,Lead
CONV011267,CUST005689,CAMP0126,2023-10-15,Lead
CONV011268,CUST005551,CAMP0194,,Customer
CONV011269,CUST004100,CAMP0049,20 May 2026,Customer
CONV011270,CUST008934,CAMP0030,2024-11-28,SQL
CONV011271,CUST003409,CAMP0141,2023-03-26,Customer
CONV011272,CUST003070,CAMP0028,27-01-2023,SQL
CONV011273,CUST003664,CAMP0041,10-03-2023,Opportunity
CONV011274,CUST009739,CAMP0063,2025-05-13,Lead
CONV011275,CUST006717,CAMP0006,2023-04-14,Lead
CONV011276,CUST006755,CAMP0083,2023-08-22,Opportunity
CONV011277,CUST005869,CAMP0011,2025-02-13,Opportunity
CONV011278,CUST008388,CAMP0025,2024-04-07,Customer
CONV011279,CUST005107,CAMP0079,07/25/2023,Lead
CONV011280,CUST002534,CAMP0177,02-06-2026,MQL
CONV011281,CUST005337,CAMP0121,08/24/2024,Opportunity
CONV011282,CUST008924,CAMP0052,30 Oct 2024,MQL
CONV011283,CUST007915,CAMP0190,2023-02-26,MQL
CONV011284,CUST007437,CAMP0085,2026-02-22,Customer
CONV011285,CUST006479,CAMP0212,2023-01-23,MQL
CONV011286,CUST004248,CAMP0183,14-09-2024,Customer
CONV011287,CUST008608,CAMP0169,2024-12-04,SQL
CONV011288,CUST001727,CAMP0171,2025-12-11,Customer
CONV011289,CUST003808,CAMP0058,2023-11-27,MQL
CONV011290,CUST006887,CAMP0127,01 Mar 2023,Customer
CONV011291,CUST007315,CAMP0204,2024-07-21,MQL
CONV011292,CUST009572,CAMP0068,2026-06-25,MQL
CONV011293,CUST008512,CAMP0149,10/05/2024,Opportunity
CONV011294,CUST009886,CAMP0198,2023-01-15,Customer
CONV011295,CUST000436,CAMP0193,2026-01-04,Customer
CONV011296,CUST006953,CAMP0106,21 Jan 2023,Lead
CONV011297,CUST008745,CAMP0049,2023-08-07,SQL
CONV011298,CUST001441,CAMP0051,2025-05-05,Opportunity
CONV011299,CUST006043,CAMP0178,05/25/2023,Lead
CONV011300,CUST005718,CAMP0127,18 Jul 2024,Customer
CONV011301,CUST001944,CAMP0050,18 Jan 2025,Customer
CONV011302,CUST001513,CAMP0049,,MQL
CONV011303,CUST003490,CAMP0089,2023-12-31,Lead
CONV011304,CUST000708,CAMP0049,16-03-2025,Opportunity
CONV011305,CUST008243,CAMP0115,25-11-2024,Lead
CONV011306,CUST005816,CAMP0136,2023-02-18,MQL
CONV011307,CUST008894,CAMP0170,09/22/2025,SQL
CONV011308,CUST007540,CAMP0053,10/19/2023,Opportunity
CONV011309,CUST006217,CAMP0119,2024-02-23,SQL
CONV011310,CUST007193,CAMP0177,12/03/2024,Customer
CONV011311,CUST006405,CAMP0081,29 Dec 2025,MQL
CONV011312,CUST001914,CAMP0184,2026-03-16,Opportunity
CONV011313,CUST001467,CAMP0136,2026-02-28,Customer
CONV011314,CUST005441,CAMP0118,2026-03-27,Customer
CONV011315,CUST004575,CAMP0194,,MQL
CONV011316,CUST006171,CAMP0204,2026-04-21,Lead
CONV011317,CUST001527,CAMP0172,16 Apr 2026,Lead
CONV011318,CUST008004,CAMP0023,,Opportunity
CONV011319,CUST007290,CAMP0033,2025-12-05,Customer
CONV011320,CUST001548,CAMP0133,2023-10-28,MQL
CONV011321,CUST001009,CAMP0022,09-12-2025,Opportunity
CONV011322,CUST005141,CAMP0094,2023-11-14,SQL
CONV011323,CUST009671,CAMP0023,07 Sep 2025,SQL
CONV011324,CUST004471,CAMP0118,27-02-2026,Lead
CONV011325,CUST009095,CAMP0124,06/07/2026,Customer
CONV011326,CUST005076,CAMP0163,2024-09-17,Opportunity
CONV011327,CUST001948,CAMP0158,2026-04-20,Lead
CONV011328,CUST002188,CAMP0201,2024-06-19,Customer
CONV011329,CUST000977,CAMP0188,2026-05-16,Opportunity
CONV011330,CUST001539,CAMP0134,2023-09-13,Lead
CONV011331,CUST003004,CAMP0031,,Customer
CONV011332,CUST003169,CAMP0128,2025-04-26,SQL
CONV011333,CUST006560,CAMP0006,2025-03-26,Customer
CONV011334,CUST007295,CAMP0051,2026-07-09,SQL
CONV011335,CUST002509,CAMP0186,2023-07-15,Opportunity
CONV011336,CUST000097,CAMP0030,2025-03-13,Opportunity
CONV011337,CUST008366,CAMP0095,06/22/2025,Opportunity
CONV011338,CUST009537,CAMP0064,2026-04-26,MQL
CONV011339,CUST000450,CAMP0154,2023-12-26,SQL
CONV011340,CUST003411,CAMP0140,21-08-2023,Lead
CONV011341,CUST008574,CAMP0192,2023-01-04,MQL
CONV011342,CUST003728,CAMP0130,2024-09-02,Opportunity
CONV011343,CUST002862,CAMP0121,24-11-2025,MQL
CONV011344,CUST006485,CAMP0183,29-12-2024,MQL
CONV011345,CUST001507,CAMP0071,2024-10-21,MQL
CONV011346,CUST000842,CAMP0127,2025-08-15,Opportunity
CONV011347,CUST002085,CAMP0086,2025-12-21,MQL
CONV011348,CUST006319,CAMP0124,05/31/2023,Lead
CONV011349,CUST008546,CAMP0081,2025-11-25,Opportunity
CONV011350,CUST005300,CAMP0008,12-06-2025,SQL
CONV011351,CUST000661,CAMP0098,,MQL
CONV011352,CUST005177,CAMP0049,2025-06-10,Lead
CONV011353,CUST009600,CAMP0157,19 Mar 2024,Customer
CONV011354,CUST009723,CAMP0216,,Customer
CONV011355,CUST003709,CAMP0055,2023-01-14,Lead
CONV011356,CUST008387,CAMP0006,2024-12-05,Customer
CONV011357,CUST003049,CAMP0085,24-04-2024,Customer
CONV011358,CUST001812,CAMP0128,2025-07-15,MQL
CONV011359,CUST004402,CAMP0194,04/08/2026,SQL
CONV011360,CUST006940,CAMP0126,2023-07-24,Lead
CONV011361,CUST000926,CAMP0200,2025-11-12,MQL
CONV011362,CUST006767,CAMP0164,06/23/2023,Opportunity
CONV011363,CUST003590,CAMP0089,2025-05-29,Lead
CONV011364,CUST009444,CAMP0038,2024-02-06,Lead
CONV011365,CUST005883,CAMP0028,2023-12-24,SQL
CONV011366,CUST008842,CAMP0155,2024-02-01,Opportunity
CONV011367,CUST006094,CAMP0207,09-02-2025,Customer
CONV011368,CUST000832,CAMP0149,2024-01-29,Opportunity
CONV011369,CUST004109,CAMP0176,2025-02-20,Opportunity
CONV011370,CUST006137,CAMP0006,2024-08-27,Opportunity
CONV011371,CUST006353,CAMP0148,11/03/2023,SQL
CONV011372,CUST000549,CAMP0014,2024-01-14,Opportunity
CONV011373,CUST005408,CAMP0058,2026-02-21,Customer
CONV011374,CUST006145,CAMP0197,2024-04-16,Opportunity
CONV011375,CUST005166,CAMP0118,2023-03-03,MQL
CONV011376,CUST006262,CAMP0169,2023-04-19,Customer
CONV011377,CUST008817,CAMP0181,2025-06-28,Lead
CONV011378,CUST003367,CAMP0206,22-07-2024,MQL
CONV011379,CUST002672,CAMP0015,02-01-2024,Opportunity
CONV011380,CUST006178,CAMP0149,12-07-2025,Lead
CONV011381,CUST008426,CAMP0134,2024-01-04,Lead
CONV011382,CUST001670,CAMP0128,06/10/2024,Lead
CONV011383,CUST009769,CAMP0018,2024-03-21,Customer
CONV011384,CUST001830,CAMP0167,14 Nov 2023,SQL
CONV011385,CUST005446,CAMP0147,2025-05-08,Opportunity
CONV011386,CUST002096,CAMP0081,2026-04-27,Customer
CONV011387,CUST002494,CAMP0111,04/02/2026,Lead
CONV011388,CUST006387,CAMP0100,18-03-2023,Lead
CONV011389,CUST006699,CAMP0064,2024-04-26,MQL
CONV011390,CUST000461,CAMP0122,2023-03-17,Lead
CONV011391,CUST003046,CAMP0120,10/27/2024,Lead
CONV011392,CUST000112,CAMP0162,2023-12-24,Opportunity
CONV011393,CUST008233,CAMP0069,03 Feb 2024,MQL
CONV011394,CUST002071,CAMP0143,21 Nov 2024,Opportunity
CONV011395,CUST000089,CAMP0114,2025-01-02,SQL
CONV011396,CUST002110,CAMP0140,2025-01-13,SQL
CONV011397,CUST003810,CAMP0086,2025-12-10,SQL
CONV011398,CUST007897,CAMP0006,11/27/2024,SQL
CONV011399,CUST001890,CAMP0148,01/07/2024,MQL
CONV011400,CUST001154,CAMP0088,06-11-2023,Opportunity
CONV011401,CUST006139,CAMP0049,2024-06-09,Opportunity
CONV011402,CUST009180,CAMP0070,2026-07-17,SQL
CONV011403,CUST002444,CAMP0078,2024-06-22,SQL
CONV011404,CUST000727,CAMP0045,2025-10-15,Lead
CONV011405,CUST006560,CAMP0189,2025-02-13,SQL
CONV011406,CUST002790,CAMP0048,2024-10-07,Opportunity
CONV011407,CUST008970,CAMP0177,02/21/2023,SQL
CONV011408,CUST000032,CAMP0039,2024-02-19,MQL
CONV011409,CUST002410,CAMP0096,2024-11-28,MQL
CONV011410,CUST008759,CAMP0085,,Lead
CONV011411,CUST009659,CAMP0158,27 May 2026,Customer
CONV011412,CUST004440,CAMP0013,2024-10-17,Customer
CONV011413,CUST000339,CAMP0050,2023-11-24,Opportunity
CONV011414,CUST005512,CAMP0145,2024-03-06,Lead
CONV011415,CUST004313,CAMP0201,2026-05-12,Customer
CONV011416,CUST007101,CAMP0184,12/22/2025,SQL
CONV011417,CUST000951,CAMP0110,,MQL
CONV011418,CUST009919,CAMP0219,18-10-2023,Lead
CONV011419,CUST009397,CAMP0108,2023-08-06,Customer
CONV011420,CUST000497,CAMP0003,08-02-2025,Opportunity
CONV011421,CUST007011,CAMP0182,2023-03-09,Customer
CONV011422,CUST000203,CAMP0203,2025-06-17,MQL
CONV011423,CUST003877,CAMP0199,10-12-2025,Lead
CONV011424,CUST008018,CAMP0130,08/16/2025,MQL
CONV011425,CUST008054,CAMP0100,2023-09-12,Lead
CONV011426,CUST005812,CAMP0081,2024-02-27,MQL
CONV011427,CUST009080,CAMP0142,29-11-2023,SQL
CONV011428,CUST007067,CAMP0092,2024-12-28,Opportunity
CONV011429,CUST004435,CAMP0143,05/29/2024,Opportunity
CONV011430,CUST007305,CAMP0105,13-09-2025,Lead
CONV011431,CUST001408,CAMP0128,2024-03-22,Opportunity
CONV011432,CUST002171,CAMP0108,04-03-2024,Opportunity
CONV011433,CUST001334,CAMP0177,02-04-2025,Opportunity
CONV011434,CUST007838,CAMP0120,2023-07-24,SQL
CONV011435,CUST007253,CAMP0147,25-10-2023,Customer
CONV011436,CUST007534,CAMP0134,2024-07-14,Opportunity
CONV011437,CUST000070,CAMP0109,05-07-2026,Customer
CONV011438,CUST006583,CAMP0197,21 May 2026,MQL
CONV011439,CUST005819,CAMP0103,07/25/2025,Customer
CONV011440,CUST007774,CAMP0062,2024-01-06,Opportunity
CONV011441,CUST002871,CAMP0129,2024-06-03,SQL
CONV011442,CUST002486,CAMP0032,2026-07-20,Lead
CONV011443,CUST008691,CAMP0186,04/15/2024,Opportunity
CONV011444,CUST009784,CAMP0133,2024-04-20,Lead
CONV011445,CUST004097,CAMP0015,2024-05-21,MQL
CONV011446,CUST008411,CAMP0141,2024-08-29,Opportunity
CONV011447,CUST002448,CAMP0200,2024-12-31,Customer
CONV011448,CUST008379,CAMP0135,18 Mar 2024,Opportunity
CONV011449,CUST002980,CAMP0068,2026-05-05,Opportunity
CONV011450,CUST009917,CAMP0065,2024-02-10,MQL
CONV011451,CUST000586,CAMP0080,2024-12-17,Customer
CONV011452,CUST007669,CAMP0020,2026-01-02,MQL
CONV011453,CUST004488,CAMP0210,2025-09-29,Customer
CONV011454,CUST009467,CAMP0206,11/14/2025,SQL
CONV011455,CUST004777,CAMP0135,2024-02-19,Opportunity
CONV011456,CUST002586,CAMP0056,09/16/2024,Customer
CONV011457,CUST003601,CAMP0218,05/09/2024,SQL
CONV011458,CUST003200,CAMP0094,07-05-2023,Customer
CONV011459,CUST006050,CAMP0159,13-12-2024,Customer
CONV011460,CUST004277,CAMP0135,07-11-2023,Lead
CONV011461,CUST003233,CAMP0174,2024-06-22,Lead
CONV011462,CUST000763,CAMP0172,2025-09-26,Opportunity
CONV011463,CUST003147,CAMP0072,03/08/2024,Customer
CONV011464,CUST006114,CAMP0135,2025-10-26,Opportunity
CONV011465,CUST004424,CAMP0037,2026-01-10,SQL
CONV011466,CUST002496,CAMP0097,2024-12-30,Opportunity
CONV011467,CUST006557,CAMP0121,01/18/2025,Opportunity
CONV011468,CUST004618,CAMP0133,2025-04-28,Opportunity
CONV011469,CUST007982,CAMP0194,2023-08-01,MQL
CONV011470,CUST001117,CAMP0186,24-10-2025,MQL
CONV011471,CUST007088,CAMP0195,2026-06-30,SQL
CONV011472,CUST009348,CAMP0197,2026-03-27,Lead
CONV011473,CUST007320,CAMP0135,2024-12-17,Opportunity
CONV011474,CUST005639,CAMP0175,12/15/2025,
CONV011475,CUST007627,CAMP0216,03 Jan 2026,Lead
CONV011476,CUST001022,CAMP0086,12-04-2024,SQL
CONV011477,CUST008932,CAMP0031,2025-02-07,Opportunity
CONV011478,CUST000463,CAMP0124,07/27/2026,Opportunity
CONV011479,CUST006889,CAMP0045,2025-03-13,SQL
CONV011480,CUST003381,CAMP0136,2026-04-21,MQL
CONV011481,CUST004914,CAMP0106,13 Mar 2023,Lead
CONV011482,CUST000970,CAMP0153,04-10-2024,SQL
CONV011483,CUST007511,CAMP0026,15-09-2023,Opportunity
CONV011484,CUST009095,CAMP0138,12/02/2024,SQL
CONV011485,CUST005920,CAMP0011,2023-05-05,Lead
CONV011486,CUST009877,CAMP0015,08/23/2024,SQL
CONV011487,CUST005154,CAMP0038,2023-11-07,MQL
CONV011488,CUST004858,CAMP0190,2026-05-09,MQL
CONV011489,CUST001582,CAMP0010,2023-03-16,Customer
CONV011490,CUST007855,CAMP0123,30 Jun 2025,Opportunity
CONV011491,CUST009288,CAMP0150,2024-10-08,Lead
CONV011492,CUST005279,CAMP0117,2023-01-21,SQL
CONV011493,CUST003222,CAMP0180,2024-08-02,Lead
CONV011494,CUST005616,CAMP0082,2025-03-31,Customer
CONV011495,CUST007139,CAMP0127,28 Apr 2025,Opportunity
CONV011496,CUST001094,CAMP0200,19 Nov 2024,Customer
CONV011497,CUST005989,CAMP0198,02-10-2025,MQL
CONV011498,CUST002176,CAMP0183,2026-03-05,Customer
CONV011499,CUST002906,CAMP0195,2023-10-06,Opportunity
CONV011500,CUST008947,CAMP0131,2026-01-18,MQL
CONV011501,CUST008030,CAMP0175,02/28/2023,MQL
CONV011502,CUST003238,CAMP0152,2025-06-14,Customer
CONV011503,CUST007750,CAMP0166,2023-08-20,Lead
CONV011504,CUST003461,CAMP0012,10-05-2025,SQL
CONV011505,CUST002212,CAMP0101,2023-05-24,Lead
CONV011506,CUST008209,CAMP0219,2023-03-29,Customer
CONV011507,CUST004215,CAMP0034,2024-10-16,Customer
CONV011508,CUST001245,CAMP0220,,MQL
CONV011509,CUST003298,CAMP0064,2026-05-13,Customer
CONV011510,CUST003640,CAMP0070,2025-12-25,Opportunity
CONV011511,CUST001474,CAMP0055,2023-12-28,SQL
CONV011512,CUST005264,CAMP0113,2025-05-06,Customer
CONV011513,CUST009769,CAMP0081,2025-11-24,Lead
CONV011514,CUST002879,CAMP0202,2025-11-02,SQL
CONV011515,CUST000742,CAMP0047,12-04-2024,Lead
CONV011516,CUST008122,CAMP0202,2023-08-16,SQL
CONV011517,CUST003439,CAMP0047,2023-03-26,Opportunity
CONV011518,CUST007642,CAMP0175,2025-01-08,SQL
CONV011519,CUST001804,CAMP0087,07/05/2023,Lead
CONV011520,CUST003037,CAMP0033,2023-08-03,SQL
CONV011521,CUST008197,CAMP0038,2026-02-22,Lead
CONV011522,CUST900027,CAMP0045,2026-04-17,SQL
CONV011523,CUST001687,CAMP0170,,SQL
CONV011524,CUST005138,CAMP0210,2024-02-25,Opportunity
CONV011525,CUST001017,CAMP0220,2024-01-10,MQL
CONV011526,CUST004469,CAMP0018,2024-06-29,Customer
CONV011527,CUST008118,CAMP0160,2024-11-28,Lead
CONV011528,CUST008591,CAMP0078,07/30/2023,Opportunity
CONV011529,CUST002476,CAMP0018,03/10/2023,SQL
CONV011530,CUST008663,CAMP0078,17-04-2026,Lead
CONV011531,CUST001210,CAMP0074,01 Feb 2023,Opportunity
CONV011532,CUST006679,CAMP0054,08/03/2025,Opportunity
CONV011533,CUST001783,CAMP0090,2023-07-05,Customer
CONV011534,CUST007441,CAMP0185,29-10-2023,SQL
CONV011535,CUST005710,CAMP0081,19 Apr 2026,Opportunity
CONV011536,CUST004095,CAMP0201,2025-09-24,Opportunity
CONV011537,CUST001172,CAMP0039,2026-06-25,Customer
CONV011538,CUST005432,CAMP0108,16-02-2026,SQL
CONV011539,CUST003330,CAMP0135,2023-01-31,Lead
CONV011540,CUST005039,CAMP0132,2025-12-03,SQL
CONV011541,CUST007068,CAMP0116,2023-07-03,SQL
CONV011542,CUST000986,CAMP0021,16-05-2023,Customer
CONV011543,CUST004168,CAMP0005,2024-01-02,SQL
CONV011544,CUST009729,CAMP0003,,Lead
CONV011545,CUST006595,CAMP0048,2023-10-06,Lead
CONV011546,CUST005737,CAMP0182,2023-01-27,Opportunity
CONV011547,CUST007759,CAMP0165,05-06-2024,SQL
CONV011548,CUST000502,CAMP0133,2024-04-21,MQL
CONV011549,CUST007783,CAMP0147,,Opportunity
CONV011550,CUST005553,CAMP0150,2023-10-24,Customer
CONV011551,CUST006475,CAMP0144,2024-03-11,MQL
CONV011552,CUST000251,CAMP0082,12/20/2025,Opportunity
CONV011553,CUST009278,CAMP0142,08/12/2024,SQL
CONV011554,CUST001906,CAMP0209,2024-11-08,Opportunity
CONV011555,CUST002987,CAMP0040,2023-01-31,Opportunity
CONV011556,CUST007790,CAMP0112,26-04-2025,MQL
CONV011557,CUST000875,CAMP0068,2023-08-19,Customer
CONV011558,CUST009887,CAMP0113,2024-06-26,SQL
CONV011559,CUST005752,CAMP0148,06/30/2025,Customer
CONV011560,CUST000335,CAMP0191,2023-02-15,SQL
CONV011561,CUST003088,CAMP0044,2025-10-18,SQL
CONV011562,CUST008419,CAMP0183,2024-07-29,
CONV011563,CUST007729,CAMP0035,02/15/2024,Customer
CONV011564,CUST003302,CAMP0125,2025-12-20,MQL
CONV011565,CUST000859,CAMP0107,05/05/2025,Opportunity
CONV011566,CUST000693,CAMP0095,2025-02-08,Opportunity
CONV011567,CUST008379,CAMP0050,2024-06-04,SQL
CONV011568,CUST002301,CAMP0062,15 Oct 2025,Lead
CONV011569,CUST005087,CAMP0076,12/31/2024,Opportunity
CONV011570,CUST007641,CAMP0045,,Customer
CONV011571,CUST002286,CAMP0069,18 Jul 2024,MQL
CONV011572,CUST001057,CAMP0103,29-08-2023,SQL
CONV011573,CUST007829,CAMP0129,,MQL
CONV011574,CUST009783,CAMP0141,05 Oct 2024,SQL
CONV011575,CUST006960,CAMP0151,03/10/2026,Lead
CONV011576,CUST001702,CAMP0058,2023-11-16,Customer
CONV011577,CUST002405,CAMP0061,2023-02-17,Customer
CONV011578,CUST004148,CAMP0061,2023-01-13,Customer
CONV011579,CUST008230,CAMP0151,2024-06-22,MQL
CONV011580,CUST007711,CAMP0076,09/20/2025,Opportunity
CONV011581,CUST002287,CAMP0126,2024-02-02,Customer
CONV011582,CUST001668,CAMP0113,2024-07-13,SQL
CONV011583,CUST002631,CAMP0196,2026-07-23,Lead
CONV011584,CUST001454,CAMP0210,2024-06-28,SQL
CONV011585,CUST003064,CAMP0175,12 Jan 2026,Opportunity
CONV011586,CUST009344,CAMP0215,2025-03-17,MQL
CONV011587,CUST002700,CAMP0165,,Opportunity
CONV011588,CUST006024,CAMP0172,2024-05-26,Opportunity
CONV011589,CUST004641,CAMP0051,2023-06-11,Lead
CONV011590,CUST005949,CAMP0198,2024-08-16,MQL
CONV011591,CUST003161,CAMP0045,,Customer
CONV011592,CUST001008,CAMP0198,2023-08-17,MQL
CONV011593,CUST008394,CAMP0162,29-03-2023,SQL
CONV011594,CUST006691,CAMP0077,04/08/2025,Lead
CONV011595,CUST009056,CAMP0170,08/31/2024,MQL
CONV011596,CUST005304,CAMP0129,2024-02-16,MQL
CONV011597,CUST007107,CAMP0173,2025-11-20,Opportunity
CONV011598,CUST002188,CAMP0175,25 Jun 2026,Opportunity
CONV011599,CUST000217,CAMP0219,2023-06-23,Opportunity
CONV011600,CUST005893,CAMP0129,04-08-2024,Opportunity
CONV011601,CUST003526,CAMP0018,16-10-2024,Lead
CONV011602,CUST008195,CAMP0060,30-08-2024,Lead
CONV011603,CUST005237,CAMP0074,2024-11-22,Lead
CONV011604,CUST000800,CAMP0200,21-05-2025,Customer
CONV011605,CUST004273,CAMP0091,06/21/2025,Lead
CONV011606,CUST002467,CAMP0102,2024-06-03,MQL
CONV011607,CUST004753,CAMP0010,16-03-2025,Lead
CONV011608,CUST008864,CAMP0089,,MQL
CONV011609,CUST001156,CAMP0033,2023-08-06,SQL
CONV011610,CUST005569,CAMP0132,2023-04-17,SQL
CONV011611,CUST003823,CAMP0191,04-10-2023,Customer
CONV011612,CUST005744,CAMP0052,2026-01-14,MQL
CONV011613,CUST008404,CAMP0207,2023-09-28,Opportunity
CONV011614,CUST003440,CAMP0096,09/16/2024,Customer
CONV011615,CUST001004,CAMP0103,2024-07-11,Customer
CONV011616,CUST003878,CAMP0031,10/30/2024,SQL
CONV011617,CUST001558,CAMP0067,2025-01-19,SQL
CONV011618,CUST006204,CAMP0045,2024-11-05,Opportunity
CONV011619,CUST003464,CAMP0022,2026-05-14,Customer
CONV011620,CUST000996,CAMP0156,2025-03-29,Lead
CONV011621,CUST003426,CAMP0185,2024-08-29,Opportunity
CONV011622,CUST007441,CAMP0002,17-07-2023,Lead
CONV011623,CUST007975,CAMP0076,27-04-2023,SQL
CONV011624,CUST002809,CAMP0040,23-10-2024,Lead
CONV011625,CUST006352,CAMP0130,2025-02-14,Opportunity
CONV011626,CUST003132,CAMP0027,2023-08-08,SQL
CONV011627,CUST007312,CAMP0115,2023-10-08,Customer
CONV011628,CUST004836,CAMP0167,15-05-2025,MQL
CONV011629,CUST004192,CAMP0207,07/29/2025,SQL
CONV011630,CUST006785,CAMP0013,02/12/2024,MQL
CONV011631,CUST007033,CAMP0209,16 Feb 2023,SQL
CONV011632,CUST001599,CAMP0031,12/01/2023,Opportunity
CONV011633,CUST009507,CAMP0139,2023-02-13,Opportunity
CONV011634,CUST005775,CAMP0210,2024-09-27,MQL
CONV011635,CUST009223,CAMP0043,08/28/2024,MQL
CONV011636,CUST006087,CAMP0202,2024-04-20,MQL
CONV011637,CUST008552,CAMP0028,2024-11-22,Lead
CONV011638,CUST004263,CAMP0002,2026-06-22,Customer
CONV011639,CUST007185,CAMP0096,07/22/2026,Customer
CONV011640,CUST005192,CAMP0101,03/07/2026,MQL
CONV011641,CUST007093,CAMP0019,2026-05-23,Customer
CONV011642,CUST009279,CAMP0107,05-09-2023,Opportunity
CONV011643,CUST009590,CAMP0135,2023-01-18,Opportunity
CONV011644,CUST001643,CAMP0112,13-07-2026,Opportunity
CONV011645,CUST004314,CAMP0215,2025-05-27,Lead
CONV011646,CUST004196,CAMP0043,,SQL
CONV011647,CUST002766,CAMP0211,08-04-2024,SQL
CONV011648,CUST008413,CAMP0043,2023-11-16,SQL
CONV011649,CUST002934,CAMP0090,03/29/2026,Customer
CONV011650,CUST007678,CAMP0002,2023-04-05,MQL
CONV011651,CUST006285,CAMP0021,2024-03-22,Lead
CONV011652,CUST001927,CAMP0122,2024-08-18,SQL
CONV011653,CUST004858,CAMP0087,03/06/2026,Customer
CONV011654,CUST005965,CAMP0026,2026-02-23,Lead
CONV011655,CUST008703,CAMP0178,27-03-2025,Customer
CONV011656,CUST000889,CAMP0096,2023-09-14,Customer
CONV011657,CUST007291,CAMP0034,20-02-2024,SQL
CONV011658,CUST000498,CAMP0115,2024-11-13,MQL
CONV011659,CUST003521,CAMP0097,2025-12-03,Lead
CONV011660,CUST000404,CAMP0187,02-02-2026,Opportunity
CONV011661,CUST001436,CAMP0063,16-06-2025,Opportunity
CONV011662,CUST001832,CAMP0107,2024-10-13,MQL
CONV011663,CUST008343,CAMP0183,02-01-2025,Lead
CONV011664,CUST008058,CAMP0155,2025-02-04,Opportunity
CONV011665,CUST005372,CAMP0015,2025-04-26,Customer
CONV011666,CUST000956,CAMP0128,2025-10-10,Opportunity
CONV011667,CUST003378,CAMP0118,01/07/2025,Opportunity
CONV011668,CUST007383,CAMP0098,2026-04-04,MQL
CONV011669,CUST007240,CAMP0086,2023-03-23,SQL
CONV011670,CUST004123,CAMP0120,2023-10-18,MQL
CONV011671,CUST005932,CAMP0109,2024-03-21,MQL
CONV011672,CUST007496,CAMP0202,21-08-2024,SQL
CONV011673,CUST005287,CAMP0064,,SQL
CONV011674,CUST007291,CAMP0216,2023-09-12,MQL
CONV011675,CUST005425,CAMP0021,01 Aug 2023,MQL
CONV011676,CUST009423,CAMP0003,09/29/2025,MQL
CONV011677,CUST007535,CAMP0109,02/09/2025,Opportunity
CONV011678,CUST003873,CAMP0047,28-02-2025,SQL
CONV011679,CUST009016,CAMP0185,2024-07-02,Lead
CONV011680,CUST008178,CAMP0123,01-11-2025,Opportunity
CONV011681,CUST008849,CAMP0168,27-04-2026,MQL
CONV011682,CUST003897,CAMP0141,2025-05-18,Lead
CONV011683,CUST003048,CAMP0061,2025-03-18,MQL
CONV011684,CUST005952,CAMP0068,05/17/2024,MQL
CONV011685,CUST004509,CAMP0065,2026-03-20,Opportunity
CONV011686,CUST005992,CAMP0075,08-06-2024,Lead
CONV011687,CUST007088,CAMP0064,02/08/2026,Opportunity
CONV011688,CUST000244,CAMP0180,2025-01-31,MQL
CONV011689,CUST005841,CAMP0119,23-04-2023,Lead
CONV011690,CUST000824,CAMP0055,2023-12-06,SQL
CONV011691,CUST000887,CAMP0142,2025-01-05,MQL
CONV011692,CUST002624,CAMP0191,2024-09-17,Lead
CONV011693,CUST001180,CAMP0028,19-01-2024,Customer
CONV011694,CUST000255,CAMP0115,2026-06-07,SQL
CONV011695,CUST004356,CAMP0069,2026-04-23,MQL
CONV011696,CUST008625,CAMP0187,13 Nov 2025,Opportunity
CONV011697,CUST004512,CAMP0097,2025-04-28,Opportunity
CONV011698,CUST006847,CAMP0169,20-12-2025,Customer
CONV011699,CUST006730,CAMP0124,2025-07-01,Lead
CONV011700,CUST006585,CAMP0071,22-04-2024,Lead
CONV011701,CUST002978,CAMP0061,2024-03-08,SQL
CONV011702,CUST000929,CAMP0126,2026-06-12,SQL
CONV011703,CUST007022,CAMP0156,10/30/2025,Opportunity
CONV011704,CUST004610,CAMP0054,2023-01-05,Customer
CONV011705,CUST008556,CAMP0050,22-10-2024,MQL
CONV011706,CUST006465,CAMP0174,2026-06-13,Customer
CONV011707,CUST000511,CAMP0143,2023-02-22,Customer
CONV011708,CUST009135,CAMP0154,2023-03-06,Opportunity
CONV011709,CUST003454,CAMP0191,10-02-2024,Opportunity
CONV011710,CUST002472,CAMP0027,09-08-2023,Lead
CONV011711,CUST007207,CAMP0044,,Opportunity
CONV011712,CUST008853,CAMP0030,08-03-2023,Lead
CONV011713,CUST002758,CAMP0148,2025-06-01,Lead
CONV011714,CUST004372,CAMP0125,31-01-2025,Opportunity
CONV011715,CUST005904,CAMP0043,23-11-2025,Customer
CONV011716,CUST005376,CAMP0115,02-09-2024,Lead
CONV011717,CUST000700,CAMP0070,2026-02-20,SQL
CONV011718,CUST001672,CAMP0078,12-04-2025,SQL
CONV011719,CUST009486,CAMP0008,12-02-2026,MQL
CONV011720,CUST008342,CAMP0028,06/01/2023,Opportunity
CONV011721,CUST005699,CAMP0169,2024-02-27,Lead
CONV011722,CUST006666,CAMP0064,2025-05-26,MQL
CONV011723,CUST000134,CAMP0005,24-05-2026,Opportunity
CONV011724,CUST007606,CAMP0007,2025-01-13,Opportunity
CONV011725,CUST005162,CAMP0021,2026-03-24,SQL
CONV011726,CUST007223,CAMP0025,2025-06-03,Lead
CONV011727,CUST009277,CAMP0023,2023-06-30,Customer
CONV011728,CUST009258,CAMP0092,26-01-2024,MQL
CONV011729,CUST008935,CAMP0021,2023-08-09,MQL
CONV011730,CUST000557,CAMP0185,09-07-2026,Lead
CONV011731,CUST007495,CAMP0037,2024-05-03,SQL
CONV011732,CUST001896,CAMP0080,2025-03-17,SQL
CONV011733,CUST003872,CAMP0039,09/27/2025,SQL
CONV011734,CUST001820,CAMP0143,2025-01-04,Lead
CONV011735,CUST001310,CAMP0007,06/30/2023,SQL
CONV011736,CUST002937,CAMP0204,11/23/2024,SQL
CONV011737,CUST002325,CAMP0060,08 Feb 2024,Opportunity
CONV011738,CUST006061,CAMP0130,2024-01-11,Lead
CONV011739,CUST008057,CAMP0069,2023-04-03,Customer
CONV011740,CUST005169,CAMP0008,2023-10-27,Opportunity
CONV011741,CUST000320,CAMP0010,2023-06-29,Lead
CONV011742,CUST005033,CAMP0075,2023-07-01,Customer
CONV011743,CUST007496,CAMP0022,,MQL
CONV011744,CUST004053,CAMP0120,24-11-2024,Opportunity
CONV011745,CUST009636,CAMP0057,2023-09-26,SQL
CONV011746,CUST000664,CAMP0028,12/28/2025,Customer
CONV011747,CUST000884,CAMP0095,,Customer
CONV011748,CUST008603,CAMP0194,2023-06-23,Opportunity
CONV011749,CUST002228,CAMP0142,2023-03-09,SQL
CONV011750,CUST001915,CAMP0153,2024-10-29,Customer
CONV011751,CUST002453,CAMP0101,2023-12-26,Customer
CONV011752,CUST009324,CAMP0068,06/18/2026,MQL
CONV011753,CUST004015,CAMP0002,01-01-2025,MQL
CONV011754,CUST007936,CAMP0021,2024-11-18,SQL
CONV011755,CUST000440,CAMP0212,03 Oct 2023,SQL
CONV011756,CUST006062,CAMP0094,2023-02-12,Customer
CONV011757,CUST003400,CAMP0154,28-10-2025,MQL
CONV011758,CUST004378,CAMP0160,16 Aug 2024,Lead
CONV011759,CUST002819,CAMP0170,05-06-2025,Customer
CONV011760,CUST003274,CAMP0109,07/05/2024,Lead
CONV011761,CUST003300,CAMP0196,11/24/2024,MQL
CONV011762,CUST001812,CAMP0027,2026-04-07,Lead
CONV011763,CUST004043,CAMP0158,08/16/2025,Customer
CONV011764,CUST008261,CAMP0087,02-07-2024,Customer
CONV011765,CUST008272,CAMP0006,2024-11-23,SQL
CONV011766,CUST004736,CAMP0044,2024-11-15,MQL
CONV011767,CUST007155,CAMP0149,31-10-2023,MQL
CONV011768,CUST009722,CAMP0201,05/15/2023,Opportunity
CONV011769,CUST000684,CAMP0065,2025-02-27,MQL
CONV011770,CUST007854,CAMP0019,2026-02-06,Opportunity
CONV011771,CUST001843,CAMP0143,2026-04-26,Customer
CONV011772,CUST003351,CAMP0076,2024-05-11,Opportunity
CONV011773,CUST004288,CAMP0195,2024-11-14,Customer
CONV011774,CUST004565,CAMP0153,05/18/2023,Lead
CONV011775,CUST900035,CAMP0157,10/14/2025,SQL
CONV011776,CUST007903,CAMP0063,2023-03-24,Opportunity
CONV011777,CUST000629,CAMP0060,29-09-2024,Opportunity
CONV011778,CUST006879,CAMP0012,09/20/2025,Customer
CONV011779,CUST002427,CAMP0145,06/09/2023,Lead
CONV011780,CUST001347,CAMP0136,07/08/2026,Opportunity
CONV011781,CUST007018,CAMP0073,2023-11-16,SQL
CONV011782,CUST001346,CAMP0021,03/01/2024,SQL
CONV011783,CUST000420,CAMP0055,2026-06-01,SQL
CONV011784,CUST004168,CAMP0151,08/09/2023,Lead
CONV011785,CUST008980,CAMP0006,30-03-2024,Opportunity
CONV011786,CUST004152,CAMP0197,2024-08-13,Customer
CONV011787,CUST000378,CAMP0062,2026-06-15,Opportunity
CONV011788,CUST007462,CAMP0068,07-09-2025,MQL
CONV011789,CUST001714,CAMP0136,2024-05-09,Customer
CONV011790,CUST004209,CAMP0066,2024-09-07,SQL
CONV011791,CUST009090,CAMP0159,2025-05-11,Customer
CONV011792,CUST003494,CAMP0186,2026-04-18,MQL
CONV011793,CUST004584,CAMP0038,01/25/2025,MQL
CONV011794,CUST002110,CAMP0030,2024-08-20,Lead
CONV011795,CUST006133,CAMP0064,2026-02-02,Opportunity
CONV011796,CUST006427,CAMP0058,2024-10-28,MQL
CONV011797,CUST007566,CAMP0056,2025-04-10,Lead
CONV011798,CUST008246,CAMP0023,2024-05-28,MQL
CONV011799,CUST003061,CAMP0066,2025-12-25,Opportunity
CONV011800,CUST002725,CAMP0154,08/17/2025,Opportunity
CONV011801,CUST008769,CAMP0162,2026-07-03,Customer
CONV011802,CUST006671,CAMP0067,2025-08-02,MQL
CONV011803,CUST005558,CAMP0046,07/23/2024,Lead
CONV011804,CUST002525,CAMP0193,08-10-2024,SQL
CONV011805,CUST009193,CAMP0005,2025-10-24,Customer
CONV011806,CUST007635,CAMP0171,2026-01-07,Opportunity
CONV011807,CUST002225,CAMP0081,2023-07-31,Opportunity
CONV011808,CUST004737,CAMP0011,2026-05-19,MQL
CONV011809,CUST009782,CAMP0166,2026-05-19,Lead
CONV011810,CUST008301,CAMP0102,2026-05-30,MQL
CONV011811,CUST002733,CAMP0116,19-03-2026,SQL
CONV011812,CUST003390,CAMP0019,2025-10-06,Opportunity
CONV011813,CUST007445,CAMP0195,2024-07-04,SQL
CONV011814,CUST007467,CAMP0028,2025-09-26,Customer
CONV011815,CUST009176,CAMP0115,2024-10-19,Customer
CONV011816,CUST004011,CAMP0218,12/25/2025,Lead
CONV011817,CUST001374,CAMP0123,2025-08-28,Customer
CONV011818,CUST002624,CAMP0097,07/20/2023,Customer
CONV011819,CUST008835,CAMP0164,2023-07-21,Customer
CONV011820,CUST008668,CAMP0044,06/04/2025,Customer
CONV011821,CUST007421,CAMP0054,01/11/2026,Customer
CONV011822,CUST004479,CAMP0080,11/19/2024,MQL
CONV011823,CUST005652,CAMP0073,2025-12-23,Lead
CONV011824,CUST009915,CAMP0032,12-08-2025,MQL
CONV011825,CUST008367,CAMP0153,03-04-2025,Customer
CONV011826,CUST009397,CAMP0007,2023-07-07,Lead
CONV011827,CUST000068,CAMP0065,29-12-2025,MQL
CONV011828,CUST004111,CAMP0055,2024-08-11,Lead
CONV011829,CUST008261,CAMP0105,13-04-2025,Customer
CONV011830,CUST009322,CAMP0103,22 Dec 2023,Customer
CONV011831,CUST008443,CAMP0214,2023-04-11,SQL
CONV011832,CUST002051,CAMP0187,05/20/2024,Lead
CONV011833,CUST003706,CAMP0116,2026-07-24,MQL
CONV011834,CUST009200,CAMP0085,2025-04-25,Customer
CONV011835,CUST005906,CAMP0100,22-12-2024,Lead
CONV011836,CUST008034,CAMP0213,2024-12-10,SQL
CONV011837,CUST006882,CAMP0065,2025-12-12,SQL
CONV011838,CUST001990,CAMP0002,2023-12-01,Opportunity
CONV011839,CUST009895,CAMP0094,2023-08-18,Customer
CONV011840,CUST004025,CAMP0208,,Lead
CONV011841,CUST007023,CAMP0059,2023-04-27,Customer
CONV011842,CUST001132,CAMP0087,02/02/2024,Customer
CONV011843,CUST009783,CAMP0206,2025-05-06,Lead
CONV011844,CUST005618,CAMP0160,2024-12-31,MQL
CONV011845,CUST000619,CAMP0199,2025-12-31,Customer
CONV011846,CUST005057,CAMP0031,2025-10-31,Customer
CONV011847,CUST008270,CAMP0218,03-01-2026,Lead
CONV011848,CUST009035,CAMP0160,2024-09-13,Customer
CONV011849,CUST006018,CAMP0127,2024-12-01,Customer
CONV011850,CUST009534,CAMP0176,2026-04-07,MQL
CONV011851,CUST004359,CAMP0009,08-08-2025,Lead
CONV011852,CUST006756,CAMP0133,2025-10-25,SQL
CONV011853,CUST000153,CAMP0212,2024-05-23,Customer
CONV011854,CUST001026,CAMP0025,2025-09-24,Opportunity
CONV011855,CUST000464,CAMP0113,2023-12-16,Customer
CONV011856,CUST002753,CAMP0033,2024-03-03,SQL
CONV011857,CUST007358,CAMP0120,2024-06-25,SQL
CONV011858,CUST009398,CAMP0078,2026-02-25,MQL
CONV011859,CUST008828,CAMP0149,12/26/2023,SQL
CONV011860,CUST009426,CAMP0204,2025-04-28,Opportunity
CONV011861,CUST000985,CAMP0157,2025-12-27,Opportunity
CONV011862,CUST000753,CAMP0006,2024-02-21,Customer
CONV011863,CUST007722,CAMP0220,,SQL
CONV011864,CUST004327,CAMP0083,2024-02-13,Opportunity
CONV011865,CUST003660,CAMP0075,2023-10-03,Lead
CONV011866,CUST009510,CAMP0003,2025-06-12,Opportunity
CONV011867,CUST001578,CAMP0156,2024-02-05,Customer
CONV011868,CUST008568,CAMP0084,10/31/2023,SQL
CONV011869,CUST004547,CAMP0010,2024-05-23,Opportunity
CONV011870,CUST009481,CAMP0126,2024-12-04,SQL
CONV011871,CUST002720,CAMP0049,2025-09-17,Opportunity
CONV011872,CUST009860,CAMP0204,2024-11-23,Customer
CONV011873,CUST005539,CAMP0008,2023-11-12,Lead
CONV011874,CUST009336,CAMP0195,2023-11-29,Customer
CONV011875,CUST000144,CAMP0177,28-07-2026,SQL
CONV011876,CUST008011,CAMP0069,06/06/2025,Opportunity
CONV011877,CUST003523,CAMP0203,01/03/2023,Customer
CONV011878,CUST002031,CAMP0155,2025-01-09,SQL
CONV011879,CUST009722,CAMP0055,2024-01-21,Lead
CONV011880,CUST002643,CAMP0118,2025-08-09,MQL
CONV011881,CUST000604,CAMP0001,12/18/2025,Customer
CONV011882,CUST000632,CAMP0203,2025-07-09,Customer
CONV011883,CUST001934,CAMP0154,2023-03-09,
CONV011884,CUST001458,CAMP0204,2024-10-07,MQL
CONV011885,CUST008415,CAMP0106,,Customer
CONV011886,CUST001056,CAMP0070,2024-02-02,MQL
CONV011887,CUST006259,CAMP0037,2023-12-08,Opportunity
CONV011888,CUST002253,CAMP0178,2023-02-05,Opportunity
CONV011889,CUST004801,CAMP0013,2024-08-05,Customer
CONV011890,CUST004674,CAMP0217,2025-03-14,MQL
CONV011891,CUST000586,CAMP0075,2025-11-14,MQL
CONV011892,CUST000023,CAMP0115,2023-03-11,SQL
CONV011893,CUST007150,CAMP0194,2023-05-20,Lead
CONV011894,CUST008692,CAMP0117,2026-04-26,Lead
CONV011895,CUST002337,CAMP0161,2025-01-02,MQL
CONV011896,CUST002972,CAMP0039,2024-04-07,Lead
CONV011897,CUST008107,CAMP0101,2024-10-10,Lead
CONV011898,CUST003414,CAMP0113,2023-04-20,Lead
CONV011899,CUST003455,CAMP0105,2024-01-30,SQL
CONV011900,CUST001913,CAMP0108,2024-04-17,SQL
CONV011901,CUST007692,CAMP0207,2024-09-16,Customer
CONV011902,CUST005981,CAMP0148,2024-10-06,MQL
CONV011903,CUST001114,CAMP0071,2026-03-09,Lead
CONV011904,CUST003310,CAMP0103,2024-06-06,Lead
CONV011905,CUST001269,CAMP0137,03/16/2025,Opportunity
CONV011906,CUST001381,CAMP0063,2026-01-26,Customer
CONV011907,CUST007088,CAMP0024,19-03-2025,Customer
CONV011908,CUST002970,CAMP0133,12/12/2024,Customer
CONV011909,CUST004853,CAMP0053,2024-07-22,SQL
CONV011910,CUST003255,CAMP0106,28-05-2023,SQL
CONV011911,CUST000498,CAMP0020,11-06-2025,Lead
CONV011912,CUST004893,CAMP0162,2025-08-12,Lead
CONV011913,CUST004026,CAMP0058,10/15/2023,MQL
CONV011914,CUST003294,CAMP0002,2024-07-19,Opportunity
CONV011915,CUST008298,CAMP0134,06-06-2023,Lead
CONV011916,CUST006568,CAMP0080,2023-12-27,Opportunity
CONV011917,CUST007641,CAMP0179,19-06-2024,Lead
CONV011918,CUST009674,CAMP0158,03/16/2026,Customer
CONV011919,CUST001686,CAMP0144,11/20/2023,MQL
CONV011920,CUST008956,CAMP0118,03/17/2023,Opportunity
CONV011921,CUST003061,CAMP0084,29-05-2023,SQL
CONV011922,CUST009400,CAMP0174,01/23/2024,Customer
CONV011923,CUST005901,CAMP0033,2023-08-09,Lead
CONV011924,CUST002155,CAMP0167,2024-02-03,Lead
CONV011925,CUST007675,CAMP0100,2023-05-15,SQL
CONV011926,CUST000661,CAMP0190,08/14/2025,Customer
CONV011927,CUST003092,CAMP0143,08/21/2024,Customer
CONV011928,CUST005631,CAMP0169,2025-12-11,Customer
CONV011929,CUST009345,CAMP0189,2023-07-21,SQL
CONV011930,CUST002505,CAMP0031,2025-05-26,Lead
CONV011931,CUST007739,CAMP0170,06/30/2024,SQL
CONV011932,CUST005860,CAMP0064,2026-07-13,Customer
CONV011933,CUST007056,CAMP0051,2023-09-02,SQL
CONV011934,CUST005440,CAMP0131,2025-12-28,Opportunity
CONV011935,CUST005799,CAMP0072,14-01-2026,Customer
CONV011936,CUST004497,CAMP0042,2023-08-09,Lead
CONV011937,CUST004239,CAMP0105,2025-06-21,MQL
CONV011938,CUST000425,CAMP0106,2024-10-10,Lead
CONV011939,CUST000259,CAMP0177,01/03/2025,Opportunity
CONV011940,CUST009461,CAMP0199,03/01/2024,MQL
CONV011941,CUST002622,CAMP0184,10/28/2024,SQL
CONV011942,CUST004018,CAMP0108,2025-12-15,Opportunity
CONV011943,CUST009843,CAMP0099,01/16/2024,Customer
CONV011944,CUST006211,CAMP0162,2023-12-28,Customer
CONV011945,CUST000940,CAMP0188,2026-07-29,Customer
CONV011946,CUST004428,CAMP0178,,Opportunity
CONV011947,CUST001617,CAMP0052,2024-05-08,Opportunity
CONV011948,CUST001848,CAMP0150,07-03-2024,Customer
CONV011949,CUST002064,CAMP0193,2023-12-22,SQL
CONV011950,CUST009087,CAMP0011,02/21/2023,SQL
CONV011951,CUST004819,CAMP0213,21 Apr 2025,Opportunity
CONV011952,CUST009185,CAMP0189,24-03-2024,SQL
CONV011953,CUST004582,CAMP0216,2023-03-30,Opportunity
CONV011954,CUST006448,CAMP0200,2024-12-26,MQL
CONV011955,CUST000994,CAMP0171,2024-09-06,Lead
CONV011956,CUST009783,CAMP0022,2025-06-11,Customer
CONV011957,CUST003401,CAMP0079,2025-08-14,Lead
CONV011958,CUST000863,CAMP0041,2025-06-12,Customer
CONV011959,CUST008108,CAMP0198,2023-07-04,MQL
CONV011960,CUST004595,CAMP0040,2025-01-14,Opportunity
CONV011961,CUST009432,CAMP0067,11/01/2025,Opportunity
CONV011962,CUST005436,CAMP0045,04-03-2024,Lead
CONV011963,CUST004123,CAMP0067,10/11/2024,Customer
CONV011964,CUST007353,CAMP0001,04/15/2025,Lead
CONV011965,CUST001159,CAMP0087,2026-02-27,MQL
CONV011966,CUST004077,CAMP0160,16-01-2024,SQL
CONV011967,CUST004300,CAMP0162,2023-08-18,MQL
CONV011968,CUST003913,CAMP0109,2026-05-01,Customer
CONV011969,CUST008930,CAMP0087,2023-08-22,Lead
CONV011970,CUST002686,CAMP0087,2025-09-02,SQL
CONV011971,CUST004033,CAMP0191,,Opportunity
CONV011972,CUST005019,CAMP0118,,Lead
CONV011973,CUST005688,CAMP0196,2023-02-10,Customer
CONV011974,CUST000681,CAMP0217,23-01-2024,Lead
CONV011975,CUST003163,CAMP0057,12/21/2023,Lead
CONV011976,CUST003305,CAMP0071,2023-02-08,Customer
CONV011977,CUST008585,CAMP0065,2024-10-21,Lead
CONV011978,CUST002162,CAMP0193,2024-01-29,MQL
CONV011979,CUST004027,CAMP0084,2025-10-27,Customer
CONV011980,CUST003476,CAMP0115,25 Jul 2024,Lead
CONV011981,CUST002915,CAMP0036,2024-04-25,Opportunity
CONV011982,CUST003919,CAMP0090,2023-08-06,MQL
CONV011983,CUST008436,CAMP0064,2024-09-19,Opportunity
CONV011984,CUST004275,CAMP0005,02/16/2024,Customer
CONV011985,CUST001861,CAMP0199,15-05-2024,Lead
CONV011986,CUST005912,CAMP0057,2024-08-08,Opportunity
CONV011987,CUST001831,CAMP0023,2024-10-23,Opportunity
CONV011988,CUST007523,CAMP0098,2025-05-08,Customer
CONV011989,CUST005856,CAMP0011,16-09-2023,SQL
CONV011990,CUST004593,CAMP0063,2024-09-21,Lead
CONV011991,CUST008536,CAMP0217,2023-11-24,SQL
CONV011992,CUST008175,CAMP0151,08/12/2024,MQL
CONV011993,CUST009442,CAMP0006,23-01-2025,MQL
CONV011994,CUST001937,CAMP0030,2024-11-13,SQL
CONV011995,CUST005780,CAMP0124,,SQL
CONV011996,CUST004914,CAMP0083,2026-07-30,Opportunity
CONV011997,CUST005995,CAMP0020,2024-06-26,MQL
CONV011998,CUST000178,CAMP0209,08/04/2024,SQL
CONV011999,CUST001575,CAMP0117,06/29/2024,SQL
CONV012000,CUST003894,CAMP0075,13-11-2023,Customer
CONV012001,CUST006640,CAMP0099,17-06-2025,Lead
CONV012002,CUST000625,CAMP0144,2024-01-25,SQL
CONV012003,CUST006795,CAMP0148,09/28/2023,SQL
CONV012004,CUST006926,CAMP0189,2023-10-20,MQL
CONV012005,CUST007480,CAMP0192,24-11-2024,Lead
CONV012006,CUST005579,CAMP0020,2023-09-22,Customer
CONV012007,CUST001795,CAMP0109,2026-05-17,Lead
CONV012008,CUST002439,CAMP0003,2025-03-14,Lead
CONV012009,CUST005891,CAMP0006,2025-10-16,MQL
CONV012010,CUST007585,CAMP0080,21-12-2023,MQL
CONV012011,CUST002978,CAMP0114,2023-05-24,MQL
CONV012012,CUST004856,CAMP0133,19-09-2025,Customer
CONV012013,CUST005364,CAMP0087,2025-03-07,Lead
CONV012014,CUST000489,CAMP0196,2024-09-08,Opportunity
CONV012015,CUST000323,CAMP0097,2023-09-25,SQL
CONV012016,CUST001110,CAMP0115,09 Jul 2025,Lead
CONV012017,CUST003834,CAMP0024,26 Apr 2025,Opportunity
CONV012018,CUST007684,CAMP0133,29-04-2026,SQL
CONV012019,CUST001481,CAMP0204,08 Jul 2025,MQL
CONV012020,CUST004338,CAMP0083,10-05-2024,Opportunity
CONV012021,CUST007402,CAMP0110,17 Dec 2023,MQL
CONV012022,CUST000807,CAMP0168,07/27/2025,Customer
CONV012023,CUST005776,CAMP0035,30-05-2025,Customer
CONV012024,CUST000187,CAMP0061,2024-03-08,Opportunity
CONV012025,CUST005293,CAMP0038,2024-01-23,Opportunity
CONV012026,CUST001189,CAMP0153,08/02/2023,Lead
CONV012027,CUST001263,CAMP0150,11/03/2023,MQL
CONV012028,CUST002170,CAMP0115,2024-03-26,Customer
CONV012029,CUST009159,CAMP0041,2025-05-30,MQL
CONV012030,CUST005554,CAMP0074,2023-07-04,Opportunity
CONV012031,CUST004855,CAMP0114,2026-07-21,Opportunity
CONV012032,CUST000568,CAMP0184,23-11-2023,Lead
CONV012033,CUST008313,CAMP0083,01/22/2024,SQL
CONV012034,CUST003600,CAMP0169,2024-01-16,Lead
CONV012035,CUST004180,CAMP0007,2023-12-05,MQL
CONV012036,CUST009798,CAMP0216,2024-06-08,Opportunity
CONV012037,CUST008839,CAMP0063,2024-01-12,MQL
CONV012038,CUST005484,CAMP0020,2024-07-14,Opportunity
CONV012039,CUST009130,CAMP0135,2026-05-04,SQL
CONV012040,CUST002139,CAMP0036,04/13/2024,Customer
CONV012041,CUST001433,CAMP0041,29-04-2026,Lead
CONV012042,CUST009896,CAMP0210,2024-06-27,Customer
CONV012043,CUST004760,CAMP0157,,SQL
CONV012044,CUST002339,CAMP0170,2025-10-12,Customer
CONV012045,CUST005829,CAMP0141,,Lead
CONV012046,CUST002239,CAMP0014,15 Nov 2023,Opportunity
CONV012047,CUST001626,CAMP0011,2023-10-21,Customer
CONV012048,CUST008228,CAMP0216,08 May 2025,Opportunity
CONV012049,CUST005970,CAMP0217,2023-01-17,Customer
CONV012050,CUST009128,CAMP0033,2024-05-21,Customer
CONV012051,CUST002787,CAMP0127,04/14/2025,SQL
CONV012052,CUST009482,CAMP0193,2026-03-29,SQL
CONV012053,CUST004441,CAMP0185,30 Jun 2024,Customer
CONV012054,CUST001489,CAMP0120,2023-12-19,SQL
CONV012055,CUST009023,CAMP0124,2026-04-14,MQL
CONV012056,CUST004424,CAMP0014,,Lead
CONV012057,CUST000927,CAMP0192,2025-03-12,SQL
CONV012058,CUST002743,CAMP0179,2026-02-27,SQL
CONV012059,CUST009277,CAMP0029,2024-07-06,Opportunity
CONV012060,CUST004788,CAMP0189,,Lead
CONV012061,CUST004399,CAMP0038,04/22/2026,MQL
CONV012062,CUST009994,CAMP0068,2023-04-08,MQL
CONV012063,CUST003009,CAMP0120,12/18/2024,Opportunity
CONV012064,CUST004434,CAMP0156,2023-12-31,Lead
CONV012065,CUST900048,CAMP0043,2025-07-16,Customer
CONV012066,CUST007492,CAMP0032,2025-07-23,Lead
CONV012067,CUST002517,CAMP0079,10/09/2025,Lead
CONV012068,CUST000759,CAMP0146,,MQL
CONV012069,CUST005246,CAMP0173,2024-06-30,MQL
CONV012070,CUST001853,CAMP0121,08/01/2024,Customer
CONV012071,CUST009765,CAMP0072,07-04-2024,Lead
CONV012072,CUST004872,CAMP0009,,Opportunity
CONV012073,CUST008877,CAMP0113,2023-01-10,Customer
CONV012074,CUST006139,CAMP0062,2026-03-24,Lead
CONV012075,CUST001311,CAMP0188,2026-06-14,MQL
CONV012076,CUST004370,CAMP0151,2024-11-12,SQL
CONV012077,CUST003861,CAMP0015,11 Dec 2025,Customer
CONV012078,CUST003960,CAMP0148,10/22/2024,Opportunity
CONV012079,CUST009808,CAMP0032,06/10/2026,Opportunity
CONV012080,CUST005595,CAMP0172,21-07-2024,MQL
CONV012081,CUST005478,CAMP0210,2023-10-06,Customer
CONV012082,CUST007363,CAMP0042,2025-08-24,Lead
CONV012083,CUST009747,CAMP0189,2026-03-25,Customer
CONV012084,CUST006382,CAMP0035,12/02/2025,Lead
CONV012085,CUST005232,CAMP0134,2023-04-30,Customer
CONV012086,CUST007137,CAMP0194,2023-11-05,Opportunity
CONV012087,CUST005298,CAMP0161,2025-10-14,Customer
CONV012088,CUST008450,CAMP0134,13-02-2025,Opportunity
CONV012089,CUST001878,CAMP0115,25 Jan 2025,Customer
CONV012090,CUST000490,CAMP0059,05/24/2026,MQL
CONV012091,CUST009378,CAMP0098,12/10/2023,Lead
CONV012092,CUST006641,CAMP0168,2023-03-21,Lead
CONV012093,CUST009402,CAMP0150,06/11/2026,Opportunity
CONV012094,CUST003213,CAMP0033,03 Dec 2025,Customer
CONV012095,CUST000292,CAMP0052,2023-11-07,Opportunity
CONV012096,CUST003809,CAMP0203,2024-09-10,Opportunity
CONV012097,CUST001777,CAMP0055,13-09-2023,Customer
CONV012098,CUST006395,CAMP0165,2023-10-07,Lead
CONV012099,CUST008730,CAMP0017,02/29/2024,Customer
CONV012100,CUST002632,CAMP0020,20-11-2025,Opportunity
CONV012101,CUST006138,CAMP0160,07 Jan 2026,Lead
CONV012102,CUST005224,CAMP0188,,Customer
CONV012103,CUST007945,CAMP0218,2024-08-02,Opportunity
CONV012104,CUST002067,CAMP0012,2024-04-10,SQL
CONV012105,CUST003700,CAMP0107,2023-05-31,Customer
CONV012106,CUST002217,CAMP0138,2026-02-26,MQL
CONV012107,CUST004483,CAMP0219,08-05-2026,Customer
CONV012108,CUST003630,CAMP0092,2026-04-25,SQL
CONV012109,CUST007369,CAMP0061,06-07-2023,MQL
CONV012110,CUST005582,CAMP0095,01/02/2023,Lead
CONV012111,CUST008790,CAMP0086,2024-12-27,Lead
CONV012112,CUST006694,CAMP0155,14-05-2025,MQL
CONV012113,CUST009819,CAMP0201,07/23/2026,Opportunity
CONV012114,CUST005222,CAMP0123,26-06-2024,MQL
CONV012115,CUST002021,CAMP0032,08/30/2024,Lead
CONV012116,CUST000470,CAMP0082,2023-08-29,MQL
CONV012117,CUST003120,CAMP0024,2023-06-21,
CONV012118,CUST002800,CAMP0209,04/05/2023,Opportunity
CONV012119,CUST005650,CAMP0065,02-10-2023,Opportunity
CONV012120,CUST000127,CAMP0194,2025-02-18,Opportunity
CONV012121,CUST004902,CAMP0020,2024-12-05,MQL
CONV012122,CUST007695,CAMP0062,2023-08-14,Customer
CONV012123,CUST003170,CAMP0017,2026-04-13,Lead
CONV012124,CUST006174,CAMP0211,,Opportunity
CONV012125,CUST004746,CAMP0193,2023-11-25,MQL
CONV012126,CUST008962,CAMP0090,17 Dec 2023,Lead
CONV012127,CUST002436,CAMP0073,26 Nov 2025,Customer
CONV012128,CUST001427,CAMP0006,2025-07-25,Opportunity
CONV012129,CUST004987,CAMP0172,2023-07-12,Customer
CONV012130,CUST000463,CAMP0186,2024-01-23,Opportunity
CONV012131,CUST006031,CAMP0101,2025-08-18,Customer
CONV012132,CUST009977,CAMP0210,,MQL
CONV012133,CUST003734,CAMP0111,2025-08-29,
CONV012134,CUST004290,CAMP0123,2024-09-08,Customer
CONV012135,CUST008811,CAMP0072,06/02/2023,SQL
CONV012136,CUST002654,CAMP0124,2026-07-18,Customer
CONV012137,CUST008908,CAMP0064,05/30/2026,Lead
CONV012138,CUST003909,CAMP0012,2023-01-19,MQL
CONV012139,CUST005451,CAMP0084,2025-03-26,Opportunity
CONV012140,CUST000058,CAMP0196,15-01-2023,SQL
CONV012141,CUST002013,CAMP0015,,SQL
CONV012142,CUST009251,CAMP0107,12/04/2025,
CONV012143,CUST003206,CAMP0039,2024-09-23,MQL
CONV012144,CUST009477,CAMP0014,2026-08-01,MQL
CONV012145,CUST000362,CAMP0030,2026-07-06,Customer
CONV012146,CUST008189,CAMP0166,2023-11-20,Lead
CONV012147,CUST005510,CAMP0097,23-09-2025,Customer
CONV012148,CUST000405,CAMP0024,03/06/2024,Lead
CONV012149,CUST007846,CAMP0158,2025-10-09,Opportunity
CONV012150,CUST001973,CAMP0034,12-02-2026,Customer
CONV012151,CUST005038,CAMP0154,2023-03-11,SQL
CONV012152,CUST009497,CAMP0004,12/12/2023,Opportunity
CONV012153,CUST009487,CAMP0172,18-04-2025,Opportunity
CONV012154,CUST004082,CAMP0110,25-03-2023,Customer
CONV012155,CUST006613,CAMP0070,2024-03-24,Opportunity
CONV012156,CUST005959,CAMP0218,03 Jul 2023,Customer
CONV012157,CUST001759,CAMP0146,2025-05-28,MQL
CONV012158,CUST007345,CAMP0130,2023-12-11,SQL
CONV012159,CUST005076,CAMP0112,12-12-2023,MQL
CONV012160,CUST003351,CAMP0100,06/28/2025,MQL
CONV012161,CUST007945,CAMP0012,02/26/2023,MQL
CONV012162,CUST006999,CAMP0206,08-09-2025,Lead
CONV012163,CUST006407,CAMP0029,2024-05-11,Customer
CONV012164,CUST000599,CAMP0130,17-04-2026,MQL
CONV012165,CUST007802,CAMP0213,12-08-2024,SQL
CONV012166,CUST005522,CAMP0056,10 Aug 2024,Customer
CONV012167,CUST000620,CAMP0189,27-06-2024,SQL
CONV012168,CUST007581,CAMP0116,2025-12-24,SQL
CONV012169,CUST000979,CAMP0213,11/25/2025,Customer
CONV012170,CUST003239,CAMP0015,2023-10-25,SQL
CONV012171,CUST008045,CAMP0179,07/02/2025,Lead
CONV012172,CUST001452,CAMP0111,17-03-2023,MQL
CONV012173,CUST008068,CAMP0003,28-07-2025,MQL
CONV012174,CUST004016,CAMP0029,15 Jun 2023,Opportunity
CONV012175,CUST005579,CAMP0178,2026-07-11,Lead
CONV012176,CUST003191,CAMP0145,2024-06-23,Customer
CONV012177,CUST002321,CAMP0146,01/11/2026,Opportunity
CONV012178,CUST007833,CAMP0196,30-10-2024,Customer
CONV012179,CUST008807,CAMP0082,07 Feb 2026,Lead
CONV012180,CUST008768,CAMP0074,04/07/2026,
CONV012181,CUST008433,CAMP0157,17-02-2026,Opportunity
CONV012182,CUST001971,CAMP0206,07/24/2026,Customer
CONV012183,CUST005043,CAMP0050,2023-10-26,Customer
CONV012184,CUST009812,CAMP0071,03/18/2026,SQL
CONV012185,CUST004303,CAMP0184,02-02-2026,Opportunity
CONV012186,CUST001049,CAMP0009,2024-11-07,Lead
CONV012187,CUST000177,CAMP0209,2023-12-07,Lead
CONV012188,CUST001679,CAMP0006,2025-02-17,Opportunity
CONV012189,CUST003941,CAMP0164,2024-02-01,Opportunity
CONV012190,CUST001086,CAMP0187,2024-11-20,MQL
CONV012191,CUST009109,CAMP0173,05/31/2024,Opportunity
CONV012192,CUST004168,CAMP0188,2025-05-23,Lead
CONV012193,CUST009660,CAMP0178,2025-07-06,Customer
CONV012194,CUST007510,CAMP0128,2023-08-07,MQL
CONV012195,CUST002717,CAMP0059,2025-09-11,Opportunity
CONV012196,CUST002043,CAMP0166,2024-08-31,Lead
CONV012197,CUST005616,CAMP0025,2025-08-03,SQL
CONV012198,CUST007510,CAMP0207,2024-01-07,MQL
CONV012199,CUST001480,CAMP0041,2023-07-28,Lead
CONV012200,CUST008428,CAMP0054,2023-01-02,Opportunity
CONV012201,CUST002691,CAMP0180,28-09-2023,Opportunity
CONV012202,CUST004544,CAMP0193,07/14/2025,Lead
CONV012203,CUST006436,CAMP0107,19-04-2024,Customer
CONV012204,CUST005693,CAMP0066,03/30/2024,Lead
CONV012205,CUST005565,CAMP0212,18-01-2024,MQL
CONV012206,CUST002994,CAMP0208,,SQL
CONV012207,CUST005035,CAMP0201,23-10-2024,Opportunity
CONV012208,CUST008221,CAMP0172,2024-09-22,MQL
CONV012209,CUST003772,CAMP0075,2024-08-12,MQL
CONV012210,CUST009662,CAMP0155,21-12-2024,MQL
CONV012211,CUST001768,CAMP0044,2026-01-11,Lead
CONV012212,CUST006230,CAMP0183,02 Jul 2026,Customer
CONV012213,CUST007027,CAMP0041,2025-03-25,SQL
CONV012214,CUST000973,CAMP0093,09/25/2024,Customer
CONV012215,CUST003676,CAMP0159,2023-01-13,Opportunity
CONV012216,CUST001397,CAMP0133,23-11-2023,MQL
CONV012217,CUST008329,CAMP0124,14-07-2025,MQL
CONV012218,CUST008353,CAMP0180,,SQL
CONV012219,CUST003951,CAMP0210,15-02-2025,Lead
CONV012220,CUST002001,CAMP0174,2025-08-03,Lead
CONV012221,CUST000272,CAMP0093,16-12-2023,SQL
CONV012222,CUST007244,CAMP0076,14-05-2023,Lead
CONV012223,CUST004439,CAMP0132,2024-04-25,Customer
CONV012224,CUST000397,CAMP0120,2023-03-27,Lead
CONV012225,CUST007310,CAMP0220,2026-04-04,
CONV012226,CUST007767,CAMP0095,2023-08-28,Lead
CONV012227,CUST003347,CAMP0029,26-03-2024,Opportunity
CONV012228,CUST000938,CAMP0189,2023-02-24,Customer
CONV012229,CUST000913,CAMP0067,2023-04-06,Lead
CONV012230,CUST003591,CAMP0075,2024-01-03,Customer
CONV012231,CUST003907,CAMP0054,2023-05-01,Opportunity
CONV012232,CUST009252,CAMP0094,24-04-2026,Lead
CONV012233,CUST004397,CAMP0061,2023-12-10,Lead
CONV012234,CUST009520,CAMP0182,30 Jul 2023,MQL
CONV012235,CUST002377,CAMP0192,2024-10-26,Lead
CONV012236,CUST000058,CAMP0056,2025-10-01,Opportunity
CONV012237,CUST004169,CAMP0176,2026-03-03,Opportunity
CONV012238,CUST002022,CAMP0096,2025-09-12,Customer
CONV012239,CUST007058,CAMP0101,2024-04-30,Opportunity
CONV012240,CUST008131,CAMP0113,2026-02-19,MQL
CONV012241,CUST009268,CAMP0009,2023-10-30,Lead
CONV012242,CUST005042,CAMP0164,2025-04-15,Lead
CONV012243,CUST002435,CAMP0190,09/09/2023,Lead
CONV012244,CUST007075,CAMP0167,2023-08-10,SQL
CONV012245,CUST009687,CAMP0144,2024-02-28,Lead
CONV012246,CUST005262,CAMP0120,10-03-2024,SQL
CONV012247,CUST003833,CAMP0111,2025-02-12,Customer
CONV012248,CUST009339,CAMP0169,,Lead
CONV012249,CUST006664,CAMP0186,2025-05-25,Opportunity
CONV012250,CUST002858,CAMP0057,2025-04-11,MQL
CONV012251,CUST001493,CAMP0030,04 Aug 2024,Opportunity
CONV012252,CUST006422,CAMP0162,2023-02-16,Lead
CONV012253,CUST006408,CAMP0204,06/06/2024,Opportunity
CONV012254,CUST003234,CAMP0019,2023-02-13,Customer
CONV012255,CUST002916,CAMP0126,2025-11-06,Opportunity
CONV012256,CUST008510,CAMP0212,02 Oct 2024,Opportunity
CONV012257,CUST007851,CAMP0058,15-07-2026,Lead
CONV012258,CUST008271,CAMP0168,2026-02-12,Customer
CONV012259,CUST007507,CAMP0076,2025-08-08,Opportunity
CONV012260,CUST002525,CAMP0168,2025-03-14,Customer
CONV012261,CUST002917,CAMP0161,2024-02-18,Lead
CONV012262,CUST002716,CAMP0118,2023-02-22,Lead
CONV012263,CUST004569,CAMP0129,2025-04-06,MQL
CONV012264,CUST004413,CAMP0163,02/02/2024,MQL
CONV012265,CUST006619,CAMP0194,2023-02-26,SQL
CONV012266,CUST000286,CAMP0143,,Opportunity
CONV012267,CUST008654,CAMP0018,2023-08-29,Lead
CONV012268,CUST001950,CAMP0167,2025-02-22,SQL
CONV012269,CUST003238,CAMP0165,19-06-2023,MQL
CONV012270,CUST000982,CAMP0205,29-02-2024,Opportunity
CONV012271,CUST004788,CAMP0111,12/03/2024,MQL
CONV012272,CUST004896,CAMP0211,2026-03-17,Opportunity
CONV012273,CUST000757,CAMP0077,04/30/2024,MQL
CONV012274,CUST002852,CAMP0023,02-01-2026,SQL
CONV012275,CUST008955,CAMP0150,2025-05-19,Lead
CONV012276,CUST007154,CAMP0038,2025-06-11,Opportunity
CONV012277,CUST008454,CAMP0213,11/01/2025,Customer
CONV012278,CUST009040,CAMP0020,17-06-2024,Lead
CONV012279,CUST006204,CAMP0019,2024-09-10,Lead
CONV012280,CUST004441,CAMP0074,2025-02-11,Opportunity
CONV012281,CUST009150,CAMP0061,2024-04-01,Customer
CONV012282,CUST007668,CAMP0011,12/12/2025,MQL
CONV012283,CUST002678,CAMP0200,18-01-2026,SQL
CONV012284,CUST004824,CAMP0093,2025-01-21,MQL
CONV012285,CUST004855,CAMP0036,09 Dec 2024,Customer
CONV012286,CUST006852,CAMP0041,2025-06-23,SQL
CONV012287,CUST008844,CAMP0175,2024-06-06,Lead
CONV012288,CUST004827,CAMP0032,2025-10-18,Lead
CONV012289,CUST001529,CAMP0204,2024-11-02,Opportunity
CONV012290,CUST005764,CAMP0143,2024-11-17,Customer
CONV012291,CUST007284,CAMP0077,2025-10-18,MQL
CONV012292,CUST005171,CAMP0119,02/15/2026,MQL
CONV012293,CUST006872,CAMP0006,02/24/2025,Customer
CONV012294,CUST002304,CAMP0060,12-12-2025,Customer
CONV012295,CUST005648,CAMP0029,,Lead
CONV012296,CUST008198,CAMP0206,15-05-2024,Customer
CONV012297,CUST007569,CAMP0062,2023-01-29,Opportunity
CONV012298,CUST006505,CAMP0089,17-06-2026,Lead
CONV012299,CUST004023,CAMP0067,2023-03-06,Opportunity
CONV012300,CUST006638,CAMP0143,19-04-2026,MQL
CONV012301,CUST009460,CAMP0204,2026-06-03,Opportunity
CONV012302,CUST002323,CAMP0157,2023-08-14,MQL
CONV012303,CUST005573,CAMP0190,2026-03-14,Lead
CONV012304,CUST000667,CAMP0104,2023-07-06,Opportunity
CONV012305,CUST007860,CAMP0029,2023-01-22,Lead
CONV012306,CUST000517,CAMP0189,05-04-2026,Lead
CONV012307,CUST000535,CAMP0092,07/31/2023,Opportunity
CONV012308,CUST000891,CAMP0011,07/10/2025,SQL
CONV012309,CUST009578,CAMP0150,2026-03-17,Opportunity
CONV012310,CUST007031,CAMP0193,,Opportunity
CONV012311,CUST005412,CAMP0012,2024-08-20,MQL
CONV012312,CUST000149,CAMP0004,2026-06-03,Customer
CONV012313,CUST003067,CAMP0142,15-09-2023,Lead
CONV012314,CUST009208,CAMP0001,2024-03-15,Lead
CONV012315,CUST001819,CAMP0086,,SQL
CONV012316,CUST005424,CAMP0051,20 Dec 2024,Opportunity
CONV012317,CUST007463,CAMP0078,10-01-2025,Opportunity
CONV012318,CUST000691,CAMP0139,26-06-2024,SQL
CONV012319,CUST005365,CAMP0070,08-07-2025,MQL
CONV012320,CUST000721,CAMP0141,2023-11-22,SQL
CONV012321,CUST002891,CAMP0041,03/08/2025,MQL
CONV012322,CUST009165,CAMP0078,29-06-2023,Customer
CONV012323,CUST001374,CAMP0157,03-12-2025,Customer
CONV012324,CUST001080,CAMP0122,2025-05-23,Opportunity
CONV012325,CUST005608,CAMP0215,02/12/2025,Opportunity
CONV012326,CUST009446,CAMP0003,2024-10-10,MQL
CONV012327,CUST002607,CAMP0106,2025-08-08,Opportunity
CONV012328,CUST006459,CAMP0075,2025-12-20,Opportunity
CONV012329,CUST003966,CAMP0086,2024-02-27,SQL
CONV012330,CUST007036,CAMP0083,06-10-2023,SQL
CONV012331,CUST004639,CAMP0036,2025-01-09,Customer
CONV012332,CUST000308,CAMP0027,2023-11-13,SQL
CONV012333,CUST004426,CAMP0149,10-10-2024,MQL
CONV012334,CUST009659,CAMP0032,05-02-2023,Opportunity
CONV012335,CUST007233,CAMP0071,27-01-2023,Opportunity
CONV012336,CUST001685,CAMP0204,17-05-2026,MQL
CONV012337,CUST007067,CAMP0195,2025-01-06,Opportunity
CONV012338,CUST007440,CAMP0062,2026-06-09,Customer
CONV012339,CUST004917,CAMP0027,2024-12-21,MQL
CONV012340,CUST003634,CAMP0050,16-01-2026,Customer
CONV012341,CUST000560,CAMP0033,2023-03-03,MQL
CONV012342,CUST000795,CAMP0023,29-05-2026,Opportunity
CONV012343,CUST009068,CAMP0006,2025-10-11,Customer
CONV012344,CUST004789,CAMP0050,2025-07-09,Opportunity
CONV012345,CUST000770,CAMP0047,2024-09-30,SQL
CONV012346,CUST001436,CAMP0043,2024-05-17,Lead
CONV012347,CUST009554,CAMP0062,23-06-2024,Opportunity
CONV012348,CUST000561,CAMP0165,2024-10-14,Opportunity
CONV012349,CUST002008,CAMP0112,2023-11-08,MQL
CONV012350,CUST007403,CAMP0066,2024-01-26,Lead
CONV012351,CUST007626,CAMP0020,05/05/2024,MQL
CONV012352,CUST006247,CAMP0048,2024-05-28,SQL
CONV012353,CUST006233,CAMP0219,2023-06-16,Opportunity
CONV012354,CUST005424,CAMP0137,17-12-2023,SQL
CONV012355,CUST007665,CAMP0010,07 Mar 2025,Lead
CONV012356,CUST002079,CAMP0104,2023-11-13,Opportunity
CONV012357,CUST000116,CAMP0167,2024-04-11,Opportunity
CONV012358,CUST008147,CAMP0122,15-05-2024,
CONV012359,CUST005914,CAMP0045,2023-12-29,SQL
CONV012360,CUST005980,CAMP0170,05/02/2026,SQL
CONV012361,CUST000960,CAMP0199,03 Jan 2024,SQL
CONV012362,CUST009783,CAMP0093,2025-04-14,Lead
CONV012363,CUST002714,CAMP0132,2023-03-09,Opportunity
CONV012364,CUST005328,CAMP0007,05 Jun 2024,Lead
CONV012365,CUST005380,CAMP0088,07/28/2026,SQL
CONV012366,CUST008808,CAMP0089,17 Aug 2024,Lead
CONV012367,CUST005617,CAMP0100,2023-11-23,Lead
CONV012368,CUST005155,CAMP0077,2024-12-17,Opportunity
CONV012369,CUST008670,CAMP0197,2025-10-19,Opportunity
CONV012370,CUST009807,CAMP0023,2023-11-19,Lead
CONV012371,CUST002875,CAMP0004,2026-03-09,Opportunity
CONV012372,CUST007711,CAMP0218,2023-09-19,MQL
CONV012373,CUST008196,CAMP0082,,SQL
CONV012374,CUST006478,CAMP0060,23-10-2023,SQL
CONV012375,CUST004901,CAMP0041,2024-03-10,Customer
CONV012376,CUST001130,CAMP0013,2023-07-04,Opportunity
CONV012377,CUST006955,CAMP0049,2024-04-28,SQL
CONV012378,CUST000543,CAMP0156,15-01-2023,MQL
CONV012379,CUST003688,CAMP0106,2025-09-03,MQL
CONV012380,CUST000148,CAMP0180,12 Jul 2024,MQL
CONV012381,CUST006615,CAMP0047,23 Jul 2026,SQL
CONV012382,CUST006854,CAMP0031,2023-07-11,MQL
CONV012383,CUST001658,CAMP0134,2026-05-15,SQL
CONV012384,CUST003466,CAMP0212,2023-04-09,Customer
CONV012385,CUST005347,CAMP0139,02-08-2024,MQL
CONV012386,CUST007281,CAMP0132,2024-07-15,MQL
CONV012387,CUST001712,CAMP0013,03/13/2024,Lead
CONV012388,CUST000892,CAMP0095,09/01/2023,MQL
CONV012389,CUST008412,CAMP0188,2025-08-10,MQL
CONV012390,CUST002651,CAMP0007,10/12/2025,MQL
CONV012391,CUST005534,CAMP0099,2025-09-22,Opportunity
CONV012392,CUST009196,CAMP0119,08/25/2024,MQL
CONV012393,CUST001573,CAMP0098,2023-07-23,MQL
CONV012394,CUST005726,CAMP0215,2023-11-02,SQL
CONV012395,CUST004208,CAMP0108,2025-06-08,Opportunity
CONV012396,CUST009571,CAMP0065,23 Oct 2024,Lead
CONV012397,CUST001405,CAMP0142,2025-08-24,Opportunity
CONV012398,CUST000114,CAMP0039,2024-08-16,SQL
CONV012399,CUST004095,CAMP0068,11/12/2024,Opportunity
CONV012400,CUST008677,CAMP0119,04/17/2026,Lead
CONV012401,CUST009543,CAMP0077,06-09-2023,MQL
CONV012402,CUST009798,CAMP0162,2024-12-24,Opportunity
CONV012403,CUST004100,CAMP0045,,SQL
CONV012404,CUST002436,CAMP0090,2023-04-02,SQL
CONV012405,CUST004824,CAMP0159,11/13/2025,Opportunity
CONV012406,CUST009339,CAMP0078,2023-01-22,SQL
CONV012407,CUST005137,CAMP0202,01/07/2025,Lead
CONV012408,CUST001640,CAMP0003,2026-04-09,
CONV012409,CUST004985,CAMP0213,2025-09-13,Opportunity
CONV012410,CUST002275,CAMP0149,18-05-2024,Lead
CONV012411,CUST007672,CAMP0219,11/12/2023,Opportunity
CONV012412,CUST001717,CAMP0086,2026-03-07,Opportunity
CONV012413,CUST009952,CAMP0022,2025-01-24,MQL
CONV012414,CUST009495,CAMP0088,2024-06-08,SQL
CONV012415,CUST007189,CAMP0158,2026-07-23,Customer
CONV012416,CUST009131,CAMP0050,24-02-2024,Customer
CONV012417,CUST002877,CAMP0088,2024-09-27,SQL
CONV012418,CUST004875,CAMP0191,08-06-2025,Customer
CONV012419,CUST007924,CAMP0025,25-07-2025,Customer
CONV012420,CUST004474,CAMP0143,2023-02-01,Customer
CONV012421,CUST000368,CAMP0213,2023-12-23,Opportunity
CONV012422,CUST005786,CAMP0059,2026-04-29,Opportunity
CONV012423,CUST007554,CAMP0117,20-05-2025,MQL
CONV012424,CUST006480,CAMP0074,2024-05-18,Lead
CONV012425,CUST009942,CAMP0017,08/25/2025,MQL
CONV012426,CUST003800,CAMP0016,2024-10-27,SQL
CONV012427,CUST000847,CAMP0023,2025-10-30,
CONV012428,CUST002388,CAMP0097,2025-01-15,MQL
CONV012429,CUST002649,CAMP0016,2023-11-03,SQL
CONV012430,CUST000763,CAMP0010,13-06-2024,Lead
CONV012431,CUST009626,CAMP0213,2024-10-07,Opportunity
CONV012432,CUST008311,CAMP0027,13-02-2023,Lead
CONV012433,CUST009708,CAMP0165,2023-11-13,Lead
CONV012434,CUST005505,CAMP0064,25-11-2025,Customer
CONV012435,CUST009006,CAMP0149,05/30/2024,Customer
CONV012436,CUST001107,CAMP0160,2025-01-08,MQL
CONV012437,CUST000348,CAMP0158,15-08-2025,SQL
CONV012438,CUST008821,CAMP0172,02/12/2025,Customer
CONV012439,CUST004956,CAMP0122,2023-06-12,SQL
CONV012440,CUST006144,CAMP0131,03/28/2024,Opportunity
CONV012441,CUST004415,CAMP0115,03-05-2023,Customer
CONV012442,CUST001309,CAMP0105,2024-07-11,Opportunity
CONV012443,CUST002219,CAMP0138,23-01-2024,Lead
CONV012444,CUST002518,CAMP0112,26-07-2025,Customer
CONV012445,CUST009874,CAMP0034,,Customer
CONV012446,CUST003990,CAMP0162,2024-11-13,Lead
CONV012447,CUST009302,CAMP0218,2024-10-02,Lead
CONV012448,CUST006364,CAMP0158,13-06-2026,Opportunity
CONV012449,CUST005690,CAMP0172,24 Feb 2025,MQL
CONV012450,CUST003546,CAMP0021,2024-12-20,SQL
CONV012451,CUST004642,CAMP0113,2023-08-09,MQL
CONV012452,CUST002387,CAMP0125,2026-02-09,Opportunity
CONV012453,CUST002923,CAMP0027,07 May 2023,MQL
CONV012454,CUST003912,CAMP0119,2025-02-12,SQL
CONV012455,CUST003119,CAMP0051,2026-03-18,MQL
CONV012456,CUST006032,CAMP0165,16-11-2024,MQL
CONV012457,CUST004108,CAMP0023,01/28/2026,Lead
CONV012458,CUST005760,CAMP0203,2025-05-29,Customer
CONV012459,CUST009319,CAMP0077,22-04-2025,MQL
CONV012460,CUST005860,CAMP0103,09 Oct 2024,Opportunity
CONV012461,CUST007617,CAMP0130,09 Mar 2026,SQL
CONV012462,CUST009864,CAMP0075,2025-04-03,Opportunity
CONV012463,CUST002619,CAMP0104,08-02-2024,Customer
CONV012464,CUST005096,CAMP0111,,Opportunity
CONV012465,CUST007102,CAMP0084,2026-01-13,Customer
CONV012466,CUST007961,CAMP0124,05-12-2024,Opportunity
CONV012467,CUST003939,CAMP0104,25-07-2025,Lead
CONV012468,CUST006827,CAMP0188,2023-05-07,SQL
CONV012469,CUST003234,CAMP0136,2024-09-22,Opportunity
CONV012470,CUST000658,CAMP0100,2023-12-16,Lead
CONV012471,CUST003978,CAMP0118,2024-11-14,SQL
CONV012472,CUST004657,CAMP0095,2026-05-03,MQL
CONV012473,CUST008592,CAMP0087,2023-08-17,MQL
CONV012474,CUST005083,CAMP0105,2026-01-16,SQL
CONV012475,CUST005351,CAMP0005,23-12-2023,Customer
CONV012476,CUST007109,CAMP0054,2025-03-05,Customer
CONV012477,CUST003013,CAMP0137,2024-11-12,Customer
CONV012478,CUST006614,CAMP0033,,Lead
CONV012479,CUST001961,CAMP0219,20 Sep 2023,SQL
CONV012480,CUST004001,CAMP0155,,SQL
CONV012481,CUST000390,CAMP0009,2023-01-03,Customer
CONV012482,CUST003611,CAMP0113,03/31/2024,SQL
CONV012483,CUST001713,CAMP0157,21-10-2025,Opportunity
CONV012484,CUST003780,CAMP0151,2025-04-26,Customer
CONV012485,CUST008291,CAMP0089,02 Sep 2025,Customer
CONV012486,CUST002067,CAMP0106,2023-09-20,Lead
CONV012487,CUST009829,CAMP0127,2023-03-13,Opportunity
CONV012488,CUST002784,CAMP0202,10/20/2024,MQL
CONV012489,CUST000644,CAMP0114,2026-04-11,Customer
CONV012490,CUST006648,CAMP0180,2024-05-29,Customer
CONV012491,CUST007357,CAMP0203,2025-02-22,Lead
CONV012492,CUST009444,CAMP0190,2026-03-10,MQL
CONV012493,CUST004191,CAMP0045,22-06-2023,MQL
CONV012494,CUST002722,CAMP0083,03-04-2023,Lead
CONV012495,CUST003318,CAMP0066,2025-02-05,MQL
CONV012496,CUST002673,CAMP0079,2025-06-25,Lead
CONV012497,CUST008505,CAMP0097,11-10-2024,SQL
CONV012498,CUST007097,CAMP0069,,SQL
CONV012499,CUST003227,CAMP0173,2023-07-28,Customer
CONV012500,CUST000307,CAMP0172,2025-03-27,Customer
CONV012501,CUST000277,CAMP0159,2026-03-28,MQL
CONV012502,CUST006313,CAMP0036,2023-06-14,MQL
CONV012503,CUST006616,CAMP0146,24-09-2023,Lead
CONV012504,CUST000909,CAMP0151,2026-06-13,Opportunity
CONV012505,CUST000916,CAMP0200,08/29/2025,Lead
CONV012506,CUST004998,CAMP0101,2023-01-17,Customer
CONV012507,CUST009191,CAMP0218,2023-06-23,Customer
CONV012508,CUST900047,CAMP0162,2024-05-14,SQL
CONV012509,CUST000805,CAMP0108,2024-09-22,Opportunity
CONV012510,CUST005262,CAMP0120,2023-06-14,SQL
CONV012511,CUST006745,CAMP0113,2024-01-08,SQL
CONV012512,CUST003151,CAMP0143,25-06-2024,SQL
CONV012513,CUST002972,CAMP0133,05-07-2025,MQL
CONV012514,CUST009947,CAMP0074,2025-02-11,SQL
CONV012515,CUST008525,CAMP0193,02/27/2023,Customer
CONV012516,CUST003086,CAMP0064,2025-06-22,SQL
CONV012517,CUST009298,CAMP0028,2024-01-06,Opportunity
CONV012518,CUST001394,CAMP0187,2026-07-19,SQL
CONV012519,CUST002354,CAMP0217,2025-01-11,Opportunity
CONV012520,CUST007319,CAMP0116,2026-04-21,Lead
CONV012521,CUST003005,CAMP0055,18-01-2026,Customer
CONV012522,CUST001504,CAMP0071,2025-06-10,Opportunity
CONV012523,CUST000286,CAMP0183,2024-09-19,Customer
CONV012524,CUST005799,CAMP0097,01/26/2025,SQL
CONV012525,CUST004456,CAMP0051,2023-06-22,Opportunity
CONV012526,CUST002669,CAMP0004,15 May 2023,Customer
CONV012527,CUST005490,CAMP0059,30-08-2023,MQL
CONV012528,CUST007089,CAMP0169,2023-06-21,SQL
CONV012529,CUST008612,CAMP0150,2023-06-14,SQL
CONV012530,CUST009048,CAMP0074,2025-08-07,SQL
CONV012531,CUST001517,CAMP0212,06/16/2025,SQL
CONV012532,CUST004316,CAMP0207,2023-04-03,Opportunity
CONV012533,CUST009220,CAMP0210,2025-04-03,SQL
CONV012534,CUST003133,CAMP0189,2023-03-21,MQL
CONV012535,CUST005891,CAMP0174,2026-02-18,Lead
CONV012536,CUST002637,CAMP0130,2024-01-07,Lead
CONV012537,CUST008327,CAMP0122,2026-06-30,Lead
CONV012538,CUST009779,CAMP0219,2026-03-06,MQL
CONV012539,CUST003118,CAMP0145,02/06/2023,SQL
CONV012540,CUST004457,CAMP0066,30-06-2024,Opportunity
CONV012541,CUST009269,CAMP0208,,SQL
CONV012542,CUST006189,CAMP0151,01/04/2026,Opportunity
CONV012543,CUST006845,CAMP0044,21-11-2024,Customer
CONV012544,CUST001582,CAMP0098,18-07-2025,Opportunity
CONV012545,CUST003669,CAMP0180,2025-08-05,Lead
CONV012546,CUST001352,CAMP0057,29-07-2026,Lead
CONV012547,CUST007300,CAMP0028,2025-06-06,Customer
CONV012548,CUST001823,CAMP0004,06-02-2025,Customer
CONV012549,CUST001903,CAMP0042,2023-06-13,Lead
CONV012550,CUST009301,CAMP0086,2026-06-02,Lead
CONV012551,CUST000192,CAMP0180,2023-04-29,Customer
CONV012552,CUST005648,CAMP0111,15-07-2023,MQL
CONV012553,CUST009139,CAMP0100,26-12-2025,SQL
CONV012554,CUST001448,CAMP0196,2024-08-20,Customer
CONV012555,CUST001912,CAMP0130,29-01-2023,MQL
CONV012556,CUST009531,CAMP0179,2025-01-05,Opportunity
CONV012557,CUST004680,CAMP0184,2025-07-21,Opportunity
CONV012558,CUST005324,CAMP0135,2025-12-11,Customer
CONV012559,CUST007190,CAMP0033,,Customer
CONV012560,CUST005074,CAMP0146,21-08-2023,MQL
CONV012561,CUST004065,CAMP0026,2023-11-01,Opportunity
CONV012562,CUST006007,CAMP0173,2024-11-13,SQL
CONV012563,CUST000419,CAMP0003,09-07-2025,Customer
CONV012564,CUST900045,CAMP0164,11/23/2025,Customer
CONV012565,CUST002375,CAMP0144,2024-07-15,Customer
CONV012566,CUST009219,CAMP0093,02/21/2026,MQL
CONV012567,CUST004569,CAMP0102,2023-07-30,Opportunity
CONV012568,CUST002690,CAMP0052,2025-08-03,MQL
CONV012569,CUST002678,CAMP0097,14-02-2026,Lead
CONV012570,CUST007394,CAMP0010,24-06-2026,Customer
CONV012571,CUST003312,CAMP0144,2023-09-12,SQL
CONV012572,CUST000250,CAMP0172,10/26/2025,Lead
CONV012573,CUST000940,CAMP0176,2023-06-20,Opportunity
CONV012574,CUST004033,CAMP0047,2023-07-22,SQL
CONV012575,CUST004308,CAMP0197,2023-10-26,Customer
CONV012576,CUST007040,CAMP0063,04/09/2026,Lead
CONV012577,CUST006787,CAMP0163,2024-06-23,Customer
CONV012578,CUST003541,CAMP0060,2026-05-26,Lead
CONV012579,CUST003982,CAMP0049,2026-01-10,Lead
CONV012580,CUST004680,CAMP0091,05-08-2023,MQL
CONV012581,CUST000229,CAMP0159,2025-04-16,Lead
CONV012582,CUST005233,CAMP0118,02/13/2023,Opportunity
CONV012583,CUST000076,CAMP0136,2023-02-04,MQL
CONV012584,CUST006271,CAMP0066,2026-06-22,Customer
CONV012585,CUST005041,CAMP0069,2025-12-21,SQL
CONV012586,CUST007164,CAMP0156,,MQL
CONV012587,CUST001283,CAMP0109,14-10-2025,Lead
CONV012588,CUST004500,CAMP0125,2024-10-01,Lead
CONV012589,CUST006287,CAMP0219,2024-11-29,SQL
CONV012590,CUST007870,CAMP0044,2023-05-21,MQL
CONV012591,CUST006214,CAMP0035,2025-01-12,MQL
CONV012592,CUST009612,CAMP0203,2024-06-20,Customer
CONV012593,CUST004036,CAMP0183,2023-12-14,SQL
CONV012594,CUST002329,CAMP0027,2024-03-08,Customer
CONV012595,CUST007473,CAMP0004,17-02-2024,Opportunity
CONV012596,CUST001184,CAMP0084,2024-05-20,Lead
CONV012597,CUST009571,CAMP0168,2023-01-20,SQL
CONV012598,CUST007913,CAMP0074,2025-03-14,SQL
CONV012599,CUST009529,CAMP0212,2023-01-20,SQL
CONV012600,CUST007922,CAMP0199,2023-09-02,Opportunity
CONV012601,CUST001952,CAMP0008,2024-10-27,Opportunity
CONV012602,CUST006324,CAMP0011,2025-11-26,SQL
CONV012603,CUST007089,CAMP0190,07/11/2023,SQL
CONV012604,CUST003426,CAMP0139,2023-02-01,Customer
CONV012605,CUST000824,CAMP0062,09/29/2025,Opportunity
CONV012606,CUST006629,CAMP0095,29-05-2024,Opportunity
CONV012607,CUST004556,CAMP0018,2024-10-19,MQL
CONV012608,CUST008449,CAMP0033,2025-10-05,SQL
CONV012609,CUST000631,CAMP0200,01/09/2024,Lead
CONV012610,CUST001873,CAMP0053,2024-12-05,MQL
CONV012611,CUST002710,CAMP0159,2025-03-07,MQL
CONV012612,CUST000181,CAMP0134,10-02-2024,MQL
CONV012613,CUST003621,CAMP0162,21 Jul 2026,SQL
CONV012614,CUST009542,CAMP0042,2024-08-08,Customer
CONV012615,CUST004008,CAMP0184,2023-02-09,SQL
CONV012616,CUST001095,CAMP0065,2025-03-01,Customer
CONV012617,CUST002537,CAMP0045,2025-06-02,MQL
CONV012618,CUST009508,CAMP0104,,Opportunity
CONV012619,CUST004128,CAMP0100,24-10-2025,SQL
CONV012620,CUST006313,CAMP0169,2023-10-16,MQL
CONV012621,CUST002834,CAMP0015,2023-10-25,Customer
CONV012622,CUST004220,CAMP0180,2025-01-13,Opportunity
CONV012623,CUST005595,CAMP0199,01-04-2025,Customer
CONV012624,CUST007647,CAMP0023,2023-02-15,Customer
CONV012625,CUST009952,CAMP0029,2025-09-03,Lead
CONV012626,CUST009122,CAMP0080,01/29/2026,Customer
CONV012627,CUST006498,CAMP0045,2023-09-20,Lead
CONV012628,CUST004283,CAMP0028,09-01-2026,SQL
CONV012629,CUST005184,CAMP0138,2026-06-22,Opportunity
CONV012630,CUST007050,CAMP0200,2026-05-02,Lead
CONV012631,CUST008265,CAMP0069,2025-10-09,MQL
CONV012632,CUST003404,CAMP0078,2025-06-08,Customer
CONV012633,CUST003564,CAMP0125,2024-01-24,MQL
CONV012634,CUST003291,CAMP0154,2024-01-26,Opportunity
CONV012635,CUST005555,CAMP0054,2024-04-16,Customer
CONV012636,CUST006929,CAMP0157,29-06-2023,Lead
CONV012637,CUST006835,CAMP0031,2023-07-19,Opportunity
CONV012638,CUST007563,CAMP0089,2023-09-30,Lead
CONV012639,CUST008411,CAMP0187,2024-08-31,MQL
CONV012640,CUST006974,CAMP0036,2024-03-21,SQL
CONV012641,CUST007344,CAMP0058,2024-03-10,Customer
CONV012642,CUST002119,CAMP0184,,Opportunity
CONV012643,CUST000851,CAMP0200,15-11-2025,Opportunity
CONV012644,CUST009313,CAMP0150,2024-02-23,Lead
CONV012645,CUST000690,CAMP0173,,Opportunity
CONV012646,CUST006481,CAMP0170,2023-10-04,SQL
CONV012647,CUST007536,CAMP0176,19 Feb 2026,Customer
CONV012648,CUST005792,CAMP0181,2023-01-07,Lead
CONV012649,CUST009334,CAMP0050,06/03/2025,Customer
CONV012650,CUST007376,CAMP0087,05/24/2023,Customer
CONV012651,CUST007023,CAMP0028,2026-02-12,SQL
CONV012652,CUST007420,CAMP0166,,MQL
CONV012653,CUST005205,CAMP0124,2023-03-24,MQL
CONV012654,CUST000720,CAMP0022,2025-01-07,Opportunity
CONV012655,CUST009207,CAMP0034,09/29/2024,SQL
CONV012656,CUST002343,CAMP0077,2026-07-19,Opportunity
CONV012657,CUST004251,CAMP0190,2023-06-20,SQL
CONV012658,CUST000748,CAMP0022,2023-07-09,Opportunity
CONV012659,CUST008311,CAMP0114,05/03/2026,MQL
CONV012660,CUST006633,CAMP0162,2023-11-20,Opportunity
CONV012661,CUST008927,CAMP0184,2023-01-11,Lead
CONV012662,CUST007774,CAMP0070,2024-01-17,Opportunity
CONV012663,CUST005312,CAMP0218,2026-02-06,Opportunity
CONV012664,CUST006352,CAMP0175,2024-09-28,Customer
CONV012665,CUST000889,CAMP0197,2025-01-16,MQL
CONV012666,CUST008916,CAMP0164,19 Oct 2025,Customer
CONV012667,CUST003309,CAMP0102,2024-06-10,MQL
CONV012668,CUST006083,CAMP0087,2025-01-22,Opportunity
CONV012669,CUST003102,CAMP0129,06-05-2024,Opportunity
CONV012670,CUST004042,CAMP0188,06/19/2025,MQL
CONV012671,CUST000998,CAMP0157,2023-03-27,MQL
CONV012672,CUST002333,CAMP0116,,SQL
CONV012673,CUST005163,CAMP0080,2026-05-16,Opportunity
CONV012674,CUST001323,CAMP0071,11-01-2024,Customer
CONV012675,CUST007675,CAMP0039,09-05-2023,MQL
CONV012676,CUST002412,CAMP0166,2025-11-30,MQL
CONV012677,CUST009574,CAMP0030,2024-02-26,MQL
CONV012678,CUST005802,CAMP0059,06/11/2023,MQL
CONV012679,CUST004068,CAMP0096,12-11-2024,Lead
CONV012680,CUST006441,CAMP0015,2026-07-04,MQL
CONV012681,CUST005403,CAMP0054,2026-07-26,SQL
CONV012682,CUST004459,CAMP0203,12/29/2025,Opportunity
CONV012683,CUST000258,CAMP0194,04/11/2025,Opportunity
CONV012684,CUST002351,CAMP0151,2024-09-29,SQL
CONV012685,CUST001671,CAMP0139,2023-10-14,Lead
CONV012686,CUST009813,CAMP0015,06/25/2026,Customer
CONV012687,CUST009358,CAMP0105,2024-02-05,Customer
CONV012688,CUST005250,CAMP0071,2026-04-23,Lead
CONV012689,CUST000665,CAMP0168,2025-05-27,MQL
CONV012690,CUST005943,CAMP0031,,Opportunity
CONV012691,CUST002805,CAMP0173,16-09-2024,Lead
CONV012692,CUST003289,CAMP0032,2024-09-14,Customer
CONV012693,CUST000055,CAMP0068,03/06/2023,Lead
CONV012694,CUST005880,CAMP0103,05-06-2024,MQL
CONV012695,CUST000432,CAMP0102,2024-04-12,SQL
CONV012696,CUST000760,CAMP0141,2024-09-09,SQL
CONV012697,CUST009552,CAMP0172,16-09-2023,Opportunity
CONV012698,CUST007398,CAMP0057,2024-12-16,SQL
CONV012699,CUST008188,CAMP0103,2025-04-14,Opportunity
CONV012700,CUST002956,CAMP0173,20 Feb 2023,Customer
CONV012701,CUST004979,CAMP0080,2025-07-19,MQL
CONV012702,CUST003858,CAMP0066,2026-07-01,Lead
CONV012703,CUST006235,CAMP0167,08-04-2025,Opportunity
CONV012704,CUST003057,CAMP0163,09/18/2025,SQL
CONV012705,CUST006184,CAMP0176,2023-08-20,SQL
CONV012706,CUST003956,CAMP0192,2023-05-18,SQL
CONV012707,CUST004583,CAMP0048,25-02-2024,Customer
CONV012708,CUST004631,CAMP0075,2025-01-24,Opportunity
CONV012709,CUST001060,CAMP0041,05/15/2025,MQL
CONV012710,CUST005363,CAMP0175,15-04-2023,Lead
CONV012711,CUST003781,CAMP0061,2024-12-29,Lead
CONV012712,CUST008705,CAMP0121,,SQL
CONV012713,CUST001205,CAMP0173,26-06-2023,Customer
CONV012714,CUST009907,CAMP0004,2023-09-16,MQL
CONV012715,CUST005426,CAMP0117,24-10-2025,Customer
CONV012716,CUST008535,CAMP0001,2024-03-20,Lead
CONV012717,CUST003964,CAMP0021,28-01-2023,Customer
CONV012718,CUST002204,CAMP0007,2023-06-09,Customer
CONV012719,CUST007634,CAMP0156,14-09-2024,Opportunity
CONV012720,CUST009185,CAMP0171,05-08-2023,Customer
CONV012721,CUST003842,CAMP0061,21-11-2023,SQL
CONV012722,CUST005376,CAMP0074,2023-12-30,SQL
CONV012723,CUST003458,CAMP0081,11/13/2023,Opportunity
CONV012724,CUST004842,CAMP0101,,Lead
CONV012725,CUST004631,CAMP0063,2025-12-20,Lead
CONV012726,CUST002223,CAMP0193,19-10-2025,Customer
CONV012727,CUST007842,CAMP0019,2024-05-23,Lead
CONV012728,CUST005020,CAMP0085,2023-04-06,MQL
CONV012729,CUST005575,CAMP0046,2025-07-13,Customer
CONV012730,CUST005250,CAMP0058,14-01-2024,MQL
CONV012731,CUST009761,CAMP0203,2024-11-05,MQL
CONV012732,CUST009996,CAMP0083,2025-09-29,Lead
CONV012733,CUST003301,CAMP0116,20 Mar 2024,Opportunity
CONV012734,CUST000647,CAMP0155,11 Jan 2023,MQL
CONV012735,CUST006340,CAMP0161,2025-07-13,Opportunity
CONV012736,CUST003880,CAMP0094,2024-04-08,MQL
CONV012737,CUST009686,CAMP0150,05/11/2023,Customer
CONV012738,CUST000188,CAMP0186,05 Aug 2025,SQL
CONV012739,CUST008183,CAMP0147,2023-09-05,SQL
CONV012740,CUST006312,CAMP0146,01-05-2025,Opportunity
CONV012741,CUST009872,CAMP0177,01/09/2026,Opportunity
CONV012742,CUST002958,CAMP0016,2026-05-18,SQL
CONV012743,CUST003619,CAMP0098,12/06/2024,Customer
CONV012744,CUST002664,CAMP0169,2023-01-13,Lead
CONV012745,CUST000757,CAMP0157,05 Jun 2024,MQL
CONV012746,CUST008255,CAMP0165,2023-12-05,Lead
CONV012747,CUST009997,CAMP0071,2024-12-13,SQL
CONV012748,CUST004240,CAMP0212,03/01/2025,Opportunity
CONV012749,CUST003479,CAMP0015,2026-02-09,Customer
CONV012750,CUST000043,CAMP0058,2026-06-29,Customer
CONV012751,CUST003400,CAMP0192,2024-06-29,MQL
CONV012752,CUST005394,CAMP0165,08/03/2025,Opportunity
CONV012753,CUST007786,CAMP0103,2026-07-04,Customer
CONV012754,CUST005777,CAMP0001,06 Oct 2025,Lead
CONV012755,CUST001725,CAMP0161,2025-09-21,MQL
CONV012756,CUST003191,CAMP0025,2023-10-08,Opportunity
CONV012757,CUST001135,CAMP0106,10-06-2026,SQL
CONV012758,CUST007961,CAMP0099,04/19/2025,MQL
CONV012759,CUST007311,CAMP0040,2024-04-05,MQL
CONV012760,CUST001314,CAMP0178,2025-11-05,Customer
CONV012761,CUST006287,CAMP0208,2025-07-16,Opportunity
CONV012762,CUST000422,CAMP0063,2023-03-23,Opportunity
CONV012763,CUST006271,CAMP0129,,Lead
CONV012764,CUST002798,CAMP0185,2023-04-10,MQL
CONV012765,CUST009642,CAMP0071,02/17/2025,Lead
CONV012766,CUST000775,CAMP0171,2024-07-22,MQL
CONV012767,CUST005718,CAMP0073,,Customer
CONV012768,CUST008709,CAMP0057,2023-10-16,MQL
CONV012769,CUST009335,CAMP0068,2024-05-01,MQL
CONV012770,CUST004483,CAMP0155,20-08-2024,MQL
CONV012771,CUST008946,CAMP0074,09/16/2025,SQL
CONV012772,CUST000752,CAMP0133,2026-02-15,Lead
CONV012773,CUST000301,CAMP0155,2025-06-05,MQL
CONV012774,CUST005526,CAMP0123,10 Jun 2025,SQL
CONV012775,CUST005475,CAMP0070,21-10-2024,Opportunity
CONV012776,CUST004544,CAMP0106,13-10-2025,MQL
CONV012777,CUST007892,CAMP0184,18 Nov 2023,Lead
CONV012778,CUST001016,CAMP0026,2024-11-04,Customer
CONV012779,CUST000974,CAMP0177,2024-05-03,Customer
CONV012780,CUST007206,CAMP0013,2025-08-04,Lead
CONV012781,CUST008773,CAMP0028,25-02-2026,SQL
CONV012782,CUST000862,CAMP0161,2026-01-24,Opportunity
CONV012783,CUST007984,CAMP0187,08-03-2023,MQL
CONV012784,CUST009676,CAMP0108,2023-05-10,SQL
CONV012785,CUST009232,CAMP0133,2026-05-31,Customer
CONV012786,CUST006891,CAMP0012,2025-06-06,Lead
CONV012787,CUST008342,CAMP0130,03/25/2023,Lead
CONV012788,CUST003299,CAMP0136,12 May 2023,MQL
CONV012789,CUST009005,CAMP0116,2026-03-22,Customer
CONV012790,CUST007256,CAMP0033,21-07-2026,MQL
CONV012791,CUST000254,CAMP0086,2024-10-14,Lead
CONV012792,CUST000505,CAMP0126,01/07/2024,Customer
CONV012793,CUST005682,CAMP0169,2026-07-26,MQL
CONV012794,CUST001871,CAMP0139,29 Nov 2023,SQL
CONV012795,CUST009846,CAMP0184,02/01/2023,Customer
CONV012796,CUST003012,CAMP0152,09/28/2023,Opportunity
CONV012797,CUST008177,CAMP0206,2023-01-09,Opportunity
CONV012798,CUST001435,CAMP0166,2025-01-25,Customer
CONV012799,CUST008759,CAMP0160,,Customer
CONV012800,CUST008446,CAMP0068,2023-08-25,Opportunity
CONV012801,CUST003194,CAMP0190,2025-03-11,Opportunity
CONV012802,CUST002743,CAMP0070,2023-04-05,SQL
CONV012803,CUST007304,CAMP0058,04-02-2026,MQL
CONV012804,CUST009378,CAMP0197,2026-02-03,Opportunity
CONV012805,CUST004713,CAMP0179,25-05-2025,Opportunity
CONV012806,CUST000546,CAMP0021,2023-12-18,SQL
CONV012807,CUST004301,CAMP0220,2024-02-19,Lead
CONV012808,CUST000603,CAMP0006,2023-02-22,MQL
CONV012809,CUST005315,CAMP0125,06/02/2026,Lead
CONV012810,CUST003127,CAMP0195,2023-01-24,Lead
CONV012811,CUST002109,CAMP0193,2023-04-26,Customer
CONV012812,CUST000551,CAMP0113,07-03-2023,MQL
CONV012813,CUST003913,CAMP0111,2026-03-26,Customer
CONV012814,CUST006442,CAMP0058,2025-06-10,SQL
CONV012815,CUST004483,CAMP0215,2023-07-11,Customer
CONV012816,CUST006522,CAMP0163,2026-02-13,Customer
CONV012817,CUST006385,CAMP0055,04/15/2024,SQL
CONV012818,CUST009254,CAMP0030,10/21/2025,
CONV012819,CUST008372,CAMP0098,2023-03-22,Customer
CONV012820,CUST000084,CAMP0155,07/13/2024,MQL
CONV012821,CUST007853,CAMP0027,2024-10-11,MQL
CONV012822,CUST000431,CAMP0062,12/17/2025,SQL
CONV012823,CUST003901,CAMP0075,2023-01-26,Lead
CONV012824,CUST001912,CAMP0026,2025-08-29,Customer
CONV012825,CUST009066,CAMP0015,12-07-2025,Customer
CONV012826,CUST008541,CAMP0041,2026-01-26,SQL
CONV012827,CUST003071,CAMP0164,05/24/2025,SQL
CONV012828,CUST002324,CAMP0079,2023-01-03,Opportunity
CONV012829,CUST004040,CAMP0088,,MQL
CONV012830,CUST006629,CAMP0039,2025-01-12,SQL
CONV012831,CUST009200,CAMP0157,,Customer
CONV012832,CUST003981,CAMP0106,,Lead
CONV012833,CUST001159,CAMP0133,11-09-2024,Customer
CONV012834,CUST006064,CAMP0121,2023-05-26,Lead
CONV012835,CUST007226,CAMP0104,2023-04-02,SQL
CONV012836,CUST003822,CAMP0018,2023-01-30,Opportunity
CONV012837,CUST009167,CAMP0093,2023-07-18,Opportunity
CONV012838,CUST009578,CAMP0022,2025-10-22,Opportunity
CONV012839,CUST001750,CAMP0136,2025-04-13,Opportunity
CONV012840,CUST005085,CAMP0167,2025-05-21,Lead
CONV012841,CUST000888,CAMP0001,15-08-2025,Lead
CONV012842,CUST004222,CAMP0164,10-09-2025,SQL
CONV012843,CUST003913,CAMP0211,30-03-2024,Customer
CONV012844,CUST002479,CAMP0050,11-06-2026,Lead
CONV012845,CUST009560,CAMP0217,2023-09-23,Opportunity
CONV012846,CUST004762,CAMP0009,2025-12-14,Lead
CONV012847,CUST004424,CAMP0032,,Customer
CONV012848,CUST002330,CAMP0001,2025-03-04,Opportunity
CONV012849,CUST005093,CAMP0189,2023-08-26,SQL
CONV012850,CUST009225,CAMP0049,,Opportunity
CONV012851,CUST001620,CAMP0118,28-01-2024,Lead
CONV012852,CUST005037,CAMP0017,2023-02-18,MQL
CONV012853,CUST002387,CAMP0029,2023-10-20,Customer
CONV012854,CUST005957,CAMP0086,2025-10-27,SQL
CONV012855,CUST002994,CAMP0152,,MQL
CONV012856,CUST004821,CAMP0092,2025-04-18,MQL
CONV012857,CUST004659,CAMP0021,,Customer
CONV012858,CUST003416,CAMP0064,,SQL
CONV012859,CUST000970,CAMP0044,30-09-2024,MQL
CONV012860,CUST003805,CAMP0200,01/25/2024,Opportunity
CONV012861,CUST008189,CAMP0025,2023-11-05,SQL
CONV012862,CUST008559,CAMP0216,22-05-2024,SQL
CONV012863,CUST003391,CAMP0032,2026-03-11,Opportunity
CONV012864,CUST007170,CAMP0043,12/13/2025,Opportunity
CONV012865,CUST002777,CAMP0103,10/11/2025,Customer
CONV012866,CUST002204,CAMP0170,07/15/2024,Customer
CONV012867,CUST005688,CAMP0151,2023-11-22,SQL
CONV012868,CUST008783,CAMP0025,09/25/2024,SQL
CONV012869,CUST009069,CAMP0018,2026-07-09,Customer
CONV012870,CUST003777,CAMP0076,2026-05-28,Opportunity
CONV012871,CUST003262,CAMP0175,2024-05-06,SQL
CONV012872,CUST003528,CAMP0164,07-11-2025,Customer
CONV012873,CUST001919,CAMP0217,27-01-2026,Customer
CONV012874,CUST007401,CAMP0014,2024-10-20,MQL
CONV012875,CUST006433,CAMP0073,30-03-2025,Opportunity
CONV012876,CUST005878,CAMP0104,2025-02-25,Lead
CONV012877,CUST003164,CAMP0025,2023-01-05,SQL
CONV012878,CUST004583,CAMP0165,2025-07-24,SQL
CONV012879,CUST004880,CAMP0192,,SQL
CONV012880,CUST003290,CAMP0082,2024-12-30,Lead
CONV012881,CUST003886,CAMP0179,2025-05-31,Customer
CONV012882,CUST008558,CAMP0202,07/24/2024,Opportunity
CONV012883,CUST004530,CAMP0028,04/20/2024,Customer
CONV012884,CUST002382,CAMP0140,2023-05-13,SQL
CONV012885,CUST009879,CAMP0008,2023-10-05,Customer
CONV012886,CUST000110,CAMP0086,02 Jun 2024,MQL
CONV012887,CUST008255,CAMP0075,25-06-2026,Customer
CONV012888,CUST007551,CAMP0116,05-09-2023,Opportunity
CONV012889,CUST005251,CAMP0198,2023-01-03,MQL
CONV012890,CUST002304,CAMP0105,2023-09-21,Lead
CONV012891,CUST001572,CAMP0130,2023-10-14,SQL
CONV012892,CUST003426,CAMP0086,2024-11-17,Lead
CONV012893,CUST006271,CAMP0188,2024-06-08,MQL
CONV012894,CUST009738,CAMP0041,2024-03-05,MQL
CONV012895,CUST007972,CAMP0170,20-01-2026,Lead
CONV012896,CUST006227,CAMP0052,03-05-2024,Lead
CONV012897,CUST006038,CAMP0210,2024-06-18,Opportunity
CONV012898,CUST000777,CAMP0078,2023-09-24,Lead
CONV012899,CUST007560,CAMP0135,05/03/2026,Lead
CONV012900,CUST007617,CAMP0107,2023-12-14,Lead
CONV012901,CUST006564,CAMP0199,12-01-2026,Opportunity
CONV012902,CUST007332,CAMP0117,01/29/2026,Customer
CONV012903,CUST000877,CAMP0126,22-04-2026,MQL
CONV012904,CUST007716,CAMP0025,2024-02-25,Opportunity
CONV012905,CUST007892,CAMP0184,2023-02-19,MQL
CONV012906,CUST008022,CAMP0062,2023-01-04,Customer
CONV012907,CUST001030,CAMP0095,09/17/2023,SQL
CONV012908,CUST009521,CAMP0024,2024-07-25,SQL
CONV012909,CUST008624,CAMP0018,2026-07-22,Customer
CONV012910,CUST006323,CAMP0038,01/05/2024,Lead
CONV012911,CUST001138,CAMP0174,2026-03-22,SQL
CONV012912,CUST001176,CAMP0099,31 Jan 2025,Customer
CONV012913,CUST004778,CAMP0159,07-11-2025,Lead
CONV012914,CUST002305,CAMP0014,18-10-2023,MQL
CONV012915,CUST002084,CAMP0069,2025-03-12,Lead
CONV012916,CUST000780,CAMP0093,2026-07-13,MQL
CONV012917,CUST002910,CAMP0028,2026-04-08,MQL
CONV012918,CUST009957,CAMP0163,2025-01-22,SQL
CONV012919,CUST004677,CAMP0177,12/24/2023,SQL
CONV012920,CUST009406,CAMP0003,11-03-2024,MQL
CONV012921,CUST003420,CAMP0077,10/03/2025,Opportunity
CONV012922,CUST004000,CAMP0178,06/04/2023,SQL
CONV012923,CUST005585,CAMP0098,26-11-2023,Customer
CONV012924,CUST009967,CAMP0089,2023-11-13,MQL
CONV012925,CUST006170,CAMP0211,12 Sep 2023,Customer
CONV012926,CUST002517,CAMP0158,,MQL
CONV012927,CUST001457,CAMP0125,2024-10-08,MQL
CONV012928,CUST004284,CAMP0132,02/16/2025,Opportunity
CONV012929,CUST008328,CAMP0056,17-02-2024,Lead
CONV012930,CUST008649,CAMP0157,2023-01-08,Lead
CONV012931,CUST001039,CAMP0061,2025-10-22,SQL
CONV012932,CUST004209,CAMP0053,26-10-2024,MQL
CONV012933,CUST007207,CAMP0211,01 Aug 2026,Lead
CONV012934,CUST008806,CAMP0121,2023-05-03,SQL
CONV012935,CUST009211,CAMP0078,2025-05-27,SQL
CONV012936,CUST003905,CAMP0216,2023-02-26,Lead
CONV012937,CUST002808,CAMP0065,,Customer
CONV012938,CUST004754,CAMP0217,04/16/2024,SQL
CONV012939,CUST006462,CAMP0134,02/08/2023,Opportunity
CONV012940,CUST004402,CAMP0171,,Lead
CONV012941,CUST002256,CAMP0193,2024-01-13,Lead
CONV012942,CUST006406,CAMP0019,27-02-2023,Lead
CONV012943,CUST009815,CAMP0064,2023-07-04,MQL
CONV012944,CUST002448,CAMP0216,07/23/2023,Lead
CONV012945,CUST006203,CAMP0138,2025-05-11,Customer
CONV012946,CUST008737,CAMP0080,2026-07-29,Lead
CONV012947,CUST007545,CAMP0174,,SQL
CONV012948,CUST003309,CAMP0179,2025-01-10,SQL
CONV012949,CUST005816,CAMP0028,2024-01-02,Opportunity
CONV012950,CUST000085,CAMP0183,08/05/2025,Opportunity
CONV012951,CUST003196,CAMP0217,01/31/2025,Opportunity
CONV012952,CUST006653,CAMP0118,13-01-2023,SQL
CONV012953,CUST008150,CAMP0212,2024-05-01,SQL
CONV012954,CUST008340,CAMP0066,2024-12-14,Opportunity
CONV012955,CUST000079,CAMP0122,13-03-2023,SQL
CONV012956,CUST001732,CAMP0026,12/19/2023,SQL
CONV012957,CUST007282,CAMP0126,2023-10-09,SQL
CONV012958,CUST004966,CAMP0001,23-01-2023,SQL
CONV012959,CUST006025,CAMP0203,2023-09-27,SQL
CONV012960,CUST006935,CAMP0204,06/26/2024,Lead
CONV012961,CUST002136,CAMP0208,05/15/2026,SQL
CONV012962,CUST002545,CAMP0056,29-03-2026,Customer
CONV012963,CUST009321,CAMP0014,05 Jan 2023,Lead
CONV012964,CUST009674,CAMP0001,2025-04-27,Lead
CONV012965,CUST009907,CAMP0140,2025-01-18,Lead
CONV012966,CUST008116,CAMP0202,,Lead
CONV012967,CUST005089,CAMP0083,2024-11-08,Customer
CONV012968,CUST004831,CAMP0002,01/12/2023,Opportunity
CONV012969,CUST000744,CAMP0105,07/31/2023,Customer
CONV012970,CUST004177,CAMP0211,27 Mar 2025,Customer
CONV012971,CUST003433,CAMP0084,05/22/2026,Customer
CONV012972,CUST006309,CAMP0086,2025-03-16,SQL
CONV012973,CUST001863,CAMP0150,05/18/2026,SQL
CONV012974,CUST005575,CAMP0175,2023-06-25,SQL
CONV012975,CUST004682,CAMP0095,06-12-2025,Lead
CONV012976,CUST009295,CAMP0210,2024-05-27,MQL
CONV012977,CUST007593,CAMP0186,2023-01-03,Lead
CONV012978,CUST007097,CAMP0033,2023-09-19,SQL
CONV012979,CUST000651,CAMP0146,11-12-2023,SQL
CONV012980,CUST006345,CAMP0125,2025-03-25,Opportunity
CONV012981,CUST009491,CAMP0081,2025-02-21,Opportunity
CONV012982,CUST002868,CAMP0161,2026-06-17,Opportunity
CONV012983,CUST001691,CAMP0209,2026-05-04,SQL
CONV012984,CUST007224,CAMP0133,2025-08-27,Lead
CONV012985,CUST005400,CAMP0110,2024-05-19,Customer
CONV012986,CUST008957,CAMP0166,12-12-2023,Opportunity
CONV012987,CUST006235,CAMP0208,12/08/2025,Customer
CONV012988,CUST000895,CAMP0122,2025-12-17,SQL
CONV012989,CUST000544,CAMP0006,2024-04-02,Opportunity
CONV012990,CUST003627,CAMP0026,04/28/2024,Lead
CONV012991,CUST000918,CAMP0158,2025-05-29,Customer
CONV012992,CUST009078,CAMP0012,2026-01-31,Lead
CONV012993,CUST007568,CAMP0139,2026-06-27,Customer
CONV012994,CUST007629,CAMP0063,2025-02-17,Lead
CONV012995,CUST000365,CAMP0141,,SQL
CONV012996,CUST007248,CAMP0085,04/25/2023,MQL
CONV012997,CUST009428,CAMP0122,2025-01-11,Customer
CONV012998,CUST001778,CAMP0152,18-07-2024,SQL
CONV012999,CUST000969,CAMP0049,2024-09-01,Customer
CONV013000,CUST006088,CAMP0077,2023-02-18,SQL
CONV013001,CUST004628,CAMP0084,23 Mar 2026,Customer
CONV013002,CUST002204,CAMP0116,27 Jun 2023,Opportunity
CONV013003,CUST000475,CAMP0121,10-08-2024,MQL
CONV013004,CUST008726,CAMP0123,2024-04-23,Lead
CONV013005,CUST009511,CAMP0171,2025-07-21,Lead
CONV013006,CUST006692,CAMP0149,22-12-2023,Customer
CONV013007,CUST006783,CAMP0174,09/04/2023,Opportunity
CONV013008,CUST008553,CAMP0159,2025-03-25,Opportunity
CONV013009,CUST001476,CAMP0141,2025-06-17,MQL
CONV013010,CUST004082,CAMP0185,12-03-2025,Customer
CONV013011,CUST006839,CAMP0021,11 Dec 2023,Customer
CONV013012,CUST000716,CAMP0142,,Opportunity
CONV013013,CUST003606,CAMP0092,2025-06-03,Opportunity
CONV013014,CUST009378,CAMP0209,2023-03-03,Opportunity
CONV013015,CUST002439,CAMP0196,2023-05-24,MQL
CONV013016,CUST003559,CAMP0205,2024-03-26,Customer
CONV013017,CUST001900,CAMP0050,06/29/2023,MQL
CONV013018,CUST008862,CAMP0057,26 Oct 2024,Customer
CONV013019,CUST009642,CAMP0211,2026-04-05,Opportunity
CONV013020,CUST002098,CAMP0174,2023-11-07,Customer
CONV013021,CUST009685,CAMP0034,07/16/2026,Lead
CONV013022,CUST007417,CAMP0050,19-07-2025,MQL
CONV013023,CUST004497,CAMP0199,27-02-2026,MQL
CONV013024,CUST003330,CAMP0024,28-11-2023,Opportunity
CONV013025,CUST900011,CAMP0010,2024-12-12,MQL
CONV013026,CUST006494,CAMP0045,2023-02-09,Opportunity
CONV013027,CUST009528,CAMP0032,2024-08-16,Customer
CONV013028,CUST002054,CAMP0057,27-03-2023,MQL
CONV013029,CUST002747,CAMP0190,21-06-2025,MQL
CONV013030,CUST005567,CAMP0145,2025-05-31,Opportunity
CONV013031,CUST006894,CAMP0188,2023-09-15,Opportunity
CONV013032,CUST009556,CAMP0132,07/03/2026,Opportunity
CONV013033,CUST002105,CAMP0055,2024-12-17,Customer
CONV013034,CUST005165,CAMP0131,2023-02-22,Opportunity
CONV013035,CUST000039,CAMP0183,2023-04-16,Lead
CONV013036,CUST002149,CAMP0108,2025-06-17,Customer
CONV013037,CUST004016,CAMP0066,2023-09-20,Customer
CONV013038,CUST009030,CAMP0016,2023-01-30,Opportunity
CONV013039,CUST008394,CAMP0023,2023-07-23,MQL
CONV013040,CUST009817,CAMP0105,2023-11-14,Opportunity
CONV013041,CUST002970,CAMP0085,2024-04-16,MQL
CONV013042,CUST008498,CAMP0146,2024-03-31,MQL
CONV013043,CUST008630,CAMP0106,2025-03-21,Lead
CONV013044,CUST006600,CAMP0161,2026-04-23,Opportunity
CONV013045,CUST004582,CAMP0115,2023-12-14,SQL
CONV013046,CUST005582,CAMP0047,2023-11-06,Opportunity
CONV013047,CUST008451,CAMP0129,18-12-2025,Lead
CONV013048,CUST003663,CAMP0095,14-03-2025,Customer
CONV013049,CUST009630,CAMP0216,2023-03-30,Opportunity
CONV013050,CUST004701,CAMP0048,30 Sep 2025,Customer
CONV013051,CUST004529,CAMP0194,14 Feb 2024,Customer
CONV013052,CUST001802,CAMP0207,04/30/2026,Opportunity
CONV013053,CUST004532,CAMP0084,2023-01-15,Lead
CONV013054,CUST009493,CAMP0194,2024-05-22,MQL
CONV013055,CUST001169,CAMP0044,16-03-2023,SQL
CONV013056,CUST000028,CAMP0176,2025-09-20,Opportunity
CONV013057,CUST007420,CAMP0146,2025-03-29,Opportunity
CONV013058,CUST006836,CAMP0208,2025-03-19,MQL
CONV013059,CUST009848,CAMP0124,2024-06-11,Opportunity
CONV013060,CUST003873,CAMP0028,2025-01-21,MQL
CONV013061,CUST004170,CAMP0111,2026-03-08,Customer
CONV013062,CUST000576,CAMP0041,04/06/2024,Lead
CONV013063,CUST004061,CAMP0012,2025-09-20,MQL
CONV013064,CUST009278,CAMP0202,2023-12-25,MQL
CONV013065,CUST003271,CAMP0093,2024-04-27,Lead
CONV013066,CUST000851,CAMP0049,2024-01-25,Opportunity
CONV013067,CUST003165,CAMP0012,2024-10-13,Customer
CONV013068,CUST003132,CAMP0168,2023-11-09,Customer
CONV013069,CUST000403,CAMP0179,2026-07-17,Opportunity
CONV013070,CUST004154,CAMP0138,2023-04-10,MQL
CONV013071,CUST000205,CAMP0138,2024-09-27,MQL
CONV013072,CUST007190,CAMP0205,2024-05-06,MQL
CONV013073,CUST001737,CAMP0084,14 Aug 2025,
CONV013074,CUST003345,CAMP0212,2025-08-04,SQL
CONV013075,CUST000333,CAMP0211,09 Jul 2025,SQL
CONV013076,CUST006997,CAMP0206,08-06-2024,Lead
CONV013077,CUST009361,CAMP0033,2025-07-05,Customer
CONV013078,CUST008649,CAMP0082,04/21/2026,Lead
CONV013079,CUST001822,CAMP0209,24-11-2024,SQL
CONV013080,CUST001324,CAMP0067,27-05-2026,Lead
CONV013081,CUST004157,CAMP0209,2024-06-30,SQL
CONV013082,CUST006581,CAMP0062,2023-11-27,Customer
CONV013083,CUST003751,CAMP0034,2023-10-31,SQL
CONV013084,CUST008786,CAMP0076,01-07-2026,Customer
CONV013085,CUST006693,CAMP0199,01-09-2024,Lead
CONV013086,CUST006545,CAMP0110,,Customer
CONV013087,CUST004346,CAMP0053,29-12-2023,Lead
CONV013088,CUST000226,CAMP0002,2023-01-24,Lead
CONV013089,CUST007653,CAMP0145,2026-05-05,Opportunity
CONV013090,CUST004130,CAMP0141,2024-07-06,SQL
CONV013091,CUST002052,CAMP0074,2025-01-09,Opportunity
CONV013092,CUST005066,CAMP0019,2024-12-08,Opportunity
CONV013093,CUST001640,CAMP0196,2026-08-01,Customer
CONV013094,CUST003033,CAMP0090,2024-06-24,Customer
CONV013095,CUST002664,CAMP0118,2026-03-06,Opportunity
CONV013096,CUST008444,CAMP0076,2024-12-08,Lead
CONV013097,CUST007295,CAMP0025,25-10-2025,Customer
CONV013098,CUST002878,CAMP0167,2025-04-27,Opportunity
CONV013099,CUST006285,CAMP0021,2023-10-08,Opportunity
CONV013100,CUST001313,CAMP0009,2023-03-17,Lead
CONV013101,CUST000154,CAMP0087,01/04/2023,MQL
CONV013102,CUST003174,CAMP0101,,Lead
CONV013103,CUST004283,CAMP0047,05/13/2026,MQL
CONV013104,CUST009878,CAMP0181,31-08-2024,Lead
CONV013105,CUST002307,CAMP0144,2025-06-02,Customer
CONV013106,CUST004479,CAMP0048,2025-12-26,Opportunity
CONV013107,CUST009939,CAMP0118,2025-10-19,SQL
CONV013108,CUST000721,CAMP0091,2025-11-06,Customer
CONV013109,CUST002540,CAMP0088,08/17/2025,Customer
CONV013110,CUST005179,CAMP0026,02 Sep 2024,MQL
CONV013111,CUST004759,CAMP0162,2026-07-20,SQL
CONV013112,CUST006889,CAMP0190,2026-01-16,Customer
CONV013113,CUST004126,CAMP0144,14 Jun 2025,Customer
CONV013114,CUST008678,CAMP0039,2025-12-10,Customer
CONV013115,CUST003945,CAMP0179,12/10/2023,Opportunity
CONV013116,CUST002876,CAMP0010,2023-10-28,Opportunity
CONV013117,CUST001371,CAMP0048,27-03-2023,Lead
CONV013118,CUST009344,CAMP0204,07/23/2023,Customer
CONV013119,CUST007825,CAMP0091,17-03-2024,Customer
CONV013120,CUST003510,CAMP0097,2026-01-18,Opportunity
CONV013121,CUST003481,CAMP0169,,Opportunity
CONV013122,CUST001048,CAMP0110,2024-06-02,Opportunity
CONV013123,CUST004017,CAMP0029,14 Mar 2023,Lead
CONV013124,CUST002834,CAMP0068,2025-08-28,Customer
CONV013125,CUST009521,CAMP0183,26-04-2023,MQL
CONV013126,CUST006571,CAMP0025,2025-02-10,Opportunity
CONV013127,CUST008051,CAMP0058,2025-01-17,Lead
CONV013128,CUST004683,CAMP0052,03/05/2023,SQL
CONV013129,CUST002019,CAMP0129,2026-02-15,MQL
CONV013130,CUST000343,CAMP0128,18 Sep 2025,SQL
CONV013131,CUST007487,CAMP0049,2025-08-14,Customer
CONV013132,CUST001143,CAMP0134,29 Mar 2024,Lead
CONV013133,CUST009464,CAMP0054,2026-05-16,SQL
CONV013134,CUST007337,CAMP0129,2025-12-22,Lead
CONV013135,CUST004199,CAMP0157,30-10-2023,MQL
CONV013136,CUST006528,CAMP0183,2023-01-08,Opportunity
CONV013137,CUST001378,CAMP0096,30-07-2026,MQL
CONV013138,CUST000243,CAMP0161,2025-01-27,Lead
CONV013139,CUST002197,CAMP0142,10/08/2023,Customer
CONV013140,CUST003237,CAMP0205,2023-11-23,Opportunity
CONV013141,CUST007649,CAMP0007,29-01-2025,Lead
CONV013142,CUST004326,CAMP0151,2024-05-27,SQL
CONV013143,CUST003082,CAMP0033,28-07-2026,Lead
CONV013144,CUST005261,CAMP0133,2024-12-22,SQL
CONV013145,CUST005820,CAMP0096,2023-06-05,SQL
CONV013146,CUST006638,CAMP0173,2026-07-11,Opportunity
CONV013147,CUST009692,CAMP0142,21-05-2023,Customer
CONV013148,CUST003275,CAMP0218,2023-01-03,SQL
CONV013149,CUST007591,CAMP0134,12 Jan 2025,MQL
CONV013150,CUST002224,CAMP0060,2025-07-27,MQL
CONV013151,CUST005685,CAMP0052,2023-10-03,Lead
CONV013152,CUST001483,CAMP0202,24-02-2024,Lead
CONV013153,CUST003170,CAMP0069,2025-07-31,SQL
CONV013154,CUST009803,CAMP0149,2024-04-08,Customer
CONV013155,CUST000188,CAMP0005,01-11-2024,SQL
CONV013156,CUST002748,CAMP0104,2023-12-26,Customer
CONV013157,CUST002625,CAMP0123,2025-08-04,Customer
CONV013158,CUST009480,CAMP0085,2023-04-26,Customer
CONV013159,CUST002713,CAMP0007,05/04/2024,Opportunity
CONV013160,CUST000424,CAMP0032,2023-11-02,SQL
CONV013161,CUST000338,CAMP0173,2023-02-16,MQL
CONV013162,CUST008509,CAMP0086,2024-04-15,SQL
CONV013163,CUST005625,CAMP0018,09 Jun 2025,MQL
CONV013164,CUST004558,CAMP0069,11-05-2025,Opportunity
CONV013165,CUST002144,CAMP0035,11-06-2023,Customer
CONV013166,CUST008209,CAMP0202,2026-01-11,Opportunity
CONV013167,CUST003202,CAMP0022,2023-11-28,MQL
CONV013168,CUST005402,CAMP0069,2026-06-26,Opportunity
CONV013169,CUST003326,CAMP0094,2024-07-08,SQL
CONV013170,CUST003252,CAMP0199,,MQL
CONV013171,CUST009653,CAMP0184,2023-07-26,Lead
CONV013172,CUST005847,CAMP0063,2024-09-28,SQL
CONV013173,CUST004833,CAMP0134,2024-12-31,Customer
CONV013174,CUST002860,CAMP0136,2024-03-31,Opportunity
CONV013175,CUST005496,CAMP0117,10-05-2024,SQL
CONV013176,CUST001401,CAMP0144,11/28/2024,MQL
CONV013177,CUST007784,CAMP0211,2025-08-06,Opportunity
CONV013178,CUST000359,CAMP0047,2025-10-23,Customer
CONV013179,CUST004392,CAMP0190,2023-03-09,Opportunity
CONV013180,CUST001471,CAMP0029,2024-07-25,SQL
CONV013181,CUST009463,CAMP0101,2024-08-28,Lead
CONV013182,CUST001774,CAMP0051,2026-04-30,Opportunity
CONV013183,CUST000069,CAMP0200,2026-04-17,SQL
CONV013184,CUST001680,CAMP0191,2024-07-09,Customer
CONV013185,CUST000713,CAMP0001,,Opportunity
CONV013186,CUST008091,CAMP0016,16 Jul 2025,Lead
CONV013187,CUST003799,CAMP0039,05 Aug 2023,MQL
CONV013188,CUST008753,CAMP0036,2024-03-21,MQL
CONV013189,CUST009277,CAMP0124,01/27/2024,Lead
CONV013190,CUST005390,CAMP0006,29 Aug 2023,Opportunity
CONV013191,CUST001485,CAMP0139,2023-05-22,SQL
CONV013192,CUST007645,CAMP0097,2024-11-02,Customer
CONV013193,CUST007304,CAMP0009,12/03/2023,Lead
CONV013194,CUST006337,CAMP0058,2026-01-23,SQL
CONV013195,CUST003505,CAMP0155,2024-07-15,Lead
CONV013196,CUST006869,CAMP0080,18-04-2025,SQL
CONV013197,CUST009557,CAMP0011,2023-04-01,Lead
CONV013198,CUST003114,CAMP0089,04/26/2024,Opportunity
CONV013199,CUST002695,CAMP0211,2024-06-26,SQL
CONV013200,CUST000106,CAMP0146,2024-03-31,MQL
CONV013201,CUST004737,CAMP0110,2026-05-17,MQL
CONV013202,CUST000653,CAMP0203,12/02/2024,Lead
CONV013203,CUST005889,CAMP0026,2025-04-23,SQL
CONV013204,CUST003020,CAMP0005,2024-01-21,MQL
CONV013205,CUST001966,CAMP0181,2024-07-26,Customer
CONV013206,CUST005119,CAMP0183,08/17/2023,SQL
CONV013207,CUST008371,CAMP0157,06/23/2025,Opportunity
CONV013208,CUST007596,CAMP0154,2024-09-17,Lead
CONV013209,CUST003243,CAMP0148,2025-11-08,SQL
CONV013210,CUST006022,CAMP0151,2023-12-18,SQL
CONV013211,CUST008846,CAMP0065,,Customer
CONV013212,CUST007915,CAMP0126,2025-02-25,MQL
CONV013213,CUST007140,CAMP0140,2026-02-06,Customer
CONV013214,CUST004946,CAMP0013,06/21/2025,SQL
CONV013215,CUST001125,CAMP0077,2025-03-17,Lead
CONV013216,CUST006789,CAMP0024,13-02-2026,SQL
CONV013217,CUST009882,CAMP0133,2025-06-04,MQL
CONV013218,CUST900026,CAMP0156,06 Feb 2023,Opportunity
CONV013219,CUST000491,CAMP0135,2025-11-01,Customer
CONV013220,CUST009519,CAMP0169,2025-01-04,Lead
CONV013221,CUST000136,CAMP0195,2024-03-08,Opportunity
CONV013222,CUST001395,CAMP0210,26-06-2025,Lead
CONV013223,CUST001662,CAMP0211,2024-11-01,Opportunity
CONV013224,CUST005019,CAMP0211,17-05-2023,Opportunity
CONV013225,CUST006170,CAMP0065,2024-04-20,MQL
CONV013226,CUST003181,CAMP0143,,Opportunity
CONV013227,CUST005005,CAMP0180,2026-06-27,Lead
CONV013228,CUST008722,CAMP0118,,Customer
CONV013229,CUST003359,CAMP0002,02/21/2025,Opportunity
CONV013230,CUST009689,CAMP0122,09/10/2023,SQL
CONV013231,CUST003969,CAMP0068,2025-05-31,Lead
CONV013232,CUST005931,CAMP0001,2026-04-22,Customer
CONV013233,CUST009875,CAMP0209,2023-06-21,Customer
CONV013234,CUST004845,CAMP0045,31 Jul 2025,SQL
CONV013235,CUST004966,CAMP0016,2023-01-24,Opportunity
CONV013236,CUST000686,CAMP0075,21 Jan 2023,SQL
CONV013237,CUST008909,CAMP0004,2024-07-10,Opportunity
CONV013238,CUST001691,CAMP0143,2023-04-27,Opportunity
CONV013239,CUST005518,CAMP0188,24-02-2024,Lead
CONV013240,CUST000226,CAMP0146,25-04-2024,Lead
CONV013241,CUST003442,CAMP0074,2024-03-07,Customer
CONV013242,CUST004612,CAMP0208,02/27/2023,Customer
CONV013243,CUST004314,CAMP0138,,Opportunity
CONV013244,CUST007599,CAMP0030,2024-01-13,MQL
CONV013245,CUST000163,CAMP0120,30 Mar 2025,SQL
CONV013246,CUST009368,CAMP0009,2025-02-25,Customer
CONV013247,CUST002276,CAMP0008,2025-10-09,Opportunity
CONV013248,CUST006900,CAMP0134,06-12-2024,Opportunity
CONV013249,CUST000426,CAMP0208,07/01/2023,Lead
CONV013250,CUST008814,CAMP0194,06/10/2025,Lead
CONV013251,CUST000552,CAMP0135,01/27/2026,SQL
CONV013252,CUST002577,CAMP0105,11/08/2024,Customer
CONV013253,CUST001108,CAMP0114,04-04-2025,Opportunity
CONV013254,CUST006749,CAMP0129,10-01-2023,Opportunity
CONV013255,CUST007060,CAMP0063,2024-04-29,Lead
CONV013256,CUST000875,CAMP0187,2023-09-03,MQL
CONV013257,CUST002468,CAMP0038,12/19/2025,Lead
CONV013258,CUST003290,CAMP0171,11/08/2024,MQL
CONV013259,CUST006317,CAMP0035,03/16/2024,Customer
CONV013260,CUST007880,CAMP0054,16-03-2025,Opportunity
CONV013261,CUST900037,CAMP0060,2025-05-31,Customer
CONV013262,CUST004832,CAMP0080,2024-09-23,Lead
CONV013263,CUST008159,CAMP0080,2025-07-12,Opportunity
CONV013264,CUST002913,CAMP0194,2024-07-26,MQL
CONV013265,CUST009751,CAMP0200,2023-11-19,Customer
CONV013266,CUST009873,CAMP0100,01/24/2025,Customer
CONV013267,CUST005112,CAMP0108,2026-07-07,MQL
CONV013268,CUST009150,CAMP0169,22 Dec 2024,Lead
CONV013269,CUST003222,CAMP0137,12 Feb 2024,MQL
CONV013270,CUST005178,CAMP0195,2025-10-30,Opportunity
CONV013271,CUST002001,CAMP0111,2024-11-02,Lead
CONV013272,CUST000099,CAMP0095,01/01/2024,Lead
CONV013273,CUST006471,CAMP0146,2025-10-23,Lead
CONV013274,CUST006264,CAMP0152,2024-01-13,MQL
CONV013275,CUST004845,CAMP0123,2023-10-02,Lead
CONV013276,CUST001687,CAMP0149,12/29/2023,Customer
CONV013277,CUST000996,CAMP0008,2025-03-07,MQL
CONV013278,CUST007941,CAMP0051,14-09-2024,Lead
CONV013279,CUST006941,CAMP0136,01/02/2023,Lead
CONV013280,CUST001994,CAMP0010,08/22/2025,MQL
CONV013281,CUST000022,CAMP0083,2026-07-23,MQL
CONV013282,CUST009904,CAMP0215,2026-01-04,MQL
CONV013283,CUST006335,CAMP0157,,Opportunity
CONV013284,CUST008414,CAMP0073,2024-07-12,Lead
CONV013285,CUST001049,CAMP0012,03-09-2025,SQL
CONV013286,CUST007079,CAMP0212,02/17/2026,Opportunity
CONV013287,CUST009490,CAMP0097,12-09-2025,Opportunity
CONV013288,CUST007848,CAMP0142,18-01-2026,Customer
CONV013289,CUST003310,CAMP0106,02/17/2023,Customer
CONV013290,CUST000855,CAMP0133,2024-01-16,Opportunity
CONV013291,CUST004771,CAMP0088,12/04/2024,Lead
CONV013292,CUST003414,CAMP0091,28-08-2024,SQL
CONV013293,CUST000217,CAMP0093,2025-12-03,Customer
CONV013294,CUST002219,CAMP0169,2024-05-16,SQL
CONV013295,CUST008727,CAMP0094,2026-06-22,SQL
CONV013296,CUST002479,CAMP0136,2024-08-27,MQL
CONV013297,CUST002553,CAMP0090,17 May 2024,Lead
CONV013298,CUST004167,CAMP0188,02/26/2025,Customer
CONV013299,CUST007013,CAMP0078,2026-03-21,Lead
CONV013300,CUST009223,CAMP0181,13-01-2025,MQL
CONV013301,CUST006873,CAMP0019,21-11-2023,MQL
CONV013302,CUST005588,CAMP0007,25-03-2026,Customer
CONV013303,CUST009715,CAMP0049,02/16/2025,MQL
CONV013304,CUST006989,CAMP0209,06-12-2023,SQL
CONV013305,CUST001829,CAMP0103,2025-01-09,Lead
CONV013306,CUST004123,CAMP0183,2025-02-24,Lead
CONV013307,CUST007195,CAMP0071,2025-06-03,Lead
CONV013308,CUST005659,CAMP0195,2024-07-29,Customer
CONV013309,CUST003122,CAMP0025,24-06-2023,Lead
CONV013310,CUST006955,CAMP0045,07-01-2025,Opportunity
CONV013311,CUST002744,CAMP0201,2024-09-29,Customer
CONV013312,CUST005631,CAMP0089,21 Jul 2023,SQL
CONV013313,CUST004213,CAMP0058,13 Oct 2025,Lead
CONV013314,CUST007762,CAMP0171,06/04/2023,Opportunity
CONV013315,CUST002798,CAMP0093,2023-05-20,MQL
CONV013316,CUST000567,CAMP0088,2023-06-20,Customer
CONV013317,CUST005249,CAMP0032,26-11-2024,Customer
CONV013318,CUST005761,CAMP0060,2025-10-19,SQL
CONV013319,CUST001996,CAMP0037,2026-02-15,Customer
CONV013320,CUST003489,CAMP0099,2025-08-24,MQL
CONV013321,CUST006192,CAMP0011,2025-03-03,Opportunity
CONV013322,CUST007959,CAMP0126,07-11-2023,Lead
CONV013323,CUST007549,CAMP0142,04/21/2023,Opportunity
CONV013324,CUST009148,CAMP0023,2023-10-25,Customer
CONV013325,CUST008104,CAMP0002,22-09-2024,MQL
CONV013326,CUST006451,CAMP0117,2026-02-27,MQL
CONV013327,CUST003805,CAMP0177,2024-08-08,Customer
CONV013328,CUST009697,CAMP0176,17-05-2026,Opportunity
CONV013329,CUST008358,CAMP0105,02-05-2024,Opportunity
CONV013330,CUST009339,CAMP0025,01-06-2025,Lead
CONV013331,CUST002180,CAMP0187,2025-06-13,SQL
CONV013332,CUST009896,CAMP0181,2025-12-01,Lead
CONV013333,CUST009190,CAMP0026,2023-08-16,SQL
CONV013334,CUST002703,CAMP0069,2024-02-10,SQL
CONV013335,CUST009333,CAMP0165,2024-08-21,MQL
CONV013336,CUST004947,CAMP0204,2026-07-31,Opportunity
CONV013337,CUST008666,CAMP0114,2023-05-11,Lead
CONV013338,CUST004232,CAMP0181,2025-11-08,SQL
CONV013339,CUST000212,CAMP0207,2023-10-30,MQL
CONV013340,CUST006950,CAMP0007,2024-11-12,MQL
CONV013341,CUST004134,CAMP0059,2023-02-04,Customer
CONV013342,CUST005111,CAMP0181,14-04-2023,SQL
CONV013343,CUST004262,CAMP0021,2023-02-20,Lead
CONV013344,CUST009165,CAMP0146,2023-04-02,SQL
CONV013345,CUST005045,CAMP0178,2024-11-17,Opportunity
CONV013346,CUST008946,CAMP0172,2023-06-09,Customer
CONV013347,CUST004998,CAMP0193,2025-06-27,Customer
CONV013348,CUST009787,CAMP0060,2025-06-04,Customer
CONV013349,CUST002843,CAMP0179,02/27/2024,SQL
CONV013350,CUST007526,CAMP0080,2026-07-31,Opportunity
CONV013351,CUST009828,CAMP0105,2024-11-12,Opportunity
CONV013352,CUST003354,CAMP0184,28 Jun 2023,Lead
CONV013353,CUST005149,CAMP0129,2025-07-21,MQL
CONV013354,CUST008098,CAMP0032,2023-04-05,Customer
CONV013355,CUST008380,CAMP0088,21-07-2024,SQL
CONV013356,CUST004419,CAMP0043,29-08-2025,Lead
CONV013357,CUST001020,CAMP0164,2024-09-24,Opportunity
CONV013358,CUST009191,CAMP0024,2025-05-14,SQL
CONV013359,CUST007998,CAMP0140,10-02-2026,SQL
CONV013360,CUST000564,CAMP0116,01/08/2024,Opportunity
CONV013361,CUST002924,CAMP0146,2026-01-28,Opportunity
CONV013362,CUST009602,CAMP0017,2024-01-29,Opportunity
CONV013363,CUST005776,CAMP0216,10-04-2025,SQL
CONV013364,CUST008481,CAMP0193,08/02/2025,Customer
CONV013365,CUST007419,CAMP0210,2023-07-25,Customer
CONV013366,CUST005309,CAMP0046,08/08/2025,Opportunity
CONV013367,CUST005431,CAMP0134,10-09-2025,SQL
CONV013368,CUST000191,CAMP0111,30-05-2025,Lead
CONV013369,CUST006305,CAMP0051,06/30/2024,Opportunity
CONV013370,CUST005119,CAMP0044,07/19/2026,Opportunity
CONV013371,CUST003523,CAMP0209,01/07/2026,Lead
CONV013372,CUST001932,CAMP0006,2026-06-27,MQL
CONV013373,CUST007544,CAMP0049,2026-02-10,Opportunity
CONV013374,CUST008451,CAMP0093,2023-04-07,Customer
CONV013375,CUST000520,CAMP0192,09/12/2025,Lead
CONV013376,CUST008361,CAMP0096,03-07-2024,Opportunity
CONV013377,CUST002513,CAMP0219,2023-04-17,Customer
CONV013378,CUST002462,CAMP0034,2023-12-08,Lead
CONV013379,CUST008516,CAMP0028,2026-01-26,Customer
CONV013380,CUST003690,CAMP0152,09-03-2026,MQL
CONV013381,CUST003827,CAMP0166,11/17/2025,Lead
CONV013382,CUST002261,CAMP0158,2023-04-28,Lead
CONV013383,CUST002692,CAMP0114,2025-12-28,Lead
CONV013384,CUST004597,CAMP0177,2024-06-08,SQL
CONV013385,CUST004609,CAMP0037,03/01/2025,Lead
CONV013386,CUST003155,CAMP0174,2025-01-03,Lead
CONV013387,CUST006577,CAMP0148,2026-05-21,Customer
CONV013388,CUST009102,CAMP0161,01 Jul 2024,Customer
CONV013389,CUST005441,CAMP0006,2025-03-05,MQL
CONV013390,CUST009411,CAMP0200,06/12/2023,Lead
CONV013391,CUST008151,CAMP0182,13 Oct 2023,SQL
CONV013392,CUST007212,CAMP0141,2023-08-20,Lead
CONV013393,CUST009931,CAMP0080,2024-12-06,SQL
CONV013394,CUST003039,CAMP0097,2024-01-14,Opportunity
CONV013395,CUST004372,CAMP0097,2025-11-19,Lead
CONV013396,CUST001137,CAMP0119,12/27/2025,Lead
CONV013397,CUST006167,CAMP0180,27-04-2024,Opportunity
CONV013398,CUST003855,CAMP0203,03-12-2024,Opportunity
CONV013399,CUST004983,CAMP0216,06-02-2026,Lead
CONV013400,CUST002413,CAMP0154,2023-01-14,Customer
CONV013401,CUST001998,CAMP0156,01/18/2023,Opportunity
CONV013402,CUST003508,CAMP0030,12-03-2023,Customer
CONV013403,CUST000356,CAMP0192,2026-07-04,Customer
CONV013404,CUST001784,CAMP0196,2025-12-10,Customer
CONV013405,CUST003558,CAMP0042,2026-03-30,Customer
CONV013406,CUST005398,CAMP0011,2025-11-12,Lead
CONV013407,CUST000317,CAMP0103,2025-07-27,Customer
CONV013408,CUST004234,CAMP0118,2024-12-25,Customer
CONV013409,CUST007149,CAMP0092,03/01/2024,SQL
CONV013410,CUST000664,CAMP0217,03-07-2025,Opportunity
CONV013411,CUST009998,CAMP0098,04/29/2025,Customer
CONV013412,CUST004052,CAMP0024,09-08-2024,Opportunity
CONV013413,CUST004322,CAMP0157,19-04-2024,Customer
CONV013414,CUST005894,CAMP0012,2023-03-21,MQL
CONV013415,CUST006614,CAMP0132,11-11-2024,MQL
CONV013416,CUST004418,CAMP0081,17-01-2026,Opportunity
CONV013417,CUST004394,CAMP0163,18 Jun 2024,Customer
CONV013418,CUST008876,CAMP0060,2024-03-24,Opportunity
CONV013419,CUST007548,CAMP0055,2026-01-31,Customer
CONV013420,CUST001398,CAMP0215,2023-11-23,Customer
CONV013421,CUST002892,CAMP0063,2025-08-23,MQL
CONV013422,CUST008091,CAMP0164,,Customer
CONV013423,CUST001504,CAMP0025,2025-04-10,Lead
CONV013424,CUST009509,CAMP0144,09-08-2025,SQL
CONV013425,CUST008698,CAMP0033,01-01-2023,
CONV013426,CUST007760,CAMP0100,11/30/2024,SQL
CONV013427,CUST003670,CAMP0161,2026-06-23,Opportunity
CONV013428,CUST001251,CAMP0194,04/19/2023,MQL
CONV013429,CUST005966,CAMP0121,03/08/2025,Opportunity
CONV013430,CUST001126,CAMP0127,05/18/2025,Customer
CONV013431,CUST008600,CAMP0215,2023-01-22,Lead
CONV013432,CUST007001,CAMP0152,2024-12-13,Lead
CONV013433,CUST002963,CAMP0053,2024-05-30,Customer
CONV013434,CUST002902,CAMP0124,2024-02-13,Lead
CONV013435,CUST000312,CAMP0094,2025-03-29,MQL
CONV013436,CUST000956,CAMP0163,2026-04-24,SQL
CONV013437,CUST009627,CAMP0196,01 Aug 2023,Lead
CONV013438,CUST007126,CAMP0172,27-09-2025,SQL
CONV013439,CUST006241,CAMP0213,2023-11-08,Lead
CONV013440,CUST005366,CAMP0041,01/11/2026,Opportunity
CONV013441,CUST000622,CAMP0028,2024-04-03,Opportunity
CONV013442,CUST004736,CAMP0003,03/25/2026,SQL
CONV013443,CUST000877,CAMP0141,02/15/2023,Opportunity
CONV013444,CUST001062,CAMP0188,16 Apr 2026,Opportunity
CONV013445,CUST005272,CAMP0144,2023-11-11,Customer
CONV013446,CUST002815,CAMP0095,08 Sep 2023,MQL
CONV013447,CUST000540,CAMP0146,2023-05-01,SQL
CONV013448,CUST002161,CAMP0151,2024-10-13,MQL
CONV013449,CUST003988,CAMP0021,2025-07-20,SQL
CONV013450,CUST003028,CAMP0177,03-08-2025,Customer
CONV013451,CUST001824,CAMP0042,2023-05-10,Customer
CONV013452,CUST007931,CAMP0205,2023-10-15,SQL
CONV013453,CUST009504,CAMP0198,,MQL
CONV013454,CUST008409,CAMP0175,2023-11-16,SQL
CONV013455,CUST007842,CAMP0186,2025-12-31,Customer
CONV013456,CUST003156,CAMP0037,07-06-2024,SQL
CONV013457,CUST003245,CAMP0169,31-01-2026,Lead
CONV013458,CUST004541,CAMP0045,2025-10-16,Lead
CONV013459,CUST002060,CAMP0118,05/08/2023,MQL
CONV013460,CUST000497,CAMP0189,2024-03-28,Customer
CONV013461,CUST007143,CAMP0177,2025-12-23,Opportunity
CONV013462,CUST002308,CAMP0067,2024-11-06,Lead
CONV013463,CUST002112,CAMP0140,07/27/2025,SQL
CONV013464,CUST006565,CAMP0058,07/22/2026,Opportunity
CONV013465,CUST004517,CAMP0070,2025-12-09,Lead
CONV013466,CUST006215,CAMP0101,23-06-2024,Customer
CONV013467,CUST006352,CAMP0179,2023-03-18,SQL
CONV013468,CUST002065,CAMP0084,2023-11-11,Customer
CONV013469,CUST009252,CAMP0217,01 Jul 2024,MQL
CONV013470,CUST006890,CAMP0214,2025-09-18,Lead
CONV013471,CUST004496,CAMP0068,19-05-2026,MQL
CONV013472,CUST000394,CAMP0124,05 Apr 2024,Lead
CONV013473,CUST006117,CAMP0052,2026-04-11,Customer
CONV013474,CUST004460,CAMP0048,05/04/2026,MQL
CONV013475,CUST000227,CAMP0137,18-09-2025,Lead
CONV013476,CUST001550,CAMP0092,2023-11-17,Lead
CONV013477,CUST007999,CAMP0196,2025-07-07,SQL
CONV013478,CUST007577,CAMP0183,11-01-2026,MQL
CONV013479,CUST003688,CAMP0016,2023-12-01,Customer
CONV013480,CUST002973,CAMP0044,10 Apr 2023,Customer
CONV013481,CUST005360,CAMP0119,2026-02-02,MQL
CONV013482,CUST004511,CAMP0181,14-11-2023,Lead
CONV013483,CUST002156,CAMP0115,2025-05-05,Customer
CONV013484,CUST003080,CAMP0059,2023-05-31,Lead
CONV013485,CUST000110,CAMP0164,,Opportunity
CONV013486,CUST002958,CAMP0115,12/26/2023,Opportunity
CONV013487,CUST005700,CAMP0186,2024-05-23,MQL
CONV013488,CUST008964,CAMP0107,2023-09-19,Lead
CONV013489,CUST009670,CAMP0065,11/12/2025,MQL
CONV013490,CUST004020,CAMP0102,2023-12-01,Lead
CONV013491,CUST009666,CAMP0046,2025-10-18,Opportunity
CONV013492,CUST002393,CAMP0090,2024-05-08,SQL
CONV013493,CUST002675,CAMP0183,,MQL
CONV013494,CUST004341,CAMP0060,2024-01-05,Lead
CONV013495,CUST008671,CAMP0216,13-11-2024,MQL
CONV013496,CUST006857,CAMP0065,2025-11-30,Opportunity
CONV013497,CUST002767,CAMP0012,2026-03-03,Opportunity
CONV013498,CUST004074,CAMP0190,,Lead
CONV013499,CUST005575,CAMP0215,07/14/2026,SQL
CONV013500,CUST008674,CAMP0091,25-11-2024,Opportunity
CONV013501,CUST004214,CAMP0041,2023-06-17,Customer
CONV013502,CUST006986,CAMP0055,2023-06-05,Opportunity
CONV013503,CUST004200,CAMP0077,2025-09-07,Lead
CONV013504,CUST009521,CAMP0185,27-05-2023,Customer
CONV013505,CUST002126,CAMP0094,02/24/2025,MQL
CONV013506,CUST005250,CAMP0110,2023-05-25,Opportunity
CONV013507,CUST007600,CAMP0010,21 Feb 2024,Lead
CONV013508,CUST006603,CAMP0200,2025-07-01,SQL
CONV013509,CUST000184,CAMP0200,03-07-2025,SQL
CONV013510,CUST005006,CAMP0204,02/26/2025,Customer
CONV013511,CUST002834,CAMP0163,2026-01-07,SQL
CONV013512,CUST009461,CAMP0043,07/08/2025,Opportunity
CONV013513,CUST008542,CAMP0098,,Opportunity
CONV013514,CUST002460,CAMP0038,2025-04-29,Lead
CONV013515,CUST004754,CAMP0035,2025-11-16,Customer
CONV013516,CUST006365,CAMP0200,2023-01-15,Opportunity
CONV013517,CUST009606,CAMP0108,17-02-2023,Customer
CONV013518,CUST001206,CAMP0206,02/25/2024,Opportunity
CONV013519,CUST006677,CAMP0180,2024-01-24,Lead
CONV013520,CUST006387,CAMP0074,20-10-2023,Customer
CONV013521,CUST000497,CAMP0041,03/21/2025,SQL
CONV013522,CUST006505,CAMP0002,2025-07-16,Opportunity
CONV013523,CUST000253,CAMP0093,12/21/2025,Customer
CONV013524,CUST003551,CAMP0043,2023-10-11,MQL
CONV013525,CUST000156,CAMP0124,2024-01-14,Customer
CONV013526,CUST009807,CAMP0112,2026-04-18,SQL
CONV013527,CUST003927,CAMP0077,2024-03-29,Opportunity
CONV013528,CUST000431,CAMP0006,04/12/2024,Opportunity
CONV013529,CUST004987,CAMP0073,2023-08-01,Lead
CONV013530,CUST001826,CAMP0109,04/17/2025,MQL
CONV013531,CUST004514,CAMP0116,24-11-2024,Opportunity
CONV013532,CUST007278,CAMP0025,2024-09-01,Opportunity
CONV013533,CUST007834,CAMP0196,05/05/2026,SQL
CONV013534,CUST009703,CAMP0172,2026-07-21,Lead
CONV013535,CUST009954,CAMP0009,2023-11-28,Opportunity
CONV013536,CUST006131,CAMP0060,01/29/2025,Customer
CONV013537,CUST008376,CAMP0058,2025-04-09,Opportunity
CONV013538,CUST004545,CAMP0024,2023-10-21,SQL
CONV013539,CUST008394,CAMP0066,15-02-2024,Lead
CONV013540,CUST000289,CAMP0174,2023-05-06,SQL
CONV013541,CUST004520,CAMP0192,10/20/2024,Opportunity
CONV013542,CUST002252,CAMP0042,2026-02-21,MQL
CONV013543,CUST007646,CAMP0068,08/24/2025,Lead
CONV013544,CUST009150,CAMP0020,02-01-2023,Lead
CONV013545,CUST004995,CAMP0160,2023-09-19,MQL
CONV013546,CUST002673,CAMP0178,2024-10-25,SQL
CONV013547,CUST006496,CAMP0174,2023-12-14,MQL
CONV013548,CUST009538,CAMP0010,2025-04-12,Opportunity
CONV013549,CUST009575,CAMP0087,,MQL
CONV013550,CUST004886,CAMP0212,03 Feb 2025,Opportunity
CONV013551,CUST000205,CAMP0055,25-04-2026,Lead
CONV013552,CUST009696,CAMP0149,09/08/2025,Lead
CONV013553,CUST000365,CAMP0003,2024-12-19,Opportunity
CONV013554,CUST008823,CAMP0114,2023-06-21,Customer
CONV013555,CUST005482,CAMP0183,22-02-2023,Lead
CONV013556,CUST000049,CAMP0128,2025-05-06,SQL
CONV013557,CUST000884,CAMP0138,2025-07-18,MQL
CONV013558,CUST001820,CAMP0021,,Opportunity
CONV013559,CUST001028,CAMP0085,04/18/2024,MQL
CONV013560,CUST008852,CAMP0109,2023-11-06,SQL
CONV013561,CUST007203,CAMP0176,03/19/2026,Lead
CONV013562,CUST002361,CAMP0024,2026-07-25,Opportunity
CONV013563,CUST008150,CAMP0153,2025-09-22,SQL
CONV013564,CUST008389,CAMP0035,16-01-2025,SQL
CONV013565,CUST002651,CAMP0112,2024-11-02,Opportunity
CONV013566,CUST009845,CAMP0195,2024-06-21,SQL
CONV013567,CUST004220,CAMP0159,22 Dec 2023,MQL
CONV013568,CUST001416,CAMP0081,2025-09-29,Opportunity
CONV013569,CUST006371,CAMP0010,2024-12-13,Customer
CONV013570,CUST000220,CAMP0010,2025-01-29,MQL
CONV013571,CUST005728,CAMP0183,2026-06-17,Lead
CONV013572,CUST006697,CAMP0003,2026-01-26,Lead
CONV013573,CUST004785,CAMP0048,02-09-2023,Lead
CONV013574,CUST005383,CAMP0215,27-01-2023,Opportunity
CONV013575,CUST000487,CAMP0219,26-01-2026,Customer
CONV013576,CUST002572,CAMP0218,02 May 2023,Opportunity
CONV013577,CUST000562,CAMP0093,23-07-2026,SQL
CONV013578,CUST009835,CAMP0005,2025-01-11,MQL
CONV013579,CUST007119,CAMP0083,2026-04-12,MQL
CONV013580,CUST005831,CAMP0078,2025-10-05,Customer
CONV013581,CUST000031,CAMP0201,21-05-2023,
CONV013582,CUST000163,CAMP0072,2025-06-03,SQL
CONV013583,CUST006204,CAMP0174,18-01-2026,Lead
CONV013584,CUST008081,CAMP0181,2025-05-11,MQL
CONV013585,CUST002272,CAMP0097,06 Jul 2024,Customer
CONV013586,CUST004062,CAMP0171,20-09-2023,Customer
CONV013587,CUST002533,CAMP0060,06/28/2023,MQL
CONV013588,CUST008602,CAMP0153,22-01-2025,Opportunity
CONV013589,CUST000910,CAMP0002,03-03-2026,Opportunity
CONV013590,CUST007016,CAMP0083,08-05-2025,SQL
CONV013591,CUST006727,CAMP0186,01-06-2025,SQL
CONV013592,CUST009825,CAMP0183,2024-03-22,Lead
CONV013593,CUST002651,CAMP0114,07 May 2026,Customer
CONV013594,CUST006345,CAMP0068,2025-08-17,SQL
CONV013595,CUST005444,CAMP0101,2024-08-12,Customer
CONV013596,CUST002228,CAMP0096,2023-12-29,SQL
CONV013597,CUST000909,CAMP0063,2024-08-10,Opportunity
CONV013598,CUST000682,CAMP0028,,Customer
CONV013599,CUST001290,CAMP0166,2026-04-11,SQL
CONV013600,CUST007373,CAMP0071,,Lead
CONV013601,CUST002159,CAMP0214,05/26/2026,Customer
CONV013602,CUST005697,CAMP0111,06/08/2025,Lead
CONV013603,CUST000745,CAMP0131,2025-10-06,Customer
CONV013604,CUST001135,CAMP0135,2024-05-14,Customer
CONV013605,CUST009719,CAMP0071,2023-09-19,Opportunity
CONV013606,CUST001427,CAMP0038,2024-10-07,Lead
CONV013607,CUST007676,CAMP0025,2025-03-08,SQL
CONV013608,CUST009535,CAMP0217,,Customer
CONV013609,CUST005098,CAMP0211,2025-08-11,Lead
CONV013610,CUST007288,CAMP0088,2023-03-23,Opportunity
CONV013611,CUST001455,CAMP0101,2024-12-13,MQL
CONV013612,CUST002210,CAMP0064,2026-05-16,Customer
CONV013613,CUST002104,CAMP0123,2024-12-05,MQL
CONV013614,CUST007597,CAMP0085,10/05/2023,Customer
CONV013615,CUST006388,CAMP0209,05-02-2026,Lead
CONV013616,CUST005175,CAMP0070,23-08-2023,Customer
CONV013617,CUST005837,CAMP0065,2025-01-11,MQL
CONV013618,CUST001174,CAMP0061,29-04-2026,SQL
CONV013619,CUST006951,CAMP0129,2025-10-13,MQL
CONV013620,CUST009155,CAMP0183,12-04-2026,Lead
CONV013621,CUST007162,CAMP0053,09/16/2023,Opportunity
CONV013622,CUST007253,CAMP0130,2025-01-08,SQL
CONV013623,CUST002348,CAMP0101,25-10-2023,SQL
CONV013624,CUST008698,CAMP0019,08/28/2025,SQL
CONV013625,CUST009015,CAMP0053,2023-05-22,Opportunity
CONV013626,CUST003568,CAMP0187,19 Aug 2025,MQL
CONV013627,CUST006574,CAMP0018,2023-09-19,Customer
CONV013628,CUST006921,CAMP0003,2023-07-11,MQL
CONV013629,CUST007539,CAMP0037,2026-06-10,Lead
CONV013630,CUST005667,CAMP0014,10/24/2023,Customer
CONV013631,CUST008556,CAMP0182,2026-01-31,Opportunity
CONV013632,CUST007447,CAMP0026,2026-03-10,MQL
CONV013633,CUST008131,CAMP0219,2024-05-15,Lead
CONV013634,CUST003639,CAMP0037,2026-07-04,Opportunity
CONV013635,CUST009658,CAMP0157,02/03/2025,SQL
CONV013636,CUST004501,CAMP0027,2023-05-14,Opportunity
CONV013637,CUST000392,CAMP0213,2025-10-04,Lead
CONV013638,CUST008980,CAMP0060,2026-03-14,MQL
CONV013639,CUST005214,CAMP0219,2023-10-28,Opportunity
CONV013640,CUST003751,CAMP0104,01-01-2024,Customer
CONV013641,CUST007418,CAMP0170,2023-04-06,SQL
CONV013642,CUST006841,CAMP0142,2025-12-18,Customer
CONV013643,CUST002458,CAMP0079,11-03-2025,Opportunity
CONV013644,CUST009828,CAMP0150,2023-10-19,Customer
CONV013645,CUST003753,CAMP0023,2023-03-09,SQL
CONV013646,CUST005427,CAMP0168,24 Oct 2024,Customer
CONV013647,CUST001047,CAMP0069,2025-10-19,Lead
CONV013648,CUST004925,CAMP0033,2023-05-27,Opportunity
CONV013649,CUST001434,CAMP0096,05/28/2026,Customer
CONV013650,CUST007075,CAMP0198,2024-05-10,Lead
CONV013651,CUST006289,CAMP0205,2026-04-10,Lead
CONV013652,CUST003867,CAMP0205,2024-04-28,Lead
CONV013653,CUST004945,CAMP0059,03/20/2024,Lead
CONV013654,CUST000126,CAMP0025,13-12-2023,SQL
CONV013655,CUST005976,CAMP0102,2024-09-16,SQL
CONV013656,CUST004105,CAMP0031,2026-04-06,Opportunity
CONV013657,CUST006891,CAMP0061,2026-01-25,SQL
CONV013658,CUST003624,CAMP0182,2024-07-15,Customer
CONV013659,CUST006296,CAMP0148,12/28/2023,Lead
CONV013660,CUST005884,CAMP0176,2025-04-04,MQL
CONV013661,CUST006202,CAMP0094,2026-05-03,Lead
CONV013662,CUST001612,CAMP0154,01/15/2023,Customer
CONV013663,CUST004452,CAMP0016,2025-12-14,SQL
CONV013664,CUST002332,CAMP0206,,Opportunity
CONV013665,CUST002377,CAMP0005,04 Jul 2023,Customer
CONV013666,CUST000781,CAMP0059,2024-10-22,Lead
CONV013667,CUST008428,CAMP0179,,Opportunity
CONV013668,CUST005628,CAMP0174,2026-05-24,Opportunity
CONV013669,CUST009441,CAMP0202,2023-04-10,Opportunity
CONV013670,CUST002840,CAMP0072,24-02-2023,Opportunity
CONV013671,CUST006115,CAMP0172,04-01-2023,SQL
CONV013672,CUST009139,CAMP0133,2025-09-04,MQL
CONV013673,CUST002986,CAMP0157,28-10-2025,Lead
CONV013674,CUST004460,CAMP0110,20 May 2024,Customer
CONV013675,CUST002148,CAMP0215,2025-08-12,Customer
CONV013676,CUST005684,CAMP0084,29-07-2025,Lead
CONV013677,CUST000355,CAMP0055,03/28/2026,SQL
CONV013678,CUST001194,CAMP0059,09 Nov 2023,Opportunity
CONV013679,CUST001299,CAMP0210,2025-05-13,SQL
CONV013680,CUST000071,CAMP0011,2023-11-14,Customer
CONV013681,CUST008690,CAMP0080,2023-07-27,Customer
CONV013682,CUST008581,CAMP0107,27-08-2023,Lead
CONV013683,CUST003640,CAMP0125,2026-05-19,Lead
CONV013684,CUST000592,CAMP0168,2025-03-11,SQL
CONV013685,CUST003528,CAMP0077,2026-05-29,Customer
CONV013686,CUST003113,CAMP0032,2025-11-19,MQL
CONV013687,CUST003218,CAMP0027,,Opportunity
CONV013688,CUST007452,CAMP0188,,Customer
CONV013689,CUST003469,CAMP0038,03/30/2026,Opportunity
CONV013690,CUST007763,CAMP0156,2024-01-03,Lead
CONV013691,CUST002172,CAMP0168,2024-11-12,Customer
CONV013692,CUST008802,CAMP0115,01/12/2024,Customer
CONV013693,CUST005311,CAMP0136,,MQL
CONV013694,CUST002697,CAMP0142,08/11/2025,Customer
CONV013695,CUST000980,CAMP0164,,Customer
CONV013696,CUST001408,CAMP0043,2024-06-18,Opportunity
CONV013697,CUST006994,CAMP0010,22-11-2023,MQL
CONV013698,CUST009221,CAMP0119,11/22/2024,Customer
CONV013699,CUST007634,CAMP0024,,Lead
CONV013700,CUST006635,CAMP0161,2023-07-12,SQL
CONV013701,CUST007681,CAMP0215,2024-06-04,Opportunity
CONV013702,CUST000195,CAMP0200,26-10-2023,Lead
CONV013703,CUST005837,CAMP0107,2025-01-06,Lead
CONV013704,CUST002394,CAMP0155,05-02-2023,Customer
CONV013705,CUST002138,CAMP0123,2023-08-02,Customer
CONV013706,CUST001072,CAMP0216,2025-08-22,Customer
CONV013707,CUST000024,CAMP0059,2024-08-27,SQL
CONV013708,CUST009642,CAMP0157,2023-04-16,MQL
CONV013709,CUST003070,CAMP0217,2023-09-05,SQL
CONV013710,CUST002201,CAMP0037,11-01-2025,MQL
CONV013711,CUST001798,CAMP0076,04/19/2024,SQL
CONV013712,CUST004787,CAMP0122,28-12-2024,Opportunity
CONV013713,CUST007322,CAMP0055,2026-05-29,Customer
CONV013714,CUST008868,CAMP0162,08-04-2025,SQL
CONV013715,CUST008816,CAMP0079,12-08-2025,Opportunity
CONV013716,CUST008734,CAMP0031,2025-10-23,MQL
CONV013717,CUST008533,CAMP0158,2023-08-16,SQL
CONV013718,CUST000734,CAMP0028,26-09-2025,SQL
CONV013719,CUST008737,CAMP0146,2023-03-16,Opportunity
CONV013720,CUST001477,CAMP0146,07/03/2023,Opportunity
CONV013721,CUST009521,CAMP0004,24-05-2023,Opportunity
CONV013722,CUST000683,CAMP0170,08/04/2024,Opportunity
CONV013723,CUST007629,CAMP0039,2025-03-26,MQL
CONV013724,CUST004666,CAMP0114,2026-06-05,Lead
CONV013725,CUST006803,CAMP0001,12/26/2023,MQL
CONV013726,CUST007086,CAMP0195,06/15/2023,MQL
CONV013727,CUST007845,CAMP0217,2023-09-08,Customer
CONV013728,CUST005469,CAMP0033,2024-01-06,SQL
CONV013729,CUST005781,CAMP0160,2024-01-22,MQL
CONV013730,CUST007691,CAMP0041,2025-09-13,Opportunity
CONV013731,CUST003797,CAMP0103,26-05-2023,Opportunity
CONV013732,CUST001850,CAMP0137,2024-09-27,Customer
CONV013733,CUST004375,CAMP0026,04-04-2024,SQL
CONV013734,CUST001294,CAMP0129,14-06-2024,MQL
CONV013735,CUST007702,CAMP0061,2025-05-31,SQL
CONV013736,CUST005356,CAMP0043,17 Nov 2025,Lead
CONV013737,CUST004464,CAMP0157,2023-03-08,Lead
CONV013738,CUST003305,CAMP0154,2025-05-07,Lead
CONV013739,CUST003849,CAMP0177,2025-09-18,Lead
CONV013740,CUST001054,CAMP0003,2024-06-18,SQL
CONV013741,CUST004423,CAMP0081,2023-02-15,MQL
CONV013742,CUST004984,CAMP0168,2024-09-02,Customer
CONV013743,CUST000249,CAMP0109,2023-08-01,Opportunity
CONV013744,CUST009864,CAMP0046,03-02-2025,Customer
CONV013745,CUST004462,CAMP0206,,Customer
CONV013746,CUST003522,CAMP0217,03/12/2025,MQL
CONV013747,CUST002683,CAMP0140,07-05-2026,SQL
CONV013748,CUST006861,CAMP0175,29 Jan 2023,SQL
CONV013749,CUST002386,CAMP0136,12/02/2025,Lead
CONV013750,CUST009206,CAMP0035,2024-03-04,MQL
CONV013751,CUST007910,CAMP0105,08-05-2024,Customer
CONV013752,CUST007031,CAMP0142,28-03-2024,Lead
CONV013753,CUST005702,CAMP0142,,Lead
CONV013754,CUST001972,CAMP0055,2026-04-26,SQL
CONV013755,CUST002732,CAMP0200,26-03-2026,SQL
CONV013756,CUST009198,CAMP0028,2024-08-05,Opportunity
CONV013757,CUST005273,CAMP0187,2024-10-20,Opportunity
CONV013758,CUST008078,CAMP0078,2025-05-10,Customer
CONV013759,CUST001108,CAMP0017,10/31/2023,Opportunity
CONV013760,CUST008210,CAMP0069,2025-09-04,MQL
CONV013761,CUST006648,CAMP0036,27-07-2025,SQL
CONV013762,CUST003957,CAMP0169,2024-12-05,Lead
CONV013763,CUST004992,CAMP0078,2023-12-15,Opportunity
CONV013764,CUST001134,CAMP0015,2026-01-09,Lead
CONV013765,CUST006565,CAMP0212,2025-08-12,SQL
CONV013766,CUST003498,CAMP0205,2024-05-22,Customer
CONV013767,CUST004680,CAMP0112,2025-11-07,Opportunity
CONV013768,CUST003152,CAMP0095,2025-01-13,MQL
CONV013769,CUST009700,CAMP0092,2023-05-24,MQL
CONV013770,CUST000971,CAMP0217,10/04/2025,Opportunity
CONV013771,CUST009445,CAMP0091,01-09-2025,Lead
CONV013772,CUST002490,CAMP0089,07/11/2026,Opportunity
CONV013773,CUST009920,CAMP0175,2025-11-28,Opportunity
CONV013774,CUST003184,CAMP0197,,SQL
CONV013775,CUST002507,CAMP0032,06-03-2026,Customer
CONV013776,CUST002391,CAMP0030,10-09-2025,Customer
CONV013777,CUST004069,CAMP0054,02-05-2025,MQL
CONV013778,CUST002630,CAMP0057,2023-03-09,SQL
CONV013779,CUST007126,CAMP0109,21 Aug 2023,SQL
CONV013780,CUST006568,CAMP0012,05-03-2026,Opportunity
CONV013781,CUST000888,CAMP0216,29 Jun 2026,Lead
CONV013782,CUST009545,CAMP0188,2025-07-30,SQL
CONV013783,CUST008251,CAMP0190,2024-02-24,SQL
CONV013784,CUST004972,CAMP0076,2024-03-11,MQL
CONV013785,CUST007610,CAMP0108,06-01-2026,Opportunity
CONV013786,CUST009714,CAMP0166,,SQL
CONV013787,CUST009677,CAMP0043,13 Jun 2024,Lead
CONV013788,CUST003578,CAMP0073,2023-02-25,MQL
CONV013789,CUST009812,CAMP0101,03-07-2025,Customer
CONV013790,CUST004175,CAMP0102,01/19/2025,MQL
CONV013791,CUST006093,CAMP0137,09 May 2026,Lead
CONV013792,CUST001007,CAMP0156,,MQL
CONV013793,CUST009499,CAMP0149,07-08-2025,Customer
CONV013794,CUST006275,CAMP0110,2023-07-03,SQL
CONV013795,CUST008887,CAMP0192,2025-01-08,Customer
CONV013796,CUST003197,CAMP0037,2024-07-24,Opportunity
CONV013797,CUST002926,CAMP0170,20-09-2025,Opportunity
CONV013798,CUST005604,CAMP0158,23-06-2024,Opportunity
CONV013799,CUST002575,CAMP0121,02/24/2024,MQL
CONV013800,CUST008517,CAMP0043,2024-05-19,Opportunity
CONV013801,CUST004048,CAMP0203,2026-04-01,Customer
CONV013802,CUST003270,CAMP0218,2026-06-29,SQL
CONV013803,CUST005631,CAMP0069,25-12-2023,Opportunity
CONV013804,CUST007165,CAMP0025,,Lead
CONV013805,CUST006952,CAMP0214,2025-04-28,SQL
CONV013806,CUST002465,CAMP0123,2026-03-03,MQL
CONV013807,CUST002818,CAMP0023,17-01-2025,Opportunity
CONV013808,CUST005629,CAMP0187,2023-06-15,MQL
CONV013809,CUST006208,CAMP0077,07/08/2025,SQL
CONV013810,CUST009066,CAMP0116,2024-10-14,Customer
CONV013811,CUST006024,CAMP0118,,Lead
CONV013812,CUST003167,CAMP0184,07-07-2025,Lead
CONV013813,CUST005233,CAMP0125,2023-09-07,Lead
CONV013814,CUST004143,CAMP0165,15-02-2023,Opportunity
CONV013815,CUST009149,CAMP0141,12/20/2023,MQL
CONV013816,CUST007640,CAMP0052,2026-07-27,MQL
CONV013817,CUST005205,CAMP0038,2023-10-09,Customer
CONV013818,CUST001313,CAMP0014,2026-04-22,Customer
CONV013819,CUST002918,CAMP0176,2023-03-07,Lead
CONV013820,CUST004772,CAMP0092,2024-01-15,Lead
CONV013821,CUST000211,CAMP0120,10-01-2024,MQL
CONV013822,CUST008094,CAMP0054,2025-06-26,Customer
CONV013823,CUST003919,CAMP0168,2024-09-11,Opportunity
CONV013824,CUST008792,CAMP0114,02-06-2026,Lead
CONV013825,CUST003541,CAMP0023,2025-01-26,MQL
CONV013826,CUST005120,CAMP0138,2024-04-20,MQL
CONV013827,CUST003946,CAMP0192,2025-07-01,MQL
CONV013828,CUST002193,CAMP0075,24-05-2025,Opportunity
CONV013829,CUST004328,CAMP0150,2025-04-14,SQL
CONV013830,CUST007007,CAMP0036,17-07-2025,Customer
CONV013831,CUST002886,CAMP0216,2025-08-29,SQL
CONV013832,CUST001989,CAMP0140,2025-06-01,MQL
CONV013833,CUST009856,CAMP0196,2024-01-15,SQL
CONV013834,CUST002169,CAMP0013,21-02-2025,Opportunity
CONV013835,CUST008751,CAMP0021,,Lead
CONV013836,CUST005959,CAMP0220,2025-08-08,Lead
CONV013837,CUST000213,CAMP0110,2025-04-09,Customer
CONV013838,CUST000190,CAMP0179,10/28/2023,SQL
CONV013839,CUST002798,CAMP0211,2024-06-29,Lead
CONV013840,CUST008006,CAMP0139,09/29/2023,Lead
CONV013841,CUST002450,CAMP0075,17-01-2023,Opportunity
CONV013842,CUST009698,CAMP0113,2023-05-05,MQL
CONV013843,CUST009849,CAMP0061,22-07-2024,Lead
CONV013844,CUST006710,CAMP0030,2026-01-17,Opportunity
CONV013845,CUST006082,CAMP0015,16-05-2025,MQL
CONV013846,CUST005940,CAMP0135,21-01-2024,SQL
CONV013847,CUST007406,CAMP0087,03/23/2024,Lead
CONV013848,CUST004862,CAMP0131,2025-07-18,SQL
CONV013849,CUST009878,CAMP0120,2026-01-13,MQL
CONV013850,CUST002703,CAMP0176,2026-06-06,Lead
CONV013851,CUST007048,CAMP0049,2025-10-12,Lead
CONV013852,CUST001394,CAMP0206,03/02/2025,MQL
CONV013853,CUST001957,CAMP0190,2024-09-04,Lead
CONV013854,CUST000309,CAMP0121,2026-03-24,SQL
CONV013855,CUST008710,CAMP0107,2025-08-08,SQL
CONV013856,CUST001047,CAMP0115,05/08/2023,SQL
CONV013857,CUST005546,CAMP0202,2025-03-05,Lead
CONV013858,CUST006001,CAMP0144,02-01-2023,MQL
CONV013859,CUST007607,CAMP0143,24-10-2023,Opportunity
CONV013860,CUST002871,CAMP0049,09/19/2024,Lead
CONV013861,CUST004044,CAMP0075,2023-08-17,SQL
CONV013862,CUST008227,CAMP0121,2023-08-31,Lead
CONV013863,CUST000575,CAMP0150,12/30/2025,SQL
CONV013864,CUST002969,CAMP0127,02 Nov 2024,Opportunity
CONV013865,CUST008674,CAMP0189,2023-05-22,Lead
CONV013866,CUST003177,CAMP0104,2024-02-25,MQL
CONV013867,CUST005220,CAMP0094,25-03-2023,SQL
CONV013868,CUST002809,CAMP0168,05/29/2023,SQL
CONV013869,CUST007182,CAMP0140,2024-12-25,MQL
CONV013870,CUST009834,CAMP0209,2024-09-11,SQL
CONV013871,CUST008124,CAMP0133,2024-04-10,Customer
CONV013872,CUST000589,CAMP0164,07/26/2025,SQL
CONV013873,CUST003066,CAMP0054,2025-12-22,MQL
CONV013874,CUST005174,CAMP0008,2026-01-15,SQL
CONV013875,CUST008050,CAMP0151,2026-07-18,Customer
CONV013876,CUST000557,CAMP0117,2026-05-25,Opportunity
CONV013877,CUST007785,CAMP0214,2024-12-18,SQL
CONV013878,CUST001037,CAMP0097,2026-07-09,Opportunity
CONV013879,CUST003246,CAMP0094,21-08-2025,Lead
CONV013880,CUST009845,CAMP0035,2023-12-24,SQL
CONV013881,CUST008164,CAMP0200,11/12/2024,SQL
CONV013882,CUST003198,CAMP0073,2025-02-17,
CONV013883,CUST000664,CAMP0030,,Lead
CONV013884,CUST001839,CAMP0077,24-08-2023,MQL
CONV013885,CUST007770,CAMP0104,04/02/2024,Lead
CONV013886,CUST004965,CAMP0104,21 Jun 2025,Lead
CONV013887,CUST004148,CAMP0219,18-07-2025,Opportunity
CONV013888,CUST007006,CAMP0203,2025-06-23,MQL
CONV013889,CUST009114,CAMP0017,2024-04-03,Lead
CONV013890,CUST008823,CAMP0037,2024-08-18,Opportunity
CONV013891,CUST001117,CAMP0185,05-12-2025,Customer
CONV013892,CUST003821,CAMP0156,2026-01-14,Lead
CONV013893,CUST009919,CAMP0209,01/08/2026,SQL
CONV013894,CUST005753,CAMP0218,26-12-2025,Lead
CONV013895,CUST003186,CAMP0095,17-12-2024,Opportunity
CONV013896,CUST002351,CAMP0004,2023-10-23,Lead
CONV013897,CUST005383,CAMP0172,2023-05-10,SQL
CONV013898,CUST006705,CAMP0044,09-09-2023,Lead
CONV013899,CUST005808,CAMP0101,2025-01-27,MQL
CONV013900,CUST009938,CAMP0078,2024-06-08,SQL
CONV013901,CUST007453,CAMP0099,2024-12-27,Customer
CONV013902,CUST007954,CAMP0014,2023-08-01,SQL
CONV013903,CUST002063,CAMP0103,21-11-2023,Customer
CONV013904,CUST007509,CAMP0030,2023-10-13,Lead
CONV013905,CUST003807,CAMP0009,2026-06-24,SQL
CONV013906,CUST004537,CAMP0110,2023-07-06,SQL
CONV013907,CUST009300,CAMP0150,12/04/2023,Opportunity
CONV013908,CUST009183,CAMP0086,27-03-2025,Opportunity
CONV013909,CUST008227,CAMP0060,2023-03-14,SQL
CONV013910,CUST002375,CAMP0163,2025-07-14,Customer
CONV013911,CUST007827,CAMP0092,20 Apr 2023,Lead
CONV013912,CUST007361,CAMP0021,,
CONV013913,CUST006400,CAMP0061,2025-03-23,Customer
CONV013914,CUST003733,CAMP0060,2025-12-10,Lead
CONV013915,CUST008743,CAMP0111,2025-03-01,Customer
CONV013916,CUST004534,CAMP0013,14-02-2024,Lead
CONV013917,CUST005728,CAMP0207,2026-01-24,SQL
CONV013918,CUST003046,CAMP0029,2025-02-01,Opportunity
CONV013919,CUST009779,CAMP0028,15-05-2024,MQL
CONV013920,CUST000650,CAMP0145,2024-10-25,Customer
CONV013921,CUST009951,CAMP0106,2026-03-08,Customer
CONV013922,CUST000339,CAMP0171,17-07-2025,Opportunity
CONV013923,CUST005581,CAMP0049,09-06-2026,Lead
CONV013924,CUST008647,CAMP0032,2023-08-16,Customer
CONV013925,CUST004277,CAMP0203,2023-02-08,Customer
CONV013926,CUST003978,CAMP0199,2024-10-22,SQL
CONV013927,CUST008606,CAMP0029,2023-12-05,MQL
CONV013928,CUST000801,CAMP0014,05/21/2026,Opportunity
CONV013929,CUST002171,CAMP0007,15-12-2024,SQL
CONV013930,CUST009554,CAMP0067,07/24/2026,SQL
CONV013931,CUST006136,CAMP0172,2024-11-26,Lead
CONV013932,CUST001864,CAMP0039,2024-09-13,Customer
CONV013933,CUST004417,CAMP0205,2023-12-19,Opportunity
CONV013934,CUST001372,CAMP0205,2024-10-03,Lead
CONV013935,CUST008120,CAMP0093,26-06-2026,MQL
CONV013936,CUST006475,CAMP0097,2024-03-30,Lead
CONV013937,CUST001455,CAMP0109,03/29/2025,MQL
CONV013938,CUST003415,CAMP0190,28-12-2023,Opportunity
CONV013939,CUST005521,CAMP0060,2023-05-31,Lead
CONV013940,CUST004402,CAMP0024,2023-02-26,SQL
CONV013941,CUST008189,CAMP0073,2025-07-06,SQL
CONV013942,CUST002385,CAMP0106,2025-07-17,Lead
CONV013943,CUST005869,CAMP0178,10/18/2025,SQL
CONV013944,CUST007460,CAMP0206,2026-02-17,Lead
CONV013945,CUST002078,CAMP0151,20 Jul 2023,Customer
CONV013946,CUST009605,CAMP0170,,Customer
CONV013947,CUST005435,CAMP0047,10/16/2025,Opportunity
CONV013948,CUST007971,CAMP0177,17-06-2023,SQL
CONV013949,CUST000597,CAMP0116,2025-03-18,Customer
CONV013950,CUST004266,CAMP0142,2024-03-21,Customer
CONV013951,CUST009376,CAMP0161,2023-11-08,MQL
CONV013952,CUST005624,CAMP0012,2023-12-27,Customer
CONV013953,CUST009189,CAMP0183,01-08-2025,Customer
CONV013954,CUST004573,CAMP0207,2025-04-04,SQL
CONV013955,CUST001105,CAMP0055,16-03-2025,Lead
CONV013956,CUST000532,CAMP0210,2024-05-20,SQL
CONV013957,CUST005641,CAMP0101,2025-03-31,Customer
CONV013958,CUST006579,CAMP0134,2023-06-05,Opportunity
CONV013959,CUST008358,CAMP0192,2023-06-23,Customer
CONV013960,CUST004130,CAMP0189,2025-04-04,Customer
CONV013961,CUST003769,CAMP0018,,SQL
CONV013962,CUST001429,CAMP0036,2023-04-06,Customer
CONV013963,CUST002181,CAMP0181,2024-03-25,Customer
CONV013964,CUST006036,CAMP0030,29 Jun 2024,Lead
CONV013965,CUST008532,CAMP0075,08 Oct 2025,Customer
CONV013966,CUST000349,CAMP0173,2026-03-19,Lead
CONV013967,CUST001578,CAMP0119,03/25/2023,MQL
CONV013968,CUST007549,CAMP0162,2023-12-24,Lead
CONV013969,CUST002033,CAMP0119,2025-03-25,Opportunity
CONV013970,CUST008408,CAMP0107,2023-12-12,SQL
CONV013971,CUST000731,CAMP0203,2026-02-28,Customer
CONV013972,CUST009548,CAMP0179,2023-08-30,Lead
CONV013973,CUST009789,CAMP0177,2025-03-11,MQL
CONV013974,CUST008607,CAMP0087,31-05-2026,Lead
CONV013975,CUST005288,CAMP0079,2024-08-29,Opportunity
CONV013976,CUST004212,CAMP0060,12/05/2025,SQL
CONV013977,CUST004434,CAMP0160,2023-03-22,SQL
CONV013978,CUST001839,CAMP0164,2025-05-30,Opportunity
CONV013979,CUST006692,CAMP0124,2025-03-05,Lead
CONV013980,CUST007684,CAMP0202,2024-10-13,Lead
CONV013981,CUST004952,CAMP0218,09/24/2023,SQL
CONV013982,CUST005310,CAMP0072,2023-07-19,MQL
CONV013983,CUST003698,CAMP0073,2025-12-31,MQL
CONV013984,CUST007714,CAMP0185,2023-10-09,Opportunity
CONV013985,CUST009656,CAMP0077,25 Dec 2024,MQL
CONV013986,CUST002619,CAMP0167,2023-01-15,MQL
CONV013987,CUST004887,CAMP0146,12/29/2025,Lead
CONV013988,CUST008348,CAMP0208,05/26/2023,Lead
CONV013989,CUST008953,CAMP0051,2023-06-08,Customer
CONV013990,CUST005054,CAMP0007,2024-04-18,Lead
CONV013991,CUST001153,CAMP0134,09-03-2023,SQL
CONV013992,CUST005178,CAMP0207,24-11-2024,MQL
CONV013993,CUST005249,CAMP0113,2025-10-31,Lead
CONV013994,CUST006947,CAMP0027,,Opportunity
CONV013995,CUST003445,CAMP0205,27-06-2024,MQL
CONV013996,CUST005534,CAMP0043,07/29/2025,Lead
CONV013997,CUST003130,CAMP0190,2023-04-23,Customer
CONV013998,CUST005333,CAMP0001,2023-07-24,SQL
CONV013999,CUST008378,CAMP0021,2023-07-05,Opportunity
CONV014000,CUST007377,CAMP0001,2026-06-27,Customer
CONV014001,CUST009530,CAMP0134,2024-04-08,Customer
CONV014002,CUST006608,CAMP0129,10/10/2024,MQL
CONV014003,CUST008767,CAMP0113,09-01-2023,SQL
CONV014004,CUST008550,CAMP0047,2024-08-31,Opportunity
CONV014005,CUST005194,CAMP0052,2025-03-10,Opportunity
CONV014006,CUST001217,CAMP0124,2023-07-23,Opportunity
CONV014007,CUST009793,CAMP0220,2026-05-27,MQL
CONV014008,CUST000823,CAMP0160,24-11-2023,Lead
CONV014009,CUST009976,CAMP0037,2025-11-27,MQL
CONV014010,CUST004635,CAMP0209,08-04-2025,Lead
CONV014011,CUST009996,CAMP0203,06/12/2025,Lead
CONV014012,CUST004397,CAMP0098,2026-05-31,Lead
CONV014013,CUST006996,CAMP0174,06/21/2024,MQL
CONV014014,CUST004844,CAMP0051,12/22/2025,Lead
CONV014015,CUST006712,CAMP0065,2025-10-08,SQL
CONV014016,CUST005355,CAMP0154,2025-09-09,Customer
CONV014017,CUST001462,CAMP0120,07/26/2023,Opportunity
CONV014018,CUST007447,CAMP0184,06/24/2023,Lead
CONV014019,CUST003430,CAMP0143,2026-06-21,SQL
CONV014020,CUST004787,CAMP0107,20 Jun 2024,Customer
CONV014021,CUST008337,CAMP0170,04/27/2024,SQL
CONV014022,CUST005195,CAMP0213,2025-10-18,SQL
CONV014023,CUST008341,CAMP0036,13-09-2025,Opportunity
CONV014024,CUST000980,CAMP0016,06-04-2025,SQL
CONV014025,CUST004079,CAMP0065,2023-02-04,Lead
CONV014026,CUST000581,CAMP0054,27-10-2024,Lead
CONV014027,CUST006387,CAMP0023,16 Mar 2023,Customer
CONV014028,CUST002214,CAMP0136,01-12-2025,Customer
CONV014029,CUST003460,CAMP0117,2023-10-25,Customer
CONV014030,CUST009056,CAMP0047,,SQL
CONV014031,CUST000484,CAMP0099,20-05-2023,MQL
CONV014032,CUST005050,CAMP0046,2024-10-12,Customer
CONV014033,CUST000927,CAMP0148,09-01-2023,Customer
CONV014034,CUST008360,CAMP0203,10-10-2023,MQL
CONV014035,CUST005512,CAMP0141,2023-04-11,Lead
CONV014036,CUST001066,CAMP0153,07/12/2025,MQL
CONV014037,CUST006858,CAMP0001,26-04-2023,Lead
CONV014038,CUST005110,CAMP0015,2024-09-17,MQL
CONV014039,CUST002681,CAMP0129,2023-08-09,Opportunity
CONV014040,CUST004446,CAMP0220,2024-07-21,Opportunity
CONV014041,CUST000434,CAMP0213,2025-01-04,
CONV014042,CUST006447,CAMP0196,2023-01-29,Customer
CONV014043,CUST008425,CAMP0165,01/04/2023,Customer
CONV014044,CUST006768,CAMP0070,11/01/2024,Customer
CONV014045,CUST002422,CAMP0168,2025-01-09,SQL
CONV014046,CUST003826,CAMP0215,30 Mar 2025,SQL
CONV014047,CUST007582,CAMP0135,19-06-2025,SQL
CONV014048,CUST002926,CAMP0138,09/17/2024,MQL
CONV014049,CUST005119,CAMP0104,2025-04-18,Lead
CONV014050,CUST005715,CAMP0026,2025-07-21,SQL
CONV014051,CUST004902,CAMP0170,,Customer
CONV014052,CUST007217,CAMP0145,01 Jun 2025,SQL
CONV014053,CUST009628,CAMP0211,20-12-2023,Customer
CONV014054,CUST001102,CAMP0070,2023-09-15,Lead
CONV014055,CUST000343,CAMP0149,2025-05-13,Customer
CONV014056,CUST000210,CAMP0169,2024-11-15,MQL
CONV014057,CUST004099,CAMP0067,2025-04-21,Lead
CONV014058,CUST003870,CAMP0151,28-01-2026,MQL
CONV014059,CUST007541,CAMP0069,2024-11-26,SQL
CONV014060,CUST009267,CAMP0170,2024-04-28,Customer
CONV014061,CUST002251,CAMP0070,2024-04-18,MQL
CONV014062,CUST006597,CAMP0215,2025-03-16,Customer
CONV014063,CUST009092,CAMP0170,2025-03-12,MQL
CONV014064,CUST004956,CAMP0126,26-01-2023,SQL
CONV014065,CUST009326,CAMP0154,05/29/2023,Opportunity
CONV014066,CUST000617,CAMP0113,2023-08-30,SQL
CONV014067,CUST009096,CAMP0068,2026-02-10,Opportunity
CONV014068,CUST005847,CAMP0129,2024-10-23,Lead
CONV014069,CUST007393,CAMP0215,2024-07-30,Lead
CONV014070,CUST008713,CAMP0009,04/21/2023,SQL
CONV014071,CUST002123,CAMP0120,2025-08-15,Lead
CONV014072,CUST009978,CAMP0152,06/13/2025,SQL
CONV014073,CUST007571,CAMP0073,15-06-2024,Lead
CONV014074,CUST000654,CAMP0035,22 Jun 2026,Customer
CONV014075,CUST005292,CAMP0181,2025-04-16,Lead
CONV014076,CUST005728,CAMP0156,2025-05-13,Lead
CONV014077,CUST000193,CAMP0128,03/19/2025,SQL
CONV014078,CUST009786,CAMP0036,10/04/2023,Lead
CONV014079,CUST008692,CAMP0204,07/29/2024,Customer
CONV014080,CUST003161,CAMP0220,2025-05-08,SQL
CONV014081,CUST009527,CAMP0140,2024-05-21,SQL
CONV014082,CUST000429,CAMP0102,2023-08-05,MQL
CONV014083,CUST003381,CAMP0079,2023-04-10,Opportunity
CONV014084,CUST001982,CAMP0029,2023-09-18,SQL
CONV014085,CUST004488,CAMP0201,,Lead
CONV014086,CUST000040,CAMP0128,2025-06-30,SQL
CONV014087,CUST003012,CAMP0130,2024-08-31,MQL
CONV014088,CUST001310,CAMP0099,2024-11-18,Lead
CONV014089,CUST006061,CAMP0101,03/18/2025,SQL
CONV014090,CUST004516,CAMP0199,2024-11-15,Lead
CONV014091,CUST003760,CAMP0102,23-11-2024,Lead
CONV014092,CUST003782,CAMP0106,2023-08-20,Opportunity
CONV014093,CUST004143,CAMP0206,15-07-2024,Lead
CONV014094,CUST009487,CAMP0115,2026-01-29,Lead
CONV014095,CUST004967,CAMP0162,2024-02-05,MQL
CONV014096,CUST004838,CAMP0199,,Opportunity
CONV014097,CUST005160,CAMP0168,06/01/2024,
CONV014098,CUST004119,CAMP0092,04/19/2023,SQL
CONV014099,CUST001792,CAMP0042,2024-05-24,Lead
CONV014100,CUST008470,CAMP0069,18-12-2025,Lead
CONV014101,CUST004925,CAMP0167,2023-04-15,Lead
CONV014102,CUST009511,CAMP0032,15-12-2023,MQL
CONV014103,CUST006270,CAMP0097,06/26/2024,MQL
CONV014104,CUST003716,CAMP0083,2024-02-13,Customer
CONV014105,CUST003868,CAMP0077,2025-10-01,MQL
CONV014106,CUST002334,CAMP0188,30-01-2024,MQL
CONV014107,CUST007332,CAMP0051,02/02/2023,Lead
CONV014108,CUST009705,CAMP0045,2025-05-21,MQL
CONV014109,CUST003479,CAMP0141,2023-05-14,Opportunity
CONV014110,CUST004199,CAMP0216,2025-06-05,Lead
CONV014111,CUST005070,CAMP0162,2023-05-30,Lead
CONV014112,CUST003341,CAMP0220,02/03/2024,MQL
CONV014113,CUST002697,CAMP0166,2023-07-02,Opportunity
CONV014114,CUST007643,CAMP0031,2024-06-25,Opportunity
CONV014115,CUST003207,CAMP0118,2023-05-08,SQL
CONV014116,CUST002057,CAMP0114,2026-01-05,Customer
CONV014117,CUST002661,CAMP0204,,Lead
CONV014118,CUST005211,CAMP0115,2023-08-27,Lead
CONV014119,CUST003565,CAMP0089,,MQL
CONV014120,CUST008456,CAMP0120,19-09-2025,Opportunity
CONV014121,CUST009404,CAMP0024,2025-12-19,MQL
CONV014122,CUST005854,CAMP0091,02-07-2024,MQL
CONV014123,CUST002888,CAMP0220,2024-09-08,Customer
CONV014124,CUST004441,CAMP0143,,Lead
CONV014125,CUST008390,CAMP0029,2024-12-29,Opportunity
CONV014126,CUST004377,CAMP0032,08/08/2024,MQL
CONV014127,CUST008464,CAMP0191,,Opportunity
CONV014128,CUST002519,CAMP0165,10-07-2024,Customer
CONV014129,CUST000089,CAMP0209,04/01/2026,Lead
CONV014130,CUST004445,CAMP0138,2025-10-31,Customer
CONV014131,CUST008337,CAMP0192,04/05/2025,MQL
CONV014132,CUST008658,CAMP0057,2025-07-26,Lead
CONV014133,CUST005653,CAMP0218,11/07/2025,Opportunity
CONV014134,CUST004085,CAMP0065,2026-01-29,MQL
CONV014135,CUST001528,CAMP0042,03/28/2023,Lead
CONV014136,CUST005941,CAMP0048,2025-09-20,Opportunity
CONV014137,CUST001341,CAMP0185,2023-04-21,MQL
CONV014138,CUST008815,CAMP0158,2023-07-28,Opportunity
CONV014139,CUST007988,CAMP0115,2025-11-20,Customer
CONV014140,CUST000106,CAMP0132,13-12-2023,Lead
CONV014141,CUST002966,CAMP0147,2025-11-05,MQL
CONV014142,CUST004558,CAMP0155,24 Mar 2025,Lead
CONV014143,CUST009253,CAMP0078,2025-05-11,Customer
CONV014144,CUST008295,CAMP0055,2023-12-18,Lead
CONV014145,CUST006408,CAMP0028,2023-12-18,Lead
CONV014146,CUST008802,CAMP0121,08 Apr 2026,Opportunity
CONV014147,CUST006868,CAMP0144,04/21/2025,Customer
CONV014148,CUST008311,CAMP0166,08/10/2023,SQL
CONV014149,CUST009127,CAMP0203,06/27/2025,SQL
CONV014150,CUST003383,CAMP0028,04-11-2024,Opportunity
CONV014151,CUST004263,CAMP0109,2024-10-17,Opportunity
CONV014152,CUST006804,CAMP0088,2025-07-21,Opportunity
CONV014153,CUST004599,CAMP0175,15-10-2024,Lead
CONV014154,CUST007243,CAMP0002,12/07/2024,Customer
CONV014155,CUST009268,CAMP0122,2023-05-19,Lead
CONV014156,CUST003703,CAMP0180,2023-12-14,Customer
CONV014157,CUST006418,CAMP0029,03/03/2024,Lead
CONV014158,CUST006857,CAMP0073,2024-11-23,MQL
CONV014159,CUST009166,CAMP0216,2023-04-06,Customer
CONV014160,CUST009016,CAMP0074,08/15/2024,
CONV014161,CUST001449,CAMP0163,2025-09-03,Lead
CONV014162,CUST009415,CAMP0105,09/06/2024,SQL
CONV014163,CUST009713,CAMP0033,07/24/2026,Lead
CONV014164,CUST006268,CAMP0116,2025-09-09,Opportunity
CONV014165,CUST002736,CAMP0007,2026-07-07,MQL
CONV014166,CUST003382,CAMP0071,06/02/2026,Customer
CONV014167,CUST007209,CAMP0001,2023-06-20,Opportunity
CONV014168,CUST006890,CAMP0151,,SQL
CONV014169,CUST002046,CAMP0212,01/03/2025,Opportunity
CONV014170,CUST004144,CAMP0185,2025-12-22,SQL
CONV014171,CUST003333,CAMP0017,07 Jul 2024,Customer
CONV014172,CUST002238,CAMP0001,25-07-2026,Lead
CONV014173,CUST000233,CAMP0056,11-07-2026,Customer
CONV014174,CUST007165,CAMP0012,21-09-2025,Customer
CONV014175,CUST009299,CAMP0084,2023-04-10,Customer
CONV014176,CUST002719,CAMP0029,03/07/2025,MQL
CONV014177,CUST006288,CAMP0042,22 Feb 2026,SQL
CONV014178,CUST001903,CAMP0188,2024-10-07,MQL
CONV014179,CUST007366,CAMP0043,06/01/2026,MQL
CONV014180,CUST001088,CAMP0056,2023-03-11,Opportunity
CONV014181,CUST001350,CAMP0188,2025-09-21,Opportunity
CONV014182,CUST002097,CAMP0090,2024-10-21,MQL
CONV014183,CUST006505,CAMP0111,,Customer
CONV014184,CUST008230,CAMP0179,24-08-2023,Customer
CONV014185,CUST001088,CAMP0013,2026-04-11,Opportunity
CONV014186,CUST009004,CAMP0107,,Customer
CONV014187,CUST001168,CAMP0033,23-12-2025,Customer
CONV014188,CUST008119,CAMP0127,07/17/2026,Customer
CONV014189,CUST006079,CAMP0094,2024-02-24,Lead
CONV014190,CUST004692,CAMP0139,01-05-2024,SQL
CONV014191,CUST004799,CAMP0193,29-12-2024,Customer
CONV014192,CUST001867,CAMP0160,27 May 2025,SQL
CONV014193,CUST004917,CAMP0016,01/29/2023,Customer
CONV014194,CUST005318,CAMP0072,18-02-2024,Customer
CONV014195,CUST006632,CAMP0114,2025-03-17,SQL
CONV014196,CUST004866,CAMP0074,03-03-2025,Opportunity
CONV014197,CUST009280,CAMP0088,01/12/2024,Customer
CONV014198,CUST009235,CAMP0029,2023-05-16,MQL
CONV014199,CUST000851,CAMP0141,03-04-2025,MQL
CONV014200,CUST007768,CAMP0148,21-08-2025,MQL
CONV014201,CUST007744,CAMP0163,,Opportunity
CONV014202,CUST002305,CAMP0147,18-10-2024,Customer
CONV014203,CUST007033,CAMP0098,2025-04-24,Customer
CONV014204,CUST001539,CAMP0032,2024-03-09,MQL
CONV014205,CUST002345,CAMP0018,2025-08-25,MQL
CONV014206,CUST003802,CAMP0197,2024-01-08,Opportunity
CONV014207,CUST006929,CAMP0148,24-02-2025,MQL
CONV014208,CUST002496,CAMP0095,2026-06-01,Lead
CONV014209,CUST007387,CAMP0100,06/06/2024,MQL
CONV014210,CUST007533,CAMP0149,19-02-2026,SQL
CONV014211,CUST007020,CAMP0122,18-01-2025,MQL
CONV014212,CUST001769,CAMP0068,2023-10-21,MQL
CONV014213,CUST009985,CAMP0171,20-07-2026,Customer
CONV014214,CUST008212,CAMP0147,2023-09-19,MQL
CONV014215,CUST008377,CAMP0191,2025-09-27,MQL
CONV014216,CUST004816,CAMP0071,,Opportunity
CONV014217,CUST009371,CAMP0001,02-08-2024,MQL
CONV014218,CUST006591,CAMP0166,2023-08-18,Opportunity
CONV014219,CUST007637,CAMP0067,2023-05-14,MQL
CONV014220,CUST007423,CAMP0004,2025-10-18,Opportunity
CONV014221,CUST009002,CAMP0069,10/09/2025,SQL
CONV014222,CUST003088,CAMP0109,,Lead
CONV014223,CUST007057,CAMP0130,2024-07-21,Opportunity
CONV014224,CUST009315,CAMP0168,2023-12-02,Customer
CONV014225,CUST009914,CAMP0054,19-09-2025,Lead
CONV014226,CUST009909,CAMP0039,10/27/2023,MQL
CONV014227,CUST000080,CAMP0015,2025-04-28,MQL
CONV014228,CUST000687,CAMP0047,03/10/2023,Customer
CONV014229,CUST008726,CAMP0106,2025-10-11,SQL
CONV014230,CUST004983,CAMP0192,2025-11-14,MQL
CONV014231,CUST009958,CAMP0131,2023-07-17,Lead
CONV014232,CUST002049,CAMP0150,2025-06-18,SQL
CONV014233,CUST008748,CAMP0106,05/06/2024,Opportunity
CONV014234,CUST004967,CAMP0201,2023-06-22,MQL
CONV014235,CUST002534,CAMP0134,02/20/2023,SQL
CONV014236,CUST003033,CAMP0016,22-09-2024,Opportunity
CONV014237,CUST008154,CAMP0033,2025-10-08,Opportunity
CONV014238,CUST004267,CAMP0196,04-04-2023,Customer
CONV014239,CUST005468,CAMP0172,28 Oct 2023,Opportunity
CONV014240,CUST007828,CAMP0013,2026-04-15,Opportunity
CONV014241,CUST001347,CAMP0133,2023-01-11,Lead
CONV014242,CUST006601,CAMP0167,30 Sep 2025,Customer
CONV014243,CUST002589,CAMP0165,11/29/2024,Opportunity
CONV014244,CUST009847,CAMP0027,2023-01-21,MQL
CONV014245,CUST003575,CAMP0166,15-01-2025,Lead
CONV014246,CUST004778,CAMP0013,2025-11-30,Customer
CONV014247,CUST004075,CAMP0177,25 Feb 2024,Lead
CONV014248,CUST009087,CAMP0042,2025-12-29,MQL
CONV014249,CUST007091,CAMP0049,2023-07-24,SQL
CONV014250,CUST002997,CAMP0173,2023-10-25,Customer
CONV014251,CUST009704,CAMP0152,21-04-2024,Customer
CONV014252,CUST007747,CAMP0140,2024-08-11,Customer
CONV014253,CUST000408,CAMP0078,14-11-2025,SQL
CONV014254,CUST007255,CAMP0054,2024-03-18,Opportunity
CONV014255,CUST000662,CAMP0138,2023-07-14,SQL
CONV014256,CUST009481,CAMP0129,2023-08-24,MQL
CONV014257,CUST004461,CAMP0128,03/09/2023,Opportunity
CONV014258,CUST000586,CAMP0103,02-01-2024,Opportunity
CONV014259,CUST007807,CAMP0113,08-12-2024,SQL
CONV014260,CUST006835,CAMP0075,2025-03-03,SQL
CONV014261,CUST005891,CAMP0181,2023-07-13,Opportunity
CONV014262,CUST005588,CAMP0194,2026-03-14,
CONV014263,CUST007124,CAMP0209,,SQL
CONV014264,CUST007018,CAMP0113,2025-06-25,MQL
CONV014265,CUST009320,CAMP0036,21-05-2026,SQL
CONV014266,CUST004359,CAMP0042,2025-12-13,SQL
CONV014267,CUST006580,CAMP0122,19-06-2023,SQL
CONV014268,CUST007415,CAMP0129,2023-09-06,Customer
CONV014269,CUST007285,CAMP0116,30-11-2024,Lead
CONV014270,CUST000388,CAMP0061,2025-03-13,Lead
CONV014271,CUST007962,CAMP0031,2025-07-23,Lead
CONV014272,CUST001255,CAMP0173,2025-06-07,Opportunity
CONV014273,CUST009402,CAMP0029,2025-11-02,MQL
CONV014274,CUST003842,CAMP0173,27-08-2025,SQL
CONV014275,CUST004018,CAMP0146,03/23/2025,SQL
CONV014276,CUST002605,CAMP0142,01/13/2023,Opportunity
CONV014277,CUST006081,CAMP0026,2024-10-26,Customer
CONV014278,CUST008767,CAMP0091,2025-07-15,Opportunity
CONV014279,CUST007297,CAMP0065,2024-06-25,SQL
CONV014280,CUST006843,CAMP0018,01-07-2024,
CONV014281,CUST003179,CAMP0158,2025-01-13,Opportunity
CONV014282,CUST001156,CAMP0140,19-09-2024,Lead
CONV014283,CUST002894,CAMP0191,2023-04-18,Opportunity
CONV014284,CUST005531,CAMP0109,2026-07-19,Opportunity
CONV014285,CUST007432,CAMP0140,2025-09-22,Lead
CONV014286,CUST008108,CAMP0112,2024-09-21,Customer
CONV014287,CUST009506,CAMP0018,2025-09-12,Lead
CONV014288,CUST001103,CAMP0113,05/20/2023,MQL
CONV014289,CUST004830,CAMP0211,2025-02-04,Lead
CONV014290,CUST004875,CAMP0153,03-07-2024,Customer
CONV014291,CUST008979,CAMP0193,2023-05-13,Lead
CONV014292,CUST002081,CAMP0010,17-02-2024,SQL
CONV014293,CUST001066,CAMP0161,2025-06-03,MQL
CONV014294,CUST006569,CAMP0100,2024-05-24,Customer
CONV014295,CUST002442,CAMP0172,30-04-2023,Customer
CONV014296,CUST008405,CAMP0121,2025-10-02,Lead
CONV014297,CUST005369,CAMP0176,2026-05-20,Lead
CONV014298,CUST002973,CAMP0070,2025-06-09,SQL
CONV014299,CUST007041,CAMP0115,2024-03-03,MQL
CONV014300,CUST005667,CAMP0097,2023-01-14,Lead
CONV014301,CUST001977,CAMP0094,30-06-2024,Lead
CONV014302,CUST003870,CAMP0035,2026-04-05,Opportunity
CONV014303,CUST002365,CAMP0117,2024-10-26,MQL
CONV014304,CUST005175,CAMP0135,2025-10-05,Lead
CONV014305,CUST007781,CAMP0204,2024-10-30,Customer
CONV014306,CUST006778,CAMP0098,27-08-2023,Customer
CONV014307,CUST009469,CAMP0128,05-09-2025,
CONV014308,CUST006229,CAMP0219,05-09-2025,Opportunity
CONV014309,CUST005075,CAMP0065,2023-03-11,Lead
CONV014310,CUST006064,CAMP0135,05/18/2025,MQL
CONV014311,CUST008216,CAMP0112,2023-08-10,MQL
CONV014312,CUST007945,CAMP0042,2025-02-24,Customer
CONV014313,CUST009134,CAMP0185,2026-02-23,Customer
CONV014314,CUST004652,CAMP0081,2023-04-28,SQL
CONV014315,CUST008574,CAMP0010,2025-03-17,MQL
CONV014316,CUST007264,CAMP0170,2025-04-25,MQL
CONV014317,CUST004601,CAMP0108,07/30/2026,MQL
CONV014318,CUST001959,CAMP0184,2024-12-15,Lead
CONV014319,CUST006889,CAMP0026,06/16/2023,Lead
CONV014320,CUST006275,CAMP0101,21-04-2023,MQL
CONV014321,CUST000396,CAMP0156,2024-11-10,MQL
CONV014322,CUST002570,CAMP0183,2024-11-28,SQL
CONV014323,CUST004910,CAMP0168,2023-12-09,Lead
CONV014324,CUST008241,CAMP0166,25-04-2024,MQL
CONV014325,CUST003807,CAMP0004,2024-07-31,SQL
CONV014326,CUST003741,CAMP0195,26 Mar 2025,Opportunity
CONV014327,CUST003697,CAMP0049,06/07/2026,Opportunity
CONV014328,CUST005165,CAMP0207,03/19/2026,Lead
CONV014329,CUST002566,CAMP0153,,Lead
CONV014330,CUST004941,CAMP0150,,SQL
CONV014331,CUST004894,CAMP0080,2024-12-14,SQL
CONV014332,CUST009437,CAMP0090,2025-12-24,
CONV014333,CUST009028,CAMP0123,2024-06-27,Customer
CONV014334,CUST001181,CAMP0203,30-07-2025,Customer
CONV014335,CUST000139,CAMP0090,07/16/2024,Customer
CONV014336,CUST004677,CAMP0124,2026-01-11,Customer
CONV014337,CUST007869,CAMP0171,07/23/2025,Opportunity
CONV014338,CUST000343,CAMP0031,08-04-2025,SQL
CONV014339,CUST005980,CAMP0191,2024-01-04,MQL
CONV014340,CUST009235,CAMP0034,2023-09-16,Lead
CONV014341,CUST004845,CAMP0200,30-07-2023,Customer
CONV014342,CUST002231,CAMP0119,04/02/2023,SQL
CONV014343,CUST003843,CAMP0138,2025-04-06,SQL
CONV014344,CUST000008,CAMP0157,2025-05-15,Customer
CONV014345,CUST006801,CAMP0067,2025-11-30,MQL
CONV014346,CUST001059,CAMP0150,10/06/2023,SQL
CONV014347,CUST009276,CAMP0206,2023-04-05,Customer
CONV014348,CUST008398,CAMP0064,02-05-2023,Lead
CONV014349,CUST003583,CAMP0050,,SQL
CONV014350,CUST009199,CAMP0046,2026-01-12,Customer
CONV014351,CUST005830,CAMP0170,2023-11-22,Customer
CONV014352,CUST002540,CAMP0051,13 Jan 2025,Opportunity
CONV014353,CUST008244,CAMP0191,23-12-2024,Lead
CONV014354,CUST005447,CAMP0132,2025-03-23,Lead
CONV014355,CUST002230,CAMP0216,2024-10-24,Customer
CONV014356,CUST003696,CAMP0024,2025-10-05,Lead
CONV014357,CUST003647,CAMP0061,04/30/2023,MQL
CONV014358,CUST008569,CAMP0088,2026-03-12,Lead
CONV014359,CUST009368,CAMP0166,2023-07-02,Opportunity
CONV014360,CUST000741,CAMP0158,06/15/2026,Opportunity
CONV014361,CUST005853,CAMP0149,2024-06-15,MQL
CONV014362,CUST001961,CAMP0071,2025-06-06,Customer
CONV014363,CUST008619,CAMP0058,2023-11-19,Lead
CONV014364,CUST008986,CAMP0141,10 Mar 2026,Opportunity
CONV014365,CUST009025,CAMP0133,2023-11-14,Lead
CONV014366,CUST008402,CAMP0124,2026-05-12,Customer
CONV014367,CUST003913,CAMP0166,2025-04-05,Opportunity
CONV014368,CUST003015,CAMP0040,2023-01-07,Lead
CONV014369,CUST008669,CAMP0063,2025-03-04,SQL
CONV014370,CUST002029,CAMP0066,2025-12-23,Lead
CONV014371,CUST004717,CAMP0010,12/19/2023,MQL
CONV014372,CUST006450,CAMP0098,02-11-2025,Opportunity
CONV014373,CUST003596,CAMP0160,2026-03-06,Lead
CONV014374,CUST001520,CAMP0084,05 Mar 2026,SQL
CONV014375,CUST002211,CAMP0085,26-08-2023,Lead
CONV014376,CUST006239,CAMP0166,04/27/2023,Lead
CONV014377,CUST001791,CAMP0117,2025-05-11,Opportunity
CONV014378,CUST004187,CAMP0162,07-05-2024,SQL
CONV014379,CUST006281,CAMP0193,21-01-2025,Customer
CONV014380,CUST009863,CAMP0218,06-04-2023,Opportunity
CONV014381,CUST000415,CAMP0066,01/21/2023,Opportunity
CONV014382,CUST002371,CAMP0094,2024-07-11,
CONV014383,CUST000631,CAMP0128,11-11-2023,Customer
CONV014384,CUST000667,CAMP0148,15-07-2024,Lead
CONV014385,CUST000004,CAMP0110,2023-10-02,Customer
CONV014386,CUST007084,CAMP0164,,Opportunity
CONV014387,CUST001983,CAMP0189,10/03/2024,MQL
CONV014388,CUST001898,CAMP0188,2026-01-04,Opportunity
CONV014389,CUST006125,CAMP0046,13-03-2024,MQL
CONV014390,CUST007528,CAMP0170,2025-07-15,MQL
CONV014391,CUST006229,CAMP0193,09-12-2025,Customer
CONV014392,CUST006013,CAMP0057,08-06-2024,Lead
CONV014393,CUST004125,CAMP0052,2025-11-24,SQL
CONV014394,CUST000412,CAMP0072,,SQL
CONV014395,CUST003984,CAMP0170,2023-05-06,SQL
CONV014396,CUST005078,CAMP0105,2024-02-04,Opportunity
CONV014397,CUST007753,CAMP0161,11/01/2023,MQL
CONV014398,CUST002331,CAMP0189,07/19/2024,SQL
CONV014399,CUST005894,CAMP0011,11/25/2024,Customer
CONV014400,CUST005033,CAMP0128,2023-05-07,Lead
CONV014401,CUST003095,CAMP0071,26-02-2026,MQL
CONV014402,CUST002199,CAMP0214,2025-03-22,MQL
CONV014403,CUST009464,CAMP0081,2025-10-29,Lead
CONV014404,CUST008338,CAMP0008,2024-12-07,SQL
CONV014405,CUST001327,CAMP0185,06-02-2024,MQL
CONV014406,CUST003752,CAMP0014,26-08-2024,Customer
CONV014407,CUST007979,CAMP0096,12/09/2024,Customer
CONV014408,CUST001586,CAMP0057,2026-07-11,Lead
CONV014409,CUST008824,CAMP0110,04 Aug 2025,Customer
CONV014410,CUST001232,CAMP0212,2025-08-01,Lead
CONV014411,CUST004721,CAMP0172,2023-03-27,Opportunity
CONV014412,CUST006245,CAMP0012,03/26/2026,MQL
CONV014413,CUST008851,CAMP0135,2023-05-06,SQL
CONV014414,CUST006025,CAMP0201,2026-06-20,MQL
CONV014415,CUST002046,CAMP0183,01-01-2026,Customer
CONV014416,CUST000512,CAMP0071,2023-10-17,SQL
CONV014417,CUST009316,CAMP0074,05/26/2026,Lead
CONV014418,CUST004605,CAMP0149,2024-12-23,Customer
CONV014419,CUST006994,CAMP0055,2025-06-07,Customer
CONV014420,CUST005894,CAMP0133,2026-02-22,SQL
CONV014421,CUST003460,CAMP0178,2023-02-04,MQL
CONV014422,CUST009969,CAMP0106,2024-03-23,Customer
CONV014423,CUST004849,CAMP0018,15 Feb 2026,Customer
CONV014424,CUST004914,CAMP0033,2023-07-18,Opportunity
CONV014425,CUST001125,CAMP0199,22 Jul 2025,MQL
CONV014426,CUST005676,CAMP0087,05/11/2024,Opportunity
CONV014427,CUST005167,CAMP0012,2025-06-30,Opportunity
CONV014428,CUST007750,CAMP0123,2023-06-12,Opportunity
CONV014429,CUST002262,CAMP0211,2024-12-01,MQL
CONV014430,CUST009138,CAMP0084,05/30/2026,
CONV014431,CUST000213,CAMP0151,30-10-2025,Opportunity
CONV014432,CUST007388,CAMP0159,12/07/2024,Lead
CONV014433,CUST009966,CAMP0014,2026-07-30,Customer
CONV014434,CUST000598,CAMP0118,,MQL
CONV014435,CUST009767,CAMP0155,2026-07-13,Customer
CONV014436,CUST006716,CAMP0153,2024-10-19,Customer
CONV014437,CUST008003,CAMP0093,2023-04-30,Opportunity
CONV014438,CUST007637,CAMP0180,2024-09-06,Opportunity
CONV014439,CUST002339,CAMP0181,03-04-2024,SQL
CONV014440,CUST005381,CAMP0180,2026-08-01,MQL
CONV014441,CUST001655,CAMP0154,2024-11-23,Customer
CONV014442,CUST008690,CAMP0107,01/12/2026,Customer
CONV014443,CUST005346,CAMP0208,2024-08-05,MQL
CONV014444,CUST002792,CAMP0198,2025-04-05,Customer
CONV014445,CUST006794,CAMP0027,2023-12-11,Customer
CONV014446,CUST008268,CAMP0017,,Customer
CONV014447,CUST007080,CAMP0068,2026-05-07,Lead
CONV014448,CUST005765,CAMP0010,2023-04-14,Lead
CONV014449,CUST000081,CAMP0094,2023-05-02,Customer
CONV014450,CUST008473,CAMP0120,03/09/2025,MQL
CONV014451,CUST005875,CAMP0150,2024-01-28,SQL
CONV014452,CUST009479,CAMP0045,2023-10-10,Customer
CONV014453,CUST005400,CAMP0183,2023-12-23,Opportunity
CONV014454,CUST008614,CAMP0026,25 Jun 2023,Lead
CONV014455,CUST008489,CAMP0127,08/16/2025,Lead
CONV014456,CUST009025,CAMP0050,30-11-2023,Lead
CONV014457,CUST003469,CAMP0112,2024-04-21,SQL
CONV014458,CUST004020,CAMP0066,2024-08-19,SQL
CONV014459,CUST009614,CAMP0198,06/01/2025,Customer
CONV014460,CUST009981,CAMP0033,30 May 2026,SQL
CONV014461,CUST000777,CAMP0114,24-01-2023,SQL
CONV014462,CUST004903,CAMP0104,2025-02-13,Lead
CONV014463,CUST005499,CAMP0154,25 May 2024,SQL
CONV014464,CUST002006,CAMP0041,10/02/2025,MQL
CONV014465,CUST005540,CAMP0111,2025-12-05,MQL
CONV014466,CUST004693,CAMP0121,2023-04-03,Opportunity
CONV014467,CUST001264,CAMP0143,04/03/2026,Lead
CONV014468,CUST006131,CAMP0151,2026-06-19,Opportunity
CONV014469,CUST008747,CAMP0042,28 May 2024,Customer
CONV014470,CUST009540,CAMP0188,31-03-2025,SQL
CONV014471,CUST005108,CAMP0012,2023-09-09,Customer
CONV014472,CUST006482,CAMP0110,11-06-2024,MQL
CONV014473,CUST005709,CAMP0016,25-09-2024,MQL
CONV014474,CUST006785,CAMP0086,2026-05-04,MQL
CONV014475,CUST001097,CAMP0187,06-01-2025,Customer
CONV014476,CUST009226,CAMP0061,2024-04-08,Opportunity
CONV014477,CUST007820,CAMP0176,2026-01-21,MQL
CONV014478,CUST006377,CAMP0174,03-11-2023,
CONV014479,CUST005564,CAMP0186,08/17/2024,SQL
CONV014480,CUST001920,CAMP0034,2023-05-11,SQL
CONV014481,CUST000060,CAMP0066,2026-01-12,Opportunity
CONV014482,CUST009550,CAMP0103,15-10-2023,MQL
CONV014483,CUST001977,CAMP0113,2024-08-17,Opportunity
CONV014484,CUST004343,CAMP0165,09/26/2024,Opportunity
CONV014485,CUST007544,CAMP0205,2024-11-10,SQL
CONV014486,CUST006493,CAMP0069,2024-06-02,SQL
CONV014487,CUST008029,CAMP0088,10-04-2024,SQL
CONV014488,CUST002641,CAMP0079,22 Feb 2025,SQL
CONV014489,CUST009700,CAMP0048,12/08/2025,Customer
CONV014490,CUST003476,CAMP0168,07/16/2026,Opportunity
CONV014491,CUST009571,CAMP0031,2026-02-10,Lead
CONV014492,CUST006115,CAMP0210,05-08-2025,SQL
CONV014493,CUST006178,CAMP0181,14-04-2023,SQL
CONV014494,CUST001954,CAMP0203,2024-07-17,Lead
CONV014495,CUST002380,CAMP0105,2023-10-22,Customer
CONV014496,CUST009057,CAMP0076,24 Nov 2023,SQL
CONV014497,CUST003922,CAMP0155,01/16/2024,Opportunity
CONV014498,CUST005037,CAMP0201,09/09/2024,Opportunity
CONV014499,CUST001446,CAMP0017,24-02-2023,SQL
CONV014500,CUST007830,CAMP0086,2026-05-30,Customer
CONV014501,CUST009051,CAMP0114,15-08-2025,Opportunity
CONV014502,CUST005917,CAMP0107,11-03-2025,SQL
CONV014503,CUST006029,CAMP0088,2024-08-11,SQL
CONV014504,CUST000637,CAMP0176,03-01-2023,MQL
CONV014505,CUST004989,CAMP0021,2024-11-26,Lead
CONV014506,CUST002245,CAMP0173,2025-04-12,MQL
CONV014507,CUST003288,CAMP0146,2023-06-05,SQL
CONV014508,CUST009672,CAMP0144,06/29/2026,Customer
CONV014509,CUST007652,CAMP0014,2025-02-06,MQL
CONV014510,CUST001806,CAMP0136,2024-09-27,SQL
CONV014511,CUST006480,CAMP0050,2025-08-03,SQL
CONV014512,CUST005052,CAMP0173,2025-03-06,Customer
CONV014513,CUST000589,CAMP0175,2023-06-21,Lead
CONV014514,CUST003605,CAMP0166,2026-05-19,MQL
CONV014515,CUST008687,CAMP0038,2026-01-21,SQL
CONV014516,CUST003237,CAMP0169,2026-01-28,SQL
CONV014517,CUST004137,CAMP0068,2026-02-03,SQL
CONV014518,CUST009920,CAMP0191,2023-11-05,Opportunity
CONV014519,CUST007298,CAMP0105,10/30/2024,SQL
CONV014520,CUST005633,CAMP0052,2026-02-23,Lead
CONV014521,CUST009490,CAMP0099,15 Mar 2023,Lead
CONV014522,CUST007744,CAMP0061,2026-02-14,Customer
CONV014523,CUST003483,CAMP0096,2025-08-31,Opportunity
CONV014524,CUST008838,CAMP0151,13-02-2025,MQL
CONV014525,CUST001029,CAMP0064,2024-06-28,MQL
CONV014526,CUST002301,CAMP0006,22-03-2025,MQL
CONV014527,CUST006100,CAMP0103,05/07/2025,Lead
CONV014528,CUST004823,CAMP0031,22-03-2025,SQL
CONV014529,CUST006121,CAMP0148,2023-01-08,SQL
CONV014530,CUST002471,CAMP0220,2023-07-26,MQL
CONV014531,CUST007566,CAMP0001,2023-09-04,MQL
CONV014532,CUST005924,CAMP0063,18-06-2026,Lead
CONV014533,CUST005336,CAMP0148,2024-10-18,
CONV014534,CUST004660,CAMP0063,2025-04-27,Lead
CONV014535,CUST005495,CAMP0206,2025-12-08,Customer
CONV014536,CUST001201,CAMP0173,06/08/2024,SQL
CONV014537,CUST005837,CAMP0175,2026-06-14,Opportunity
CONV014538,CUST003407,CAMP0021,2026-02-01,SQL
CONV014539,CUST008708,CAMP0188,2024-12-30,Customer
CONV014540,CUST003747,CAMP0022,05-11-2023,Opportunity
CONV014541,CUST008404,CAMP0125,10-09-2025,SQL
CONV014542,CUST007312,CAMP0188,2024-02-25,Opportunity
CONV014543,CUST006969,CAMP0195,15-07-2023,Customer
CONV014544,CUST000103,CAMP0035,30-08-2024,Customer
CONV014545,CUST002886,CAMP0209,2023-04-17,Customer
CONV014546,CUST004325,CAMP0073,2024-07-02,Opportunity
CONV014547,CUST005494,CAMP0173,20-06-2023,Customer
CONV014548,CUST004514,CAMP0136,29-05-2023,SQL
CONV014549,CUST002425,CAMP0100,09-06-2024,Lead
CONV014550,CUST000563,CAMP0105,2025-11-11,Lead
CONV014551,CUST002974,CAMP0037,2023-06-04,MQL
CONV014552,CUST006953,CAMP0195,2025-12-18,SQL
CONV014553,CUST009132,CAMP0119,10 Jun 2026,Lead
CONV014554,CUST008234,CAMP0218,18-10-2025,Lead
CONV014555,CUST006175,CAMP0048,13-11-2023,SQL
CONV014556,CUST005517,CAMP0122,01/01/2025,MQL
CONV014557,CUST007445,CAMP0098,10/24/2025,MQL
CONV014558,CUST001837,CAMP0172,04/06/2025,Opportunity
CONV014559,CUST008006,CAMP0023,2023-05-04,Lead
CONV014560,CUST005807,CAMP0181,2023-05-10,SQL
CONV014561,CUST006606,CAMP0130,2025-11-27,Customer
CONV014562,CUST006085,CAMP0030,2024-07-17,MQL
CONV014563,CUST002615,CAMP0193,14-04-2023,Lead
CONV014564,CUST008163,CAMP0178,2023-04-02,Opportunity
CONV014565,CUST001297,CAMP0022,06-11-2023,MQL
CONV014566,CUST005196,CAMP0114,2026-04-20,SQL
CONV014567,CUST002220,CAMP0188,09/08/2024,Customer
CONV014568,CUST004069,CAMP0093,2026-05-23,Lead
CONV014569,CUST003324,CAMP0164,2025-06-12,Customer
CONV014570,CUST006792,CAMP0042,2023-09-02,SQL
CONV014571,CUST000634,CAMP0123,2024-01-31,SQL
CONV014572,CUST004433,CAMP0008,11-12-2024,Customer
CONV014573,CUST001660,CAMP0092,,SQL
CONV014574,CUST005947,CAMP0101,2023-06-27,Customer
CONV014575,CUST006127,CAMP0190,2023-08-03,Lead
CONV014576,CUST002113,CAMP0092,2024-02-01,MQL
CONV014577,CUST001227,CAMP0214,,MQL
CONV014578,CUST009468,CAMP0051,2023-04-01,Customer
CONV014579,CUST004603,CAMP0130,04/09/2025,MQL
CONV014580,CUST003541,CAMP0187,2025-06-07,SQL
CONV014581,CUST009763,CAMP0068,10-09-2023,Opportunity
CONV014582,CUST001343,CAMP0201,17 Jul 2024,Lead
CONV014583,CUST008533,CAMP0212,01/15/2026,Opportunity
CONV014584,CUST000361,CAMP0215,,Lead
CONV014585,CUST007674,CAMP0133,06-11-2023,Customer
CONV014586,CUST004306,CAMP0203,2026-07-26,Opportunity
CONV014587,CUST003990,CAMP0160,07/15/2026,Opportunity
CONV014588,CUST005072,CAMP0160,2023-08-02,Lead
CONV014589,CUST004169,CAMP0013,,SQL
CONV014590,CUST001552,CAMP0109,13-08-2024,MQL
CONV014591,CUST005741,CAMP0118,11-10-2024,Lead
CONV014592,CUST008398,CAMP0063,2025-10-12,Lead
CONV014593,CUST009077,CAMP0025,2026-06-28,SQL
CONV014594,CUST000045,CAMP0131,02-10-2023,Opportunity
CONV014595,CUST003486,CAMP0117,19-05-2026,Customer
CONV014596,CUST004893,CAMP0086,31-07-2023,SQL
CONV014597,CUST002238,CAMP0017,2025-09-17,SQL
CONV014598,CUST005133,CAMP0134,11-02-2023,Lead
CONV014599,CUST004249,CAMP0137,08-03-2024,Opportunity
CONV014600,CUST005557,CAMP0036,08/04/2024,MQL
CONV014601,CUST000518,CAMP0042,2025-03-18,SQL
CONV014602,CUST002005,CAMP0183,2023-06-22,Lead
CONV014603,CUST004603,CAMP0037,2023-07-28,Lead
CONV014604,CUST004924,CAMP0011,2023-06-29,Lead
CONV014605,CUST001344,CAMP0193,2026-02-26,Opportunity
CONV014606,CUST008143,CAMP0122,2023-09-03,MQL
CONV014607,CUST003725,CAMP0072,2026-04-24,Lead
CONV014608,CUST003703,CAMP0172,05-09-2023,Lead
CONV014609,CUST002288,CAMP0059,2025-06-22,Customer
CONV014610,CUST006668,CAMP0176,03/08/2023,Customer
CONV014611,CUST003176,CAMP0134,05/19/2026,MQL
CONV014612,CUST006009,CAMP0164,15 Feb 2023,Lead
CONV014613,CUST002611,CAMP0094,2024-11-03,Opportunity
CONV014614,CUST001431,CAMP0126,2025-02-20,Customer
CONV014615,CUST001818,CAMP0126,2024-12-11,Opportunity
CONV014616,CUST005041,CAMP0135,2024-08-07,Opportunity
CONV014617,CUST005355,CAMP0048,10/28/2025,SQL
CONV014618,CUST009240,CAMP0065,2023-11-30,SQL
CONV014619,CUST003443,CAMP0068,2023-11-15,Lead
CONV014620,CUST001678,CAMP0152,2024-07-29,Lead
CONV014621,CUST001409,CAMP0066,30-08-2023,SQL
CONV014622,CUST004350,CAMP0099,2023-09-14,Customer
CONV014623,CUST009475,CAMP0113,2025-03-25,MQL
CONV014624,CUST006994,CAMP0053,2025-02-20,MQL
CONV014625,CUST003225,CAMP0124,2025-09-18,Opportunity
CONV014626,CUST005336,CAMP0137,,MQL
CONV014627,CUST004077,CAMP0111,2023-10-24,Customer
CONV014628,CUST003960,CAMP0110,2025-07-05,Lead
CONV014629,CUST001133,CAMP0032,24 Aug 2025,Customer
CONV014630,CUST000599,CAMP0059,2025-05-31,Customer
CONV014631,CUST001572,CAMP0111,21-07-2026,Customer
CONV014632,CUST008523,CAMP0143,05/22/2025,Lead
CONV014633,CUST003800,CAMP0159,2025-11-21,SQL
CONV014634,CUST003832,CAMP0046,2025-09-06,SQL
CONV014635,CUST003396,CAMP0071,2024-07-18,Customer
CONV014636,CUST000272,CAMP0183,29-01-2023,MQL
CONV014637,CUST009756,CAMP0075,2023-04-27,MQL
CONV014638,CUST008860,CAMP0168,2025-03-23,SQL
CONV014639,CUST004257,CAMP0121,2026-02-25,SQL
CONV014640,CUST002880,CAMP0061,2025-02-06,SQL
CONV014641,CUST003829,CAMP0172,08 Feb 2026,MQL
CONV014642,CUST002850,CAMP0001,,MQL
CONV014643,CUST003385,CAMP0162,01/01/2023,MQL
CONV014644,CUST009830,CAMP0202,12-04-2025,Lead
CONV014645,CUST007470,CAMP0035,2025-06-26,Opportunity
CONV014646,CUST000781,CAMP0144,07/30/2026,Customer
CONV014647,CUST009675,CAMP0217,2023-10-03,SQL
CONV014648,CUST003366,CAMP0080,15-10-2024,MQL
CONV014649,CUST007836,CAMP0052,14-01-2025,SQL
CONV014650,CUST003862,CAMP0204,01/03/2025,MQL
CONV014651,CUST003570,CAMP0043,2025-03-29,MQL
CONV014652,CUST008710,CAMP0145,09-02-2025,Lead
CONV014653,CUST001083,CAMP0110,18-07-2023,SQL
CONV014654,CUST006571,CAMP0029,2025-09-21,Lead
CONV014655,CUST007930,CAMP0117,2024-05-31,MQL
CONV014656,CUST002550,CAMP0049,10/03/2024,MQL
CONV014657,CUST005401,CAMP0020,2025-05-31,Lead
CONV014658,CUST009943,CAMP0180,31-05-2023,Lead
CONV014659,CUST001996,CAMP0205,2024-03-17,SQL
CONV014660,CUST004539,CAMP0218,,SQL
CONV014661,CUST009800,CAMP0026,2024-06-17,SQL
CONV014662,CUST000314,CAMP0032,2024-01-14,MQL
CONV014663,CUST008770,CAMP0184,06/23/2023,SQL
CONV014664,CUST003278,CAMP0115,2026-06-24,Customer
CONV014665,CUST007105,CAMP0197,,SQL
CONV014666,CUST006527,CAMP0162,2023-11-11,MQL
CONV014667,CUST002168,CAMP0001,2023-01-13,Customer
CONV014668,CUST007458,CAMP0186,22 Feb 2024,Lead
CONV014669,CUST001567,CAMP0012,18-06-2023,Opportunity
CONV014670,CUST007646,CAMP0008,2024-11-11,MQL
CONV014671,CUST006305,CAMP0021,2025-01-22,Customer
CONV014672,CUST003243,CAMP0043,2024-06-12,Customer
CONV014673,CUST001892,CAMP0117,2025-03-26,SQL
CONV014674,CUST006792,CAMP0177,2025-02-17,MQL
CONV014675,CUST008955,CAMP0039,2023-11-20,Customer
CONV014676,CUST001667,CAMP0021,2023-09-02,Lead
CONV014677,CUST002783,CAMP0038,04-04-2024,MQL
CONV014678,CUST003961,CAMP0060,30 May 2023,Opportunity
CONV014679,CUST004477,CAMP0055,2025-01-15,Customer
CONV014680,CUST005536,CAMP0157,2024-08-31,Opportunity
CONV014681,CUST000170,CAMP0020,13-05-2026,SQL
CONV014682,CUST001287,CAMP0128,11/28/2023,MQL
CONV014683,CUST002220,CAMP0057,05-02-2025,Opportunity
CONV014684,CUST002064,CAMP0199,01/15/2023,MQL
CONV014685,CUST009892,CAMP0210,2025-04-19,MQL
CONV014686,CUST008895,CAMP0118,21-02-2023,SQL
CONV014687,CUST003643,CAMP0217,2025-10-19,Opportunity
CONV014688,CUST009588,CAMP0086,2024-10-15,MQL
CONV014689,CUST008558,CAMP0211,11/10/2025,MQL
CONV014690,CUST005663,CAMP0133,,MQL
CONV014691,CUST000720,CAMP0192,2023-12-03,MQL
CONV014692,CUST008535,CAMP0001,16-09-2023,SQL
CONV014693,CUST008628,CAMP0098,08/22/2025,Opportunity
CONV014694,CUST005792,CAMP0137,02/02/2023,Opportunity
CONV014695,CUST004112,CAMP0146,2026-01-03,MQL
CONV014696,CUST003298,CAMP0011,28-09-2024,Opportunity
CONV014697,CUST007963,CAMP0067,30-09-2025,MQL
CONV014698,CUST005794,CAMP0185,2026-01-24,MQL
CONV014699,CUST006307,CAMP0048,,Lead
CONV014700,CUST001250,CAMP0013,2025-07-21,SQL
CONV014701,CUST003481,CAMP0140,,SQL
CONV014702,CUST009995,CAMP0103,31-03-2025,Customer
CONV014703,CUST001388,CAMP0057,2024-06-21,SQL
CONV014704,CUST002259,CAMP0087,2024-06-19,Lead
CONV014705,CUST001538,CAMP0114,31-01-2025,Lead
CONV014706,CUST002693,CAMP0022,2023-01-15,Lead
CONV014707,CUST003327,CAMP0080,2025-11-12,Lead
CONV014708,CUST003172,CAMP0081,09-05-2023,Opportunity
CONV014709,CUST007701,CAMP0144,15-02-2025,MQL
CONV014710,CUST008586,CAMP0032,2026-05-14,Customer
CONV014711,CUST008091,CAMP0197,13 Jun 2024,Customer
CONV014712,CUST006468,CAMP0062,2023-05-06,Customer
CONV014713,CUST008493,CAMP0210,23-08-2025,MQL
CONV014714,CUST005586,CAMP0062,,Lead
CONV014715,CUST004639,CAMP0036,2024-12-12,Opportunity
CONV014716,CUST009396,CAMP0128,2025-01-08,
CONV014717,CUST005617,CAMP0136,2024-07-06,MQL
CONV014718,CUST006334,CAMP0086,2023-10-27,SQL
CONV014719,CUST003951,CAMP0116,08/15/2024,Lead
CONV014720,CUST008760,CAMP0103,04-04-2023,Lead
CONV014721,CUST004449,CAMP0128,,MQL
CONV014722,CUST002397,CAMP0189,2025-07-14,SQL
CONV014723,CUST003608,CAMP0005,08/04/2024,Lead
CONV014724,CUST007000,CAMP0119,2023-05-26,MQL
CONV014725,CUST000980,CAMP0103,24-07-2025,MQL
CONV014726,CUST003078,CAMP0076,02/13/2023,MQL
CONV014727,CUST007379,CAMP0093,2025-08-06,Opportunity
CONV014728,CUST001702,CAMP0118,11/26/2024,Opportunity
CONV014729,CUST005910,CAMP0117,2024-04-03,Lead
CONV014730,CUST002717,CAMP0164,13 Jun 2026,Opportunity
CONV014731,CUST008302,CAMP0020,,Opportunity
CONV014732,CUST003482,CAMP0119,2024-07-13,SQL
CONV014733,CUST005879,CAMP0163,26-12-2024,Opportunity
CONV014734,CUST005543,CAMP0175,2025-09-25,SQL
CONV014735,CUST008090,CAMP0165,08 Apr 2025,Customer
CONV014736,CUST005206,CAMP0170,2023-08-08,Lead
CONV014737,CUST005141,CAMP0045,2025-06-22,SQL
CONV014738,CUST006961,CAMP0187,2023-12-20,Lead
CONV014739,CUST002417,CAMP0131,2023-12-24,MQL
CONV014740,CUST000432,CAMP0172,2024-08-05,Opportunity
CONV014741,CUST009215,CAMP0010,2026-03-02,Customer
CONV014742,CUST001021,CAMP0189,2024-02-19,Lead
CONV014743,CUST008657,CAMP0104,24-11-2024,MQL
CONV014744,CUST006712,CAMP0187,2024-12-01,Lead
CONV014745,CUST001201,CAMP0050,2026-02-17,MQL
CONV014746,CUST007884,CAMP0086,2026-06-30,Customer
CONV014747,CUST009652,CAMP0051,2023-06-19,MQL
CONV014748,CUST002444,CAMP0187,2023-07-05,Customer
CONV014749,CUST009279,CAMP0126,01/31/2023,Lead
CONV014750,CUST002538,CAMP0144,29 Jan 2024,SQL
CONV014751,CUST001594,CAMP0157,01/19/2023,Opportunity
CONV014752,CUST008725,CAMP0027,07/09/2023,Lead
CONV014753,CUST005849,CAMP0096,2026-04-19,MQL
CONV014754,CUST007350,CAMP0206,2024-07-06,MQL
CONV014755,CUST000306,CAMP0027,,Customer
CONV014756,CUST006871,CAMP0109,20-05-2024,Customer
CONV014757,CUST004819,CAMP0079,2026-01-15,SQL
CONV014758,CUST001707,CAMP0023,2024-05-07,Customer
CONV014759,CUST006905,CAMP0059,10/22/2024,Lead
CONV014760,CUST000512,CAMP0146,2026-07-06,SQL
CONV014761,CUST007337,CAMP0021,,SQL
CONV014762,CUST003736,CAMP0086,2023-02-19,MQL
CONV014763,CUST000586,CAMP0050,27-10-2024,MQL
CONV014764,CUST008085,CAMP0188,2024-05-11,Customer
CONV014765,CUST008560,CAMP0164,2023-01-10,Lead
CONV014766,CUST002112,CAMP0111,2024-04-15,Customer
CONV014767,CUST008114,CAMP0160,2025-07-11,MQL
CONV014768,CUST009900,CAMP0209,07-08-2023,SQL
CONV014769,CUST005610,CAMP0012,17-03-2026,Lead
CONV014770,CUST009933,CAMP0042,02/27/2023,SQL
CONV014771,CUST008691,CAMP0193,,Customer
CONV014772,CUST000005,CAMP0178,2023-11-13,MQL
CONV014773,CUST001857,CAMP0082,25-07-2026,Opportunity
CONV014774,CUST001538,CAMP0184,2024-01-20,SQL
CONV014775,CUST009896,CAMP0140,,Lead
CONV014776,CUST000814,CAMP0146,2026-04-11,Customer
CONV014777,CUST007524,CAMP0112,2024-04-07,Opportunity
CONV014778,CUST006697,CAMP0038,21-06-2024,SQL
CONV014779,CUST001379,CAMP0139,17-11-2024,MQL
CONV014780,CUST000846,CAMP0217,2024-07-15,MQL
CONV014781,CUST008524,CAMP0067,17-09-2024,Opportunity
CONV014782,CUST005826,CAMP0056,,SQL
CONV014783,CUST006449,CAMP0216,08/19/2023,Opportunity
CONV014784,CUST006738,CAMP0068,10/28/2024,Lead
CONV014785,CUST007049,CAMP0149,2025-12-23,MQL
CONV014786,CUST008686,CAMP0216,2026-02-08,SQL
CONV014787,CUST000685,CAMP0214,2023-12-26,Customer
CONV014788,CUST006866,CAMP0154,03/29/2024,SQL
CONV014789,CUST000910,CAMP0040,10-06-2023,Opportunity
CONV014790,CUST007377,CAMP0050,2023-02-06,MQL
CONV014791,CUST008659,CAMP0188,08-04-2023,SQL
CONV014792,CUST008907,CAMP0114,08/03/2023,SQL
CONV014793,CUST009976,CAMP0121,2023-08-23,SQL
CONV014794,CUST007285,CAMP0108,2026-06-18,SQL
CONV014795,CUST008489,CAMP0023,27-07-2024,MQL
CONV014796,CUST007472,CAMP0130,2024-02-29,Lead
CONV014797,CUST008832,CAMP0121,02-03-2023,Customer
CONV014798,CUST003873,CAMP0093,2025-10-28,SQL
CONV014799,CUST001690,CAMP0188,2026-08-01,Lead
CONV014800,CUST004808,CAMP0032,2023-05-20,Lead
CONV014801,CUST006885,CAMP0078,2025-03-18,SQL
CONV014802,CUST001906,CAMP0117,2025-01-17,SQL
CONV014803,CUST004640,CAMP0004,2025-03-15,Lead
CONV014804,CUST005891,CAMP0049,2025-04-14,Lead
CONV014805,CUST000084,CAMP0097,2024-11-29,Customer
CONV014806,CUST009380,CAMP0179,03/19/2023,MQL
CONV014807,CUST005067,CAMP0218,,SQL
CONV014808,CUST000185,CAMP0211,2023-09-27,Lead
CONV014809,CUST004850,CAMP0185,05/21/2023,Customer
CONV014810,CUST003417,CAMP0104,2023-11-17,MQL
CONV014811,CUST005729,CAMP0010,2025-07-20,Customer
CONV014812,CUST003702,CAMP0046,08/28/2023,Customer
CONV014813,CUST007641,CAMP0175,2025-03-07,MQL
CONV014814,CUST009967,CAMP0105,07-12-2023,Customer
CONV014815,CUST001755,CAMP0204,2026-04-02,Customer
CONV014816,CUST003863,CAMP0044,2023-08-17,MQL
CONV014817,CUST006089,CAMP0069,05-01-2024,Opportunity
CONV014818,CUST009208,CAMP0181,2025-01-18,Opportunity
CONV014819,CUST005704,CAMP0123,2024-10-04,Lead
CONV014820,CUST008018,CAMP0140,2023-08-03,Opportunity
CONV014821,CUST004834,CAMP0143,2024-06-26,MQL
CONV014822,CUST004174,CAMP0148,2025-03-10,Opportunity
CONV014823,CUST005587,CAMP0035,26-02-2026,MQL
CONV014824,CUST005850,CAMP0007,02/03/2025,Opportunity
CONV014825,CUST002983,CAMP0166,2026-06-03,SQL
CONV014826,CUST009221,CAMP0134,09-03-2026,Opportunity
CONV014827,CUST007347,CAMP0111,05-09-2023,SQL
CONV014828,CUST006300,CAMP0197,30-10-2023,Opportunity
CONV014829,CUST007043,CAMP0005,2024-09-14,SQL
CONV014830,CUST002236,CAMP0079,03-07-2026,SQL
CONV014831,CUST009074,CAMP0194,2023-03-25,MQL
CONV014832,CUST008269,CAMP0136,04-09-2023,MQL
CONV014833,CUST008257,CAMP0043,11-05-2026,SQL
CONV014834,CUST005033,CAMP0137,2023-02-07,Opportunity
CONV014835,CUST003861,CAMP0159,2026-03-23,MQL
CONV014836,CUST004501,CAMP0064,2026-02-20,Customer
CONV014837,CUST000955,CAMP0065,2026-01-03,Lead
CONV014838,CUST008995,CAMP0134,04 Jan 2023,SQL
CONV014839,CUST002514,CAMP0208,07/02/2024,MQL
CONV014840,CUST002947,CAMP0026,05/31/2025,Lead
CONV014841,CUST007195,CAMP0139,30-04-2026,SQL
CONV014842,CUST006303,CAMP0137,17-09-2023,Customer
CONV014843,CUST009319,CAMP0070,2023-11-13,MQL
CONV014844,CUST000347,CAMP0001,2023-09-22,MQL
CONV014845,CUST004072,CAMP0079,02-06-2023,Lead
CONV014846,CUST006598,CAMP0161,04/20/2025,SQL
CONV014847,CUST001259,CAMP0011,2026-06-16,SQL
CONV014848,CUST001466,CAMP0134,03/12/2025,SQL
CONV014849,CUST008085,CAMP0139,2025-03-18,MQL
CONV014850,CUST005548,CAMP0134,06/02/2025,Lead
CONV014851,CUST004460,CAMP0047,2024-04-22,SQL
CONV014852,CUST001736,CAMP0062,2024-08-09,SQL
CONV014853,CUST007976,CAMP0066,15 Nov 2024,Opportunity
CONV014854,CUST004415,CAMP0192,2025-09-24,MQL
CONV014855,CUST000272,CAMP0190,08-12-2025,SQL
CONV014856,CUST003291,CAMP0173,2023-03-17,Customer
CONV014857,CUST007961,CAMP0025,2025-12-03,Opportunity
CONV014858,CUST001010,CAMP0192,07-08-2025,Lead
CONV014859,CUST007894,CAMP0021,2026-04-01,SQL
CONV014860,CUST009947,CAMP0050,,Lead
CONV014861,CUST007938,CAMP0195,12-05-2025,Opportunity
CONV014862,CUST008375,CAMP0030,2024-01-24,MQL
CONV014863,CUST001740,CAMP0053,2023-04-12,MQL
CONV014864,CUST005199,CAMP0178,2023-12-16,MQL
CONV014865,CUST007193,CAMP0219,2023-11-27,SQL
CONV014866,CUST000256,CAMP0218,2023-06-30,Lead
CONV014867,CUST003146,CAMP0015,2023-11-08,Opportunity
CONV014868,CUST001572,CAMP0053,2025-04-28,MQL
CONV014869,CUST004880,CAMP0093,2024-08-20,Opportunity
CONV014870,CUST005293,CAMP0056,18-05-2025,
CONV014871,CUST004851,CAMP0215,06-01-2025,Customer
CONV014872,CUST008239,CAMP0190,2026-01-18,Customer
CONV014873,CUST005837,CAMP0066,2023-12-07,Opportunity
CONV014874,CUST006858,CAMP0022,20-04-2026,MQL
CONV014875,CUST002850,CAMP0132,2023-07-05,Customer
CONV014876,CUST002538,CAMP0122,2023-05-10,SQL
CONV014877,CUST008387,CAMP0176,01/13/2026,Customer
CONV014878,CUST007320,CAMP0140,15-06-2025,Customer
CONV014879,CUST000021,CAMP0081,2023-12-20,MQL
CONV014880,CUST001733,CAMP0132,2026-06-14,Lead
CONV014881,CUST004700,CAMP0095,2024-11-28,Customer
CONV014882,CUST008742,CAMP0054,10/31/2023,MQL
CONV014883,CUST005597,CAMP0141,2025-05-10,Lead
CONV014884,CUST009663,CAMP0147,2023-07-12,
CONV014885,CUST003167,CAMP0143,,
CONV014886,CUST002910,CAMP0165,2025-08-30,Customer
CONV014887,CUST008787,CAMP0008,2023-02-22,MQL
CONV014888,CUST005728,CAMP0026,05/27/2025,MQL
CONV014889,CUST006568,CAMP0016,12-01-2026,Lead
CONV014890,CUST002462,CAMP0116,10-10-2024,Lead
CONV014891,CUST001388,CAMP0087,2025-08-08,Customer
CONV014892,CUST000353,CAMP0004,13-04-2026,SQL
CONV014893,CUST005618,CAMP0016,05-04-2025,Opportunity
CONV014894,CUST008986,CAMP0058,22-09-2025,MQL
CONV014895,CUST001216,CAMP0141,2026-05-20,Opportunity
CONV014896,CUST000001,CAMP0092,27-07-2025,Opportunity
CONV014897,CUST002292,CAMP0216,08/25/2025,Customer
CONV014898,CUST003759,CAMP0205,2024-04-07,Lead
CONV014899,CUST006916,CAMP0141,2025-04-19,SQL
CONV014900,CUST008067,CAMP0007,10/20/2023,SQL
CONV014901,CUST006313,CAMP0060,2024-01-27,Customer
CONV014902,CUST000853,CAMP0087,2026-06-04,MQL
CONV014903,CUST003151,CAMP0064,04/26/2025,SQL
CONV014904,CUST003841,CAMP0202,2025-07-27,Customer
CONV014905,CUST008733,CAMP0215,2024-07-15,MQL
CONV014906,CUST009481,CAMP0089,2023-10-12,MQL
CONV014907,CUST000846,CAMP0024,2025-04-02,MQL
CONV014908,CUST002680,CAMP0029,2024-08-11,MQL
CONV014909,CUST007920,CAMP0112,2023-10-10,MQL
CONV014910,CUST006917,CAMP0169,2025-01-04,SQL
CONV014911,CUST008339,CAMP0195,2023-01-11,SQL
CONV014912,CUST008477,CAMP0037,2024-07-09,Lead
CONV014913,CUST001175,CAMP0174,2023-09-06,MQL
CONV014914,CUST002881,CAMP0133,2024-03-25,Customer
CONV014915,CUST004958,CAMP0145,2026-07-06,MQL
CONV014916,CUST005825,CAMP0207,2024-10-06,Customer
CONV014917,CUST005211,CAMP0156,25-04-2025,Lead
CONV014918,CUST005813,CAMP0012,2023-09-08,SQL
CONV014919,CUST002529,CAMP0042,06/01/2025,
CONV014920,CUST004841,CAMP0026,2024-10-24,Customer
CONV014921,CUST004463,CAMP0155,03-03-2024,Opportunity
CONV014922,CUST007255,CAMP0143,02-04-2026,Opportunity
CONV014923,CUST000917,CAMP0220,2024-01-29,Lead
CONV014924,CUST008196,CAMP0071,25-03-2025,Customer
CONV014925,CUST003048,CAMP0210,2025-08-09,SQL
CONV014926,CUST000634,CAMP0071,2023-05-11,Customer
CONV014927,CUST002553,CAMP0015,11/04/2025,Customer
CONV014928,CUST002966,CAMP0111,2023-08-07,Customer
CONV014929,CUST009000,CAMP0168,2024-05-05,Opportunity
CONV014930,CUST008667,CAMP0036,01-01-2024,Customer
CONV014931,CUST007767,CAMP0198,2025-05-28,SQL
CONV014932,CUST001919,CAMP0207,12-03-2024,SQL
CONV014933,CUST003497,CAMP0216,04/01/2025,Customer
CONV014934,CUST002479,CAMP0155,24-07-2025,Customer
CONV014935,CUST001708,CAMP0027,2024-04-05,Opportunity
CONV014936,CUST002909,CAMP0067,2025-09-25,Opportunity
CONV014937,CUST008237,CAMP0153,2025-07-07,
CONV014938,CUST001297,CAMP0204,18-03-2024,MQL
CONV014939,CUST007832,CAMP0191,2026-03-24,Lead
CONV014940,CUST003699,CAMP0037,11 Jul 2023,Opportunity
CONV014941,CUST006740,CAMP0172,19 Jun 2026,Customer
CONV014942,CUST006781,CAMP0022,05/24/2026,Customer
CONV014943,CUST008752,CAMP0031,29 Jul 2023,Opportunity
CONV014944,CUST007896,CAMP0012,2025-07-01,Opportunity
CONV014945,CUST000337,CAMP0165,24-02-2025,MQL
CONV014946,CUST000576,CAMP0032,2023-05-17,Lead
CONV014947,CUST006177,CAMP0050,2026-07-20,SQL
CONV014948,CUST001665,CAMP0151,22-07-2023,Opportunity
CONV014949,CUST002830,CAMP0035,20-03-2025,Lead
CONV014950,CUST009692,CAMP0186,2025-07-09,Customer
CONV014951,CUST001585,CAMP0047,05/24/2024,MQL
CONV014952,CUST007214,CAMP0174,18-01-2023,Customer
CONV014953,CUST000321,CAMP0076,2024-09-22,MQL
CONV014954,CUST001125,CAMP0167,2025-08-15,SQL
CONV014955,CUST009728,CAMP0168,01/27/2026,Opportunity
CONV014956,CUST007068,CAMP0078,08/02/2025,Customer
CONV014957,CUST900059,CAMP0034,2025-10-29,Customer
CONV014958,CUST003802,CAMP0081,2023-07-10,Lead
CONV014959,CUST004369,CAMP0092,11/18/2024,MQL
CONV014960,CUST002786,CAMP0107,2023-05-11,Lead
CONV014961,CUST005806,CAMP0217,19-02-2023,Opportunity
CONV014962,CUST006317,CAMP0007,2025-07-19,Lead
CONV014963,CUST006450,CAMP0037,03-09-2023,Customer
CONV014964,CUST004631,CAMP0021,07-04-2025,SQL
CONV014965,CUST008978,CAMP0192,08-08-2023,MQL
CONV014966,CUST004701,CAMP0178,13 Sep 2025,SQL
CONV014967,CUST009974,CAMP0011,2023-08-20,Lead
CONV014968,CUST007762,CAMP0056,2024-05-30,Opportunity
CONV014969,CUST004461,CAMP0092,02/02/2026,SQL
CONV014970,CUST009283,CAMP0141,2026-02-20,MQL
CONV014971,CUST004314,CAMP0197,2023-07-23,MQL
CONV014972,CUST001486,CAMP0133,2026-06-04,
CONV014973,CUST000751,CAMP0011,10-12-2025,Customer
CONV014974,CUST004669,CAMP0041,2024-11-28,Opportunity
CONV014975,CUST004737,CAMP0144,2023-04-12,SQL
CONV014976,CUST006366,CAMP0183,10-12-2025,MQL
CONV014977,CUST003300,CAMP0118,2025-09-22,Customer
CONV014978,CUST000258,CAMP0037,13-08-2023,MQL
CONV014979,CUST008221,CAMP0086,02/20/2025,Opportunity
CONV014980,CUST004791,CAMP0004,2024-04-05,Lead
CONV014981,CUST002231,CAMP0079,17-04-2026,Customer
CONV014982,CUST000922,CAMP0192,2025-08-05,Customer
CONV014983,CUST004477,CAMP0051,2025-10-29,Opportunity
CONV014984,CUST009283,CAMP0039,02 Jul 2024,Opportunity
CONV014985,CUST002286,CAMP0157,,Opportunity
CONV014986,CUST000506,CAMP0127,2025-01-22,Opportunity
CONV014987,CUST009738,CAMP0060,04/18/2024,Opportunity
CONV014988,CUST000273,CAMP0110,2023-09-17,Opportunity
CONV014989,CUST006677,CAMP0002,2025-07-30,SQL
CONV014990,CUST002879,CAMP0147,2023-11-11,SQL
CONV014991,CUST006362,CAMP0162,2026-06-09,Lead
CONV014992,CUST004684,CAMP0218,2023-09-03,SQL
CONV014993,CUST005866,CAMP0005,2025-11-07,Lead
CONV014994,CUST007034,CAMP0118,2025-11-26,SQL
CONV014995,CUST000439,CAMP0143,2023-05-03,Lead
CONV014996,CUST000193,CAMP0046,06 Apr 2024,MQL
CONV014997,CUST009752,CAMP0046,2024-02-11,Lead
CONV014998,CUST004011,CAMP0210,09 Oct 2023,Lead
CONV014999,CUST004440,CAMP0167,2024-01-16,MQL
CONV015000,CUST009963,CAMP0196,2024-09-18,Lead
CONV015001,CUST000118,CAMP0036,2026-02-26,SQL
CONV015002,CUST004713,CAMP0111,2024-10-18,Customer
CONV015003,CUST000747,CAMP0157,2025-04-26,SQL
CONV015004,CUST001976,CAMP0192,02/22/2026,Lead
CONV015005,CUST002051,CAMP0182,2023-03-02,Lead
CONV015006,CUST005879,CAMP0028,2025-06-19,Customer
CONV015007,CUST007196,CAMP0115,2023-10-26,MQL
CONV015008,CUST009907,CAMP0155,11-03-2025,SQL
CONV015009,CUST009317,CAMP0165,21-03-2024,MQL
CONV015010,CUST008391,CAMP0036,2024-10-24,MQL
CONV015011,CUST000807,CAMP0199,29-07-2025,Lead
CONV015012,CUST000111,CAMP0149,16-04-2026,MQL
CONV015013,CUST006848,CAMP0027,11-04-2024,SQL
CONV015014,CUST008703,CAMP0014,2026-06-02,MQL
CONV015015,CUST009792,CAMP0171,23-10-2023,Customer
CONV015016,CUST005713,CAMP0189,,MQL
CONV015017,CUST002203,CAMP0004,23-08-2025,SQL
CONV015018,CUST007034,CAMP0037,2023-05-24,Opportunity
CONV015019,CUST000656,CAMP0056,06/15/2023,Lead
CONV015020,CUST002821,CAMP0160,10-09-2024,Customer
CONV015021,CUST005997,CAMP0095,2024-06-15,Opportunity
CONV015022,CUST003701,CAMP0211,2024-02-06,
CONV015023,CUST008698,CAMP0103,10-09-2023,MQL
CONV015024,CUST002348,CAMP0069,24-11-2023,Lead
CONV015025,CUST006826,CAMP0185,2023-09-16,Lead
CONV015026,CUST008998,CAMP0072,2023-07-09,MQL
CONV015027,CUST007705,CAMP0016,2023-08-13,Opportunity
CONV015028,CUST002471,CAMP0204,2025-03-06,SQL
CONV015029,CUST007812,CAMP0107,2024-10-25,Opportunity
CONV015030,CUST007303,CAMP0208,06/19/2024,Opportunity
CONV015031,CUST009508,CAMP0188,2024-01-16,Lead
CONV015032,CUST009276,CAMP0007,2026-01-09,MQL
CONV015033,CUST004978,CAMP0036,2024-12-24,SQL
CONV015034,CUST009977,CAMP0194,30 Jun 2023,Opportunity
CONV015035,CUST004764,CAMP0062,07 Mar 2023,SQL
CONV015036,CUST008964,CAMP0147,12-06-2026,Opportunity
CONV015037,CUST006313,CAMP0163,2023-02-25,SQL
CONV015038,CUST006110,CAMP0175,2025-07-29,Customer
CONV015039,CUST003968,CAMP0147,12 Oct 2023,Lead
CONV015040,CUST002380,CAMP0028,2026-06-19,Lead
CONV015041,CUST002578,CAMP0093,2026-03-21,Customer
CONV015042,CUST001206,CAMP0069,06/01/2025,Customer
CONV015043,CUST007196,CAMP0010,21-04-2023,Customer
CONV015044,CUST000388,CAMP0161,2023-09-22,SQL
CONV015045,CUST002751,CAMP0212,2025-02-01,MQL
CONV015046,CUST009300,CAMP0106,2023-11-11,MQL
CONV015047,CUST005983,CAMP0158,,Opportunity
CONV015048,CUST001733,CAMP0046,23-12-2023,Customer
CONV015049,CUST004062,CAMP0070,22-02-2023,Customer
CONV015050,CUST004225,CAMP0203,25 Dec 2024,Customer
CONV015051,CUST000035,CAMP0188,23-11-2024,Opportunity
CONV015052,CUST009265,CAMP0021,26-06-2024,SQL
CONV015053,CUST001046,CAMP0100,2026-01-29,Lead
CONV015054,CUST000878,CAMP0084,2026-03-16,Customer
CONV015055,CUST000961,CAMP0041,27-08-2024,Lead
CONV015056,CUST004932,CAMP0144,2026-04-16,SQL
CONV015057,CUST009961,CAMP0051,2024-11-03,Customer
CONV015058,CUST009177,CAMP0025,01/19/2025,Opportunity
CONV015059,CUST007974,CAMP0087,18-07-2023,MQL
CONV015060,CUST007847,CAMP0210,08/23/2023,Opportunity
CONV015061,CUST001080,CAMP0050,2023-01-10,Customer
CONV015062,CUST003894,CAMP0184,2026-05-07,Customer
CONV015063,CUST000350,CAMP0204,2023-10-10,Customer
CONV015064,CUST002575,CAMP0155,21 Nov 2025,
CONV015065,CUST008829,CAMP0122,2025-07-27,MQL
CONV015066,CUST000163,CAMP0094,2026-04-06,Opportunity
CONV015067,CUST007523,CAMP0207,2023-10-11,Opportunity
CONV015068,CUST001981,CAMP0086,2023-12-13,Opportunity
CONV015069,CUST007334,CAMP0193,2024-06-03,Lead
CONV015070,CUST005724,CAMP0186,22-02-2026,Customer
CONV015071,CUST000282,CAMP0215,2023-06-14,Opportunity
CONV015072,CUST006533,CAMP0063,2024-03-17,SQL
CONV015073,CUST003205,CAMP0216,10/17/2024,SQL
CONV015074,CUST009245,CAMP0219,2024-09-30,MQL
CONV015075,CUST008102,CAMP0085,2025-07-06,
CONV015076,CUST000808,CAMP0032,2023-01-23,Opportunity
CONV015077,CUST009703,CAMP0118,2023-04-18,Customer
CONV015078,CUST005434,CAMP0039,05/04/2024,MQL
CONV015079,CUST007115,CAMP0009,09-07-2023,Customer
CONV015080,CUST005171,CAMP0081,2024-06-21,Customer
CONV015081,CUST008379,CAMP0114,12-07-2024,MQL
CONV015082,CUST007904,CAMP0138,2024-12-22,Customer
CONV015083,CUST005379,CAMP0214,2023-01-22,Lead
CONV015084,CUST007241,CAMP0051,2025-12-12,Customer
CONV015085,CUST003021,CAMP0079,08-09-2025,Opportunity
CONV015086,CUST003518,CAMP0206,2023-03-21,SQL
CONV015087,CUST007273,CAMP0042,2025-12-18,SQL
CONV015088,CUST009683,CAMP0021,2025-08-21,Opportunity
CONV015089,CUST005511,CAMP0177,,Lead
CONV015090,CUST006008,CAMP0207,2023-08-12,Opportunity
CONV015091,CUST002505,CAMP0037,03-01-2026,Customer
CONV015092,CUST000076,CAMP0013,01/29/2023,MQL
CONV015093,CUST006692,CAMP0058,06-12-2025,SQL
CONV015094,CUST008524,CAMP0073,2024-04-10,Customer
CONV015095,CUST006258,CAMP0076,30-04-2023,Opportunity
CONV015096,CUST002448,CAMP0114,08/25/2023,Customer
CONV015097,CUST005931,CAMP0155,2026-03-08,Customer
CONV015098,CUST007231,CAMP0168,29 Sep 2024,Lead
CONV015099,CUST007470,CAMP0048,03/09/2023,Lead
CONV015100,CUST000960,CAMP0049,21-12-2023,MQL
CONV015101,CUST009370,CAMP0089,2023-02-06,Customer
CONV015102,CUST000004,CAMP0148,2025-01-11,Lead
CONV015103,CUST003365,CAMP0089,,SQL
CONV015104,CUST008105,CAMP0028,,MQL
CONV015105,CUST001192,CAMP0026,07/01/2026,Customer
CONV015106,CUST002731,CAMP0121,2023-12-03,Opportunity
CONV015107,CUST007235,CAMP0121,02-02-2025,MQL
CONV015108,CUST008703,CAMP0150,2023-12-25,SQL
CONV015109,CUST009903,CAMP0041,2023-06-11,Customer
CONV015110,CUST009916,CAMP0216,2024-08-19,Opportunity
CONV015111,CUST003001,CAMP0122,2024-12-16,Lead
CONV015112,CUST001278,CAMP0126,2025-01-19,Opportunity
CONV015113,CUST001034,CAMP0039,04/29/2025,SQL
CONV015114,CUST002493,CAMP0219,2023-12-06,Lead
CONV015115,CUST006526,CAMP0008,2024-03-04,MQL
CONV015116,CUST000751,CAMP0031,2023-07-07,Opportunity
CONV015117,CUST001514,CAMP0145,2024-08-21,Lead
CONV015118,CUST000789,CAMP0052,12-11-2024,SQL
CONV015119,CUST000316,CAMP0183,2023-08-22,Lead
CONV015120,CUST007003,CAMP0203,2026-06-30,MQL
CONV015121,CUST005632,CAMP0014,2025-03-01,Opportunity
CONV015122,CUST003413,CAMP0093,2025-12-05,Lead
CONV015123,CUST009959,CAMP0077,04-06-2023,SQL
CONV015124,CUST009201,CAMP0180,2024-07-25,Lead
CONV015125,CUST007349,CAMP0081,2025-12-25,SQL
CONV015126,CUST008769,CAMP0141,11-02-2026,Opportunity
CONV015127,CUST000875,CAMP0056,10/26/2025,Opportunity
CONV015128,CUST001976,CAMP0135,04-05-2025,Customer
CONV015129,CUST000651,CAMP0022,05/20/2025,SQL
CONV015130,CUST009669,CAMP0046,2026-03-17,SQL
CONV015131,CUST002284,CAMP0110,2023-09-14,Customer
CONV015132,CUST000376,CAMP0036,2024-07-03,Lead
CONV015133,CUST001039,CAMP0171,2024-07-18,MQL
CONV015134,CUST009321,CAMP0146,2023-10-01,Customer
CONV015135,CUST007815,CAMP0169,2025-08-24,Opportunity
CONV015136,CUST004958,CAMP0137,2025-09-12,MQL
CONV015137,CUST008783,CAMP0040,2026-07-19,Opportunity
CONV015138,CUST001094,CAMP0047,,SQL
CONV015139,CUST005058,CAMP0186,11 Apr 2026,MQL
CONV015140,CUST004943,CAMP0145,2026-01-08,SQL
CONV015141,CUST007719,CAMP0088,2026-04-01,Lead
CONV015142,CUST008000,CAMP0186,10-07-2025,SQL
CONV015143,CUST003978,CAMP0034,2023-11-18,MQL
CONV015144,CUST007960,CAMP0016,06 Dec 2025,Lead
CONV015145,CUST008200,CAMP0041,2023-07-08,Customer
CONV015146,CUST008557,CAMP0073,05/05/2025,
CONV015147,CUST002191,CAMP0150,12/23/2024,Lead
CONV015148,CUST001757,CAMP0188,,Lead
CONV015149,CUST008584,CAMP0028,31-10-2024,SQL
CONV015150,CUST003542,CAMP0208,2024-08-31,SQL
CONV015151,CUST002983,CAMP0183,30 Jun 2025,Opportunity
CONV015152,CUST009219,CAMP0218,2023-12-30,Opportunity
CONV015153,CUST003947,CAMP0117,08/30/2024,Lead
CONV015154,CUST007483,CAMP0021,2025-07-20,Customer
CONV015155,CUST000664,CAMP0086,20-01-2025,Opportunity
CONV015156,CUST000735,CAMP0183,17-01-2024,Lead
CONV015157,CUST008860,CAMP0196,05/02/2024,Lead
CONV015158,CUST004813,CAMP0094,,MQL
CONV015159,CUST009554,CAMP0168,2024-08-24,SQL
CONV015160,CUST007300,CAMP0012,2024-04-25,SQL
CONV015161,CUST009001,CAMP0016,2024-07-26,Lead
CONV015162,CUST006462,CAMP0169,2025-10-07,Customer
CONV015163,CUST004369,CAMP0203,2025-08-05,SQL
CONV015164,CUST005172,CAMP0198,2025-05-20,Customer
CONV015165,CUST000409,CAMP0070,26-09-2025,MQL
CONV015166,CUST008400,CAMP0211,2026-07-14,Opportunity
CONV015167,CUST000808,CAMP0177,23-07-2023,MQL
CONV015168,CUST007533,CAMP0041,05/24/2026,Customer
CONV015169,CUST001498,CAMP0059,02-02-2026,Opportunity
CONV015170,CUST005011,CAMP0074,2025-10-21,MQL
CONV015171,CUST008335,CAMP0164,12/12/2025,Customer
CONV015172,CUST005737,CAMP0003,02-09-2023,Customer
CONV015173,CUST002765,CAMP0036,2024-01-17,MQL
CONV015174,CUST006318,CAMP0039,21-07-2023,Lead
CONV015175,CUST009568,CAMP0075,15-07-2024,SQL
CONV015176,CUST005147,CAMP0065,2025-12-12,Opportunity
CONV015177,CUST002162,CAMP0129,,SQL
CONV015178,CUST009137,CAMP0182,2023-05-30,Customer
CONV015179,CUST007973,CAMP0202,04/16/2026,SQL
CONV015180,CUST006204,CAMP0026,05 Feb 2025,MQL
CONV015181,CUST006642,CAMP0210,2023-12-05,Customer
CONV015182,CUST001963,CAMP0150,2025-01-09,Lead
CONV015183,CUST001321,CAMP0211,2024-12-26,Opportunity
CONV015184,CUST008518,CAMP0022,2025-02-17,SQL
CONV015185,CUST002477,CAMP0199,28 Jan 2023,SQL
CONV015186,CUST009514,CAMP0197,03 Jan 2023,SQL
CONV015187,CUST005905,CAMP0125,2023-10-05,Lead
CONV015188,CUST009817,CAMP0035,2025-02-21,Opportunity
CONV015189,CUST001313,CAMP0121,09/13/2023,Lead
CONV015190,CUST003606,CAMP0219,2024-02-28,Lead
CONV015191,CUST004176,CAMP0001,14-08-2025,SQL
CONV015192,CUST005042,CAMP0039,2024-01-04,Customer
CONV015193,CUST007184,CAMP0030,2025-08-01,Opportunity
CONV015194,CUST001721,CAMP0015,,MQL
CONV015195,CUST002570,CAMP0013,,SQL
CONV015196,CUST009955,CAMP0026,2024-08-14,Opportunity
CONV015197,CUST009744,CAMP0133,,Customer
CONV015198,CUST006274,CAMP0070,09 Oct 2024,Customer
CONV015199,CUST008112,CAMP0112,08/31/2024,Opportunity
CONV015200,CUST004012,CAMP0016,2025-12-15,Customer
CONV015201,CUST001758,CAMP0051,08-11-2023,Opportunity
CONV015202,CUST007749,CAMP0054,2024-07-30,MQL
CONV015203,CUST001041,CAMP0188,01/11/2024,Customer
CONV015204,CUST003528,CAMP0205,02/09/2026,SQL
CONV015205,CUST001200,CAMP0219,06-12-2025,MQL
CONV015206,CUST002627,CAMP0153,2024-11-14,Lead
CONV015207,CUST003629,CAMP0092,2026-04-29,MQL
CONV015208,CUST008827,CAMP0046,2024-07-13,SQL
CONV015209,CUST003693,CAMP0190,2026-05-16,Lead
CONV015210,CUST005219,CAMP0213,14-01-2025,Opportunity
CONV015211,CUST005273,CAMP0001,2025-11-10,MQL
CONV015212,CUST004155,CAMP0185,2023-07-16,MQL
CONV015213,CUST008419,CAMP0132,2023-07-25,SQL
CONV015214,CUST000676,CAMP0031,2023-09-07,Opportunity
CONV015215,CUST003044,CAMP0170,06 Feb 2026,Customer
CONV015216,CUST006589,CAMP0168,2025-04-29,SQL
CONV015217,CUST007535,CAMP0104,02-11-2024,Opportunity
CONV015218,CUST004747,CAMP0165,2024-12-24,SQL
CONV015219,CUST001211,CAMP0027,2023-04-08,MQL
CONV015220,CUST003641,CAMP0038,01/24/2023,Opportunity
CONV015221,CUST005819,CAMP0194,2026-04-07,SQL
CONV015222,CUST006330,CAMP0003,2023-01-02,Customer
CONV015223,CUST005502,CAMP0005,2026-02-01,Customer
CONV015224,CUST008497,CAMP0137,11-06-2024,Customer
CONV015225,CUST000107,CAMP0147,10-04-2025,MQL
CONV015226,CUST002327,CAMP0039,2025-02-28,SQL
CONV015227,CUST006028,CAMP0046,2025-09-25,MQL
CONV015228,CUST002346,CAMP0077,2025-05-09,SQL
CONV015229,CUST005127,CAMP0038,2024-11-09,MQL
CONV015230,CUST003086,CAMP0095,2023-07-15,SQL
CONV015231,CUST007349,CAMP0120,24 Dec 2024,Customer
CONV015232,CUST005708,CAMP0116,2024-01-16,Customer
CONV015233,CUST008107,CAMP0027,15-11-2023,MQL
CONV015234,CUST007521,CAMP0056,2023-02-23,SQL
CONV015235,CUST001931,CAMP0129,2026-03-22,SQL
CONV015236,CUST008508,CAMP0148,2025-07-08,Customer
CONV015237,CUST007812,CAMP0148,2025-11-13,Customer
CONV015238,CUST006035,CAMP0080,2025-03-17,Customer
CONV015239,CUST003127,CAMP0199,2023-04-21,SQL
CONV015240,CUST001910,CAMP0062,2025-03-28,SQL
CONV015241,CUST001387,CAMP0045,03/31/2024,Opportunity
CONV015242,CUST004592,CAMP0098,2023-07-26,MQL
CONV015243,CUST002589,CAMP0028,2023-05-08,MQL
CONV015244,CUST003176,CAMP0174,07/01/2026,Customer
CONV015245,CUST008721,CAMP0069,2026-02-05,Customer
CONV015246,CUST008096,CAMP0053,14 Nov 2023,Opportunity
CONV015247,CUST006284,CAMP0003,22-12-2024,Opportunity
CONV015248,CUST001051,CAMP0113,2025-04-15,SQL
CONV015249,CUST008240,CAMP0205,2025-10-29,Opportunity
CONV015250,CUST006713,CAMP0092,2023-10-24,Customer
CONV015251,CUST007245,CAMP0194,2024-09-25,Opportunity
CONV015252,CUST007576,CAMP0150,2024-05-19,Lead
CONV015253,CUST002887,CAMP0036,10/29/2023,MQL
CONV015254,CUST000972,CAMP0120,2023-09-09,MQL
CONV015255,CUST002810,CAMP0195,02-07-2023,SQL
CONV015256,CUST001240,CAMP0143,08-04-2023,MQL
CONV015257,CUST005291,CAMP0009,2024-08-18,Customer
CONV015258,CUST002270,CAMP0180,2024-08-12,SQL
CONV015259,CUST000232,CAMP0166,04-01-2024,Opportunity
CONV015260,CUST000380,CAMP0120,2024-03-29,Opportunity
CONV015261,CUST008493,CAMP0008,2026-01-12,MQL
CONV015262,CUST004086,CAMP0192,10/03/2023,Customer
CONV015263,CUST002309,CAMP0149,20-07-2026,SQL
CONV015264,CUST005954,CAMP0016,2023-03-01,MQL
CONV015265,CUST006475,CAMP0102,2024-08-25,SQL
CONV015266,CUST002414,CAMP0101,07-07-2026,MQL
CONV015267,CUST002028,CAMP0088,07-03-2026,Opportunity
CONV015268,CUST002624,CAMP0028,15 Oct 2025,MQL
CONV015269,CUST001525,CAMP0195,2025-05-21,Opportunity
CONV015270,CUST001919,CAMP0137,2024-09-25,Lead
CONV015271,CUST009462,CAMP0002,2024-03-30,Lead
CONV015272,CUST005338,CAMP0219,2026-06-14,MQL
CONV015273,CUST004374,CAMP0082,18-07-2026,MQL
CONV015274,CUST003654,CAMP0118,2025-12-18,MQL
CONV015275,CUST004642,CAMP0135,2023-07-10,MQL
CONV015276,CUST001164,CAMP0081,06/14/2025,Customer
CONV015277,CUST006657,CAMP0216,2025-11-08,Lead
CONV015278,CUST006383,CAMP0141,2026-01-29,Opportunity
CONV015279,CUST006671,CAMP0017,2023-10-21,Customer
CONV015280,CUST001349,CAMP0012,21 Feb 2023,Opportunity
CONV015281,CUST004731,CAMP0134,18-04-2026,Lead
CONV015282,CUST005919,CAMP0211,2024-08-16,SQL
CONV015283,CUST001514,CAMP0216,10-11-2024,Opportunity
CONV015284,CUST003937,CAMP0104,22-03-2024,MQL
CONV015285,CUST008399,CAMP0073,2025-07-11,SQL
CONV015286,CUST007317,CAMP0133,,Lead
CONV015287,CUST005573,CAMP0081,02/12/2025,SQL
CONV015288,CUST008943,CAMP0208,2026-06-04,Lead
CONV015289,CUST008329,CAMP0152,,Lead
CONV015290,CUST009749,CAMP0188,,SQL
CONV015291,CUST008410,CAMP0217,2024-05-26,Lead
CONV015292,CUST002022,CAMP0006,25-07-2024,Opportunity
CONV015293,CUST001662,CAMP0184,2024-01-17,Opportunity
CONV015294,CUST006621,CAMP0090,04/19/2026,Customer
CONV015295,CUST009750,CAMP0214,05-04-2026,MQL
CONV015296,CUST006071,CAMP0186,2025-02-03,MQL
CONV015297,CUST002501,CAMP0014,01/15/2024,SQL
CONV015298,CUST008910,CAMP0203,2023-05-22,MQL
CONV015299,CUST005324,CAMP0219,2023-09-19,SQL
CONV015300,CUST006574,CAMP0170,02 Aug 2024,Customer
CONV015301,CUST001857,CAMP0051,2025-06-12,Customer
CONV015302,CUST004439,CAMP0164,2024-11-01,Customer
CONV015303,CUST000114,CAMP0161,02/10/2023,MQL
CONV015304,CUST004621,CAMP0160,,Lead
CONV015305,CUST002175,CAMP0171,26 Aug 2023,MQL
CONV015306,CUST000208,CAMP0165,2024-12-28,MQL
CONV015307,CUST004788,CAMP0145,2025-07-09,MQL
CONV015308,CUST003830,CAMP0216,,MQL
CONV015309,CUST008391,CAMP0181,2024-07-31,Customer
CONV015310,CUST009910,CAMP0055,08 Mar 2026,MQL
CONV015311,CUST001040,CAMP0063,23-08-2023,MQL
CONV015312,CUST002304,CAMP0028,04 Nov 2024,SQL
CONV015313,CUST008371,CAMP0164,2023-12-13,SQL
CONV015314,CUST004025,CAMP0219,04/22/2024,Customer
CONV015315,CUST005374,CAMP0054,2026-03-07,SQL
CONV015316,CUST008636,CAMP0028,2023-01-23,Lead
CONV015317,CUST900020,CAMP0001,10/26/2023,MQL
CONV015318,CUST009285,CAMP0188,04-07-2025,Opportunity
CONV015319,CUST006814,CAMP0063,2025-08-25,Customer
CONV015320,CUST009230,CAMP0217,03/04/2023,SQL
CONV015321,CUST001914,CAMP0115,16-12-2023,Customer
CONV015322,CUST007335,CAMP0021,06-08-2025,Customer
CONV015323,CUST003442,CAMP0178,2024-05-03,Opportunity
CONV015324,CUST004510,CAMP0170,2023-03-12,SQL
CONV015325,CUST007178,CAMP0047,2024-06-23,SQL
CONV015326,CUST005469,CAMP0081,08/28/2025,Lead
CONV015327,CUST006965,CAMP0194,02/13/2026,Lead
CONV015328,CUST003685,CAMP0158,07/27/2023,Lead
CONV015329,CUST005878,CAMP0019,16-01-2025,Customer
CONV015330,CUST008304,CAMP0111,2024-08-23,MQL
CONV015331,CUST009059,CAMP0057,05 Jul 2026,Lead
CONV015332,CUST000503,CAMP0056,06/12/2025,SQL
CONV015333,CUST008055,CAMP0185,13-03-2023,SQL
CONV015334,CUST009767,CAMP0028,02-02-2026,Opportunity
CONV015335,CUST007620,CAMP0138,2023-06-28,Opportunity
CONV015336,CUST009476,CAMP0208,06-08-2023,Lead
CONV015337,CUST000921,CAMP0101,2026-01-24,Lead
CONV015338,CUST000374,CAMP0217,30-06-2026,Opportunity
CONV015339,CUST001340,CAMP0181,2026-02-26,Lead
CONV015340,CUST005993,CAMP0130,2024-10-02,Customer
CONV015341,CUST009396,CAMP0142,2023-10-12,MQL
CONV015342,CUST008193,CAMP0034,2024-02-21,Lead
CONV015343,CUST007171,CAMP0116,2023-01-25,Opportunity
CONV015344,CUST004686,CAMP0191,2025-01-14,Lead
CONV015345,CUST006054,CAMP0198,28-04-2023,SQL
CONV015346,CUST009769,CAMP0126,2023-02-13,Customer
CONV015347,CUST004225,CAMP0049,01 Jun 2023,Lead
CONV015348,CUST003574,CAMP0190,2026-07-06,Opportunity
CONV015349,CUST009922,CAMP0183,01/17/2024,Customer
CONV015350,CUST008615,CAMP0168,2024-06-01,Customer
CONV015351,CUST000840,CAMP0211,2023-10-06,Customer
CONV015352,CUST000363,CAMP0073,08 Nov 2023,MQL
CONV015353,CUST001794,CAMP0112,16-02-2025,Opportunity
CONV015354,CUST003840,CAMP0146,2023-09-19,MQL
CONV015355,CUST005972,CAMP0085,20 Feb 2024,Lead
CONV015356,CUST007618,CAMP0066,2023-04-25,Customer
CONV015357,CUST002451,CAMP0188,2024-09-26,Lead
CONV015358,CUST007670,CAMP0037,2023-12-16,Lead
CONV015359,CUST001525,CAMP0071,09-04-2025,Lead
CONV015360,CUST000014,CAMP0129,03/11/2023,MQL
CONV015361,CUST005822,CAMP0205,,MQL
CONV015362,CUST000162,CAMP0205,03 Dec 2023,Customer
CONV015363,CUST008442,CAMP0021,2023-11-22,Customer
CONV015364,CUST005909,CAMP0048,,Opportunity
CONV015365,CUST009158,CAMP0017,08/29/2024,SQL
CONV015366,CUST000819,CAMP0053,27-01-2024,MQL
CONV015367,CUST004191,CAMP0078,21-12-2025,Customer
CONV015368,CUST000452,CAMP0023,2025-05-25,MQL
CONV015369,CUST005250,CAMP0200,05-05-2026,Opportunity
CONV015370,CUST007842,CAMP0193,2026-01-22,MQL
CONV015371,CUST005011,CAMP0202,2026-04-26,Lead
CONV015372,CUST004364,CAMP0098,2024-10-19,Customer
CONV015373,CUST003670,CAMP0099,20-09-2023,MQL
CONV015374,CUST009540,CAMP0046,2024-10-10,Lead
CONV015375,CUST002151,CAMP0169,24-10-2024,MQL
CONV015376,CUST001563,CAMP0124,2025-02-11,MQL
CONV015377,CUST006920,CAMP0141,2024-06-03,MQL
CONV015378,CUST007866,CAMP0025,2024-09-20,Opportunity
CONV015379,CUST007925,CAMP0059,2024-09-07,SQL
CONV015380,CUST000069,CAMP0077,15-02-2026,SQL
CONV015381,CUST008745,CAMP0190,2023-10-16,MQL
CONV015382,CUST004210,CAMP0099,2026-04-19,Lead
CONV015383,CUST001484,CAMP0019,14-08-2025,Lead
CONV015384,CUST000113,CAMP0123,09-02-2025,Opportunity
CONV015385,CUST001729,CAMP0142,2024-01-18,Opportunity
CONV015386,CUST000651,CAMP0124,2024-03-21,Customer
CONV015387,CUST007755,CAMP0063,2023-12-20,Customer
CONV015388,CUST008451,CAMP0064,01-08-2026,Lead
CONV015389,CUST006635,CAMP0173,2025-12-20,Lead
CONV015390,CUST008015,CAMP0202,14-02-2024,Opportunity
CONV015391,CUST001332,CAMP0217,2023-10-13,Lead
CONV015392,CUST005598,CAMP0175,09/17/2025,Opportunity
CONV015393,CUST001392,CAMP0160,05/22/2025,Customer
CONV015394,CUST000755,CAMP0198,2025-11-01,Customer
CONV015395,CUST006270,CAMP0049,21-11-2025,Opportunity
CONV015396,CUST004342,CAMP0147,2025-11-25,Opportunity
CONV015397,CUST000242,CAMP0170,2023-04-17,MQL
CONV015398,CUST003787,CAMP0070,2024-02-02,Opportunity
CONV015399,CUST001973,CAMP0120,2023-07-08,Lead
CONV015400,CUST004597,CAMP0184,07/12/2024,SQL
CONV015401,CUST900034,CAMP0031,01-09-2024,Customer
CONV015402,CUST003975,CAMP0014,30-09-2023,MQL
CONV015403,CUST001167,CAMP0111,09-06-2024,SQL
CONV015404,CUST007473,CAMP0179,18-03-2023,MQL
CONV015405,CUST003721,CAMP0165,2024-09-09,Customer
CONV015406,CUST009665,CAMP0011,2024-05-11,Customer
CONV015407,CUST006668,CAMP0117,02/11/2026,
CONV015408,CUST009671,CAMP0159,2026-07-10,SQL
CONV015409,CUST007661,CAMP0211,2025-04-29,MQL
CONV015410,CUST001403,CAMP0058,2024-03-05,Opportunity
CONV015411,CUST002040,CAMP0051,2024-06-09,MQL
CONV015412,CUST009662,CAMP0172,29 Sep 2023,Lead
CONV015413,CUST000682,CAMP0159,11/22/2023,Lead
CONV015414,CUST004424,CAMP0205,05-12-2024,Opportunity
CONV015415,CUST004254,CAMP0093,2024-03-07,Lead
CONV015416,CUST007143,CAMP0107,2026-03-29,SQL
CONV015417,CUST001681,CAMP0083,2023-08-27,MQL
CONV015418,CUST002593,CAMP0141,12-02-2024,Customer
CONV015419,CUST007957,CAMP0073,20 May 2026,MQL
CONV015420,CUST000966,CAMP0053,03/19/2024,Opportunity
CONV015421,CUST004445,CAMP0011,05/18/2024,Customer
CONV015422,CUST003808,CAMP0218,17-05-2026,SQL
CONV015423,CUST004248,CAMP0220,2025-07-16,Lead
CONV015424,CUST000934,CAMP0138,2024-02-18,MQL
CONV015425,CUST001238,CAMP0003,19-11-2023,SQL
CONV015426,CUST007250,CAMP0209,2025-04-26,MQL
CONV015427,CUST007583,CAMP0197,19-02-2023,SQL
CONV015428,CUST003634,CAMP0217,09/06/2024,Opportunity
CONV015429,CUST006470,CAMP0098,26-01-2023,SQL
CONV015430,CUST009798,CAMP0072,17-06-2026,MQL
CONV015431,CUST008428,CAMP0092,08/09/2023,Customer
CONV015432,CUST006262,CAMP0183,2025-12-30,Lead
CONV015433,CUST002689,CAMP0173,15-09-2023,Lead
CONV015434,CUST004109,CAMP0125,04-10-2023,Customer
CONV015435,CUST008606,CAMP0004,2024-07-04,Opportunity
CONV015436,CUST002440,CAMP0188,2025-04-07,MQL
CONV015437,CUST001785,CAMP0075,2024-12-26,SQL
CONV015438,CUST000369,CAMP0173,03-12-2025,Opportunity
CONV015439,CUST007542,CAMP0188,2026-07-08,SQL
CONV015440,CUST003775,CAMP0080,10-07-2026,MQL
CONV015441,CUST009918,CAMP0017,2025-11-24,MQL
CONV015442,CUST006532,CAMP0180,2026-06-08,Lead
CONV015443,CUST007681,CAMP0158,2024-03-07,MQL
CONV015444,CUST004981,CAMP0150,06/22/2026,Customer
CONV015445,CUST000112,CAMP0068,2023-10-23,Lead
CONV015446,CUST001864,CAMP0148,2024-02-25,MQL
CONV015447,CUST000709,CAMP0034,2024-07-14,Lead
CONV015448,CUST005328,CAMP0021,2023-04-25,Lead
CONV015449,CUST007625,CAMP0156,08/08/2024,Customer
CONV015450,CUST008313,CAMP0085,27-10-2024,Lead
CONV015451,CUST002089,CAMP0008,2024-08-11,MQL
CONV015452,CUST007178,CAMP0023,2025-03-09,MQL
CONV015453,CUST001586,CAMP0220,2025-09-30,Lead
CONV015454,CUST006300,CAMP0004,2023-10-24,Lead
CONV015455,CUST005575,CAMP0144,17 Nov 2024,Lead
CONV015456,CUST008616,CAMP0012,2025-06-30,MQL
CONV015457,CUST001358,CAMP0088,2024-11-05,Opportunity
CONV015458,CUST005670,CAMP0044,06/30/2025,MQL
CONV015459,CUST001159,CAMP0148,25-04-2024,SQL
CONV015460,CUST006990,CAMP0107,06/06/2023,Opportunity
CONV015461,CUST001571,CAMP0093,09/07/2023,MQL
CONV015462,CUST003244,CAMP0039,2023-07-19,Lead
CONV015463,CUST004265,CAMP0076,01/08/2026,Opportunity
CONV015464,CUST004216,CAMP0080,2024-09-01,MQL
CONV015465,CUST004596,CAMP0078,2023-06-16,SQL
CONV015466,CUST008198,CAMP0028,2024-11-04,SQL
CONV015467,CUST001914,CAMP0117,2024-09-05,Opportunity
CONV015468,CUST002246,CAMP0189,25-07-2025,SQL
CONV015469,CUST006355,CAMP0147,03/27/2025,MQL
CONV015470,CUST004999,CAMP0195,07/27/2025,Lead
CONV015471,CUST006971,CAMP0007,25-07-2024,Lead
CONV015472,CUST007414,CAMP0109,2024-12-07,Lead
CONV015473,CUST008082,CAMP0124,2026-06-10,Opportunity
CONV015474,CUST008296,CAMP0050,2026-02-04,Opportunity
CONV015475,CUST001527,CAMP0201,2024-04-20,Customer
CONV015476,CUST007526,CAMP0091,2023-03-11,Opportunity
CONV015477,CUST003401,CAMP0113,27 Oct 2025,MQL
CONV015478,CUST005490,CAMP0002,2023-04-13,Lead
CONV015479,CUST008600,CAMP0163,26-06-2023,SQL
CONV015480,CUST002573,CAMP0200,2023-06-26,Lead
CONV015481,CUST000690,CAMP0010,2025-07-26,MQL
CONV015482,CUST009787,CAMP0077,25 May 2024,Lead
CONV015483,CUST008983,CAMP0118,04/17/2026,SQL
CONV015484,CUST006735,CAMP0104,2025-06-22,SQL
CONV015485,CUST005980,CAMP0040,21-07-2023,Customer
CONV015486,CUST001955,CAMP0115,2023-07-09,SQL
CONV015487,CUST000295,CAMP0180,,Customer
CONV015488,CUST001725,CAMP0160,2023-01-07,Customer
CONV015489,CUST000084,CAMP0126,2023-02-25,SQL
CONV015490,CUST009644,CAMP0106,17-02-2023,Customer
CONV015491,CUST005071,CAMP0142,2025-09-06,SQL
CONV015492,CUST005621,CAMP0104,2023-07-18,Opportunity
CONV015493,CUST004539,CAMP0051,04-12-2025,Opportunity
CONV015494,CUST006877,CAMP0018,05/28/2024,Customer
CONV015495,CUST009657,CAMP0170,2023-08-18,MQL
CONV015496,CUST006081,CAMP0169,08/15/2025,SQL
CONV015497,CUST000855,CAMP0075,2024-07-22,Lead
CONV015498,CUST003810,CAMP0194,2023-03-19,SQL
CONV015499,CUST008004,CAMP0185,2025-08-06,MQL
CONV015500,CUST004179,CAMP0019,2023-11-20,SQL
CONV015501,CUST009035,CAMP0084,2025-06-15,SQL
CONV015502,CUST004073,CAMP0139,2023-11-19,Opportunity
CONV015503,CUST005825,CAMP0087,2025-09-12,Customer
CONV015504,CUST001239,CAMP0064,04/01/2024,SQL
CONV015505,CUST001911,CAMP0055,2023-06-23,Customer
CONV015506,CUST003007,CAMP0091,03/14/2024,Opportunity
CONV015507,CUST002488,CAMP0097,2024-03-02,Opportunity
CONV015508,CUST006018,CAMP0114,2026-06-27,Customer
CONV015509,CUST009695,CAMP0015,2023-09-16,Opportunity
CONV015510,CUST004752,CAMP0131,2026-07-10,Lead
CONV015511,CUST004998,CAMP0179,2025-10-16,SQL
CONV015512,CUST005612,CAMP0110,2026-01-11,SQL
CONV015513,CUST003988,CAMP0002,2024-08-25,Opportunity
CONV015514,CUST000321,CAMP0014,01-02-2025,SQL
CONV015515,CUST006694,CAMP0089,2025-06-26,Opportunity
CONV015516,CUST008907,CAMP0172,08/05/2025,Opportunity
CONV015517,CUST003484,CAMP0127,22 Jan 2025,Opportunity
CONV015518,CUST004932,CAMP0210,2023-04-03,SQL
CONV015519,CUST004799,CAMP0156,10/24/2024,SQL
CONV015520,CUST006154,CAMP0051,22-09-2023,Lead
CONV015521,CUST000516,CAMP0105,01/12/2024,Customer
CONV015522,CUST002720,CAMP0151,2024-02-21,Opportunity
CONV015523,CUST006214,CAMP0130,2025-10-07,SQL
CONV015524,CUST002415,CAMP0134,2024-03-24,Customer
CONV015525,CUST004450,CAMP0174,04-01-2023,Opportunity
CONV015526,CUST005898,CAMP0018,25-06-2023,Lead
CONV015527,CUST005583,CAMP0178,2026-07-24,MQL
CONV015528,CUST006373,CAMP0002,27-08-2025,MQL
CONV015529,CUST003913,CAMP0177,11/11/2023,Customer
CONV015530,CUST003156,CAMP0069,09/04/2024,Customer
CONV015531,CUST007700,CAMP0130,01 Sep 2024,Customer
CONV015532,CUST002113,CAMP0158,2024-01-16,MQL
CONV015533,CUST005747,CAMP0217,2025-01-09,Opportunity
CONV015534,CUST004179,CAMP0003,2025-08-01,MQL
CONV015535,CUST004226,CAMP0085,2026-07-09,Customer
CONV015536,CUST009929,CAMP0071,,Opportunity
CONV015537,CUST005310,CAMP0016,05/26/2025,MQL
CONV015538,CUST000135,CAMP0216,20-12-2024,Lead
CONV015539,CUST006426,CAMP0125,19 Apr 2025,Opportunity
CONV015540,CUST002155,CAMP0180,2025-05-03,Lead
CONV015541,CUST002181,CAMP0116,2023-09-02,Customer
CONV015542,CUST008006,CAMP0063,2023-02-06,Opportunity
CONV015543,CUST004549,CAMP0131,2023-04-25,Opportunity
CONV015544,CUST003088,CAMP0017,2024-06-14,Opportunity
CONV015545,CUST004478,CAMP0184,2025-05-20,SQL
CONV015546,CUST004505,CAMP0180,2025-01-08,SQL
CONV015547,CUST008816,CAMP0035,07/01/2025,MQL
CONV015548,CUST000806,CAMP0133,2023-03-06,Lead
CONV015549,CUST004261,CAMP0067,04/02/2023,MQL
CONV015550,CUST002371,CAMP0160,03/22/2023,MQL
CONV015551,CUST004983,CAMP0066,2025-05-10,Customer
CONV015552,CUST004299,CAMP0026,26-05-2024,Customer
CONV015553,CUST006405,CAMP0139,01-07-2023,SQL
CONV015554,CUST007124,CAMP0041,2026-01-03,Customer
CONV015555,CUST007814,CAMP0039,30-11-2025,MQL
CONV015556,CUST001778,CAMP0180,27-09-2025,Opportunity
CONV015557,CUST008781,CAMP0168,29-10-2025,Customer
CONV015558,CUST008347,CAMP0055,,SQL
CONV015559,CUST002286,CAMP0099,2025-06-20,Customer
CONV015560,CUST008528,CAMP0063,2025-02-13,Lead
CONV015561,CUST008677,CAMP0106,13-04-2024,SQL
CONV015562,CUST003563,CAMP0032,,Lead
CONV015563,CUST000615,CAMP0052,10/04/2025,SQL
CONV015564,CUST002756,CAMP0142,2024-04-12,Opportunity
CONV015565,CUST005433,CAMP0193,2023-09-28,
CONV015566,CUST009811,CAMP0032,10/22/2024,Customer
CONV015567,CUST003908,CAMP0145,12/24/2025,Customer
CONV015568,CUST001960,CAMP0079,08-03-2024,Lead
CONV015569,CUST002288,CAMP0133,07/30/2023,MQL
CONV015570,CUST000248,CAMP0020,2025-12-29,Customer
CONV015571,CUST005149,CAMP0124,28-12-2024,Lead
CONV015572,CUST003957,CAMP0041,2025-04-11,Opportunity
CONV015573,CUST008912,CAMP0149,2026-07-11,
CONV015574,CUST001244,CAMP0141,11/16/2024,Lead
CONV015575,CUST009273,CAMP0216,2023-01-03,SQL
CONV015576,CUST008657,CAMP0195,19-12-2025,Customer
CONV015577,CUST004262,CAMP0211,2024-09-19,SQL
CONV015578,CUST001628,CAMP0216,06-04-2023,MQL
CONV015579,CUST005462,CAMP0065,16-11-2023,Opportunity
CONV015580,CUST007059,CAMP0078,28-03-2025,SQL
CONV015581,CUST002524,CAMP0159,2025-03-12,Opportunity
CONV015582,CUST004750,CAMP0214,2026-06-25,Customer
CONV015583,CUST005460,CAMP0011,17-07-2024,Lead
CONV015584,CUST000542,CAMP0156,23-03-2024,Customer
CONV015585,CUST007529,CAMP0175,2026-01-08,MQL
CONV015586,CUST007341,CAMP0146,08/19/2024,MQL
CONV015587,CUST003842,CAMP0053,09/10/2025,Lead
CONV015588,CUST008076,CAMP0069,2026-02-05,Opportunity
CONV015589,CUST002126,CAMP0068,24-08-2024,Lead
CONV015590,CUST007636,CAMP0068,17-10-2025,Customer
CONV015591,CUST008931,CAMP0097,29 Apr 2025,SQL
CONV015592,CUST006482,CAMP0201,12/07/2024,Opportunity
CONV015593,CUST003265,CAMP0115,13-01-2026,SQL
CONV015594,CUST006944,CAMP0017,04/07/2023,Lead
CONV015595,CUST004909,CAMP0118,03 Apr 2024,SQL
CONV015596,CUST006541,CAMP0056,02 Sep 2023,MQL
CONV015597,CUST004700,CAMP0071,26 Jun 2024,MQL
CONV015598,CUST009527,CAMP0126,2023-04-28,MQL
CONV015599,CUST005016,CAMP0183,01/30/2024,SQL
CONV015600,CUST003672,CAMP0067,06/19/2024,Customer
CONV015601,CUST006628,CAMP0013,09/21/2025,Opportunity
CONV015602,CUST004926,CAMP0067,2023-07-01,MQL
CONV015603,CUST003313,CAMP0176,01/01/2025,SQL
CONV015604,CUST003010,CAMP0109,04/21/2026,Lead
CONV015605,CUST003601,CAMP0158,2026-01-19,MQL
CONV015606,CUST006924,CAMP0166,2025-07-15,Customer
CONV015607,CUST009305,CAMP0058,2025-08-30,Customer
CONV015608,CUST008727,CAMP0111,2026-05-21,SQL
CONV015609,CUST002316,CAMP0048,12-02-2026,SQL
CONV015610,CUST002031,CAMP0187,01-04-2025,SQL
CONV015611,CUST008021,CAMP0007,2023-11-24,
CONV015612,CUST006435,CAMP0006,2024-09-01,SQL
CONV015613,CUST005675,CAMP0124,2023-07-18,Opportunity
CONV015614,CUST006975,CAMP0044,25-10-2025,Lead
CONV015615,CUST001682,CAMP0022,11/02/2024,Customer
CONV015616,CUST007458,CAMP0003,2025-03-28,Customer
CONV015617,CUST005912,CAMP0117,27-02-2023,MQL
CONV015618,CUST005983,CAMP0064,,SQL
CONV015619,CUST001892,CAMP0101,,Customer
CONV015620,CUST001298,CAMP0039,11/19/2023,Opportunity
CONV015621,CUST005271,CAMP0134,2026-03-07,MQL
CONV015622,CUST005789,CAMP0196,2025-01-09,Opportunity
CONV015623,CUST004719,CAMP0060,01-02-2023,MQL
CONV015624,CUST007251,CAMP0135,03-07-2026,Opportunity
CONV015625,CUST001785,CAMP0216,2025-05-26,Customer
CONV015626,CUST006900,CAMP0158,2025-08-11,SQL
CONV015627,CUST002308,CAMP0072,29 Jun 2025,Lead
CONV015628,CUST005155,CAMP0134,03/21/2023,MQL
CONV015629,CUST002480,CAMP0217,2025-11-28,MQL
CONV015630,CUST006903,CAMP0072,08/02/2023,SQL
CONV015631,CUST000265,CAMP0144,29 Nov 2025,Lead
CONV015632,CUST001056,CAMP0026,2024-08-06,Lead
CONV015633,CUST000752,CAMP0186,10 Feb 2024,Opportunity
CONV015634,CUST002639,CAMP0122,2026-06-20,Lead
CONV015635,CUST009481,CAMP0006,2023-05-14,Lead
CONV015636,CUST005454,CAMP0110,2023-09-20,Opportunity
CONV015637,CUST000395,CAMP0126,08/23/2025,SQL
CONV015638,CUST003135,CAMP0034,03/09/2026,MQL
CONV015639,CUST002573,CAMP0044,04/20/2023,Lead
CONV015640,CUST009534,CAMP0115,2023-04-26,MQL
CONV015641,CUST000791,CAMP0043,2023-07-29,SQL
CONV015642,CUST000718,CAMP0081,2025-09-16,MQL
CONV015643,CUST001833,CAMP0117,2026-07-16,Opportunity
CONV015644,CUST002778,CAMP0073,,MQL
CONV015645,CUST005863,CAMP0033,12/02/2025,Lead
CONV015646,CUST008963,CAMP0106,27-01-2026,Opportunity
CONV015647,CUST008988,CAMP0089,2024-05-29,Customer
CONV015648,CUST003256,CAMP0034,03-01-2024,Lead
CONV015649,CUST007682,CAMP0125,2025-11-04,Opportunity
CONV015650,CUST008975,CAMP0004,2023-03-15,Opportunity
CONV015651,CUST003116,CAMP0119,2024-04-13,SQL
CONV015652,CUST003399,CAMP0013,03 May 2023,Customer
CONV015653,CUST000098,CAMP0094,11/29/2025,SQL
CONV015654,CUST008622,CAMP0104,2023-05-02,Customer
CONV015655,CUST005997,CAMP0019,2023-03-22,Opportunity
CONV015656,CUST001195,CAMP0150,05/25/2025,Customer
CONV015657,CUST002753,CAMP0089,2023-08-27,SQL
CONV015658,CUST005107,CAMP0018,2026-03-22,SQL
CONV015659,CUST007469,CAMP0092,24-02-2024,SQL
CONV015660,CUST002133,CAMP0167,2023-03-23,SQL
CONV015661,CUST001636,CAMP0002,2025-09-01,Lead
CONV015662,CUST006097,CAMP0214,08/30/2024,SQL
CONV015663,CUST008407,CAMP0011,12-09-2024,SQL
CONV015664,CUST002168,CAMP0018,2023-12-30,Customer
CONV015665,CUST002913,CAMP0066,2026-05-15,SQL
CONV015666,CUST007877,CAMP0048,2024-01-31,SQL
CONV015667,CUST005181,CAMP0123,,SQL
CONV015668,CUST009142,CAMP0018,2025-09-28,Customer
CONV015669,CUST008120,CAMP0051,2025-01-29,Customer
CONV015670,CUST900029,CAMP0168,09/27/2025,Lead
CONV015671,CUST001121,CAMP0024,02/20/2024,Customer
CONV015672,CUST002699,CAMP0025,09-06-2024,Opportunity
CONV015673,CUST005740,CAMP0217,2026-07-02,SQL
CONV015674,CUST004504,CAMP0016,2025-11-21,Lead
CONV015675,CUST002594,CAMP0161,2023-02-02,MQL
CONV015676,CUST001057,CAMP0043,03/03/2024,Opportunity
CONV015677,CUST003907,CAMP0082,2024-10-27,Opportunity
CONV015678,CUST008852,CAMP0134,2023-11-17,MQL
CONV015679,CUST006809,CAMP0128,11/17/2023,Customer
CONV015680,CUST008171,CAMP0159,28-08-2024,SQL
CONV015681,CUST007149,CAMP0102,2024-01-30,SQL
CONV015682,CUST009649,CAMP0158,2023-04-29,MQL
CONV015683,CUST006505,CAMP0180,02/15/2025,Lead
CONV015684,CUST003747,CAMP0129,2024-07-23,Customer
CONV015685,CUST007962,CAMP0147,05/27/2026,Lead
CONV015686,CUST005242,CAMP0171,2023-06-17,Opportunity
CONV015687,CUST000240,CAMP0178,2025-03-30,MQL
CONV015688,CUST008502,CAMP0131,2023-06-25,SQL
CONV015689,CUST001045,CAMP0091,13-12-2024,Customer
CONV015690,CUST007394,CAMP0145,2025-10-13,MQL
CONV015691,CUST003133,CAMP0182,17 Jun 2025,Opportunity
CONV015692,CUST005753,CAMP0139,08/14/2023,Customer
CONV015693,CUST005590,CAMP0161,2024-02-22,Customer
CONV015694,CUST002167,CAMP0138,11/16/2024,Customer
CONV015695,CUST000414,CAMP0123,2025-05-03,SQL
CONV015696,CUST008817,CAMP0131,02/02/2023,Opportunity
CONV015697,CUST000047,CAMP0201,,Opportunity
CONV015698,CUST001343,CAMP0049,10-07-2024,Opportunity
CONV015699,CUST006897,CAMP0124,27-06-2024,Lead
CONV015700,CUST007954,CAMP0151,20-05-2025,SQL
CONV015701,CUST004859,CAMP0083,2024-09-30,Lead
CONV015702,CUST000467,CAMP0127,2023-08-12,Opportunity
CONV015703,CUST000648,CAMP0070,24 Sep 2023,Customer
CONV015704,CUST003514,CAMP0201,01/23/2024,SQL
CONV015705,CUST000686,CAMP0204,2025-07-14,SQL
CONV015706,CUST005602,CAMP0213,2026-04-19,Customer
CONV015707,CUST007334,CAMP0032,18-11-2024,Lead
CONV015708,CUST009113,CAMP0047,31-05-2023,Opportunity
CONV015709,CUST009829,CAMP0048,2025-06-30,MQL
CONV015710,CUST001591,CAMP0001,,MQL
CONV015711,CUST001461,CAMP0054,2025-05-09,Lead
CONV015712,CUST001931,CAMP0174,2023-07-16,Lead
CONV015713,CUST005287,CAMP0094,2025-06-24,Customer
CONV015714,CUST000004,CAMP0037,08-12-2023,Opportunity
CONV015715,CUST006381,CAMP0090,30-03-2025,Lead
CONV015716,CUST008589,CAMP0081,2026-02-01,Lead
CONV015717,CUST003666,CAMP0069,15 Jul 2025,Opportunity
CONV015718,CUST006947,CAMP0015,01 Feb 2025,Customer
CONV015719,CUST000294,CAMP0028,13-04-2026,Customer
CONV015720,CUST004429,CAMP0011,11-12-2024,Lead
CONV015721,CUST008054,CAMP0209,07/30/2026,Opportunity
CONV015722,CUST007590,CAMP0052,2023-11-08,Lead
CONV015723,CUST003458,CAMP0080,04/30/2026,SQL
CONV015724,CUST005514,CAMP0023,2025-04-11,SQL
CONV015725,CUST008748,CAMP0062,09/19/2024,Lead
CONV015726,CUST006676,CAMP0021,2025-03-11,MQL
CONV015727,CUST002448,CAMP0205,2023-11-09,Customer
CONV015728,CUST002636,CAMP0061,2024-06-15,Lead
CONV015729,CUST001549,CAMP0188,2023-08-04,MQL
CONV015730,CUST003677,CAMP0119,2026-05-24,MQL
CONV015731,CUST008083,CAMP0081,2023-02-25,Lead
CONV015732,CUST000230,CAMP0149,2026-01-28,Lead
CONV015733,CUST001476,CAMP0060,,MQL
CONV015734,CUST008183,CAMP0012,2026-07-21,MQL
CONV015735,CUST002144,CAMP0186,2023-07-16,Lead
CONV015736,CUST009759,CAMP0120,17 Aug 2024,MQL
CONV015737,CUST006074,CAMP0064,2024-09-04,Lead
CONV015738,CUST009051,CAMP0099,2025-05-14,MQL
CONV015739,CUST004022,CAMP0030,2025-08-08,Opportunity
CONV015740,CUST003014,CAMP0213,,SQL
CONV015741,CUST004751,CAMP0037,09/25/2023,Opportunity
CONV015742,CUST001142,CAMP0050,05/11/2023,SQL
CONV015743,CUST006297,CAMP0123,19-09-2023,Lead
CONV015744,CUST007064,CAMP0123,29 Jul 2025,Customer
CONV015745,CUST005794,CAMP0056,,Customer
CONV015746,CUST004398,CAMP0012,03/05/2024,Lead
CONV015747,CUST002149,CAMP0151,,Lead
CONV015748,CUST008146,CAMP0044,2026-03-01,SQL
CONV015749,CUST001720,CAMP0158,2025-02-11,SQL
CONV015750,CUST009889,CAMP0050,2025-12-11,Opportunity
CONV015751,CUST008625,CAMP0075,28-02-2026,Lead
CONV015752,CUST007178,CAMP0031,2024-08-03,SQL
CONV015753,CUST000979,CAMP0162,2024-01-11,MQL
CONV015754,CUST003663,CAMP0061,2023-02-18,MQL
CONV015755,CUST002787,CAMP0058,21-09-2024,Opportunity
CONV015756,CUST000842,CAMP0075,2024-07-22,MQL
CONV015757,CUST007530,CAMP0100,2024-09-08,Opportunity
CONV015758,CUST006454,CAMP0204,03-01-2026,Customer
CONV015759,CUST004620,CAMP0109,07/04/2024,Opportunity
CONV015760,CUST005072,CAMP0170,2025-04-17,Lead
CONV015761,CUST004436,CAMP0114,2024-03-24,
CONV015762,CUST009183,CAMP0183,03/23/2026,Customer
CONV015763,CUST002144,CAMP0072,24 Dec 2024,Opportunity
CONV015764,CUST009454,CAMP0018,20-02-2024,Opportunity
CONV015765,CUST003113,CAMP0158,,Opportunity
CONV015766,CUST006628,CAMP0156,2025-01-02,Opportunity
CONV015767,CUST008836,CAMP0072,02-11-2024,Lead
CONV015768,CUST009147,CAMP0091,2026-04-07,Opportunity
CONV015769,CUST004497,CAMP0021,2024-07-18,Customer
CONV015770,CUST006208,CAMP0126,2023-02-28,Lead
CONV015771,CUST004788,CAMP0047,21-03-2025,Customer
CONV015772,CUST006031,CAMP0127,2024-02-29,Lead
CONV015773,CUST006338,CAMP0003,05-02-2025,MQL
CONV015774,CUST008244,CAMP0203,02-10-2025,MQL
CONV015775,CUST001082,CAMP0106,28-05-2026,SQL
CONV015776,CUST007575,CAMP0078,03/12/2025,MQL
CONV015777,CUST000850,CAMP0105,2024-05-14,Opportunity
CONV015778,CUST005502,CAMP0188,2024-07-12,SQL
CONV015779,CUST005900,CAMP0091,2024-06-16,SQL
CONV015780,CUST002307,CAMP0028,,Opportunity
CONV015781,CUST004348,CAMP0021,2024-01-17,Opportunity
CONV015782,CUST004491,CAMP0143,30-08-2024,SQL
CONV015783,CUST006624,CAMP0102,2024-09-02,Customer
CONV015784,CUST005809,CAMP0149,2024-09-29,SQL
CONV015785,CUST002367,CAMP0060,2025-07-23,Lead
CONV015786,CUST001681,CAMP0163,05/17/2025,MQL
CONV015787,CUST008890,CAMP0049,2025-05-22,MQL
CONV015788,CUST001592,CAMP0171,2026-03-28,SQL
CONV015789,CUST001989,CAMP0011,2023-04-12,Opportunity
CONV015790,CUST008402,CAMP0111,03-09-2025,Lead
CONV015791,CUST002177,CAMP0025,08-06-2026,Lead
CONV015792,CUST002252,CAMP0023,2023-07-15,Opportunity
CONV015793,CUST001169,CAMP0107,2026-03-24,Opportunity
CONV015794,CUST002825,CAMP0115,2025-12-20,SQL
CONV015795,CUST002755,CAMP0058,01/18/2026,Lead
CONV015796,CUST002822,CAMP0084,28-07-2026,MQL
CONV015797,CUST003347,CAMP0108,09/27/2024,MQL
CONV015798,CUST004826,CAMP0165,2026-03-19,SQL
CONV015799,CUST008544,CAMP0025,2023-09-05,Lead
CONV015800,CUST007764,CAMP0025,18-09-2025,Lead
CONV015801,CUST003359,CAMP0148,2023-03-23,SQL
CONV015802,CUST005882,CAMP0016,2026-01-11,Lead
CONV015803,CUST000782,CAMP0158,01/18/2025,MQL
CONV015804,CUST009598,CAMP0001,02/19/2026,Opportunity
CONV015805,CUST004882,CAMP0084,2026-06-09,Customer
CONV015806,CUST003756,CAMP0043,2025-11-25,Opportunity
CONV015807,CUST001051,CAMP0197,06/12/2023,SQL
CONV015808,CUST001702,CAMP0154,16-04-2024,SQL
CONV015809,CUST003809,CAMP0166,2024-11-17,SQL
CONV015810,CUST000764,CAMP0165,2025-01-23,SQL
CONV015811,CUST002784,CAMP0100,2024-01-04,MQL
CONV015812,CUST000925,CAMP0153,2025-06-09,MQL
CONV015813,CUST003934,CAMP0136,2026-03-16,Customer
CONV015814,CUST000407,CAMP0188,07/09/2026,MQL
CONV015815,CUST003740,CAMP0217,2025-05-24,SQL
CONV015816,CUST005085,CAMP0094,2024-11-16,SQL
CONV015817,CUST009035,CAMP0005,02/04/2025,MQL
CONV015818,CUST004684,CAMP0083,25-04-2025,Opportunity
CONV015819,CUST002306,CAMP0152,06-01-2026,Opportunity
CONV015820,CUST003584,CAMP0130,05-08-2023,SQL
CONV015821,CUST007418,CAMP0080,09/26/2025,Lead
CONV015822,CUST000491,CAMP0148,2023-01-20,Customer
CONV015823,CUST001334,CAMP0169,04-08-2024,SQL
CONV015824,CUST006947,CAMP0085,2023-06-04,MQL
CONV015825,CUST005928,CAMP0208,2024-11-17,Lead
CONV015826,CUST003008,CAMP0083,2026-07-27,MQL
CONV015827,CUST004954,CAMP0111,08/13/2025,MQL
CONV015828,CUST008310,CAMP0136,2024-03-22,SQL
CONV015829,CUST007428,CAMP0051,08/09/2025,Customer
CONV015830,CUST005966,CAMP0080,05/15/2025,MQL
CONV015831,CUST009816,CAMP0061,2026-04-21,SQL
CONV015832,CUST009715,CAMP0091,2023-04-23,SQL
CONV015833,CUST003717,CAMP0111,2023-05-18,SQL
CONV015834,CUST004758,CAMP0048,2023-05-04,SQL
CONV015835,CUST007572,CAMP0069,2024-12-09,MQL
CONV015836,CUST007262,CAMP0118,18-01-2025,SQL
CONV015837,CUST003035,CAMP0175,2023-08-06,MQL
CONV015838,CUST007282,CAMP0033,,Customer
CONV015839,CUST007980,CAMP0089,2023-03-31,SQL
CONV015840,CUST005025,CAMP0109,03 Apr 2025,Customer
CONV015841,CUST000433,CAMP0032,2025-07-09,Customer
CONV015842,CUST000545,CAMP0170,2023-11-18,Customer
CONV015843,CUST005787,CAMP0206,2023-05-18,Customer
CONV015844,CUST001927,CAMP0105,2023-10-24,Customer
CONV015845,CUST007008,CAMP0137,2026-06-04,Customer
CONV015846,CUST003411,CAMP0014,2023-06-03,Lead
CONV015847,CUST005813,CAMP0212,08/14/2024,MQL
CONV015848,CUST000648,CAMP0162,09-12-2025,SQL
CONV015849,CUST001203,CAMP0153,08/20/2023,Customer
CONV015850,CUST004942,CAMP0143,31-03-2024,SQL
CONV015851,CUST004023,CAMP0082,2026-03-31,Customer
CONV015852,CUST009019,CAMP0194,27 Feb 2025,Lead
CONV015853,CUST008612,CAMP0078,28-06-2024,Customer
CONV015854,CUST004505,CAMP0118,24-05-2024,SQL
CONV015855,CUST000568,CAMP0004,2023-09-26,SQL
CONV015856,CUST004795,CAMP0156,2023-12-18,MQL
CONV015857,CUST009074,CAMP0147,18-12-2023,SQL
CONV015858,CUST001500,CAMP0127,11/11/2023,SQL
CONV015859,CUST008232,CAMP0021,2024-03-02,Opportunity
CONV015860,CUST006873,CAMP0006,2025-01-28,Customer
CONV015861,CUST006650,CAMP0191,,Customer
CONV015862,CUST000199,CAMP0147,13-03-2026,Customer
CONV015863,CUST004817,CAMP0004,2024-08-06,Customer
CONV015864,CUST008954,CAMP0010,2024-06-07,
CONV015865,CUST002414,CAMP0022,,Opportunity
CONV015866,CUST009902,CAMP0139,2024-12-06,MQL
CONV015867,CUST008881,CAMP0154,2025-06-07,Customer
CONV015868,CUST003481,CAMP0026,2025-09-29,Customer
CONV015869,CUST008615,CAMP0214,2024-12-11,SQL
CONV015870,CUST007977,CAMP0128,16-12-2024,Opportunity
CONV015871,CUST007482,CAMP0025,2025-07-09,Lead
CONV015872,CUST000993,CAMP0219,08/19/2025,Opportunity
CONV015873,CUST003654,CAMP0032,2026-06-16,Customer
CONV015874,CUST009881,CAMP0038,07-07-2025,MQL
CONV015875,CUST007159,CAMP0149,2023-09-10,SQL
CONV015876,CUST003695,CAMP0220,2024-06-05,Opportunity
CONV015877,CUST005145,CAMP0099,04 Jun 2023,MQL
CONV015878,CUST000985,CAMP0194,,Customer
CONV015879,CUST008590,CAMP0072,2026-06-27,Lead
CONV015880,CUST000324,CAMP0061,2024-06-19,MQL
CONV015881,CUST005132,CAMP0130,30-07-2025,SQL
CONV015882,CUST009507,CAMP0072,2025-08-04,SQL
CONV015883,CUST003374,CAMP0202,2024-03-04,Opportunity
CONV015884,CUST009842,CAMP0133,11/09/2025,Customer
CONV015885,CUST000886,CAMP0140,2025-04-24,Opportunity
CONV015886,CUST006136,CAMP0158,2023-01-18,Customer
CONV015887,CUST002369,CAMP0141,2025-11-28,Opportunity
CONV015888,CUST009347,CAMP0197,2025-08-22,SQL
CONV015889,CUST005073,CAMP0148,2024-06-15,MQL
CONV015890,CUST002387,CAMP0212,2024-03-04,SQL
CONV015891,CUST003439,CAMP0069,2025-12-10,Customer
CONV015892,CUST006071,CAMP0008,12/10/2025,SQL
CONV015893,CUST005995,CAMP0070,2026-04-12,
CONV015894,CUST008985,CAMP0057,2025-04-17,MQL
CONV015895,CUST007880,CAMP0162,01/30/2023,Opportunity
CONV015896,CUST000658,CAMP0040,2024-05-23,Opportunity
CONV015897,CUST003545,CAMP0029,09/15/2025,SQL
CONV015898,CUST000619,CAMP0040,06/08/2024,SQL
CONV015899,CUST006952,CAMP0199,2024-04-12,Opportunity
CONV015900,CUST000899,CAMP0137,2023-08-30,SQL
CONV015901,CUST005564,CAMP0167,2023-01-18,Customer
CONV015902,CUST008717,CAMP0068,2026-07-23,Lead
CONV015903,CUST003309,CAMP0191,13-03-2025,SQL
CONV015904,CUST008677,CAMP0142,2025-01-21,SQL
CONV015905,CUST009345,CAMP0190,,MQL
CONV015906,CUST009475,CAMP0109,2024-06-11,Opportunity
CONV015907,CUST008982,CAMP0009,2023-05-12,SQL
CONV015908,CUST006799,CAMP0058,2023-11-10,MQL
CONV015909,CUST007171,CAMP0110,28-03-2026,Customer
CONV015910,CUST006737,CAMP0163,2023-07-27,Customer
CONV015911,CUST005199,CAMP0128,2023-09-06,Opportunity
CONV015912,CUST004649,CAMP0185,2024-02-12,Customer
CONV015913,CUST006122,CAMP0051,2025-11-01,SQL
CONV015914,CUST009064,CAMP0033,2025-12-01,SQL
CONV015915,CUST006612,CAMP0088,2023-07-27,SQL
CONV015916,CUST002148,CAMP0020,25-03-2024,Opportunity
CONV015917,CUST009041,CAMP0169,2023-01-17,Opportunity
CONV015918,CUST009496,CAMP0120,05-12-2024,Lead
CONV015919,CUST008441,CAMP0106,03-08-2024,Customer
CONV015920,CUST001509,CAMP0045,04-02-2024,MQL
CONV015921,CUST005542,CAMP0072,2023-04-30,SQL
CONV015922,CUST010000,CAMP0157,2024-08-27,Opportunity
CONV015923,CUST005589,CAMP0220,05/31/2026,Opportunity
CONV015924,CUST009062,CAMP0192,2025-08-21,Customer
CONV015925,CUST002087,CAMP0066,11-10-2024,SQL
CONV015926,CUST006265,CAMP0198,2025-01-07,MQL
CONV015927,CUST004045,CAMP0161,17 Jul 2026,Customer
CONV015928,CUST008707,CAMP0104,2025-05-29,SQL
CONV015929,CUST008799,CAMP0199,2025-11-22,Lead
CONV015930,CUST002950,CAMP0200,2024-05-26,Opportunity
CONV015931,CUST004231,CAMP0059,2025-05-16,Customer
CONV015932,CUST002864,CAMP0076,20-02-2026,MQL
CONV015933,CUST007860,CAMP0078,08/08/2025,Opportunity
CONV015934,CUST007000,CAMP0168,09-06-2026,MQL
CONV015935,CUST000899,CAMP0073,08 Oct 2025,SQL
CONV015936,CUST003603,CAMP0189,24-04-2023,Opportunity
CONV015937,CUST000578,CAMP0005,2024-06-10,Opportunity
CONV015938,CUST000584,CAMP0149,2023-06-11,MQL
CONV015939,CUST005168,CAMP0095,2024-03-17,Customer
CONV015940,CUST006442,CAMP0085,2026-03-06,Lead
CONV015941,CUST002062,CAMP0206,30-11-2025,MQL
CONV015942,CUST009593,CAMP0032,11/14/2023,Opportunity
CONV015943,CUST005999,CAMP0068,08-12-2024,MQL
CONV015944,CUST005388,CAMP0209,14-05-2025,Lead
CONV015945,CUST007999,CAMP0091,06/25/2026,Customer
CONV015946,CUST007626,CAMP0004,2026-01-31,Opportunity
CONV015947,CUST005020,CAMP0198,30 Nov 2025,Customer
CONV015948,CUST003736,CAMP0199,2025-12-20,Opportunity
CONV015949,CUST007283,CAMP0075,2023-08-28,Lead
CONV015950,CUST006329,CAMP0138,2026-01-05,
CONV015951,CUST001923,CAMP0078,2023-01-07,Customer
CONV015952,CUST008088,CAMP0155,03/12/2023,Lead
CONV015953,CUST005385,CAMP0172,2025-05-21,Lead
CONV015954,CUST008347,CAMP0005,09/24/2023,Opportunity
CONV015955,CUST003411,CAMP0188,10/06/2023,Customer
CONV015956,CUST001771,CAMP0064,2025-06-17,Opportunity
CONV015957,CUST002041,CAMP0059,2026-04-08,SQL
CONV015958,CUST005518,CAMP0027,02-04-2024,MQL
CONV015959,CUST003854,CAMP0045,04-02-2025,Lead
CONV015960,CUST900019,CAMP0113,03 Apr 2024,Opportunity
CONV015961,CUST008588,CAMP0128,22-07-2026,Opportunity
CONV015962,CUST006306,CAMP0108,04/19/2026,Lead
CONV015963,CUST009015,CAMP0064,22-10-2023,SQL
CONV015964,CUST004314,CAMP0136,2025-02-19,Opportunity
CONV015965,CUST000148,CAMP0035,2024-05-06,Customer
CONV015966,CUST002409,CAMP0174,2025-04-16,SQL
CONV015967,CUST003737,CAMP0011,2026-05-26,Lead
CONV015968,CUST008349,CAMP0117,04/03/2023,Lead
CONV015969,CUST002987,CAMP0160,06/26/2023,MQL
CONV015970,CUST000308,CAMP0084,2023-12-30,Customer
CONV015971,CUST004609,CAMP0021,2023-03-28,SQL
CONV015972,CUST008664,CAMP0072,2025-02-14,MQL
CONV015973,CUST008700,CAMP0099,30-11-2025,SQL
CONV015974,CUST006943,CAMP0215,,Lead
CONV015975,CUST008460,CAMP0062,2025-05-18,Customer
CONV015976,CUST008583,CAMP0203,2026-02-21,SQL
CONV015977,CUST005447,CAMP0190,2026-07-19,Lead
CONV015978,CUST002063,CAMP0062,23-04-2023,Lead
CONV015979,CUST000797,CAMP0153,22-01-2025,Lead
CONV015980,CUST008465,CAMP0088,2024-01-14,Lead
CONV015981,CUST007818,CAMP0045,16-03-2026,Lead
CONV015982,CUST007035,CAMP0106,2023-07-29,Customer
CONV015983,CUST008958,CAMP0197,08/21/2024,SQL
CONV015984,CUST007955,CAMP0089,2026-06-06,Customer
CONV015985,CUST009183,CAMP0205,2025-12-13,Opportunity
CONV015986,CUST009467,CAMP0083,11/11/2023,Lead
CONV015987,CUST007373,CAMP0217,2024-07-09,MQL
CONV015988,CUST004678,CAMP0142,,Lead
CONV015989,CUST002052,CAMP0141,2026-01-22,Customer
CONV015990,CUST004959,CAMP0059,21 Apr 2025,SQL
CONV015991,CUST002185,CAMP0136,,Opportunity
CONV015992,CUST007178,CAMP0145,07/28/2024,MQL
CONV015993,CUST002730,CAMP0171,01/11/2025,MQL
CONV015994,CUST004683,CAMP0169,2024-02-17,Customer
CONV015995,CUST007746,CAMP0170,02/18/2025,Lead
CONV015996,CUST002933,CAMP0067,,MQL
CONV015997,CUST005968,CAMP0128,2025-06-21,Customer
CONV015998,CUST004420,CAMP0126,2025-11-11,Lead
CONV015999,CUST007916,CAMP0030,09/18/2024,Customer
CONV016000,CUST007779,CAMP0043,2023-04-18,SQL
CONV016001,CUST001748,CAMP0207,2025-07-10,Customer
CONV016002,CUST001434,CAMP0005,2024-06-08,SQL
CONV016003,CUST005250,CAMP0194,2023-04-05,SQL
CONV016004,CUST002077,CAMP0212,2026-04-20,Lead
CONV016005,CUST001664,CAMP0205,2024-02-08,Lead
CONV016006,CUST000331,CAMP0054,2023-03-13,MQL
CONV016007,CUST006644,CAMP0016,2026-07-28,Customer
CONV016008,CUST005581,CAMP0086,2026-04-08,Opportunity
CONV016009,CUST002648,CAMP0026,28-02-2024,Customer
CONV016010,CUST005085,CAMP0004,2025-09-29,Opportunity
CONV016011,CUST006079,CAMP0044,26 May 2023,MQL
CONV016012,CUST004689,CAMP0173,2023-01-05,Customer
CONV016013,CUST009328,CAMP0011,2023-07-01,MQL
CONV016014,CUST004242,CAMP0006,2023-06-23,Customer
CONV016015,CUST003787,CAMP0071,2023-08-05,Opportunity
CONV016016,CUST007817,CAMP0016,2024-08-16,Customer
CONV016017,CUST005256,CAMP0148,2023-08-03,Customer
CONV016018,CUST004212,CAMP0183,12 Apr 2023,Lead
CONV016019,CUST007421,CAMP0041,16 Aug 2024,Lead
CONV016020,CUST005546,CAMP0089,2023-09-12,SQL
CONV016021,CUST005689,CAMP0176,05-10-2025,Opportunity
CONV016022,CUST001468,CAMP0113,08 Feb 2024,MQL
CONV016023,CUST006137,CAMP0132,2024-07-27,Lead
CONV016024,CUST008429,CAMP0160,2025-01-10,SQL
CONV016025,CUST006580,CAMP0155,03 Jul 2025,Opportunity
CONV016026,CUST002855,CAMP0024,2023-06-17,SQL
CONV016027,CUST003948,CAMP0075,29-07-2023,Lead
CONV016028,CUST003448,CAMP0050,2023-03-10,Lead
CONV016029,CUST009960,CAMP0131,2025-03-22,Lead
CONV016030,CUST001788,CAMP0079,2026-02-25,SQL
CONV016031,CUST009808,CAMP0109,06/14/2025,Opportunity
CONV016032,CUST005864,CAMP0118,06 Aug 2024,Opportunity
CONV016033,CUST000202,CAMP0209,2023-07-22,SQL
CONV016034,CUST003647,CAMP0102,04/16/2024,MQL
CONV016035,CUST002245,CAMP0018,2023-04-14,Lead
CONV016036,CUST001223,CAMP0008,2023-10-25,MQL
CONV016037,CUST000328,CAMP0068,29-04-2024,Lead
CONV016038,CUST000060,CAMP0017,,SQL
CONV016039,CUST002135,CAMP0164,04/19/2024,Lead
CONV016040,CUST002537,CAMP0066,15-08-2025,MQL
CONV016041,CUST009742,CAMP0046,2025-07-05,SQL
CONV016042,CUST006793,CAMP0046,2026-03-08,Opportunity
CONV016043,CUST005333,CAMP0178,2023-12-31,MQL
CONV016044,CUST008014,CAMP0198,12/31/2023,SQL
CONV016045,CUST004809,CAMP0092,2023-11-04,Opportunity
CONV016046,CUST002390,CAMP0008,2024-06-29,Customer
CONV016047,CUST009604,CAMP0187,2026-06-26,Customer
CONV016048,CUST007534,CAMP0121,2023-11-15,Customer
CONV016049,CUST006560,CAMP0132,02/24/2023,SQL
CONV016050,CUST006556,CAMP0189,12/20/2025,MQL
CONV016051,CUST001535,CAMP0086,06/08/2023,SQL
CONV016052,CUST007614,CAMP0043,2026-05-06,SQL
CONV016053,CUST008358,CAMP0204,06-06-2025,Lead
CONV016054,CUST003865,CAMP0112,05-09-2024,Opportunity
CONV016055,CUST007175,CAMP0025,30-07-2026,Customer
CONV016056,CUST002641,CAMP0102,06/10/2025,Customer
CONV016057,CUST006434,CAMP0132,15-12-2023,SQL
CONV016058,CUST003314,CAMP0217,2023-03-17,Customer
CONV016059,CUST007151,CAMP0203,2025-05-25,MQL
CONV016060,CUST001885,CAMP0056,09-08-2023,Opportunity
CONV016061,CUST002017,CAMP0080,03/07/2024,SQL
CONV016062,CUST005524,CAMP0084,2026-06-07,Opportunity
CONV016063,CUST001421,CAMP0001,17 May 2023,Customer
CONV016064,CUST007325,CAMP0192,31 Jan 2024,SQL
CONV016065,CUST003863,CAMP0055,2026-01-19,SQL
CONV016066,CUST001954,CAMP0136,12/21/2023,MQL
CONV016067,CUST006681,CAMP0124,11/08/2023,SQL
CONV016068,CUST005698,CAMP0149,05 Apr 2026,SQL
CONV016069,CUST009560,CAMP0179,23-05-2024,SQL
CONV016070,CUST001661,CAMP0038,25-03-2023,Opportunity
CONV016071,CUST002224,CAMP0072,15-07-2024,SQL
CONV016072,CUST007357,CAMP0106,09-01-2026,Customer
CONV016073,CUST002664,CAMP0211,14-05-2025,Opportunity
CONV016074,CUST005545,CAMP0197,2025-02-10,Opportunity
CONV016075,CUST005305,CAMP0049,,Lead
CONV016076,CUST008000,CAMP0011,,MQL
CONV016077,CUST000675,CAMP0192,12/25/2025,Opportunity
CONV016078,CUST009808,CAMP0084,2024-05-31,Lead
CONV016079,CUST007238,CAMP0069,03-04-2025,Lead
CONV016080,CUST007788,CAMP0182,27-04-2025,Opportunity
CONV016081,CUST004821,CAMP0156,2025-09-09,Lead
CONV016082,CUST008963,CAMP0026,2023-03-16,MQL
CONV016083,CUST004771,CAMP0127,10/12/2024,Lead
CONV016084,CUST006612,CAMP0037,27-09-2023,Customer
CONV016085,CUST900025,CAMP0172,11/24/2025,SQL
CONV016086,CUST007428,CAMP0033,24-01-2024,SQL
CONV016087,CUST004113,CAMP0209,20-07-2026,Lead
CONV016088,CUST008869,CAMP0212,2023-07-07,Lead
CONV016089,CUST002336,CAMP0126,,SQL
CONV016090,CUST004018,CAMP0101,2023-11-06,Opportunity
CONV016091,CUST000804,CAMP0024,2024-03-15,Opportunity
CONV016092,CUST008993,CAMP0113,23 Jul 2024,Customer
CONV016093,CUST003439,CAMP0190,2026-06-09,MQL
CONV016094,CUST002666,CAMP0153,2025-01-27,Lead
CONV016095,CUST005497,CAMP0037,2024-11-22,MQL
CONV016096,CUST001787,CAMP0215,2026-02-02,SQL
CONV016097,CUST003991,CAMP0089,2024-09-07,Lead
CONV016098,CUST004957,CAMP0137,2025-05-03,Customer
CONV016099,CUST004887,CAMP0111,2025-04-09,MQL
CONV016100,CUST003164,CAMP0163,2023-06-18,Customer
CONV016101,CUST008610,CAMP0211,2025-10-26,Lead
CONV016102,CUST000554,CAMP0141,10 Jul 2026,Opportunity
CONV016103,CUST009079,CAMP0012,2025-02-04,Customer
CONV016104,CUST000564,CAMP0073,2024-01-30,Lead
CONV016105,CUST003362,CAMP0127,2026-02-18,Opportunity
CONV016106,CUST900000,CAMP0123,14 Apr 2026,Lead
CONV016107,CUST002910,CAMP0070,05/09/2024,Lead
CONV016108,CUST000546,CAMP0011,2025-10-12,Lead
CONV016109,CUST006921,CAMP0193,2024-01-06,MQL
CONV016110,CUST002103,CAMP0147,2025-05-18,MQL
CONV016111,CUST007275,CAMP0127,2026-07-25,MQL
CONV016112,CUST003351,CAMP0163,2024-04-21,Customer
CONV016113,CUST005166,CAMP0071,22-04-2026,MQL
CONV016114,CUST004899,CAMP0210,2025-05-14,Lead
CONV016115,CUST009353,CAMP0162,2026-07-09,SQL
CONV016116,CUST009679,CAMP0092,2024-05-18,Opportunity
CONV016117,CUST004570,CAMP0219,2023-11-24,SQL
CONV016118,CUST005010,CAMP0020,2024-09-10,SQL
CONV016119,CUST007826,CAMP0075,2026-06-19,SQL
CONV016120,CUST005460,CAMP0189,2026-02-05,MQL
CONV016121,CUST002581,CAMP0094,11/25/2024,Customer
CONV016122,CUST008515,CAMP0063,,Opportunity
CONV016123,CUST008263,CAMP0056,06 Jan 2024,MQL
CONV016124,CUST003001,CAMP0071,2025-04-05,Lead
CONV016125,CUST005787,CAMP0173,02-07-2023,Customer
CONV016126,CUST008224,CAMP0025,30-03-2024,MQL
CONV016127,CUST004834,CAMP0211,26-07-2024,Opportunity
CONV016128,CUST004518,CAMP0056,03/15/2023,Customer
CONV016129,CUST002167,CAMP0040,10/01/2025,MQL
CONV016130,CUST003711,CAMP0211,2023-04-18,MQL
CONV016131,CUST002457,CAMP0032,26-09-2025,MQL
CONV016132,CUST008435,CAMP0165,13-07-2025,SQL
CONV016133,CUST003242,CAMP0057,2024-02-04,Lead
CONV016134,CUST001998,CAMP0211,2025-09-02,SQL
CONV016135,CUST008036,CAMP0088,10-06-2026,Customer
CONV016136,CUST001559,CAMP0041,2025-09-02,SQL
CONV016137,CUST002886,CAMP0155,2025-11-21,Lead
CONV016138,CUST000608,CAMP0063,06/03/2025,MQL
CONV016139,CUST004995,CAMP0034,07/20/2025,Lead
CONV016140,CUST008075,CAMP0018,2026-02-28,Customer
CONV016141,CUST003249,CAMP0193,07-11-2025,Opportunity
CONV016142,CUST003362,CAMP0123,,Lead
CONV016143,CUST004035,CAMP0013,2023-09-21,SQL
CONV016144,CUST002302,CAMP0124,2025-10-18,MQL
CONV016145,CUST005146,CAMP0009,2023-04-19,MQL
CONV016146,CUST000461,CAMP0127,2024-12-09,Opportunity
CONV016147,CUST001136,CAMP0091,2025-12-29,MQL
CONV016148,CUST008806,CAMP0217,2023-11-30,Opportunity
CONV016149,CUST000631,CAMP0016,2023-08-15,Opportunity
CONV016150,CUST009734,CAMP0109,2024-12-13,Lead
CONV016151,CUST001257,CAMP0212,06/06/2024,SQL
CONV016152,CUST000440,CAMP0008,2025-04-04,MQL
CONV016153,CUST000778,CAMP0030,30 Jul 2023,Lead
CONV016154,CUST009267,CAMP0070,2026-02-02,SQL
CONV016155,CUST008181,CAMP0003,2025-07-01,MQL
CONV016156,CUST007211,CAMP0011,2025-01-23,SQL
CONV016157,CUST009513,CAMP0192,05/31/2023,SQL
CONV016158,CUST002658,CAMP0059,29-03-2025,Customer
CONV016159,CUST003068,CAMP0141,2024-09-10,Opportunity
CONV016160,CUST008678,CAMP0025,04/25/2024,MQL
CONV016161,CUST006445,CAMP0149,19-03-2024,Opportunity
CONV016162,CUST002889,CAMP0196,16-02-2026,Customer
CONV016163,CUST007785,CAMP0087,2023-11-24,Opportunity
CONV016164,CUST006716,CAMP0177,17-02-2026,MQL
CONV016165,CUST000261,CAMP0070,07-06-2023,Lead
CONV016166,CUST005274,CAMP0213,2023-05-20,MQL
CONV016167,CUST003752,CAMP0205,2025-01-03,Opportunity
CONV016168,CUST003028,CAMP0213,03-02-2024,Customer
CONV016169,CUST004235,CAMP0019,03 Sep 2024,Opportunity
CONV016170,CUST002443,CAMP0138,2024-12-20,Lead
CONV016171,CUST003057,CAMP0091,19-06-2023,Opportunity
CONV016172,CUST006996,CAMP0186,2026-03-09,MQL
CONV016173,CUST001163,CAMP0135,18-04-2024,Opportunity
CONV016174,CUST008168,CAMP0214,07/05/2025,Opportunity
CONV016175,CUST006886,CAMP0063,2023-07-27,Lead
CONV016176,CUST002880,CAMP0004,27 Nov 2023,MQL
CONV016177,CUST009017,CAMP0069,2023-11-02,Opportunity
CONV016178,CUST005492,CAMP0071,27 Feb 2025,Lead
CONV016179,CUST005269,CAMP0035,08 Oct 2024,Lead
CONV016180,CUST005757,CAMP0144,05/01/2024,MQL
CONV016181,CUST005480,CAMP0215,2026-03-10,Lead
CONV016182,CUST004899,CAMP0037,2023-11-07,Customer
CONV016183,CUST008773,CAMP0109,2024-10-24,Lead
CONV016184,CUST008540,CAMP0138,2026-01-12,Customer
CONV016185,CUST008537,CAMP0144,03/02/2023,Lead
CONV016186,CUST005390,CAMP0145,2023-06-23,Lead
CONV016187,CUST005502,CAMP0017,10/06/2025,MQL
CONV016188,CUST005666,CAMP0103,08/02/2024,Customer
CONV016189,CUST001016,CAMP0117,06/30/2023,Lead
CONV016190,CUST003003,CAMP0023,2023-11-29,SQL
CONV016191,CUST003784,CAMP0172,14-06-2024,SQL
CONV016192,CUST004063,CAMP0042,18-05-2025,MQL
CONV016193,CUST001591,CAMP0199,15-08-2024,SQL
CONV016194,CUST006279,CAMP0082,2023-07-05,Opportunity
CONV016195,CUST007747,CAMP0143,2025-05-20,SQL
CONV016196,CUST007861,CAMP0076,21 Feb 2025,Customer
CONV016197,CUST008530,CAMP0202,03/28/2023,Customer
CONV016198,CUST007606,CAMP0205,06/10/2026,
CONV016199,CUST004543,CAMP0186,2026-01-22,SQL
CONV016200,CUST002315,CAMP0119,2025-10-13,Opportunity
CONV016201,CUST004187,CAMP0215,09-08-2024,
CONV016202,CUST005014,CAMP0145,03-06-2024,SQL
CONV016203,CUST008060,CAMP0009,08-04-2025,Lead
CONV016204,CUST001508,CAMP0154,2023-08-30,SQL
CONV016205,CUST000122,CAMP0097,2023-07-06,Customer
CONV016206,CUST000905,CAMP0136,05/14/2023,SQL
CONV016207,CUST009450,CAMP0203,18-09-2023,SQL
CONV016208,CUST008642,CAMP0095,12/24/2024,MQL
CONV016209,CUST007046,CAMP0163,29-01-2025,SQL
CONV016210,CUST008874,CAMP0161,11-07-2025,MQL
CONV016211,CUST007347,CAMP0022,09 Jul 2025,Customer
CONV016212,CUST007744,CAMP0029,30 Apr 2025,MQL
CONV016213,CUST005275,CAMP0178,10/10/2025,Lead
CONV016214,CUST007864,CAMP0017,11/06/2024,Customer
CONV016215,CUST006313,CAMP0180,2023-03-31,Opportunity
CONV016216,CUST001812,CAMP0059,22-06-2026,SQL
CONV016217,CUST002448,CAMP0128,26-11-2025,SQL
CONV016218,CUST001467,CAMP0137,2025-06-24,Customer
CONV016219,CUST009494,CAMP0125,2024-05-07,MQL
CONV016220,CUST001542,CAMP0186,2024-02-03,Customer
CONV016221,CUST006937,CAMP0080,11-03-2026,Lead
CONV016222,CUST009927,CAMP0017,2023-06-25,SQL
CONV016223,CUST009141,CAMP0176,01/07/2026,Lead
CONV016224,CUST005514,CAMP0011,2024-05-26,MQL
CONV016225,CUST004938,CAMP0101,09-11-2023,MQL
CONV016226,CUST006944,CAMP0030,03-01-2026,MQL
CONV016227,CUST005282,CAMP0185,2025-10-04,SQL
CONV016228,CUST006470,CAMP0074,19 Apr 2023,Opportunity
CONV016229,CUST007237,CAMP0203,13-12-2024,Customer
CONV016230,CUST004060,CAMP0153,,Customer
CONV016231,CUST006907,CAMP0091,01/09/2023,Lead
CONV016232,CUST007501,CAMP0070,17-04-2026,Lead
CONV016233,CUST006369,CAMP0118,2026-06-04,Customer
CONV016234,CUST007119,CAMP0177,2025-08-02,MQL
CONV016235,CUST000453,CAMP0143,2023-03-26,Customer
CONV016236,CUST002331,CAMP0090,2025-09-14,MQL
CONV016237,CUST000303,CAMP0023,2023-04-25,MQL
CONV016238,CUST002348,CAMP0134,2024-10-22,Customer
CONV016239,CUST003059,CAMP0208,2023-08-23,Customer
CONV016240,CUST000580,CAMP0079,2024-04-04,MQL
CONV016241,CUST004971,CAMP0065,2024-02-28,Customer
CONV016242,CUST003424,CAMP0153,,Lead
CONV016243,CUST004487,CAMP0085,20-07-2026,Lead
CONV016244,CUST009020,CAMP0006,2025-11-26,SQL
CONV016245,CUST004282,CAMP0141,13-06-2024,Customer
CONV016246,CUST006166,CAMP0130,2023-01-26,MQL
CONV016247,CUST002364,CAMP0101,2025-01-26,Customer
CONV016248,CUST007843,CAMP0176,07/26/2024,Lead
CONV016249,CUST005192,CAMP0069,25-06-2026,SQL
CONV016250,CUST009493,CAMP0016,12 Feb 2024,Opportunity
CONV016251,CUST000298,CAMP0065,28-02-2026,SQL
CONV016252,CUST008428,CAMP0152,2026-02-19,Opportunity
CONV016253,CUST009521,CAMP0070,2024-08-08,Opportunity
CONV016254,CUST007228,CAMP0086,04/01/2025,SQL
CONV016255,CUST008541,CAMP0168,2026-02-09,Lead
CONV016256,CUST005436,CAMP0109,04-01-2026,Customer
CONV016257,CUST000674,CAMP0009,2023-04-16,MQL
CONV016258,CUST002981,CAMP0048,06/14/2023,Lead
CONV016259,CUST002501,CAMP0009,26 Jun 2023,SQL
CONV016260,CUST002346,CAMP0113,2025-02-26,Opportunity
CONV016261,CUST001047,CAMP0022,2023-01-26,Customer
CONV016262,CUST003966,CAMP0064,2024-05-15,MQL
CONV016263,CUST003662,CAMP0031,12-07-2026,Lead
CONV016264,CUST002513,CAMP0051,2025-10-25,SQL
CONV016265,CUST005928,CAMP0076,08-04-2025,MQL
CONV016266,CUST007877,CAMP0009,01 Nov 2023,MQL
CONV016267,CUST008194,CAMP0021,04/09/2023,Lead
CONV016268,CUST004046,CAMP0154,17-09-2024,Opportunity
CONV016269,CUST000516,CAMP0079,2026-02-27,Opportunity
CONV016270,CUST008799,CAMP0020,,Customer
CONV016271,CUST007568,CAMP0001,2025-04-28,Lead
CONV016272,CUST001857,CAMP0034,2024-11-09,Lead
CONV016273,CUST007447,CAMP0027,2025-12-24,Customer
CONV016274,CUST005480,CAMP0007,2023-03-03,Customer
CONV016275,CUST003026,CAMP0181,2023-11-03,MQL
CONV016276,CUST006487,CAMP0138,2025-05-11,MQL
CONV016277,CUST007650,CAMP0048,01/20/2024,MQL
CONV016278,CUST000932,CAMP0123,12/21/2024,Customer
CONV016279,CUST002202,CAMP0160,2023-07-28,MQL
CONV016280,CUST003372,CAMP0149,2023-09-10,Customer
CONV016281,CUST009848,CAMP0159,2024-11-12,SQL
CONV016282,CUST002148,CAMP0023,22 Jul 2025,Lead
CONV016283,CUST001014,CAMP0141,2023-04-17,MQL
CONV016284,CUST002948,CAMP0201,2023-01-11,MQL
CONV016285,CUST000890,CAMP0043,2025-10-18,Customer
CONV016286,CUST006836,CAMP0129,2025-10-23,Lead
CONV016287,CUST003099,CAMP0152,27 Sep 2025,Opportunity
CONV016288,CUST008242,CAMP0188,24-08-2025,SQL
CONV016289,CUST003237,CAMP0102,06 Apr 2025,Customer
CONV016290,CUST000111,CAMP0098,03/14/2023,Lead
CONV016291,CUST002499,CAMP0162,2026-03-12,MQL
CONV016292,CUST004938,CAMP0142,2025-07-07,Customer
CONV016293,CUST000398,CAMP0170,2024-03-08,Opportunity
CONV016294,CUST004847,CAMP0050,09/14/2025,MQL
CONV016295,CUST007406,CAMP0073,2025-08-10,SQL
CONV016296,CUST001872,CAMP0166,2023-02-15,Opportunity
CONV016297,CUST004849,CAMP0214,2023-03-03,SQL
CONV016298,CUST002959,CAMP0213,09-11-2025,SQL
CONV016299,CUST009754,CAMP0099,22-07-2024,SQL
CONV016300,CUST009995,CAMP0120,01/16/2025,Customer
CONV016301,CUST003999,CAMP0056,14-02-2023,Opportunity
CONV016302,CUST007784,CAMP0082,2026-06-15,MQL
CONV016303,CUST002112,CAMP0125,03-06-2026,Opportunity
CONV016304,CUST005426,CAMP0021,06/22/2024,Opportunity
CONV016305,CUST000060,CAMP0134,2026-03-17,Customer
CONV016306,CUST007373,CAMP0081,2025-08-18,Lead
CONV016307,CUST000999,CAMP0143,03/16/2024,SQL
CONV016308,CUST008051,CAMP0094,02-03-2025,Opportunity
CONV016309,CUST006183,CAMP0118,2025-07-19,MQL
CONV016310,CUST000264,CAMP0082,2023-09-16,Lead
CONV016311,CUST004178,CAMP0199,05/30/2024,Customer
CONV016312,CUST007489,CAMP0116,05-08-2023,Opportunity
CONV016313,CUST008702,CAMP0054,2025-11-03,MQL
CONV016314,CUST002763,CAMP0138,10/16/2024,Customer
CONV016315,CUST001676,CAMP0094,2025-04-01,Customer
CONV016316,CUST003840,CAMP0155,15 May 2024,Opportunity
CONV016317,CUST001913,CAMP0215,2026-02-12,SQL
CONV016318,CUST007125,CAMP0187,2026-02-28,Lead
CONV016319,CUST004610,CAMP0190,04/22/2025,Opportunity
CONV016320,CUST000844,CAMP0038,2025-07-05,SQL
CONV016321,CUST004638,CAMP0028,2025-10-06,Lead
CONV016322,CUST009560,CAMP0122,2025-03-27,Lead
CONV016323,CUST002089,CAMP0001,2023-11-27,SQL
CONV016324,CUST005252,CAMP0018,2023-08-18,SQL
CONV016325,CUST009759,CAMP0204,2023-05-30,Customer
CONV016326,CUST002071,CAMP0093,2024-05-02,MQL
CONV016327,CUST002637,CAMP0081,01/23/2025,MQL
CONV016328,CUST007229,CAMP0033,2024-01-14,Lead
CONV016329,CUST007275,CAMP0082,19-04-2023,SQL
CONV016330,CUST007381,CAMP0097,2026-07-02,MQL
CONV016331,CUST003950,CAMP0151,01/22/2023,Customer
CONV016332,CUST008250,CAMP0214,2023-09-24,SQL
CONV016333,CUST005385,CAMP0117,2023-09-21,Customer
CONV016334,CUST009885,CAMP0045,,MQL
CONV016335,CUST003547,CAMP0096,28-01-2025,SQL
CONV016336,CUST006190,CAMP0006,01 Dec 2025,SQL
CONV016337,CUST004268,CAMP0174,2024-01-18,MQL
CONV016338,CUST000062,CAMP0016,2024-01-26,Lead
CONV016339,CUST000749,CAMP0171,2023-10-21,MQL
CONV016340,CUST001282,CAMP0120,14 Oct 2023,Customer
CONV016341,CUST008170,CAMP0128,05/16/2026,SQL
CONV016342,CUST002623,CAMP0186,09-06-2024,Customer
CONV016343,CUST004189,CAMP0176,07-04-2023,Opportunity
CONV016344,CUST006045,CAMP0084,2024-08-09,MQL
CONV016345,CUST008166,CAMP0013,2023-01-14,MQL
CONV016346,CUST007188,CAMP0180,2025-04-11,Customer
CONV016347,CUST000619,CAMP0048,18-09-2023,SQL
CONV016348,CUST000464,CAMP0063,01-11-2024,MQL
CONV016349,CUST004785,CAMP0167,2023-04-04,Opportunity
CONV016350,CUST009114,CAMP0175,2025-06-07,Opportunity
CONV016351,CUST005850,CAMP0001,2024-07-31,Customer
CONV016352,CUST004733,CAMP0193,21-01-2023,MQL
CONV016353,CUST004894,CAMP0036,2023-11-01,Customer
CONV016354,CUST000746,CAMP0072,2025-07-28,Lead
CONV016355,CUST002060,CAMP0094,2024-08-08,MQL
CONV016356,CUST005716,CAMP0067,2024-11-26,SQL
CONV016357,CUST001978,CAMP0095,04-05-2025,Lead
CONV016358,CUST008781,CAMP0216,2024-03-09,Lead
CONV016359,CUST000174,CAMP0119,2023-05-28,SQL
CONV016360,CUST005471,CAMP0047,2023-05-20,Lead
CONV016361,CUST004929,CAMP0096,2026-06-03,SQL
CONV016362,CUST007467,CAMP0220,09 Feb 2024,Customer
CONV016363,CUST000909,CAMP0016,2023-05-12,Opportunity
CONV016364,CUST004441,CAMP0145,2025-09-10,Customer
CONV016365,CUST007750,CAMP0214,26-12-2024,Lead
CONV016366,CUST001606,CAMP0028,2024-04-25,Lead
CONV016367,CUST009317,CAMP0195,2025-12-26,MQL
CONV016368,CUST007465,CAMP0105,2023-08-18,SQL
CONV016369,CUST003094,CAMP0114,2023-06-23,Customer
CONV016370,CUST007136,CAMP0032,13-09-2023,MQL
CONV016371,CUST007404,CAMP0212,18-02-2026,Customer
CONV016372,CUST001467,CAMP0110,2025-06-19,Customer
CONV016373,CUST007555,CAMP0046,13-02-2026,SQL
CONV016374,CUST002332,CAMP0088,04/29/2023,MQL
CONV016375,CUST005844,CAMP0046,05/09/2023,MQL
CONV016376,CUST009364,CAMP0186,2023-06-20,Customer
CONV016377,CUST003299,CAMP0043,25-12-2024,Customer
CONV016378,CUST008069,CAMP0025,2025-02-01,Lead
CONV016379,CUST007715,CAMP0207,11/26/2024,Opportunity
CONV016380,CUST008927,CAMP0212,,MQL
CONV016381,CUST009913,CAMP0068,29-05-2025,MQL
CONV016382,CUST000712,CAMP0145,23 May 2026,Customer
CONV016383,CUST000896,CAMP0040,2023-03-23,SQL
CONV016384,CUST001395,CAMP0087,2024-09-07,SQL
CONV016385,CUST002821,CAMP0130,2024-05-19,Opportunity
CONV016386,CUST000254,CAMP0098,2023-11-04,Opportunity
CONV016387,CUST007689,CAMP0218,01/24/2025,MQL
CONV016388,CUST004798,CAMP0189,22 Dec 2025,Lead
CONV016389,CUST000834,CAMP0142,2025-10-11,Customer
CONV016390,CUST005051,CAMP0066,2023-01-03,MQL
CONV016391,CUST002621,CAMP0203,2023-05-20,Customer
CONV016392,CUST007129,CAMP0188,06/25/2025,Opportunity
CONV016393,CUST009347,CAMP0189,,Lead
CONV016394,CUST006897,CAMP0031,26 Sep 2024,MQL
CONV016395,CUST005400,CAMP0082,04/25/2024,SQL
CONV016396,CUST003350,CAMP0052,06-06-2023,SQL
CONV016397,CUST007545,CAMP0125,2024-12-23,MQL
CONV016398,CUST001486,CAMP0139,05 Jan 2024,Lead
CONV016399,CUST009595,CAMP0051,2025-02-24,Lead
CONV016400,CUST003697,CAMP0205,2023-04-10,SQL
CONV016401,CUST009541,CAMP0036,05/11/2023,SQL
CONV016402,CUST009196,CAMP0171,2023-06-17,SQL
CONV016403,CUST000296,CAMP0160,2025-06-07,SQL
CONV016404,CUST007847,CAMP0026,01-12-2024,Opportunity
CONV016405,CUST000852,CAMP0132,03/06/2023,Customer
CONV016406,CUST006125,CAMP0103,2025-12-07,Opportunity
CONV016407,CUST001385,CAMP0094,2026-02-06,SQL
CONV016408,CUST009207,CAMP0177,2026-01-12,SQL
CONV016409,CUST000889,CAMP0219,11/12/2024,Opportunity
CONV016410,CUST000752,CAMP0008,05-10-2023,Opportunity
CONV016411,CUST004684,CAMP0088,08/12/2024,Customer
CONV016412,CUST009745,CAMP0175,2023-01-27,Customer
CONV016413,CUST005808,CAMP0081,18-02-2024,Opportunity
CONV016414,CUST007817,CAMP0068,2024-03-07,Opportunity
CONV016415,CUST005994,CAMP0194,2025-09-25,Opportunity
CONV016416,CUST004502,CAMP0112,05/11/2023,Lead
CONV016417,CUST005093,CAMP0211,2024-05-10,SQL
CONV016418,CUST004412,CAMP0106,2025-03-29,Opportunity
CONV016419,CUST004391,CAMP0087,2023-04-19,MQL
CONV016420,CUST005614,CAMP0138,2023-05-28,Lead
CONV016421,CUST008355,CAMP0198,2025-04-01,SQL
CONV016422,CUST004448,CAMP0050,08/16/2024,Customer
CONV016423,CUST000202,CAMP0068,2026-07-25,MQL
CONV016424,CUST004780,CAMP0093,01/05/2025,Opportunity
CONV016425,CUST000426,CAMP0143,2023-09-24,MQL
CONV016426,CUST008332,CAMP0158,05/02/2025,SQL
CONV016427,CUST001963,CAMP0003,2023-04-05,Customer
CONV016428,CUST005902,CAMP0164,26-11-2025,Opportunity
CONV016429,CUST000767,CAMP0171,2024-02-02,SQL
CONV016430,CUST000070,CAMP0058,31-01-2024,Lead
CONV016431,CUST001589,CAMP0042,2023-10-29,Opportunity
CONV016432,CUST001106,CAMP0203,11/29/2024,Lead
CONV016433,CUST002116,CAMP0105,2023-04-19,Lead
CONV016434,CUST004952,CAMP0101,2024-02-28,Opportunity
CONV016435,CUST008577,CAMP0024,2023-09-06,MQL
CONV016436,CUST002489,CAMP0040,2023-09-18,Opportunity
CONV016437,CUST007734,CAMP0200,2025-04-12,Lead
CONV016438,CUST000683,CAMP0192,11/20/2023,Lead
CONV016439,CUST001884,CAMP0054,10-05-2024,Opportunity
CONV016440,CUST006936,CAMP0163,2025-07-23,MQL
CONV016441,CUST005415,CAMP0125,2024-09-28,Opportunity
CONV016442,CUST008051,CAMP0220,2023-07-08,Lead
CONV016443,CUST009573,CAMP0026,2025-01-14,Opportunity
CONV016444,CUST000947,CAMP0009,07/14/2023,MQL
CONV016445,CUST003731,CAMP0132,2024-10-18,SQL
CONV016446,CUST004529,CAMP0215,2024-11-01,MQL
CONV016447,CUST003168,CAMP0158,2024-04-09,Customer
CONV016448,CUST005637,CAMP0216,23-10-2024,SQL
CONV016449,CUST007388,CAMP0207,2023-06-25,Opportunity
CONV016450,CUST008405,CAMP0128,09-03-2026,MQL
CONV016451,CUST006863,CAMP0034,2024-04-30,MQL
CONV016452,CUST005384,CAMP0191,2025-03-19,Opportunity
CONV016453,CUST004305,CAMP0158,20 Dec 2025,Opportunity
CONV016454,CUST008461,CAMP0163,2024-11-02,Opportunity
CONV016455,CUST005383,CAMP0145,2024-06-21,Opportunity
CONV016456,CUST002134,CAMP0157,12-12-2025,SQL
CONV016457,CUST005287,CAMP0088,03/15/2023,Opportunity
CONV016458,CUST003447,CAMP0092,2025-03-28,SQL
CONV016459,CUST003255,CAMP0029,2024-04-14,MQL
CONV016460,CUST007852,CAMP0087,2023-10-22,MQL
CONV016461,CUST005251,CAMP0177,2023-08-31,Opportunity
CONV016462,CUST003152,CAMP0203,2023-02-28,Opportunity
CONV016463,CUST003763,CAMP0059,07-10-2023,Lead
CONV016464,CUST009308,CAMP0142,2023-05-08,Lead
CONV016465,CUST006173,CAMP0016,10/05/2024,Opportunity
CONV016466,CUST004890,CAMP0149,2026-01-29,SQL
CONV016467,CUST002844,CAMP0105,2023-10-23,MQL
CONV016468,CUST009181,CAMP0014,2023-08-09,Customer
CONV016469,CUST008079,CAMP0186,,Lead
CONV016470,CUST007183,CAMP0109,2024-01-08,SQL
CONV016471,CUST001789,CAMP0067,28-03-2024,Customer
CONV016472,CUST009717,CAMP0008,24-03-2024,Opportunity
CONV016473,CUST005509,CAMP0005,2023-12-28,MQL
CONV016474,CUST004063,CAMP0119,2025-12-09,Lead
CONV016475,CUST009881,CAMP0220,2023-08-07,Opportunity
CONV016476,CUST007176,CAMP0210,2026-05-01,Customer
CONV016477,CUST000355,CAMP0152,29-12-2024,Lead
CONV016478,CUST006428,CAMP0047,11/07/2025,Customer
CONV016479,CUST002543,CAMP0022,01/21/2024,Customer
CONV016480,CUST005356,CAMP0011,04/14/2024,SQL
CONV016481,CUST003888,CAMP0011,03-01-2024,Opportunity
CONV016482,CUST009452,CAMP0135,2023-05-27,Lead
CONV016483,CUST006373,CAMP0082,2024-09-18,SQL
CONV016484,CUST001957,CAMP0029,2024-11-29,Customer
CONV016485,CUST006665,CAMP0078,2025-06-23,MQL
CONV016486,CUST007416,CAMP0162,06/29/2025,Lead
CONV016487,CUST000910,CAMP0019,2023-01-08,MQL
CONV016488,CUST002059,CAMP0189,05/10/2024,Customer
CONV016489,CUST002830,CAMP0031,11/26/2025,SQL
CONV016490,CUST009856,CAMP0036,16-06-2023,MQL
CONV016491,CUST004737,CAMP0096,2026-05-04,Customer
CONV016492,CUST000705,CAMP0195,2023-01-24,Lead
CONV016493,CUST003761,CAMP0193,2024-08-26,Lead
CONV016494,CUST004147,CAMP0104,2023-12-01,
CONV016495,CUST000653,CAMP0022,2026-07-06,SQL
CONV016496,CUST004871,CAMP0002,2025-11-19,Lead
CONV016497,CUST001131,CAMP0201,03/31/2024,Opportunity
CONV016498,CUST006056,CAMP0153,06/10/2023,MQL
CONV016499,CUST004785,CAMP0147,2026-06-11,MQL
CONV016500,CUST009700,CAMP0186,2025-12-25,SQL
CONV016501,CUST004448,CAMP0023,2025-02-17,Customer
CONV016502,CUST009464,CAMP0210,05/29/2026,Customer
CONV016503,CUST007900,CAMP0060,2025-01-03,MQL
CONV016504,CUST001388,CAMP0029,11/07/2025,MQL
CONV016505,CUST008629,CAMP0026,11/08/2024,Customer
CONV016506,CUST009341,CAMP0079,21-07-2026,SQL
CONV016507,CUST001331,CAMP0103,01/18/2026,Lead
CONV016508,CUST004304,CAMP0012,2023-12-19,SQL
CONV016509,CUST002943,CAMP0072,2026-06-05,Opportunity
CONV016510,CUST008683,CAMP0067,,Lead
CONV016511,CUST009429,CAMP0034,2023-11-17,Lead
CONV016512,CUST007064,CAMP0117,2023-12-24,MQL
CONV016513,CUST000554,CAMP0211,2024-03-20,SQL
CONV016514,CUST006938,CAMP0140,2026-06-20,Opportunity
CONV016515,CUST003523,CAMP0107,2024-02-20,Customer
CONV016516,CUST004718,CAMP0047,11 Nov 2024,Lead
CONV016517,CUST006681,CAMP0147,2023-01-19,SQL
CONV016518,CUST003305,CAMP0047,2026-04-18,Customer
CONV016519,CUST004363,CAMP0151,14-03-2025,Lead
CONV016520,CUST001490,CAMP0171,2025-02-17,SQL
CONV016521,CUST002920,CAMP0112,2024-11-29,MQL
CONV016522,CUST006510,CAMP0048,2024-07-03,Customer
CONV016523,CUST003228,CAMP0060,01/04/2024,Customer
CONV016524,CUST006045,CAMP0036,2023-02-23,MQL
CONV016525,CUST006581,CAMP0193,03/10/2023,Opportunity
CONV016526,CUST009456,CAMP0139,03/22/2026,Opportunity
CONV016527,CUST007321,CAMP0068,2026-06-01,Customer
CONV016528,CUST006459,CAMP0187,04/23/2026,Customer
CONV016529,CUST004909,CAMP0098,16-06-2023,SQL
CONV016530,CUST003243,CAMP0007,2025-04-06,MQL
CONV016531,CUST001818,CAMP0051,05/11/2023,Lead
CONV016532,CUST001116,CAMP0050,2023-11-04,MQL
CONV016533,CUST003720,CAMP0027,2025-03-07,MQL
CONV016534,CUST008860,CAMP0051,05-02-2024,Lead
CONV016535,CUST008055,CAMP0196,06/25/2026,Opportunity
CONV016536,CUST003095,CAMP0009,2025-03-18,Lead
CONV016537,CUST007426,CAMP0186,2023-01-20,MQL
CONV016538,CUST007619,CAMP0157,05 Mar 2026,MQL
CONV016539,CUST009220,CAMP0010,07/24/2025,Customer
CONV016540,CUST007902,CAMP0083,2025-09-01,Opportunity
CONV016541,CUST008907,CAMP0214,15-12-2023,Opportunity
CONV016542,CUST006683,CAMP0032,09-06-2024,MQL
CONV016543,CUST009588,CAMP0220,26 Feb 2024,SQL
CONV016544,CUST005919,CAMP0195,27-12-2025,SQL
CONV016545,CUST007469,CAMP0023,06/04/2026,Lead
CONV016546,CUST005246,CAMP0027,2023-02-23,SQL
CONV016547,CUST009620,CAMP0009,2026-03-10,Lead
CONV016548,CUST000365,CAMP0090,14-09-2025,SQL
CONV016549,CUST001685,CAMP0155,2023-10-12,Lead
CONV016550,CUST009351,CAMP0174,2024-11-19,MQL
CONV016551,CUST002287,CAMP0177,2024-08-26,Lead
CONV016552,CUST004656,CAMP0035,2023-05-27,Opportunity
CONV016553,CUST001415,CAMP0053,06/06/2026,Opportunity
CONV016554,CUST000772,CAMP0037,14-11-2024,Lead
CONV016555,CUST005012,CAMP0083,04-12-2024,SQL
CONV016556,CUST001976,CAMP0056,06/20/2026,Lead
CONV016557,CUST000155,CAMP0110,2026-03-31,Lead
CONV016558,CUST002223,CAMP0011,26 Mar 2026,Opportunity
CONV016559,CUST008514,CAMP0120,25-06-2025,Customer
CONV016560,CUST009988,CAMP0160,2026-04-25,Lead
CONV016561,CUST003644,CAMP0095,22-05-2025,MQL
CONV016562,CUST008572,CAMP0024,15-04-2025,SQL
CONV016563,CUST001186,CAMP0141,06-02-2024,Lead
CONV016564,CUST009627,CAMP0033,2025-11-30,
CONV016565,CUST005770,CAMP0191,05/08/2023,SQL
CONV016566,CUST007332,CAMP0085,07/13/2025,SQL
CONV016567,CUST002229,CAMP0109,2023-07-25,MQL
CONV016568,CUST004411,CAMP0032,2024-01-19,Customer
CONV016569,CUST007130,CAMP0201,08-07-2024,SQL
CONV016570,CUST007723,CAMP0163,2024-04-04,MQL
CONV016571,CUST000146,CAMP0214,26 Mar 2026,MQL
CONV016572,CUST006363,CAMP0204,2026-07-29,MQL
CONV016573,CUST003398,CAMP0027,11/20/2024,Lead
CONV016574,CUST008216,CAMP0009,2026-03-06,MQL
CONV016575,CUST005667,CAMP0185,09-09-2023,Lead
CONV016576,CUST008876,CAMP0002,2023-05-12,SQL
CONV016577,CUST000402,CAMP0206,05-05-2024,Opportunity
CONV016578,CUST005551,CAMP0114,2024-09-05,Lead
CONV016579,CUST008264,CAMP0181,2025-09-14,SQL
CONV016580,CUST004992,CAMP0097,2026-03-07,Opportunity
CONV016581,CUST002420,CAMP0138,31-05-2025,Opportunity
CONV016582,CUST009413,CAMP0211,10/10/2023,Lead
CONV016583,CUST000857,CAMP0044,29-11-2023,Opportunity
CONV016584,CUST001228,CAMP0019,2023-05-14,Customer
CONV016585,CUST000360,CAMP0038,2026-02-23,Lead
CONV016586,CUST005252,CAMP0187,2025-05-05,MQL
CONV016587,CUST000629,CAMP0100,2023-04-21,MQL
CONV016588,CUST004272,CAMP0219,2023-10-22,Customer
CONV016589,CUST004349,CAMP0006,2024-12-28,SQL
CONV016590,CUST004080,CAMP0140,27-04-2026,Opportunity
CONV016591,CUST007261,CAMP0199,13-12-2024,Opportunity
CONV016592,CUST007697,CAMP0026,2025-07-01,SQL
CONV016593,CUST002951,CAMP0086,23-12-2023,Lead
CONV016594,CUST000901,CAMP0160,26-11-2025,Opportunity
CONV016595,CUST004306,CAMP0036,07/23/2025,Lead
CONV016596,CUST003401,CAMP0128,2025-03-30,Customer
CONV016597,CUST003543,CAMP0021,2024-12-07,SQL
CONV016598,CUST007878,CAMP0196,11-09-2024,
CONV016599,CUST009458,CAMP0166,2025-01-08,Customer
CONV016600,CUST001329,CAMP0148,2025-11-21,Lead
CONV016601,CUST005908,CAMP0183,02/01/2023,Lead
CONV016602,CUST002086,CAMP0171,01/31/2026,MQL
CONV016603,CUST009909,CAMP0123,2024-07-06,SQL
CONV016604,CUST007354,CAMP0145,2024-12-06,Lead
CONV016605,CUST002085,CAMP0203,2023-05-20,Opportunity
CONV016606,CUST002633,CAMP0044,,Opportunity
CONV016607,CUST006936,CAMP0028,05-09-2024,MQL
CONV016608,CUST000351,CAMP0104,2024-12-31,SQL
CONV016609,CUST003781,CAMP0116,25-02-2026,Opportunity
CONV016610,CUST007821,CAMP0092,2026-04-10,Opportunity
CONV016611,CUST004990,CAMP0193,2023-10-18,Lead
CONV016612,CUST003701,CAMP0088,2023-03-17,MQL
CONV016613,CUST007909,CAMP0043,06/27/2025,SQL
CONV016614,CUST004230,CAMP0142,2025-03-05,Opportunity
CONV016615,CUST009917,CAMP0173,2023-10-14,Opportunity
CONV016616,CUST008672,CAMP0107,2024-09-23,Opportunity
CONV016617,CUST003064,CAMP0012,21-06-2024,Lead
CONV016618,CUST006659,CAMP0041,2025-12-02,Opportunity
CONV016619,CUST008377,CAMP0085,,Lead
CONV016620,CUST009631,CAMP0045,17-01-2026,Opportunity
CONV016621,CUST007035,CAMP0056,2024-04-05,Customer
CONV016622,CUST006768,CAMP0167,2023-03-22,Opportunity
CONV016623,CUST006314,CAMP0062,2025-08-27,MQL
CONV016624,CUST005067,CAMP0039,,Customer
CONV016625,CUST005716,CAMP0075,05 Apr 2026,Customer
CONV016626,CUST006374,CAMP0035,12/20/2023,Customer
CONV016627,CUST009438,CAMP0011,2024-06-27,MQL
CONV016628,CUST002988,CAMP0202,30-07-2024,MQL
CONV016629,CUST004867,CAMP0219,2025-01-06,MQL
CONV016630,CUST007056,CAMP0042,06-03-2023,Lead
CONV016631,CUST006091,CAMP0208,2026-06-05,Lead
CONV016632,CUST008245,CAMP0196,2025-03-01,MQL
CONV016633,CUST004144,CAMP0174,2025-07-15,SQL
CONV016634,CUST007625,CAMP0098,15-02-2026,SQL
CONV016635,CUST000286,CAMP0181,21-06-2023,MQL
CONV016636,CUST007998,CAMP0217,2026-03-06,Lead
CONV016637,CUST007771,CAMP0074,2025-09-18,SQL
CONV016638,CUST007436,CAMP0214,06-09-2025,Lead
CONV016639,CUST005596,CAMP0110,2026-07-24,MQL
CONV016640,CUST006747,CAMP0120,2024-02-02,SQL
CONV016641,CUST004517,CAMP0090,2025-09-02,Customer
CONV016642,CUST003258,CAMP0213,11 Jul 2023,Lead
CONV016643,CUST002420,CAMP0218,2023-11-19,SQL
CONV016644,CUST004151,CAMP0072,02/05/2024,MQL
CONV016645,CUST009199,CAMP0036,2023-03-31,Lead
CONV016646,CUST002045,CAMP0046,2023-01-10,Customer
CONV016647,CUST002387,CAMP0117,2023-08-06,Lead
CONV016648,CUST007179,CAMP0082,02 Sep 2024,Lead
CONV016649,CUST003025,CAMP0145,27-06-2024,Opportunity
CONV016650,CUST005739,CAMP0013,2024-06-25,Lead
CONV016651,CUST006965,CAMP0057,2024-06-05,Customer
CONV016652,CUST008719,CAMP0179,18 Jun 2023,Opportunity
CONV016653,CUST008350,CAMP0101,31-01-2025,SQL
CONV016654,CUST004427,CAMP0220,2025-08-20,Customer
CONV016655,CUST007868,CAMP0004,2023-02-16,Lead
CONV016656,CUST004047,CAMP0055,07/25/2023,Customer
CONV016657,CUST003151,CAMP0137,02 May 2026,Lead
CONV016658,CUST009956,CAMP0202,2024-02-21,Lead
CONV016659,CUST002224,CAMP0071,08/06/2025,Opportunity
CONV016660,CUST007562,CAMP0174,05/21/2024,MQL
CONV016661,CUST008905,CAMP0080,2026-04-07,MQL
CONV016662,CUST004180,CAMP0017,09/29/2024,MQL
CONV016663,CUST009275,CAMP0118,2025-09-02,SQL
CONV016664,CUST002855,CAMP0061,21-05-2025,MQL
CONV016665,CUST007197,CAMP0088,2024-12-18,SQL
CONV016666,CUST003918,CAMP0009,2023-09-06,Lead
CONV016667,CUST003040,CAMP0187,2024-03-06,Customer
CONV016668,CUST007774,CAMP0076,2023-01-06,Customer
CONV016669,CUST007723,CAMP0072,2026-07-30,Customer
CONV016670,CUST007701,CAMP0181,2025-08-05,SQL
CONV016671,CUST003711,CAMP0128,02-05-2026,MQL
CONV016672,CUST007346,CAMP0210,20 Sep 2025,MQL
CONV016673,CUST009105,CAMP0068,2026-08-01,Opportunity
CONV016674,CUST009342,CAMP0153,2025-04-05,MQL
CONV016675,CUST001416,CAMP0210,2026-04-02,MQL
CONV016676,CUST008870,CAMP0111,02-05-2025,Lead
CONV016677,CUST002793,CAMP0174,2024-02-16,Lead
CONV016678,CUST006038,CAMP0213,2023-05-22,Opportunity
CONV016679,CUST008126,CAMP0054,25-03-2026,Opportunity
CONV016680,CUST001007,CAMP0214,2024-01-21,Customer
CONV016681,CUST003903,CAMP0027,14-11-2023,MQL
CONV016682,CUST003692,CAMP0081,25-07-2026,Customer
CONV016683,CUST003968,CAMP0175,2023-05-29,MQL
CONV016684,CUST005188,CAMP0175,07/06/2024,MQL
CONV016685,CUST006278,CAMP0131,06-11-2023,Customer
CONV016686,CUST006732,CAMP0144,24-06-2025,SQL
CONV016687,CUST001929,CAMP0075,2025-02-09,Lead
CONV016688,CUST000111,CAMP0162,2023-07-08,SQL
CONV016689,CUST009331,CAMP0162,16 Aug 2023,Opportunity
CONV016690,CUST003859,CAMP0150,2024-01-26,Lead
CONV016691,CUST001439,CAMP0070,13-03-2024,SQL
CONV016692,CUST009999,CAMP0174,2023-05-30,Customer
CONV016693,CUST005700,CAMP0153,2023-01-11,Customer
CONV016694,CUST008372,CAMP0125,2024-01-04,Opportunity
CONV016695,CUST008554,CAMP0014,2025-09-15,Lead
CONV016696,CUST005457,CAMP0155,25 Jul 2023,MQL
CONV016697,CUST008273,CAMP0195,2024-01-04,SQL
CONV016698,CUST005722,CAMP0120,25-02-2024,Opportunity
CONV016699,CUST004919,CAMP0091,29 Mar 2023,Opportunity
CONV016700,CUST004149,CAMP0066,2025-10-16,Lead
CONV016701,CUST005665,CAMP0098,2024-10-04,Lead
CONV016702,CUST007149,CAMP0013,06/05/2024,Lead
CONV016703,CUST006516,CAMP0053,12 Feb 2026,Lead
CONV016704,CUST005426,CAMP0198,09/19/2025,Opportunity
CONV016705,CUST003929,CAMP0095,2023-02-14,Opportunity
CONV016706,CUST008985,CAMP0070,2024-01-17,Customer
CONV016707,CUST003283,CAMP0158,2025-10-24,MQL
CONV016708,CUST004427,CAMP0206,2023-06-14,MQL
CONV016709,CUST006138,CAMP0073,2023-12-21,Opportunity
CONV016710,CUST007146,CAMP0106,26 Feb 2025,Lead
CONV016711,CUST009530,CAMP0188,09 Oct 2024,Lead
CONV016712,CUST009925,CAMP0052,2023-10-06,MQL
CONV016713,CUST000546,CAMP0134,2024-08-20,MQL
CONV016714,CUST004350,CAMP0133,2023-06-06,SQL
CONV016715,CUST008266,CAMP0196,2024-10-15,SQL
CONV016716,CUST008343,CAMP0185,2025-09-15,Customer
CONV016717,CUST004921,CAMP0078,2025-07-13,Lead
CONV016718,CUST000528,CAMP0101,06/21/2024,Opportunity
CONV016719,CUST009185,CAMP0170,2023-02-04,Opportunity
CONV016720,CUST006954,CAMP0140,13-11-2024,Customer
CONV016721,CUST000627,CAMP0106,19-12-2024,MQL
CONV016722,CUST007340,CAMP0110,2025-06-16,SQL
CONV016723,CUST009909,CAMP0108,2026-06-03,SQL
CONV016724,CUST008596,CAMP0014,01 Feb 2023,Opportunity
CONV016725,CUST006155,CAMP0035,05 Oct 2023,Lead
CONV016726,CUST004803,CAMP0164,2025-02-10,Lead
CONV016727,CUST002773,CAMP0004,2025-05-06,Customer
CONV016728,CUST008966,CAMP0010,16-03-2025,Opportunity
CONV016729,CUST009563,CAMP0141,08/22/2023,Lead
CONV016730,CUST005512,CAMP0032,07 Jul 2025,Lead
CONV016731,CUST001557,CAMP0211,23-05-2024,MQL
CONV016732,CUST008948,CAMP0090,13-02-2025,MQL
CONV016733,CUST001903,CAMP0048,2025-07-21,MQL
CONV016734,CUST005041,CAMP0140,,Lead
CONV016735,CUST008187,CAMP0149,2026-04-03,Customer
CONV016736,CUST005136,CAMP0213,07/12/2026,MQL
CONV016737,CUST003308,CAMP0033,07-02-2024,MQL
CONV016738,CUST003850,CAMP0009,01 May 2025,MQL
CONV016739,CUST006130,CAMP0031,2025-07-28,Customer
CONV016740,CUST004396,CAMP0192,12/09/2024,MQL
CONV016741,CUST008776,CAMP0212,2025-07-03,Customer
CONV016742,CUST003402,CAMP0156,23-04-2023,Opportunity
CONV016743,CUST000679,CAMP0143,,Opportunity
CONV016744,CUST009704,CAMP0027,2023-12-04,SQL
CONV016745,CUST005111,CAMP0174,2024-12-26,SQL
CONV016746,CUST001594,CAMP0042,2025-10-16,Lead
CONV016747,CUST003394,CAMP0058,2023-05-03,SQL
CONV016748,CUST008156,CAMP0076,14-12-2025,SQL
CONV016749,CUST003195,CAMP0102,2025-10-11,MQL
CONV016750,CUST005605,CAMP0063,04/20/2024,MQL
CONV016751,CUST000583,CAMP0167,2026-04-16,Customer
CONV016752,CUST004962,CAMP0177,11/22/2024,MQL
CONV016753,CUST002643,CAMP0062,,Customer
CONV016754,CUST005108,CAMP0037,18-05-2026,MQL
CONV016755,CUST001915,CAMP0131,2024-10-10,Opportunity
CONV016756,CUST001461,CAMP0132,,SQL
CONV016757,CUST001490,CAMP0160,2024-09-24,SQL
CONV016758,CUST007912,CAMP0038,2024-04-08,Customer
CONV016759,CUST009519,CAMP0029,03-10-2024,Opportunity
CONV016760,CUST007332,CAMP0020,2023-05-03,MQL
CONV016761,CUST006706,CAMP0151,07/24/2023,Lead
CONV016762,CUST000299,CAMP0184,07-12-2024,MQL
CONV016763,CUST003320,CAMP0023,2024-07-14,Opportunity
CONV016764,CUST000381,CAMP0186,2023-12-21,Lead
CONV016765,CUST006861,CAMP0095,2024-09-23,Lead
CONV016766,CUST009954,CAMP0152,2024-08-27,Opportunity
CONV016767,CUST003977,CAMP0058,06/08/2023,Customer
CONV016768,CUST007869,CAMP0175,11/08/2024,Opportunity
CONV016769,CUST007370,CAMP0155,2025-02-10,Lead
CONV016770,CUST009449,CAMP0193,2024-10-06,SQL
CONV016771,CUST006182,CAMP0044,,Customer
CONV016772,CUST000477,CAMP0193,2024-12-09,Lead
CONV016773,CUST005230,CAMP0125,2023-03-14,Customer
CONV016774,CUST005340,CAMP0194,2023-06-10,Customer
CONV016775,CUST002927,CAMP0152,2024-08-27,Lead
CONV016776,CUST006403,CAMP0042,2023-07-02,MQL
CONV016777,CUST009938,CAMP0149,2026-03-11,Opportunity
CONV016778,CUST000658,CAMP0105,21-06-2023,Lead
CONV016779,CUST001899,CAMP0196,02 Dec 2023,Lead
CONV016780,CUST001628,CAMP0036,2024-01-08,Lead
CONV016781,CUST002204,CAMP0089,21-03-2025,Lead
CONV016782,CUST005223,CAMP0093,04-10-2024,SQL
CONV016783,CUST001404,CAMP0079,2023-08-12,Customer
CONV016784,CUST001357,CAMP0217,2025-07-06,Customer
CONV016785,CUST006621,CAMP0187,20-11-2025,Customer
CONV016786,CUST003676,CAMP0150,2025-04-26,Customer
CONV016787,CUST006128,CAMP0016,10/09/2023,MQL
CONV016788,CUST007103,CAMP0050,16 Oct 2025,MQL
CONV016789,CUST008638,CAMP0097,2026-07-17,Customer
CONV016790,CUST001851,CAMP0099,02/11/2023,SQL
CONV016791,CUST001074,CAMP0196,07/17/2023,MQL
CONV016792,CUST003256,CAMP0220,2025-03-10,Opportunity
CONV016793,CUST009670,CAMP0214,2025-10-04,Opportunity
CONV016794,CUST003398,CAMP0184,01/03/2026,SQL
CONV016795,CUST005050,CAMP0009,04/07/2023,MQL
CONV016796,CUST004686,CAMP0178,,SQL
CONV016797,CUST008955,CAMP0175,15 Sep 2023,MQL
CONV016798,CUST004730,CAMP0111,2024-03-17,Customer
CONV016799,CUST008637,CAMP0013,,Opportunity
CONV016800,CUST002637,CAMP0004,2024-03-24,SQL
CONV016801,CUST000365,CAMP0207,2024-08-20,Lead
CONV016802,CUST003073,CAMP0179,2023-08-22,SQL
CONV016803,CUST005181,CAMP0016,2025-01-01,SQL
CONV016804,CUST002083,CAMP0033,2024-06-16,MQL
CONV016805,CUST008889,CAMP0031,2024-05-14,MQL
CONV016806,CUST009476,CAMP0195,2025-05-31,Customer
CONV016807,CUST001237,CAMP0023,2026-06-13,SQL
CONV016808,CUST009466,CAMP0175,2025-10-08,Opportunity
CONV016809,CUST007220,CAMP0103,2026-06-01,SQL
CONV016810,CUST005064,CAMP0159,03-03-2025,Opportunity
CONV016811,CUST008606,CAMP0135,2026-06-17,Opportunity
CONV016812,CUST009838,CAMP0048,2023-11-19,Lead
CONV016813,CUST001607,CAMP0174,2024-07-04,Lead
CONV016814,CUST004383,CAMP0141,2025-01-20,Opportunity
CONV016815,CUST000929,CAMP0042,04/01/2026,Customer
CONV016816,CUST006899,CAMP0211,07/25/2025,MQL
CONV016817,CUST007937,CAMP0220,2024-09-21,Opportunity
CONV016818,CUST004991,CAMP0029,2023-03-04,Opportunity
CONV016819,CUST005441,CAMP0194,2024-02-15,Lead
CONV016820,CUST001022,CAMP0029,2025-03-24,Lead
CONV016821,CUST009974,CAMP0212,2025-10-29,Customer
CONV016822,CUST000245,CAMP0075,25-02-2026,Customer
CONV016823,CUST007148,CAMP0089,01-06-2024,Opportunity
CONV016824,CUST001607,CAMP0138,01 Apr 2026,Opportunity
CONV016825,CUST003919,CAMP0055,08/22/2024,SQL
CONV016826,CUST009939,CAMP0211,2024-09-23,MQL
CONV016827,CUST007904,CAMP0059,11 Apr 2024,MQL
CONV016828,CUST005777,CAMP0175,2026-03-06,Opportunity
CONV016829,CUST004407,CAMP0098,2023-09-28,
CONV016830,CUST004776,CAMP0067,07/27/2025,Customer
CONV016831,CUST009616,CAMP0096,2024-05-17,Opportunity
CONV016832,CUST009570,CAMP0008,2024-11-29,SQL
CONV016833,CUST008439,CAMP0004,05-11-2025,Lead
CONV016834,CUST001367,CAMP0081,01-01-2025,Lead
CONV016835,CUST006706,CAMP0144,2023-01-17,SQL
CONV016836,CUST004082,CAMP0008,2024-01-22,SQL
CONV016837,CUST009713,CAMP0005,2023-06-02,Customer
CONV016838,CUST002332,CAMP0013,2026-04-29,Customer
CONV016839,CUST003291,CAMP0093,12/30/2025,SQL
CONV016840,CUST000272,CAMP0086,2023-08-10,Lead
CONV016841,CUST008344,CAMP0021,,SQL
CONV016842,CUST007438,CAMP0088,06-12-2023,MQL
CONV016843,CUST004128,CAMP0047,2025-05-05,Lead
CONV016844,CUST000906,CAMP0084,06/05/2024,Lead
CONV016845,CUST000225,CAMP0102,2025-01-20,SQL
CONV016846,CUST004334,CAMP0070,16-05-2025,MQL
CONV016847,CUST007389,CAMP0035,2023-11-30,SQL
CONV016848,CUST008145,CAMP0104,2025-10-09,SQL
CONV016849,CUST004353,CAMP0045,16-01-2026,Opportunity
CONV016850,CUST000800,CAMP0130,2025-03-29,MQL
CONV016851,CUST004017,CAMP0153,2026-07-09,Opportunity
CONV016852,CUST007120,CAMP0030,2024-06-21,Customer
CONV016853,CUST009203,CAMP0204,2025-09-18,Lead
CONV016854,CUST002772,CAMP0023,2026-05-30,Customer
CONV016855,CUST009792,CAMP0163,2025-03-27,MQL
CONV016856,CUST002888,CAMP0024,2023-03-12,Opportunity
CONV016857,CUST003759,CAMP0042,21 Sep 2025,Customer
CONV016858,CUST001073,CAMP0147,28-06-2023,MQL
CONV016859,CUST001567,CAMP0055,12/04/2025,Lead
CONV016860,CUST009923,CAMP0081,2023-07-01,MQL
CONV016861,CUST008654,CAMP0050,16-04-2026,Opportunity
CONV016862,CUST007182,CAMP0107,2024-06-13,MQL
CONV016863,CUST003066,CAMP0137,2025-06-03,Opportunity
CONV016864,CUST008405,CAMP0129,22-01-2026,Opportunity
CONV016865,CUST004063,CAMP0118,21-02-2025,MQL
CONV016866,CUST003137,CAMP0088,,
CONV016867,CUST001886,CAMP0089,04/04/2023,MQL
CONV016868,CUST000731,CAMP0193,25-12-2025,MQL
CONV016869,CUST000486,CAMP0185,01/22/2024,SQL
CONV016870,CUST000394,CAMP0153,24 Jun 2026,Opportunity
CONV016871,CUST009270,CAMP0105,2026-05-02,Lead
CONV016872,CUST002538,CAMP0073,,Customer
CONV016873,CUST009792,CAMP0114,02/10/2023,Opportunity
CONV016874,CUST005204,CAMP0190,02 Feb 2024,Opportunity
CONV016875,CUST004395,CAMP0057,2024-08-17,Lead
CONV016876,CUST005453,CAMP0053,09/17/2024,Customer
CONV016877,CUST001627,CAMP0184,2024-03-28,Lead
CONV016878,CUST002574,CAMP0043,2023-08-20,Lead
CONV016879,CUST001208,CAMP0051,03/28/2026,SQL
CONV016880,CUST007758,CAMP0127,2025-01-31,Lead
CONV016881,CUST005008,CAMP0134,2023-04-25,Customer
CONV016882,CUST000234,CAMP0114,2024-08-30,Lead
CONV016883,CUST004112,CAMP0189,2024-06-16,SQL
CONV016884,CUST000109,CAMP0118,2025-03-06,Opportunity
CONV016885,CUST001820,CAMP0202,2023-04-29,Lead
CONV016886,CUST007425,CAMP0109,01/08/2023,SQL
CONV016887,CUST008419,CAMP0158,16-02-2024,SQL
CONV016888,CUST001183,CAMP0118,,SQL
CONV016889,CUST007315,CAMP0086,2026-03-04,SQL
CONV016890,CUST003279,CAMP0140,2023-09-27,Customer
CONV016891,CUST001557,CAMP0041,2024-05-01,MQL
CONV016892,CUST004973,CAMP0215,2024-09-30,Lead
CONV016893,CUST009683,CAMP0098,12-07-2023,SQL
CONV016894,CUST009941,CAMP0023,12-09-2024,Opportunity
CONV016895,CUST009519,CAMP0113,2026-01-02,SQL
CONV016896,CUST002683,CAMP0132,24 Dec 2024,MQL
CONV016897,CUST008298,CAMP0106,2025-10-08,SQL
CONV016898,CUST007201,CAMP0075,2023-07-29,Lead
CONV016899,CUST002797,CAMP0170,20 Feb 2026,SQL
CONV016900,CUST005990,CAMP0185,10/31/2024,SQL
CONV016901,CUST005456,CAMP0115,02-03-2023,Customer
CONV016902,CUST001116,CAMP0180,2026-06-14,Lead
CONV016903,CUST003381,CAMP0185,2023-04-23,Opportunity
CONV016904,CUST006378,CAMP0103,05 Oct 2023,Opportunity
CONV016905,CUST001119,CAMP0061,11 Apr 2025,Lead
CONV016906,CUST009320,CAMP0008,04/29/2024,MQL
CONV016907,CUST004557,CAMP0070,2025-01-16,Lead
CONV016908,CUST002532,CAMP0196,27-07-2025,Customer
CONV016909,CUST009102,CAMP0212,2024-07-14,MQL
CONV016910,CUST003294,CAMP0020,2024-09-05,Lead
CONV016911,CUST006906,CAMP0012,09-09-2024,Customer
CONV016912,CUST001189,CAMP0045,,Customer
CONV016913,CUST009899,CAMP0170,22-04-2025,Opportunity
CONV016914,CUST005448,CAMP0069,2025-10-25,Lead
CONV016915,CUST008720,CAMP0002,2023-06-17,Customer
CONV016916,CUST002041,CAMP0219,2025-08-02,MQL
CONV016917,CUST009373,CAMP0023,2025-09-28,Customer
CONV016918,CUST006735,CAMP0129,2024-05-03,MQL
CONV016919,CUST009363,CAMP0014,02/17/2024,Opportunity
CONV016920,CUST008898,CAMP0157,01/11/2025,SQL
CONV016921,CUST008121,CAMP0097,2024-07-09,SQL
CONV016922,CUST000860,CAMP0044,2023-04-28,SQL
CONV016923,CUST001553,CAMP0216,2023-01-26,Lead
CONV016924,CUST006068,CAMP0048,20-11-2023,MQL
CONV016925,CUST008296,CAMP0199,,SQL
CONV016926,CUST009062,CAMP0142,15-02-2023,Lead
CONV016927,CUST002256,CAMP0203,23-08-2025,MQL
CONV016928,CUST004174,CAMP0090,07/20/2025,Opportunity
CONV016929,CUST004716,CAMP0037,2023-02-24,MQL
CONV016930,CUST008775,CAMP0009,2025-07-07,Lead
CONV016931,CUST000237,CAMP0047,2025-12-29,Opportunity
CONV016932,CUST008573,CAMP0120,2023-11-16,MQL
CONV016933,CUST003077,CAMP0154,08 Sep 2023,Opportunity
CONV016934,CUST002078,CAMP0041,30-08-2024,SQL
CONV016935,CUST009073,CAMP0128,2023-02-25,Customer
CONV016936,CUST006664,CAMP0218,2023-07-27,Opportunity
CONV016937,CUST009992,CAMP0215,2023-05-31,MQL
CONV016938,CUST006211,CAMP0085,2025-07-03,Customer
CONV016939,CUST007362,CAMP0160,2025-08-07,MQL
CONV016940,CUST007545,CAMP0128,2023-03-15,Lead
CONV016941,CUST006809,CAMP0181,25-09-2023,Customer
CONV016942,CUST007476,CAMP0017,2025-09-11,Opportunity
CONV016943,CUST000596,CAMP0149,12/29/2025,Customer
CONV016944,CUST002941,CAMP0061,01/07/2025,Customer
CONV016945,CUST009096,CAMP0001,26 Oct 2024,SQL
CONV016946,CUST008017,CAMP0207,,SQL
CONV016947,CUST000547,CAMP0083,03-11-2025,Lead
CONV016948,CUST003801,CAMP0144,2023-08-26,MQL
CONV016949,CUST000305,CAMP0190,2023-03-27,MQL
CONV016950,CUST000804,CAMP0173,04/29/2025,Opportunity
CONV016951,CUST002293,CAMP0009,02/17/2023,Customer
CONV016952,CUST004964,CAMP0220,2025-08-04,MQL
CONV016953,CUST005231,CAMP0080,2024-05-02,SQL
CONV016954,CUST007804,CAMP0081,08 Dec 2024,SQL
CONV016955,CUST003800,CAMP0138,08/14/2023,SQL
CONV016956,CUST008823,CAMP0092,2026-04-22,SQL
CONV016957,CUST001716,CAMP0120,2025-12-26,Opportunity
CONV016958,CUST003770,CAMP0171,04/14/2026,Opportunity
CONV016959,CUST005191,CAMP0123,2023-06-26,Lead
CONV016960,CUST001729,CAMP0089,27 Jan 2025,MQL
CONV016961,CUST001142,CAMP0163,2023-07-31,Customer
CONV016962,CUST000532,CAMP0030,2024-09-02,SQL
CONV016963,CUST001837,CAMP0039,2026-02-15,SQL
CONV016964,CUST003763,CAMP0158,2025-12-16,Opportunity
CONV016965,CUST003142,CAMP0136,2023-06-07,SQL
CONV016966,CUST004784,CAMP0115,02/11/2025,MQL
CONV016967,CUST002487,CAMP0029,25-04-2024,Lead
CONV016968,CUST003168,CAMP0063,24-07-2025,Lead
CONV016969,CUST002299,CAMP0142,2024-07-15,Opportunity
CONV016970,CUST002795,CAMP0204,2024-08-22,Opportunity
CONV016971,CUST000359,CAMP0213,11-03-2025,Opportunity
CONV016972,CUST009405,CAMP0087,2024-01-29,Customer
CONV016973,CUST009886,CAMP0157,2023-04-10,Opportunity
CONV016974,CUST007677,CAMP0132,2024-01-16,Opportunity
CONV016975,CUST009575,CAMP0155,09/16/2024,Customer
CONV016976,CUST006774,CAMP0112,2026-06-24,Lead
CONV016977,CUST005297,CAMP0216,14-10-2023,Customer
CONV016978,CUST002510,CAMP0030,2026-03-08,Customer
CONV016979,CUST001000,CAMP0073,08/20/2025,SQL
CONV016980,CUST007075,CAMP0214,26-01-2025,Customer
CONV016981,CUST000836,CAMP0215,2023-08-25,Customer
CONV016982,CUST003035,CAMP0198,2025-10-21,Customer
CONV016983,CUST007503,CAMP0188,2024-07-23,MQL
CONV016984,CUST006772,CAMP0122,2026-03-23,MQL
CONV016985,CUST008852,CAMP0125,2025-10-27,SQL
CONV016986,CUST008446,CAMP0149,2025-12-12,Opportunity
CONV016987,CUST004475,CAMP0188,2026-04-07,Customer
CONV016988,CUST003864,CAMP0138,2025-05-23,SQL
CONV016989,CUST000725,CAMP0051,28 May 2023,MQL
CONV016990,CUST009187,CAMP0174,01/28/2025,MQL
CONV016991,CUST005532,CAMP0152,14-11-2025,Lead
CONV016992,CUST007989,CAMP0185,02-02-2023,MQL
CONV016993,CUST005238,CAMP0130,2024-04-20,Customer
CONV016994,CUST003172,CAMP0094,11/21/2025,Lead
CONV016995,CUST001283,CAMP0137,03/31/2025,Lead
CONV016996,CUST003273,CAMP0174,2024-04-21,MQL
CONV016997,CUST006735,CAMP0134,23 Jan 2024,Lead
CONV016998,CUST006608,CAMP0219,16-11-2024,MQL
CONV016999,CUST003719,CAMP0119,09/28/2023,Lead
CONV017000,CUST005472,CAMP0127,2026-04-19,SQL
CONV017001,CUST005293,CAMP0156,2024-06-22,MQL
CONV017002,CUST009955,CAMP0040,2023-02-21,Customer
CONV017003,CUST001521,CAMP0039,13-08-2024,SQL
CONV017004,CUST003383,CAMP0119,2026-02-21,SQL
CONV017005,CUST002269,CAMP0142,2023-12-14,MQL
CONV017006,CUST002287,CAMP0082,2023-08-11,Lead
CONV017007,CUST007750,CAMP0106,2025-03-20,Lead
CONV017008,CUST003280,CAMP0011,2025-11-05,Customer
CONV017009,CUST008733,CAMP0105,11/19/2024,SQL
CONV017010,CUST006451,CAMP0181,2023-11-11,Opportunity
CONV017011,CUST005304,CAMP0108,2023-09-28,Opportunity
CONV017012,CUST007300,CAMP0026,07 Jan 2024,MQL
CONV017013,CUST007406,CAMP0156,17-04-2024,Lead
CONV017014,CUST005468,CAMP0215,2026-03-03,MQL
CONV017015,CUST006474,CAMP0173,03-01-2023,Opportunity
CONV017016,CUST000267,CAMP0177,,Customer
CONV017017,CUST008799,CAMP0170,2023-11-15,MQL
CONV017018,CUST001804,CAMP0154,29-06-2023,Lead
CONV017019,CUST004185,CAMP0212,2024-12-12,Opportunity
CONV017020,CUST006706,CAMP0056,2026-05-07,Lead
CONV017021,CUST000884,CAMP0033,18 Dec 2023,Lead
CONV017022,CUST005332,CAMP0112,07/27/2024,MQL
CONV017023,CUST006072,CAMP0109,2025-09-17,Lead
CONV017024,CUST009772,CAMP0140,06-06-2026,Customer
CONV017025,CUST002797,CAMP0066,2023-11-05,Customer
CONV017026,CUST006141,CAMP0149,27 Sep 2025,Lead
CONV017027,CUST009157,CAMP0026,07/21/2026,Lead
CONV017028,CUST008691,CAMP0149,19-04-2026,SQL
CONV017029,CUST001173,CAMP0013,2023-01-26,MQL
CONV017030,CUST009904,CAMP0005,08/03/2025,Opportunity
CONV017031,CUST004699,CAMP0184,2025-06-26,MQL
CONV017032,CUST001334,CAMP0050,04/07/2024,Opportunity
CONV017033,CUST001324,CAMP0211,2026-05-20,Lead
CONV017034,CUST002696,CAMP0111,24-04-2024,Customer
CONV017035,CUST001371,CAMP0193,2024-02-10,SQL
CONV017036,CUST000952,CAMP0174,23 May 2024,Opportunity
CONV017037,CUST002308,CAMP0084,01/16/2024,Opportunity
CONV017038,CUST000515,CAMP0183,09/27/2025,Opportunity
CONV017039,CUST000074,CAMP0191,2025-03-22,Customer
CONV017040,CUST004882,CAMP0088,2025-04-29,Opportunity
CONV017041,CUST009808,CAMP0025,2023-11-08,MQL
CONV017042,CUST007622,CAMP0193,2025-06-19,Opportunity
CONV017043,CUST003832,CAMP0126,2024-04-09,Lead
CONV017044,CUST003069,CAMP0207,2024-09-02,MQL
CONV017045,CUST000764,CAMP0185,01/16/2024,SQL
CONV017046,CUST002178,CAMP0150,2023-07-22,MQL
CONV017047,CUST009661,CAMP0133,2023-10-03,Lead
CONV017048,CUST007780,CAMP0024,2023-04-12,Lead
CONV017049,CUST008454,CAMP0051,2023-07-13,Customer
CONV017050,CUST002969,CAMP0121,27-05-2025,MQL
CONV017051,CUST005144,CAMP0216,2026-04-20,Customer
CONV017052,CUST001918,CAMP0166,,Lead
CONV017053,CUST005941,CAMP0199,2023-12-24,SQL
CONV017054,CUST009578,CAMP0092,03/17/2026,
CONV017055,CUST009410,CAMP0064,02 Aug 2023,MQL
CONV017056,CUST005284,CAMP0137,2023-05-27,Lead
CONV017057,CUST003423,CAMP0003,2025-08-12,Lead
CONV017058,CUST004752,CAMP0024,10 Aug 2023,Customer
CONV017059,CUST007386,CAMP0134,2024-10-24,MQL
CONV017060,CUST006989,CAMP0109,2023-10-09,SQL
CONV017061,CUST004020,CAMP0064,2024-09-11,SQL
CONV017062,CUST009412,CAMP0132,2026-07-05,Customer
CONV017063,CUST008920,CAMP0020,11/30/2025,Opportunity
CONV017064,CUST003765,CAMP0137,2026-07-02,MQL
CONV017065,CUST007091,CAMP0216,2024-10-06,Customer
CONV017066,CUST004757,CAMP0197,2025-07-25,Lead
CONV017067,CUST006737,CAMP0004,2023-08-15,Opportunity
CONV017068,CUST008723,CAMP0001,18-02-2026,SQL
CONV017069,CUST006989,CAMP0162,2026-06-06,Customer
CONV017070,CUST009213,CAMP0095,03-05-2025,Customer
CONV017071,CUST004809,CAMP0167,27-02-2024,Customer
CONV017072,CUST006496,CAMP0080,2025-06-02,SQL
CONV017073,CUST009807,CAMP0082,18-11-2023,MQL
CONV017074,CUST001520,CAMP0060,2025-04-15,Opportunity
CONV017075,CUST001561,CAMP0001,2025-08-14,Lead
CONV017076,CUST001433,CAMP0119,27-09-2024,MQL
CONV017077,CUST002073,CAMP0183,2023-08-03,SQL
CONV017078,CUST005388,CAMP0041,17-05-2023,Customer
CONV017079,CUST006111,CAMP0058,2023-02-09,MQL
CONV017080,CUST006421,CAMP0095,09/06/2025,MQL
CONV017081,CUST005808,CAMP0192,2023-08-07,MQL
CONV017082,CUST007980,CAMP0051,2024-06-29,MQL
CONV017083,CUST008436,CAMP0033,2023-07-20,MQL
CONV017084,CUST001131,CAMP0038,2025-08-04,Customer
CONV017085,CUST001249,CAMP0146,11-07-2023,Customer
CONV017086,CUST006231,CAMP0070,01/21/2025,SQL
CONV017087,CUST008711,CAMP0166,2025-12-24,Lead
CONV017088,CUST002613,CAMP0080,30-01-2023,SQL
CONV017089,CUST003609,CAMP0143,2025-12-18,SQL
CONV017090,CUST009386,CAMP0072,2024-01-10,SQL
CONV017091,CUST009296,CAMP0168,2024-12-14,MQL
CONV017092,CUST005612,CAMP0174,28-07-2025,Customer
CONV017093,CUST001744,CAMP0101,2026-02-28,Opportunity
CONV017094,CUST008178,CAMP0023,2023-04-13,Opportunity
CONV017095,CUST004520,CAMP0087,2025-07-20,Customer
CONV017096,CUST001414,CAMP0180,2025-05-31,SQL
CONV017097,CUST000165,CAMP0203,01/16/2023,SQL
CONV017098,CUST005978,CAMP0139,2023-02-14,MQL
CONV017099,CUST001540,CAMP0146,05/31/2024,Opportunity
CONV017100,CUST003233,CAMP0136,2026-01-17,Customer
CONV017101,CUST002067,CAMP0121,2023-06-15,Lead
CONV017102,CUST006117,CAMP0040,12/12/2024,MQL
CONV017103,CUST004225,CAMP0151,2025-07-01,Customer
CONV017104,CUST000074,CAMP0106,2023-03-28,Opportunity
CONV017105,CUST001735,CAMP0105,25-12-2023,MQL
CONV017106,CUST003464,CAMP0112,2026-06-08,Opportunity
CONV017107,CUST004752,CAMP0094,11/21/2024,Opportunity
CONV017108,CUST009692,CAMP0010,2025-04-03,Opportunity
CONV017109,CUST003663,CAMP0184,2025-12-18,Opportunity
CONV017110,CUST002627,CAMP0014,2024-04-11,Opportunity
CONV017111,CUST003056,CAMP0215,,Customer
CONV017112,CUST009207,CAMP0132,15 Dec 2023,SQL
CONV017113,CUST002285,CAMP0157,2025-03-10,Lead
CONV017114,CUST008379,CAMP0002,2023-12-19,Customer
CONV017115,CUST004115,CAMP0074,15-04-2024,Opportunity
CONV017116,CUST000685,CAMP0139,2023-05-27,Lead
CONV017117,CUST005668,CAMP0208,05/17/2024,Lead
CONV017118,CUST004317,CAMP0096,05/10/2023,Customer
CONV017119,CUST008100,CAMP0129,23-11-2023,Opportunity
CONV017120,CUST006836,CAMP0200,,SQL
CONV017121,CUST001003,CAMP0219,09-02-2023,Lead
CONV017122,CUST004982,CAMP0168,2023-06-25,Lead
CONV017123,CUST002221,CAMP0024,2026-04-28,MQL
CONV017124,CUST006299,CAMP0016,2025-12-21,Opportunity
CONV017125,CUST006175,CAMP0013,16-03-2024,SQL
CONV017126,CUST009401,CAMP0147,2023-04-24,Customer
CONV017127,CUST003703,CAMP0217,,SQL
CONV017128,CUST001957,CAMP0071,07-06-2025,MQL
CONV017129,CUST006747,CAMP0201,09/13/2023,Customer
CONV017130,CUST005721,CAMP0190,05/05/2025,SQL
CONV017131,CUST003772,CAMP0191,2024-11-22,Lead
CONV017132,CUST000909,CAMP0134,11-02-2026,Opportunity
CONV017133,CUST001301,CAMP0205,2025-03-25,Opportunity
CONV017134,CUST002889,CAMP0079,27 Mar 2023,MQL
CONV017135,CUST004998,CAMP0203,2025-08-13,Opportunity
CONV017136,CUST005085,CAMP0041,06-11-2025,MQL
CONV017137,CUST002555,CAMP0059,2023-02-25,Opportunity
CONV017138,CUST004908,CAMP0022,2024-11-05,MQL
CONV017139,CUST001740,CAMP0108,2023-08-04,Lead
CONV017140,CUST008697,CAMP0048,2024-01-15,Lead
CONV017141,CUST006119,CAMP0104,2025-08-23,Customer
CONV017142,CUST008274,CAMP0043,2026-06-18,MQL
CONV017143,CUST004349,CAMP0130,23-12-2024,MQL
CONV017144,CUST009580,CAMP0103,2025-10-01,Opportunity
CONV017145,CUST005503,CAMP0141,2025-12-14,SQL
CONV017146,CUST000021,CAMP0194,2023-01-09,Lead
CONV017147,CUST008417,CAMP0014,12-06-2026,SQL
CONV017148,CUST003897,CAMP0135,2025-02-05,Opportunity
CONV017149,CUST004561,CAMP0031,2025-07-17,Customer
CONV017150,CUST006687,CAMP0070,2026-03-06,MQL
CONV017151,CUST004299,CAMP0050,2025-01-05,Customer
CONV017152,CUST005856,CAMP0044,2026-04-29,Lead
CONV017153,CUST003212,CAMP0140,2025-07-08,Customer
CONV017154,CUST004296,CAMP0111,03/17/2025,MQL
CONV017155,CUST002914,CAMP0059,30-07-2025,Customer
CONV017156,CUST900046,CAMP0001,,Customer
CONV017157,CUST005613,CAMP0204,2023-08-06,Lead
CONV017158,CUST006605,CAMP0083,2024-07-17,Customer
CONV017159,CUST006611,CAMP0218,2024-10-04,SQL
CONV017160,CUST002494,CAMP0041,19 Nov 2024,Opportunity
CONV017161,CUST001503,CAMP0056,2026-04-18,Lead
CONV017162,CUST007461,CAMP0038,2025-08-12,MQL
CONV017163,CUST001121,CAMP0054,13-07-2026,Lead
CONV017164,CUST007032,CAMP0103,,Lead
CONV017165,CUST007909,CAMP0042,10/18/2025,Opportunity
CONV017166,CUST009369,CAMP0138,2023-06-11,Customer
CONV017167,CUST009787,CAMP0176,2023-10-11,Lead
CONV017168,CUST009635,CAMP0201,2025-11-25,Lead
CONV017169,CUST004220,CAMP0172,2025-05-24,Customer
CONV017170,CUST005923,CAMP0216,01/19/2026,Lead
CONV017171,CUST008268,CAMP0194,2025-07-03,MQL
CONV017172,CUST000836,CAMP0107,04/14/2023,Customer
CONV017173,CUST004746,CAMP0212,2025-05-31,Customer
CONV017174,CUST009378,CAMP0164,22-07-2026,Customer
CONV017175,CUST002556,CAMP0060,11/13/2025,SQL
CONV017176,CUST005770,CAMP0096,2026-07-09,SQL
CONV017177,CUST008315,CAMP0202,23 Nov 2024,Customer
CONV017178,CUST000976,CAMP0155,2023-10-12,Lead
CONV017179,CUST006448,CAMP0101,2025-07-28,Lead
CONV017180,CUST007230,CAMP0013,16-06-2025,MQL
CONV017181,CUST005434,CAMP0154,2024-09-12,SQL
CONV017182,CUST005787,CAMP0161,2024-02-05,Lead
CONV017183,CUST001408,CAMP0213,06/17/2026,MQL
CONV017184,CUST007086,CAMP0213,27-05-2023,SQL
CONV017185,CUST004221,CAMP0063,2023-10-03,SQL
CONV017186,CUST008122,CAMP0127,26-06-2023,Customer
CONV017187,CUST007260,CAMP0119,31-03-2025,Lead
CONV017188,CUST002195,CAMP0004,21 Jan 2025,SQL
CONV017189,CUST004976,CAMP0143,2026-04-04,Customer
CONV017190,CUST005777,CAMP0153,27-05-2026,Lead
CONV017191,CUST008445,CAMP0025,06 Aug 2025,Opportunity
CONV017192,CUST004799,CAMP0214,03/10/2023,Opportunity
CONV017193,CUST006991,CAMP0068,,MQL
CONV017194,CUST008315,CAMP0207,2024-10-28,Customer
CONV017195,CUST007230,CAMP0169,08-11-2024,SQL
CONV017196,CUST003174,CAMP0078,2026-01-21,Opportunity
CONV017197,CUST003035,CAMP0143,2024-01-31,SQL
CONV017198,CUST000622,CAMP0114,,MQL
CONV017199,CUST006821,CAMP0220,18-01-2023,Lead
CONV017200,CUST008161,CAMP0211,2026-06-22,SQL
CONV017201,CUST004727,CAMP0091,2024-10-09,SQL
CONV017202,CUST001278,CAMP0062,2025-08-22,MQL
CONV017203,CUST003678,CAMP0054,2023-11-18,Customer
CONV017204,CUST002880,CAMP0196,13-04-2025,SQL
CONV017205,CUST001754,CAMP0061,26-08-2023,Lead
CONV017206,CUST009988,CAMP0160,2026-06-30,Customer
CONV017207,CUST008672,CAMP0081,16-10-2024,Customer
CONV017208,CUST005678,CAMP0127,08/18/2025,Lead
CONV017209,CUST002197,CAMP0141,18-02-2026,SQL
CONV017210,CUST005471,CAMP0102,2025-02-14,Opportunity
CONV017211,CUST001531,CAMP0211,25-05-2024,Customer
CONV017212,CUST009727,CAMP0192,2025-02-10,MQL
CONV017213,CUST004929,CAMP0081,,Customer
CONV017214,CUST005321,CAMP0008,05-03-2025,Customer
CONV017215,CUST003187,CAMP0143,2025-05-02,Lead
CONV017216,CUST008843,CAMP0163,2023-11-27,Opportunity
CONV017217,CUST005879,CAMP0072,2025-07-10,Opportunity
CONV017218,CUST002489,CAMP0067,,Lead
CONV017219,CUST000366,CAMP0007,2025-03-31,Customer
CONV017220,CUST008645,CAMP0184,2023-08-03,MQL
CONV017221,CUST002055,CAMP0018,2023-09-11,Customer
CONV017222,CUST008784,CAMP0121,05-07-2024,SQL
CONV017223,CUST007244,CAMP0092,2023-06-30,Lead
CONV017224,CUST005253,CAMP0190,2024-10-11,
CONV017225,CUST009127,CAMP0115,2024-06-28,
CONV017226,CUST007982,CAMP0201,05 Mar 2023,MQL
CONV017227,CUST006233,CAMP0132,2023-12-16,Lead
CONV017228,CUST009568,CAMP0212,2025-11-11,MQL
CONV017229,CUST007921,CAMP0121,2025-04-26,Customer
CONV017230,CUST003052,CAMP0190,05/30/2024,Lead
CONV017231,CUST006781,CAMP0147,09/30/2024,SQL
CONV017232,CUST006412,CAMP0092,2026-02-17,SQL
CONV017233,CUST003442,CAMP0053,2023-10-08,Customer
CONV017234,CUST000185,CAMP0110,2025-09-13,SQL
CONV017235,CUST009937,CAMP0112,2023-11-24,Lead
CONV017236,CUST006074,CAMP0050,03/25/2026,SQL
CONV017237,CUST003372,CAMP0022,2025-04-29,MQL
CONV017238,CUST004909,CAMP0212,2024-09-09,Lead
CONV017239,CUST007622,CAMP0169,2023-11-19,Opportunity
CONV017240,CUST009246,CAMP0111,2025-07-22,Lead
CONV017241,CUST007472,CAMP0039,2023-06-04,Lead
CONV017242,CUST005790,CAMP0023,16 Sep 2024,MQL
CONV017243,CUST002366,CAMP0064,2025-01-10,SQL
CONV017244,CUST005740,CAMP0117,19-06-2024,Customer
CONV017245,CUST004540,CAMP0087,2025-04-23,MQL
CONV017246,CUST005468,CAMP0131,2024-06-30,Opportunity
CONV017247,CUST000942,CAMP0102,2026-01-05,Customer
CONV017248,CUST009549,CAMP0135,,SQL
CONV017249,CUST005310,CAMP0137,2024-08-13,SQL
CONV017250,CUST002650,CAMP0121,2025-12-24,SQL
CONV017251,CUST004785,CAMP0066,2024-06-18,Customer
CONV017252,CUST007203,CAMP0111,2023-10-04,Customer
CONV017253,CUST008617,CAMP0035,02-10-2024,Opportunity
CONV017254,CUST006429,CAMP0140,2024-08-19,Opportunity
CONV017255,CUST005600,CAMP0093,2025-10-22,Lead
CONV017256,CUST005379,CAMP0010,17-06-2024,Customer
CONV017257,CUST001457,CAMP0104,01 Aug 2024,Opportunity
CONV017258,CUST008635,CAMP0168,25-01-2026,SQL
CONV017259,CUST009665,CAMP0107,,SQL
CONV017260,CUST002807,CAMP0047,2024-05-28,MQL
CONV017261,CUST004127,CAMP0138,04-07-2026,MQL
CONV017262,CUST003598,CAMP0211,04/02/2023,Lead
CONV017263,CUST001155,CAMP0193,2025-11-22,SQL
CONV017264,CUST007078,CAMP0075,04/19/2023,SQL
CONV017265,CUST003904,CAMP0001,01/10/2026,Lead
CONV017266,CUST000101,CAMP0072,29 Jul 2025,Opportunity
CONV017267,CUST002054,CAMP0032,2025-05-19,Customer
CONV017268,CUST006896,CAMP0181,2023-08-14,Opportunity
CONV017269,CUST004919,CAMP0129,04/19/2026,MQL
CONV017270,CUST002391,CAMP0217,2023-09-06,Lead
CONV017271,CUST001228,CAMP0122,2025-07-10,MQL
CONV017272,CUST008975,CAMP0033,2024-03-26,Opportunity
CONV017273,CUST007759,CAMP0205,2026-07-12,SQL
CONV017274,CUST008080,CAMP0039,2023-09-09,Customer
CONV017275,CUST000610,CAMP0014,2024-02-01,SQL
CONV017276,CUST009405,CAMP0001,2026-04-29,Lead
CONV017277,CUST008501,CAMP0054,2025-11-06,SQL
CONV017278,CUST004100,CAMP0216,2024-07-06,MQL
CONV017279,CUST009141,CAMP0042,05/31/2025,SQL
CONV017280,CUST008148,CAMP0056,,MQL
CONV017281,CUST005486,CAMP0134,2024-01-23,SQL
CONV017282,CUST002075,CAMP0070,2023-05-19,Customer
CONV017283,CUST009611,CAMP0153,16 Jan 2026,Opportunity
CONV017284,CUST006799,CAMP0071,2025-05-05,SQL
CONV017285,CUST000722,CAMP0084,16 Jul 2024,SQL
CONV017286,CUST004539,CAMP0211,2023-12-02,Customer
CONV017287,CUST002841,CAMP0187,2026-07-20,SQL
CONV017288,CUST000965,CAMP0053,2024-01-05,Customer
CONV017289,CUST007579,CAMP0162,2026-07-08,Lead
CONV017290,CUST001231,CAMP0186,31 Jul 2025,MQL
CONV017291,CUST004918,CAMP0115,2024-03-27,Customer
CONV017292,CUST002102,CAMP0127,,MQL
CONV017293,CUST003675,CAMP0166,07-02-2026,MQL
CONV017294,CUST003026,CAMP0088,,SQL
CONV017295,CUST007637,CAMP0186,2026-03-18,Opportunity
CONV017296,CUST009296,CAMP0215,12/22/2025,MQL
CONV017297,CUST007072,CAMP0044,2024-09-20,Customer
CONV017298,CUST005754,CAMP0212,,SQL
CONV017299,CUST008104,CAMP0029,2025-02-12,Opportunity
CONV017300,CUST005801,CAMP0175,09/11/2024,SQL
CONV017301,CUST004689,CAMP0187,2023-06-09,SQL
CONV017302,CUST006240,CAMP0162,2024-04-08,Customer
CONV017303,CUST003030,CAMP0123,2023-02-14,Customer
CONV017304,CUST004134,CAMP0103,2026-03-30,Lead
CONV017305,CUST006469,CAMP0114,2023-07-01,Customer
CONV017306,CUST007110,CAMP0019,01-05-2026,Opportunity
CONV017307,CUST003850,CAMP0220,01/08/2023,SQL
CONV017308,CUST004542,CAMP0160,2025-04-16,Customer
CONV017309,CUST005940,CAMP0129,2024-10-01,Customer
CONV017310,CUST009262,CAMP0054,2025-06-10,Opportunity
CONV017311,CUST006421,CAMP0153,2025-05-19,Customer
CONV017312,CUST003886,CAMP0040,09/10/2023,MQL
CONV017313,CUST009589,CAMP0014,2026-06-05,MQL
CONV017314,CUST002204,CAMP0041,2024-10-09,MQL
CONV017315,CUST006231,CAMP0048,2025-11-21,Opportunity
CONV017316,CUST003534,CAMP0072,2026-05-04,Opportunity
CONV017317,CUST004426,CAMP0220,2023-01-11,Lead
CONV017318,CUST000342,CAMP0037,09/11/2023,Lead
CONV017319,CUST002156,CAMP0025,01/12/2023,Lead
CONV017320,CUST005317,CAMP0072,2024-12-10,Customer
CONV017321,CUST004087,CAMP0129,2024-03-22,Opportunity
CONV017322,CUST008506,CAMP0215,2024-07-10,Lead
CONV017323,CUST008546,CAMP0110,2024-10-28,Customer
CONV017324,CUST009144,CAMP0015,2026-05-17,Opportunity
CONV017325,CUST007853,CAMP0175,2024-07-09,Lead
CONV017326,CUST005789,CAMP0030,2025-03-20,Opportunity
CONV017327,CUST009722,CAMP0094,2025-07-07,SQL
CONV017328,CUST006153,CAMP0071,27-07-2024,SQL
CONV017329,CUST003542,CAMP0035,2025-12-07,MQL
CONV017330,CUST001011,CAMP0139,07 Mar 2023,MQL
CONV017331,CUST007704,CAMP0182,2023-04-19,SQL
CONV017332,CUST007364,CAMP0086,25 Apr 2024,Customer
CONV017333,CUST004373,CAMP0064,2024-06-01,Opportunity
CONV017334,CUST001699,CAMP0115,08/24/2024,Opportunity
CONV017335,CUST005012,CAMP0079,02-10-2025,Customer
CONV017336,CUST009898,CAMP0025,2025-03-08,SQL
CONV017337,CUST008096,CAMP0187,2025-03-13,SQL
CONV017338,CUST006989,CAMP0107,09/26/2024,Opportunity
CONV017339,CUST009105,CAMP0059,05-12-2023,SQL
CONV017340,CUST007297,CAMP0012,2025-02-23,Lead
CONV017341,CUST008588,CAMP0214,2024-09-28,Customer
CONV017342,CUST009207,CAMP0170,09-08-2025,Lead
CONV017343,CUST000445,CAMP0195,09/09/2024,MQL
CONV017344,CUST006257,CAMP0202,2024-03-22,Customer
CONV017345,CUST002335,CAMP0074,2025-02-27,Opportunity
CONV017346,CUST002113,CAMP0071,30-08-2023,MQL
CONV017347,CUST004007,CAMP0010,02-05-2025,Customer
CONV017348,CUST000331,CAMP0024,22-11-2024,Customer
CONV017349,CUST006133,CAMP0089,04/04/2024,Lead
CONV017350,CUST006487,CAMP0149,23-10-2024,Lead
CONV017351,CUST007709,CAMP0072,09-06-2023,SQL
CONV017352,CUST009854,CAMP0177,2024-02-25,Customer
CONV017353,CUST000087,CAMP0072,2026-03-25,SQL
CONV017354,CUST006121,CAMP0144,2023-06-11,Customer
CONV017355,CUST001640,CAMP0028,2024-06-09,SQL
CONV017356,CUST003334,CAMP0197,2024-01-21,SQL
CONV017357,CUST004164,CAMP0133,2025-06-29,Lead
CONV017358,CUST000951,CAMP0048,2023-11-08,Opportunity
CONV017359,CUST007438,CAMP0073,,Lead
CONV017360,CUST007589,CAMP0138,06 Feb 2023,MQL
CONV017361,CUST009477,CAMP0081,2026-03-03,Lead
CONV017362,CUST002161,CAMP0045,12 Feb 2023,Lead
CONV017363,CUST006855,CAMP0107,02-03-2026,SQL
CONV017364,CUST008891,CAMP0022,2023-08-11,SQL
CONV017365,CUST009929,CAMP0097,2025-01-08,Customer
CONV017366,CUST003160,CAMP0009,01/27/2025,SQL
CONV017367,CUST004084,CAMP0187,2025-12-10,Opportunity
CONV017368,CUST002294,CAMP0120,09/10/2025,Lead
CONV017369,CUST008890,CAMP0126,27-09-2025,MQL
CONV017370,CUST003533,CAMP0062,2023-02-11,SQL
CONV017371,CUST008511,CAMP0144,04/03/2023,Lead
CONV017372,CUST003425,CAMP0124,12 Apr 2025,Opportunity
CONV017373,CUST001175,CAMP0131,2026-04-07,SQL
CONV017374,CUST002848,CAMP0128,2026-06-16,MQL
CONV017375,CUST009034,CAMP0097,2023-08-30,Lead
CONV017376,CUST008524,CAMP0113,2026-01-01,Customer
CONV017377,CUST002320,CAMP0194,11-07-2025,MQL
CONV017378,CUST007804,CAMP0076,2024-02-08,SQL
CONV017379,CUST007325,CAMP0202,2024-08-16,Opportunity
CONV017380,CUST001845,CAMP0178,23 Mar 2025,MQL
CONV017381,CUST008634,CAMP0069,13 Sep 2025,Opportunity
CONV017382,CUST000942,CAMP0091,2024-01-02,Lead
CONV017383,CUST001086,CAMP0115,2025-03-03,MQL
CONV017384,CUST003758,CAMP0151,18-07-2023,Customer
CONV017385,CUST008157,CAMP0118,01/17/2024,SQL
CONV017386,CUST004366,CAMP0218,2023-09-26,MQL
CONV017387,CUST005013,CAMP0198,2023-01-28,Opportunity
CONV017388,CUST004774,CAMP0179,2024-12-05,Opportunity
CONV017389,CUST009655,CAMP0187,2023-09-28,MQL
CONV017390,CUST006157,CAMP0040,26-03-2023,Customer
CONV017391,CUST001526,CAMP0108,2025-08-13,Lead
CONV017392,CUST007311,CAMP0219,2024-03-05,Opportunity
CONV017393,CUST001676,CAMP0118,2025-07-31,Lead
CONV017394,CUST007022,CAMP0115,20-06-2023,Opportunity
CONV017395,CUST005820,CAMP0139,2024-07-31,SQL
CONV017396,CUST003812,CAMP0198,23-12-2023,Customer
CONV017397,CUST000655,CAMP0152,2023-08-14,SQL
CONV017398,CUST000803,CAMP0028,26-08-2025,Opportunity
CONV017399,CUST000205,CAMP0092,20-07-2024,MQL
CONV017400,CUST006678,CAMP0062,2024-07-18,Opportunity
CONV017401,CUST000896,CAMP0132,23-04-2024,Customer
CONV017402,CUST004604,CAMP0113,2026-04-17,Opportunity
CONV017403,CUST005611,CAMP0161,22-02-2026,SQL
CONV017404,CUST008521,CAMP0058,12/05/2025,SQL
CONV017405,CUST008732,CAMP0023,2023-07-11,MQL
CONV017406,CUST003855,CAMP0008,2025-08-09,Opportunity
CONV017407,CUST009754,CAMP0071,07/06/2025,Lead
CONV017408,CUST001987,CAMP0048,10/18/2023,Opportunity
CONV017409,CUST003204,CAMP0038,01/09/2026,Opportunity
CONV017410,CUST007118,CAMP0143,2025-04-02,SQL
CONV017411,CUST004757,CAMP0032,2026-06-10,Lead
CONV017412,CUST006415,CAMP0074,05/13/2023,Opportunity
CONV017413,CUST007910,CAMP0135,01/22/2023,Opportunity
CONV017414,CUST006607,CAMP0107,2023-08-14,Opportunity
CONV017415,CUST003875,CAMP0049,2024-02-28,SQL
CONV017416,CUST004098,CAMP0068,2024-01-28,SQL
CONV017417,CUST002850,CAMP0160,15-01-2025,MQL
CONV017418,CUST005414,CAMP0218,2023-09-22,
CONV017419,CUST006368,CAMP0080,29-05-2023,MQL
CONV017420,CUST004572,CAMP0094,2026-06-03,Opportunity
CONV017421,CUST009609,CAMP0147,2024-02-18,MQL
CONV017422,CUST006143,CAMP0051,30-01-2024,MQL
CONV017423,CUST002900,CAMP0163,12/23/2023,Opportunity
CONV017424,CUST001800,CAMP0170,21-02-2026,MQL
CONV017425,CUST003763,CAMP0169,2024-09-16,Lead
CONV017426,CUST007451,CAMP0090,2025-07-21,Lead
CONV017427,CUST000065,CAMP0033,2023-11-14,Opportunity
CONV017428,CUST004391,CAMP0174,2024-11-09,SQL
CONV017429,CUST001853,CAMP0048,07/16/2024,Customer
CONV017430,CUST001121,CAMP0204,2025-03-26,Opportunity
CONV017431,CUST002265,CAMP0097,05/26/2024,Opportunity
CONV017432,CUST005860,CAMP0163,02/04/2024,SQL
CONV017433,CUST006579,CAMP0043,2025-01-02,Customer
CONV017434,CUST005365,CAMP0028,06 Dec 2023,Customer
CONV017435,CUST009973,CAMP0037,2026-04-11,Customer
CONV017436,CUST003211,CAMP0155,09-09-2024,Opportunity
CONV017437,CUST009792,CAMP0020,09 May 2026,Opportunity
CONV017438,CUST003002,CAMP0196,22-02-2025,MQL
CONV017439,CUST002328,CAMP0083,2023-09-19,Customer
CONV017440,CUST005506,CAMP0154,2024-01-07,Customer
CONV017441,CUST008163,CAMP0188,2024-01-19,Lead
CONV017442,CUST004784,CAMP0177,2025-04-29,Lead
CONV017443,CUST006626,CAMP0031,2023-05-16,Lead
CONV017444,CUST000635,CAMP0136,2024-02-07,SQL
CONV017445,CUST008087,CAMP0150,13-12-2024,Customer
CONV017446,CUST000853,CAMP0087,21 Feb 2023,MQL
CONV017447,CUST008220,CAMP0061,2023-03-25,SQL
CONV017448,CUST003943,CAMP0008,2026-04-05,Opportunity
CONV017449,CUST002312,CAMP0101,2025-04-23,MQL
CONV017450,CUST004202,CAMP0201,03-07-2024,Lead
CONV017451,CUST008154,CAMP0023,06/10/2025,Lead
CONV017452,CUST007975,CAMP0080,14-06-2026,MQL
CONV017453,CUST007904,CAMP0068,12-10-2023,Lead
CONV017454,CUST004742,CAMP0007,07-03-2024,Customer
CONV017455,CUST009257,CAMP0109,2023-04-01,Lead
CONV017456,CUST003917,CAMP0182,,SQL
CONV017457,CUST006299,CAMP0159,21 May 2026,Opportunity
CONV017458,CUST000185,CAMP0120,2025-12-12,Lead
CONV017459,CUST001188,CAMP0087,2023-05-20,
CONV017460,CUST000523,CAMP0174,2025-04-06,Opportunity
CONV017461,CUST003576,CAMP0041,2024-11-18,Opportunity
CONV017462,CUST003742,CAMP0014,2025-04-25,Customer
CONV017463,CUST007959,CAMP0206,2023-12-12,Opportunity
CONV017464,CUST009416,CAMP0123,11-09-2023,SQL
CONV017465,CUST009912,CAMP0088,16-07-2023,MQL
CONV017466,CUST007409,CAMP0121,2026-07-02,Opportunity
CONV017467,CUST000987,CAMP0172,21 Aug 2023,SQL
CONV017468,CUST003950,CAMP0009,2024-01-17,SQL
CONV017469,CUST007574,CAMP0060,12/23/2024,Opportunity
CONV017470,CUST001692,CAMP0217,2025-07-20,SQL
CONV017471,CUST006519,CAMP0068,05-04-2026,
CONV017472,CUST007795,CAMP0181,2026-07-21,Opportunity
CONV017473,CUST001961,CAMP0078,2025-07-12,Lead
CONV017474,CUST000274,CAMP0156,06-10-2025,Opportunity
CONV017475,CUST003747,CAMP0208,28-07-2026,SQL
CONV017476,CUST002177,CAMP0011,2025-10-06,Opportunity
CONV017477,CUST001963,CAMP0129,09/15/2025,Lead
CONV017478,CUST008760,CAMP0018,2025-10-14,SQL
CONV017479,CUST005614,CAMP0168,04 Mar 2023,SQL
CONV017480,CUST005858,CAMP0191,2025-05-06,Opportunity
CONV017481,CUST004817,CAMP0079,06/12/2026,Customer
CONV017482,CUST000085,CAMP0218,28-04-2026,SQL
CONV017483,CUST001440,CAMP0137,04-06-2025,Customer
CONV017484,CUST006683,CAMP0190,2023-02-21,MQL
CONV017485,CUST005805,CAMP0213,28-12-2024,MQL
CONV017486,CUST007924,CAMP0134,2024-11-16,Lead
CONV017487,CUST006553,CAMP0032,2024-12-03,Customer
CONV017488,CUST007640,CAMP0144,2024-01-01,MQL
CONV017489,CUST005989,CAMP0209,2023-11-01,MQL
CONV017490,CUST004765,CAMP0003,2025-09-11,Opportunity
CONV017491,CUST003348,CAMP0204,14-03-2023,Opportunity
CONV017492,CUST007316,CAMP0081,04-08-2025,Customer
CONV017493,CUST004529,CAMP0154,2024-10-09,Customer
CONV017494,CUST006912,CAMP0170,2023-02-22,Lead
CONV017495,CUST009042,CAMP0204,15-11-2023,Customer
CONV017496,CUST009213,CAMP0112,10-02-2024,Customer
CONV017497,CUST006083,CAMP0064,2025-07-30,Opportunity
CONV017498,CUST003321,CAMP0081,2023-07-30,Opportunity
CONV017499,CUST002719,CAMP0107,26 Apr 2023,MQL
CONV017500,CUST000979,CAMP0114,07-04-2026,Opportunity
CONV017501,CUST002506,CAMP0053,2023-08-31,Lead
CONV017502,CUST002719,CAMP0036,2026-01-11,Opportunity
CONV017503,CUST004346,CAMP0095,08/05/2023,Lead
CONV017504,CUST000079,CAMP0022,25-07-2024,Opportunity
CONV017505,CUST005559,CAMP0032,15-03-2025,Customer
CONV017506,CUST003339,CAMP0003,02/11/2025,Lead
CONV017507,CUST002287,CAMP0178,08/31/2023,Lead
CONV017508,CUST001215,CAMP0115,13-05-2024,MQL
CONV017509,CUST001698,CAMP0044,2024-06-01,SQL
CONV017510,CUST001266,CAMP0119,,MQL
CONV017511,CUST009426,CAMP0196,2024-05-27,SQL
CONV017512,CUST001907,CAMP0092,2025-11-21,Opportunity
CONV017513,CUST006555,CAMP0210,25-04-2026,Opportunity
CONV017514,CUST006485,CAMP0198,26-10-2024,Customer
CONV017515,CUST000188,CAMP0079,2023-09-15,Customer
CONV017516,CUST000353,CAMP0211,25-04-2023,SQL
CONV017517,CUST002986,CAMP0185,07-05-2024,MQL
CONV017518,CUST008468,CAMP0170,2026-06-19,Customer
CONV017519,CUST008317,CAMP0066,05/19/2025,Opportunity
CONV017520,CUST008660,CAMP0165,27 Nov 2023,Customer
CONV017521,CUST009852,CAMP0109,2026-04-29,MQL
CONV017522,CUST006861,CAMP0217,28-07-2023,Opportunity
CONV017523,CUST009104,CAMP0072,09/02/2023,Opportunity
CONV017524,CUST008867,CAMP0065,2023-12-23,Lead
CONV017525,CUST001531,CAMP0132,2025-05-05,MQL
CONV017526,CUST001475,CAMP0109,2023-07-01,MQL
CONV017527,CUST000448,CAMP0201,04/06/2023,MQL
CONV017528,CUST003052,CAMP0074,01/31/2026,Lead
CONV017529,CUST005221,CAMP0138,28-12-2024,Customer
CONV017530,CUST005471,CAMP0054,05/28/2026,MQL
CONV017531,CUST008203,CAMP0133,03-11-2024,SQL
CONV017532,CUST009178,CAMP0065,,Lead
CONV017533,CUST000277,CAMP0189,2024-01-11,Customer
CONV017534,CUST002020,CAMP0041,11/08/2025,MQL
CONV017535,CUST005528,CAMP0062,12-12-2025,Lead
CONV017536,CUST006462,CAMP0064,2023-04-06,MQL
CONV017537,CUST009337,CAMP0042,10/09/2024,Customer
CONV017538,CUST006337,CAMP0127,2024-11-29,MQL
CONV017539,CUST000496,CAMP0029,2023-04-07,
CONV017540,CUST004991,CAMP0053,05/04/2023,MQL
CONV017541,CUST006127,CAMP0039,2023-11-11,MQL
CONV017542,CUST005323,CAMP0004,24-07-2023,Customer
CONV017543,CUST008871,CAMP0182,,SQL
CONV017544,CUST008206,CAMP0163,28-06-2025,Customer
CONV017545,CUST003955,CAMP0137,2025-08-24,Customer
CONV017546,CUST002129,CAMP0081,05-11-2024,Lead
CONV017547,CUST007874,CAMP0154,2025-01-08,Customer
CONV017548,CUST007353,CAMP0080,12 Jul 2024,Opportunity
CONV017549,CUST001771,CAMP0158,2026-04-24,MQL
CONV017550,CUST009677,CAMP0035,04 Jun 2023,Lead
CONV017551,CUST008558,CAMP0069,08/16/2024,Lead
CONV017552,CUST009609,CAMP0078,05-05-2024,MQL
CONV017553,CUST005811,CAMP0115,2025-10-10,Opportunity
CONV017554,CUST009799,CAMP0118,2024-01-22,Opportunity
CONV017555,CUST008416,CAMP0060,2024-06-11,SQL
CONV017556,CUST008624,CAMP0153,08/05/2025,MQL
CONV017557,CUST002276,CAMP0092,20 Dec 2024,MQL
CONV017558,CUST001511,CAMP0035,08-05-2025,Customer
CONV017559,CUST005588,CAMP0039,03/22/2023,MQL
CONV017560,CUST001927,CAMP0058,11/29/2025,Opportunity
CONV017561,CUST009514,CAMP0096,2024-09-24,Customer
CONV017562,CUST004540,CAMP0099,01/29/2023,Opportunity
CONV017563,CUST009821,CAMP0168,2024-04-11,Lead
CONV017564,CUST007273,CAMP0161,19-08-2025,Lead
CONV017565,CUST000124,CAMP0161,2023-03-31,MQL
CONV017566,CUST001678,CAMP0178,2026-03-27,Customer
CONV017567,CUST002488,CAMP0169,2023-10-21,Lead
CONV017568,CUST005960,CAMP0168,2024-11-04,Customer
CONV017569,CUST005140,CAMP0120,2023-03-16,MQL
CONV017570,CUST006893,CAMP0063,2026-05-29,Customer
CONV017571,CUST006808,CAMP0002,2025-03-13,MQL
CONV017572,CUST005650,CAMP0010,,SQL
CONV017573,CUST003398,CAMP0028,04/23/2023,SQL
CONV017574,CUST005954,CAMP0108,27 May 2023,Customer
CONV017575,CUST005628,CAMP0069,15-08-2023,MQL
CONV017576,CUST001355,CAMP0053,14-01-2023,MQL
CONV017577,CUST002416,CAMP0050,18-04-2026,Customer
CONV017578,CUST009571,CAMP0086,2026-03-06,Customer
CONV017579,CUST003546,CAMP0063,2024-06-19,Customer
CONV017580,CUST005695,CAMP0167,2024-07-04,Customer
CONV017581,CUST000915,CAMP0204,31-05-2024,Customer
CONV017582,CUST001605,CAMP0094,2025-05-17,Opportunity
CONV017583,CUST008995,CAMP0033,09 Mar 2024,Opportunity
CONV017584,CUST000261,CAMP0082,,MQL
CONV017585,CUST002043,CAMP0015,2025-08-20,SQL
CONV017586,CUST001824,CAMP0050,01-11-2023,MQL
CONV017587,CUST007744,CAMP0130,2024-11-01,Opportunity
CONV017588,CUST009143,CAMP0111,12 Jul 2023,Customer
CONV017589,CUST006139,CAMP0006,2024-03-08,Customer
CONV017590,CUST001115,CAMP0102,05-12-2025,Customer
CONV017591,CUST003367,CAMP0184,2025-10-27,SQL
CONV017592,CUST007945,CAMP0101,2024-08-15,Customer
CONV017593,CUST004318,CAMP0133,2023-01-08,MQL
CONV017594,CUST003149,CAMP0088,12/01/2025,Opportunity
CONV017595,CUST002594,CAMP0148,,Opportunity
CONV017596,CUST001692,CAMP0150,09-03-2024,MQL
CONV017597,CUST007079,CAMP0026,28-03-2026,MQL
CONV017598,CUST001061,CAMP0120,2023-03-06,MQL
CONV017599,CUST002329,CAMP0055,05/15/2025,Customer
CONV017600,CUST004398,CAMP0172,2024-07-11,Opportunity
CONV017601,CUST008811,CAMP0164,2023-10-13,Opportunity
CONV017602,CUST001240,CAMP0030,15-01-2024,SQL
CONV017603,CUST007790,CAMP0114,03/24/2023,Lead
CONV017604,CUST003971,CAMP0023,12/06/2025,Opportunity
CONV017605,CUST008887,CAMP0093,2026-04-03,Lead
CONV017606,CUST005695,CAMP0111,2023-10-26,Customer
CONV017607,CUST002912,CAMP0175,2024-04-07,SQL
CONV017608,CUST004989,CAMP0010,03/15/2023,Opportunity
CONV017609,CUST007070,CAMP0197,30-01-2026,Opportunity
CONV017610,CUST004001,CAMP0089,2025-04-08,Lead
CONV017611,CUST000658,CAMP0217,2025-10-05,MQL
CONV017612,CUST008060,CAMP0036,05/06/2023,Customer
CONV017613,CUST005975,CAMP0165,2026-07-23,Opportunity
CONV017614,CUST001663,CAMP0114,2023-05-28,Lead
CONV017615,CUST005508,CAMP0072,14-08-2024,Lead
CONV017616,CUST008083,CAMP0215,20-04-2023,Opportunity
CONV017617,CUST000189,CAMP0054,2025-03-02,SQL
CONV017618,CUST003818,CAMP0193,2023-12-27,Customer
CONV017619,CUST002535,CAMP0143,2026-06-11,Customer
CONV017620,CUST000715,CAMP0180,14-05-2024,Customer
CONV017621,CUST002651,CAMP0071,2025-01-13,Lead
CONV017622,CUST007363,CAMP0011,17-07-2023,SQL
CONV017623,CUST000505,CAMP0121,2024-06-23,MQL
CONV017624,CUST009685,CAMP0208,23 Jun 2023,Opportunity
CONV017625,CUST009505,CAMP0040,2025-12-04,Opportunity
CONV017626,CUST009193,CAMP0157,2025-05-23,
CONV017627,CUST004178,CAMP0085,10/22/2025,MQL
CONV017628,CUST006429,CAMP0181,30-12-2023,SQL
CONV017629,CUST005228,CAMP0172,,SQL
CONV017630,CUST000439,CAMP0043,04/01/2025,Opportunity
CONV017631,CUST001504,CAMP0168,04-01-2024,Customer
CONV017632,CUST007290,CAMP0021,2024-12-22,Opportunity
CONV017633,CUST008356,CAMP0158,29-01-2026,SQL
CONV017634,CUST009404,CAMP0190,2026-07-07,Lead
CONV017635,CUST005668,CAMP0089,2026-06-13,Opportunity
CONV017636,CUST009535,CAMP0139,2024-12-17,Lead
CONV017637,CUST003251,CAMP0147,2024-07-02,Opportunity
CONV017638,CUST002471,CAMP0207,01 Mar 2025,MQL
CONV017639,CUST009988,CAMP0024,2025-06-23,Customer
CONV017640,CUST002857,CAMP0079,05/08/2026,Customer
CONV017641,CUST007367,CAMP0176,05/16/2026,Lead
CONV017642,CUST000812,CAMP0117,2024-11-02,Lead
CONV017643,CUST003737,CAMP0061,2026-07-02,Opportunity
CONV017644,CUST000198,CAMP0207,2024-03-07,Customer
CONV017645,CUST009228,CAMP0087,24-02-2025,Lead
CONV017646,CUST008698,CAMP0117,2023-09-15,MQL
CONV017647,CUST005039,CAMP0153,2026-03-25,MQL
CONV017648,CUST003694,CAMP0147,2026-07-15,MQL
CONV017649,CUST009862,CAMP0005,06/29/2023,Lead
CONV017650,CUST002916,CAMP0064,24-02-2024,Lead
CONV017651,CUST000760,CAMP0096,01 Jul 2023,Opportunity
CONV017652,CUST004270,CAMP0046,2025-11-10,Lead
CONV017653,CUST001116,CAMP0090,23 Jan 2026,MQL
CONV017654,CUST006788,CAMP0156,2023-06-07,Opportunity
CONV017655,CUST006983,CAMP0203,09-04-2025,MQL
CONV017656,CUST007831,CAMP0071,2023-09-24,Customer
CONV017657,CUST006509,CAMP0093,07-09-2025,Lead
CONV017658,CUST008585,CAMP0170,08/08/2025,Lead
CONV017659,CUST002546,CAMP0102,2025-05-18,Opportunity
CONV017660,CUST005844,CAMP0192,2025-06-25,MQL
CONV017661,CUST000954,CAMP0111,10-03-2026,Lead
CONV017662,CUST006584,CAMP0027,27-09-2023,SQL
CONV017663,CUST008086,CAMP0113,2025-01-14,Lead
CONV017664,CUST009594,CAMP0144,01/19/2026,MQL
CONV017665,CUST000125,CAMP0178,2024-05-14,MQL
CONV017666,CUST005461,CAMP0213,23-03-2025,SQL
CONV017667,CUST005128,CAMP0076,2025-10-06,Opportunity
CONV017668,CUST003310,CAMP0032,18-09-2024,Customer
CONV017669,CUST005016,CAMP0085,2023-04-04,SQL
CONV017670,CUST004487,CAMP0107,25 Jan 2023,SQL
CONV017671,CUST003360,CAMP0052,07-02-2024,SQL
CONV017672,CUST006324,CAMP0199,2026-07-18,SQL
CONV017673,CUST004562,CAMP0176,2023-06-18,Opportunity
CONV017674,CUST003845,CAMP0041,01 Sep 2024,Opportunity
CONV017675,CUST006994,CAMP0040,2026-05-02,MQL
CONV017676,CUST000280,CAMP0085,2025-08-04,Opportunity
CONV017677,CUST004033,CAMP0042,08 Jan 2025,SQL
CONV017678,CUST007660,CAMP0020,09/21/2025,Lead
CONV017679,CUST001131,CAMP0136,2026-07-01,Customer
CONV017680,CUST003109,CAMP0090,2026-07-05,Lead
CONV017681,CUST003738,CAMP0070,2024-12-30,Lead
CONV017682,CUST005067,CAMP0211,2024-06-03,Lead
CONV017683,CUST003243,CAMP0215,2024-05-31,MQL
CONV017684,CUST008530,CAMP0053,2024-06-29,Customer
CONV017685,CUST008830,CAMP0068,2024-12-16,MQL
CONV017686,CUST006013,CAMP0030,2023-07-01,SQL
CONV017687,CUST000733,CAMP0159,03-05-2023,Opportunity
CONV017688,CUST004294,CAMP0050,2024-08-04,Customer
CONV017689,CUST005079,CAMP0107,2024-06-19,Customer
CONV017690,CUST006572,CAMP0045,2023-03-22,Lead
CONV017691,CUST003546,CAMP0165,01/09/2024,Opportunity
CONV017692,CUST007738,CAMP0154,21-02-2023,Lead
CONV017693,CUST003842,CAMP0214,2024-10-08,MQL
CONV017694,CUST004193,CAMP0148,2026-04-15,Opportunity
CONV017695,CUST003445,CAMP0147,07/29/2026,SQL
CONV017696,CUST009453,CAMP0165,21-09-2025,MQL
CONV017697,CUST009550,CAMP0065,2023-01-31,MQL
CONV017698,CUST007689,CAMP0054,18-05-2024,MQL
CONV017699,CUST007902,CAMP0218,08-06-2023,Customer
CONV017700,CUST004336,CAMP0168,05/02/2023,Lead
CONV017701,CUST008615,CAMP0129,03/14/2023,SQL
CONV017702,CUST002883,CAMP0165,02/09/2025,Lead
CONV017703,CUST004329,CAMP0134,27 Apr 2026,Opportunity
CONV017704,CUST008271,CAMP0045,2024-02-23,Customer
CONV017705,CUST000913,CAMP0031,22-05-2025,Opportunity
CONV017706,CUST002282,CAMP0149,22-02-2026,Opportunity
CONV017707,CUST005387,CAMP0127,04/04/2024,Customer
CONV017708,CUST008543,CAMP0207,2024-03-11,SQL
CONV017709,CUST007049,CAMP0139,2023-10-19,
CONV017710,CUST002456,CAMP0197,25-05-2026,Customer
CONV017711,CUST003508,CAMP0172,2024-04-12,Lead
CONV017712,CUST002617,CAMP0174,26-10-2023,SQL
CONV017713,CUST005880,CAMP0051,02-06-2024,SQL
CONV017714,CUST008280,CAMP0206,05/15/2024,MQL
CONV017715,CUST002632,CAMP0200,2023-05-02,Customer
CONV017716,CUST003566,CAMP0084,08-08-2023,Customer
CONV017717,CUST006095,CAMP0159,2024-09-22,SQL
CONV017718,CUST001262,CAMP0066,2025-07-30,SQL
CONV017719,CUST000810,CAMP0220,2025-07-16,SQL
CONV017720,CUST000993,CAMP0065,2025-08-26,Lead
CONV017721,CUST005216,CAMP0024,2025-06-19,Lead
CONV017722,CUST001763,CAMP0106,06-07-2025,Opportunity
CONV017723,CUST007649,CAMP0092,2023-05-04,SQL
CONV017724,CUST001188,CAMP0205,07-01-2024,SQL
CONV017725,CUST004193,CAMP0059,2025-07-10,MQL
CONV017726,CUST008498,CAMP0107,2024-06-16,SQL
CONV017727,CUST005633,CAMP0122,12-01-2026,MQL
CONV017728,CUST002885,CAMP0104,,MQL
CONV017729,CUST006047,CAMP0164,2023-01-26,MQL
CONV017730,CUST002204,CAMP0189,28-06-2024,SQL
CONV017731,CUST006712,CAMP0165,,Customer
CONV017732,CUST000591,CAMP0046,03/31/2026,SQL
CONV017733,CUST000594,CAMP0136,2026-07-24,SQL
CONV017734,CUST007348,CAMP0105,2024-11-28,Lead
CONV017735,CUST005031,CAMP0036,2025-05-27,Customer
CONV017736,CUST006329,CAMP0019,11-07-2026,Opportunity
CONV017737,CUST005968,CAMP0140,2023-02-04,Customer
CONV017738,CUST003140,CAMP0071,,
CONV017739,CUST007661,CAMP0155,2024-12-05,Lead
CONV017740,CUST002832,CAMP0191,2024-08-23,Opportunity
CONV017741,CUST005768,CAMP0096,2026-08-01,Lead
CONV017742,CUST007911,CAMP0020,2024-03-24,Opportunity
CONV017743,CUST005041,CAMP0214,2025-04-14,Lead
CONV017744,CUST002867,CAMP0076,2024-11-01,Customer
CONV017745,CUST009118,CAMP0071,2026-04-17,Lead
CONV017746,CUST000191,CAMP0206,2024-02-18,Customer
CONV017747,CUST006329,CAMP0015,2024-12-14,SQL
CONV017748,CUST009271,CAMP0105,2026-03-11,SQL
CONV017749,CUST004192,CAMP0061,14-03-2023,SQL
CONV017750,CUST002970,CAMP0155,2026-07-03,Customer
CONV017751,CUST004036,CAMP0208,2024-09-14,Customer
CONV017752,CUST008933,CAMP0103,31-07-2023,Lead
CONV017753,CUST004484,CAMP0059,18-11-2025,Customer
CONV017754,CUST003355,CAMP0097,2023-12-18,Lead
CONV017755,CUST006307,CAMP0139,,Opportunity
CONV017756,CUST004108,CAMP0117,05/09/2025,SQL
CONV017757,CUST001905,CAMP0038,19-09-2024,Customer
CONV017758,CUST008258,CAMP0064,16 Sep 2024,SQL
CONV017759,CUST001519,CAMP0004,2026-01-26,MQL
CONV017760,CUST002566,CAMP0077,2025-08-09,Opportunity
CONV017761,CUST002035,CAMP0133,07/19/2025,Opportunity
CONV017762,CUST002148,CAMP0138,23-03-2026,MQL
CONV017763,CUST008383,CAMP0135,2025-12-19,Lead
CONV017764,CUST003840,CAMP0189,02-04-2025,Customer
CONV017765,CUST002102,CAMP0053,2026-06-03,Customer
CONV017766,CUST007345,CAMP0144,,Lead
CONV017767,CUST006183,CAMP0010,2025-03-18,Customer
CONV017768,CUST006255,CAMP0023,2023-06-30,Customer
CONV017769,CUST008684,CAMP0011,2025-12-31,Customer
CONV017770,CUST003165,CAMP0133,26-08-2023,Customer
CONV017771,CUST005135,CAMP0024,27 Aug 2024,Customer
CONV017772,CUST000058,CAMP0135,04/29/2025,Customer
CONV017773,CUST009724,CAMP0035,04-06-2026,MQL
CONV017774,CUST005641,CAMP0175,2024-02-28,SQL
CONV017775,CUST005213,CAMP0043,2025-04-02,MQL
CONV017776,CUST000028,CAMP0002,2024-07-30,MQL
CONV017777,CUST009438,CAMP0144,2025-12-14,MQL
CONV017778,CUST005715,CAMP0028,2023-05-08,Opportunity
CONV017779,CUST008240,CAMP0134,2026-07-25,SQL
CONV017780,CUST006642,CAMP0132,05-11-2024,Customer
CONV017781,CUST001123,CAMP0088,2024-01-02,MQL
CONV017782,CUST008452,CAMP0067,03/04/2026,MQL
CONV017783,CUST006921,CAMP0057,14-11-2024,Opportunity
CONV017784,CUST007228,CAMP0112,2023-06-24,Lead
CONV017785,CUST003681,CAMP0138,2026-07-21,Lead
CONV017786,CUST005854,CAMP0085,26-03-2024,Customer
CONV017787,CUST000041,CAMP0089,11/25/2025,MQL
CONV017788,CUST005354,CAMP0059,2023-12-06,MQL
CONV017789,CUST007786,CAMP0070,09/09/2024,Lead
CONV017790,CUST004131,CAMP0190,2025-11-26,Lead
CONV017791,CUST001702,CAMP0128,2023-08-15,Customer
CONV017792,CUST000619,CAMP0047,01 May 2026,Opportunity
CONV017793,CUST000026,CAMP0123,2025-05-20,MQL
CONV017794,CUST000294,CAMP0099,2025-03-10,SQL
CONV017795,CUST001773,CAMP0107,09/05/2024,Customer
CONV017796,CUST001960,CAMP0217,2023-05-01,MQL
CONV017797,CUST003973,CAMP0129,14 Jan 2024,Opportunity
CONV017798,CUST007368,CAMP0067,2023-09-07,MQL
CONV017799,CUST001381,CAMP0152,2023-08-11,Customer
CONV017800,CUST006003,CAMP0148,01/22/2024,Customer
CONV017801,CUST008142,CAMP0050,2025-05-12,Customer
CONV017802,CUST005818,CAMP0178,10/20/2023,SQL
CONV017803,CUST001345,CAMP0003,12-05-2025,SQL
CONV017804,CUST009166,CAMP0117,2024-08-19,Customer
CONV017805,CUST002218,CAMP0178,2024-04-03,SQL
CONV017806,CUST001941,CAMP0107,2024-11-26,Lead
CONV017807,CUST009531,CAMP0024,10/29/2023,Customer
CONV017808,CUST004384,CAMP0020,2026-05-10,MQL
CONV017809,CUST002643,CAMP0054,2023-02-01,Lead
CONV017810,CUST005926,CAMP0054,07/11/2023,Opportunity
CONV017811,CUST009380,CAMP0115,2024-09-10,MQL
CONV017812,CUST009406,CAMP0179,2023-08-24,Opportunity
CONV017813,CUST005644,CAMP0065,03-01-2025,MQL
CONV017814,CUST007474,CAMP0005,2023-11-03,Customer
CONV017815,CUST005842,CAMP0205,27-12-2025,Opportunity
CONV017816,CUST004091,CAMP0085,2025-06-17,Lead
CONV017817,CUST004968,CAMP0070,01 Jan 2025,SQL
CONV017818,CUST006718,CAMP0170,2025-10-21,MQL
CONV017819,CUST004486,CAMP0091,2024-01-23,Lead
CONV017820,CUST003444,CAMP0033,16-08-2025,SQL
CONV017821,CUST009919,CAMP0004,02 Jul 2025,Customer
CONV017822,CUST009498,CAMP0048,01/16/2025,Customer
CONV017823,CUST009543,CAMP0149,,MQL
CONV017824,CUST002153,CAMP0094,11 Mar 2024,SQL
CONV017825,CUST003401,CAMP0033,2025-04-01,Lead
CONV017826,CUST008646,CAMP0127,2023-02-13,Opportunity
CONV017827,CUST009843,CAMP0207,2023-06-30,MQL
CONV017828,CUST009919,CAMP0129,23-05-2023,Lead
CONV017829,CUST007008,CAMP0139,26-10-2025,Lead
CONV017830,CUST002732,CAMP0030,2023-10-31,SQL
CONV017831,CUST000346,CAMP0005,2026-06-27,MQL
CONV017832,CUST001874,CAMP0131,23-07-2024,Customer
CONV017833,CUST000358,CAMP0142,2023-02-16,Customer
CONV017834,CUST000117,CAMP0009,2026-03-21,Lead
CONV017835,CUST000185,CAMP0163,2023-05-30,SQL
CONV017836,CUST005057,CAMP0157,2025-10-21,Lead
CONV017837,CUST005806,CAMP0120,17-09-2024,Customer
CONV017838,CUST004531,CAMP0089,2024-05-07,MQL
CONV017839,CUST005534,CAMP0121,09-10-2023,SQL
CONV017840,CUST008722,CAMP0066,2023-04-08,SQL
CONV017841,CUST007029,CAMP0001,05-01-2026,Lead
CONV017842,CUST009693,CAMP0198,08 Feb 2026,Customer
CONV017843,CUST005817,CAMP0187,10/15/2024,Opportunity
CONV017844,CUST008384,CAMP0005,2024-09-28,Opportunity
CONV017845,CUST002710,CAMP0138,02/20/2025,SQL
CONV017846,CUST007049,CAMP0004,2023-02-15,SQL
CONV017847,CUST001632,CAMP0043,23-05-2023,Opportunity
CONV017848,CUST002890,CAMP0213,2025-06-24,Lead
CONV017849,CUST005383,CAMP0168,2024-09-18,Lead
CONV017850,CUST002343,CAMP0157,2025-01-12,Customer
CONV017851,CUST003271,CAMP0090,2024-11-12,MQL
CONV017852,CUST009347,CAMP0156,,MQL
CONV017853,CUST003480,CAMP0027,12/23/2025,SQL
CONV017854,CUST003635,CAMP0023,2025-03-22,SQL
CONV017855,CUST006772,CAMP0087,2026-08-01,Customer
CONV017856,CUST008324,CAMP0107,05/19/2025,Opportunity
CONV017857,CUST004164,CAMP0005,06/15/2025,Customer
CONV017858,CUST005746,CAMP0175,03 Mar 2024,MQL
CONV017859,CUST003730,CAMP0101,2023-12-17,MQL
CONV017860,CUST000960,CAMP0123,2023-06-29,MQL
CONV017861,CUST000585,CAMP0119,2023-09-02,MQL
CONV017862,CUST004863,CAMP0044,13-12-2023,Lead
CONV017863,CUST008468,CAMP0125,2023-01-27,Opportunity
CONV017864,CUST001068,CAMP0189,2026-06-15,Customer
CONV017865,CUST001632,CAMP0131,2024-06-15,SQL
CONV017866,CUST001165,CAMP0086,,Customer
CONV017867,CUST008241,CAMP0157,01/11/2024,MQL
CONV017868,CUST005650,CAMP0155,2025-11-09,MQL
CONV017869,CUST002754,CAMP0192,08/29/2024,Lead
CONV017870,CUST001213,CAMP0195,10 Oct 2024,Lead
CONV017871,CUST008524,CAMP0003,2024-08-14,Customer
CONV017872,CUST008927,CAMP0036,2025-04-18,Customer
CONV017873,CUST009470,CAMP0023,2024-07-05,Customer
CONV017874,CUST009360,CAMP0187,2025-02-28,Customer
CONV017875,CUST003115,CAMP0199,06/05/2024,SQL
CONV017876,CUST003794,CAMP0060,2026-03-01,SQL
CONV017877,CUST002116,CAMP0109,2025-05-29,Customer
CONV017878,CUST005968,CAMP0099,2025-12-21,Lead
CONV017879,CUST000528,CAMP0030,28 Mar 2024,Customer
CONV017880,CUST000761,CAMP0121,2026-05-30,Opportunity
CONV017881,CUST001675,CAMP0147,2024-09-15,MQL
CONV017882,CUST008350,CAMP0061,2024-02-21,SQL
CONV017883,CUST004177,CAMP0175,2026-03-07,Opportunity
CONV017884,CUST006379,CAMP0172,2023-06-07,Opportunity
CONV017885,CUST006145,CAMP0167,2026-02-15,MQL
CONV017886,CUST002905,CAMP0171,2026-04-30,Opportunity
CONV017887,CUST005119,CAMP0050,2025-09-20,MQL
CONV017888,CUST003582,CAMP0186,,SQL
CONV017889,CUST006380,CAMP0158,12-07-2024,Lead
CONV017890,CUST001043,CAMP0144,,Opportunity
CONV017891,CUST000648,CAMP0099,2025-08-26,Customer
CONV017892,CUST005933,CAMP0077,15-11-2024,SQL
CONV017893,CUST009082,CAMP0088,2023-08-14,Opportunity
CONV017894,CUST007299,CAMP0035,05/04/2025,Lead
CONV017895,CUST003653,CAMP0051,2024-01-21,Lead
CONV017896,CUST008297,CAMP0031,06-03-2025,Opportunity
CONV017897,CUST007406,CAMP0035,2023-02-13,SQL
CONV017898,CUST004295,CAMP0015,25 Aug 2024,Lead
CONV017899,CUST004765,CAMP0168,29-01-2025,MQL
CONV017900,CUST002045,CAMP0135,09/16/2023,MQL
CONV017901,CUST006888,CAMP0026,2026-02-04,Customer
CONV017902,CUST009339,CAMP0096,25-10-2024,Lead
CONV017903,CUST000094,CAMP0193,2024-10-04,Lead
CONV017904,CUST001404,CAMP0136,23-04-2026,Lead
CONV017905,CUST003483,CAMP0123,2023-03-15,Opportunity
CONV017906,CUST009131,CAMP0194,02/10/2025,Opportunity
CONV017907,CUST000381,CAMP0072,21-07-2024,Customer
CONV017908,CUST001146,CAMP0116,08/01/2023,MQL
CONV017909,CUST003499,CAMP0033,21-06-2026,MQL
CONV017910,CUST007863,CAMP0176,08-05-2026,Opportunity
CONV017911,CUST003750,CAMP0170,2024-06-15,SQL
CONV017912,CUST004989,CAMP0040,2025-06-02,Customer
CONV017913,CUST005035,CAMP0210,2026-03-07,Lead
CONV017914,CUST005271,CAMP0161,2024-08-18,Opportunity
CONV017915,CUST002756,CAMP0163,05/08/2025,MQL
CONV017916,CUST000172,CAMP0193,2026-04-22,Lead
CONV017917,CUST006479,CAMP0171,03/30/2026,MQL
CONV017918,CUST002925,CAMP0159,2026-05-07,Opportunity
CONV017919,CUST002386,CAMP0036,18-02-2025,Opportunity
CONV017920,CUST002617,CAMP0068,2025-11-05,Opportunity
CONV017921,CUST006271,CAMP0082,,MQL
CONV017922,CUST001652,CAMP0075,2023-05-26,MQL
CONV017923,CUST009852,CAMP0109,2025-03-21,Lead
CONV017924,CUST005548,CAMP0021,20-06-2023,MQL
CONV017925,CUST000449,CAMP0129,06/13/2023,MQL
CONV017926,CUST006513,CAMP0150,26-11-2025,Customer
CONV017927,CUST003191,CAMP0187,09-11-2024,Lead
CONV017928,CUST002968,CAMP0032,07/14/2023,MQL
CONV017929,CUST000928,CAMP0111,01/12/2023,Lead
CONV017930,CUST008623,CAMP0156,2026-05-25,Opportunity
CONV017931,CUST003110,CAMP0136,05/22/2025,MQL
CONV017932,CUST009933,CAMP0091,06-08-2023,SQL
CONV017933,CUST005670,CAMP0213,2023-08-20,SQL
CONV017934,CUST004022,CAMP0177,18-05-2026,Opportunity
CONV017935,CUST008593,CAMP0174,2024-08-21,MQL
CONV017936,CUST000198,CAMP0206,08-09-2025,MQL
CONV017937,CUST008226,CAMP0013,2025-04-17,Customer
CONV017938,CUST004585,CAMP0152,2025-11-21,MQL
CONV017939,CUST004217,CAMP0153,20-10-2024,Customer
CONV017940,CUST006367,CAMP0085,14-08-2023,Customer
CONV017941,CUST005788,CAMP0160,23-09-2025,MQL
CONV017942,CUST003082,CAMP0082,07/19/2026,Customer
CONV017943,CUST001611,CAMP0030,2025-05-31,Customer
CONV017944,CUST005266,CAMP0065,2024-05-10,Lead
CONV017945,CUST003656,CAMP0136,2023-11-08,MQL
CONV017946,CUST001944,CAMP0157,2024-07-04,Customer
CONV017947,CUST008827,CAMP0127,06 Dec 2025,Customer
CONV017948,CUST001823,CAMP0149,,Customer
CONV017949,CUST000261,CAMP0193,16-05-2026,Lead
CONV017950,CUST004353,CAMP0181,2025-07-21,Opportunity
CONV017951,CUST001365,CAMP0033,2025-11-05,MQL
CONV017952,CUST008147,CAMP0115,10 May 2023,MQL
CONV017953,CUST001696,CAMP0066,2025-10-22,Customer
CONV017954,CUST005987,CAMP0164,2025-11-06,SQL
CONV017955,CUST000649,CAMP0075,2026-05-29,Lead
CONV017956,CUST009688,CAMP0129,2026-06-18,Lead
CONV017957,CUST001243,CAMP0168,21-12-2025,Customer
CONV017958,CUST008730,CAMP0171,,MQL
CONV017959,CUST008121,CAMP0043,2024-05-15,Lead
CONV017960,CUST001549,CAMP0129,2024-04-05,SQL
CONV017961,CUST008287,CAMP0115,2026-06-24,Opportunity
CONV017962,CUST000545,CAMP0011,2026-04-14,Customer
CONV017963,CUST000512,CAMP0073,2024-01-31,Lead
CONV017964,CUST006032,CAMP0031,2025-01-22,Lead
CONV017965,CUST002491,CAMP0171,13 Dec 2023,
CONV017966,CUST006381,CAMP0007,2025-10-19,Lead
CONV017967,CUST007645,CAMP0201,03 Jan 2026,Opportunity
CONV017968,CUST006997,CAMP0061,10/16/2023,Opportunity
CONV017969,CUST006944,CAMP0107,2023-05-13,Lead
CONV017970,CUST008870,CAMP0200,2024-12-29,SQL
CONV017971,CUST006869,CAMP0143,2024-04-02,SQL
CONV017972,CUST006961,CAMP0160,18-05-2026,MQL
CONV017973,CUST000396,CAMP0174,22-01-2025,Opportunity
CONV017974,CUST000533,CAMP0166,2025-08-05,Lead
CONV017975,CUST006443,CAMP0202,13-05-2024,Lead
CONV017976,CUST005763,CAMP0216,04/18/2024,MQL
CONV017977,CUST003320,CAMP0052,19-10-2023,Lead
CONV017978,CUST009474,CAMP0113,2025-12-21,Customer
CONV017979,CUST006547,CAMP0037,2026-02-05,Customer
CONV017980,CUST007208,CAMP0124,28-04-2026,SQL
CONV017981,CUST006584,CAMP0008,2024-11-15,MQL
CONV017982,CUST007712,CAMP0023,2023-12-01,MQL
CONV017983,CUST005700,CAMP0101,2025-10-30,Customer
CONV017984,CUST002253,CAMP0163,2026-04-06,SQL
CONV017985,CUST005734,CAMP0183,2023-04-29,SQL
CONV017986,CUST004422,CAMP0215,05/20/2023,Lead
CONV017987,CUST008284,CAMP0141,09-01-2026,SQL
CONV017988,CUST007848,CAMP0182,2025-07-12,Customer
CONV017989,CUST003880,CAMP0011,2026-06-07,Opportunity
CONV017990,CUST006938,CAMP0046,2024-12-12,MQL
CONV017991,CUST008894,CAMP0220,07 Aug 2023,Opportunity
CONV017992,CUST002390,CAMP0184,02/07/2023,Customer
CONV017993,CUST009621,CAMP0039,2024-10-16,Lead
CONV017994,CUST008286,CAMP0101,03/21/2026,Opportunity
CONV017995,CUST009280,CAMP0168,14-01-2026,MQL
CONV017996,CUST005513,CAMP0204,2023-04-05,Customer
CONV017997,CUST007368,CAMP0136,2026-07-10,Opportunity
CONV017998,CUST007970,CAMP0218,2025-10-08,Customer
CONV017999,CUST006638,CAMP0033,18-11-2023,Customer
CONV018000,CUST005827,CAMP0010,2026-04-04,Opportunity
CONV018001,CUST004523,CAMP0045,02/18/2025,SQL
CONV018002,CUST008392,CAMP0196,2024-10-21,MQL
CONV018003,CUST005134,CAMP0217,2025-03-27,MQL
CONV018004,CUST003463,CAMP0035,17-09-2025,Customer
CONV018005,CUST003661,CAMP0079,2024-10-21,SQL
CONV018006,CUST007501,CAMP0008,2023-02-02,MQL
CONV018007,CUST006435,CAMP0204,01-10-2024,Customer
CONV018008,CUST001434,CAMP0172,2023-09-09,Customer
CONV018009,CUST001127,CAMP0025,24 Sep 2024,Opportunity
CONV018010,CUST006655,CAMP0117,2023-03-06,MQL
CONV018011,CUST002825,CAMP0199,06-01-2026,Opportunity
CONV018012,CUST004066,CAMP0188,2026-05-16,SQL
CONV018013,CUST003778,CAMP0176,2025-01-26,MQL
CONV018014,CUST007916,CAMP0194,2024-11-05,Opportunity
CONV018015,CUST006725,CAMP0027,14 Mar 2026,Customer
CONV018016,CUST004056,CAMP0118,08/28/2025,Opportunity
CONV018017,CUST007849,CAMP0018,07/31/2026,Customer
CONV018018,CUST003452,CAMP0002,08-10-2024,Lead
CONV018019,CUST005987,CAMP0127,2025-10-09,Opportunity
CONV018020,CUST003649,CAMP0076,06/07/2025,Opportunity
CONV018021,CUST005160,CAMP0170,2025-04-13,Lead
CONV018022,CUST009608,CAMP0022,2024-03-30,Lead
CONV018023,CUST000402,CAMP0066,2025-03-02,
CONV018024,CUST007872,CAMP0009,05 Feb 2023,Customer
CONV018025,CUST009644,CAMP0174,2023-12-27,Customer
CONV018026,CUST004084,CAMP0059,2024-02-26,Customer
CONV018027,CUST009160,CAMP0029,2026-04-16,SQL
CONV018028,CUST005350,CAMP0201,01/24/2023,Opportunity
CONV018029,CUST002861,CAMP0217,2026-06-13,Customer
CONV018030,CUST009105,CAMP0126,2025-06-15,MQL
CONV018031,CUST004879,CAMP0220,2023-03-30,Customer
CONV018032,CUST000903,CAMP0147,2024-07-03,Lead
CONV018033,CUST000102,CAMP0172,2025-08-28,MQL
CONV018034,CUST002906,CAMP0183,2023-12-13,Customer
CONV018035,CUST005413,CAMP0183,14-07-2025,SQL
CONV018036,CUST001455,CAMP0091,14-02-2026,Customer
CONV018037,CUST005544,CAMP0120,15-09-2024,MQL
CONV018038,CUST003118,CAMP0008,01/29/2026,Opportunity
CONV018039,CUST008995,CAMP0076,2023-09-21,Opportunity
CONV018040,CUST003403,CAMP0182,07/06/2026,Lead
CONV018041,CUST009101,CAMP0132,2024-03-09,SQL
CONV018042,CUST005045,CAMP0096,09/03/2024,Lead
CONV018043,CUST001007,CAMP0108,09-10-2023,Opportunity
CONV018044,CUST000381,CAMP0075,17-05-2023,Opportunity
CONV018045,CUST003448,CAMP0139,2024-03-06,Lead
CONV018046,CUST003163,CAMP0001,,Opportunity
CONV018047,CUST006835,CAMP0095,2025-01-21,Opportunity
CONV018048,CUST001636,CAMP0135,12/21/2024,SQL
CONV018049,CUST000325,CAMP0177,2026-02-05,Opportunity
CONV018050,CUST002358,CAMP0188,2025-04-09,SQL
CONV018051,CUST008894,CAMP0029,2025-03-09,Lead
CONV018052,CUST006996,CAMP0106,,MQL
CONV018053,CUST002708,CAMP0037,20-03-2023,Opportunity
CONV018054,CUST008061,CAMP0046,17-01-2024,Customer
CONV018055,CUST001122,CAMP0139,20-06-2023,
CONV018056,CUST006439,CAMP0199,2026-04-09,Customer
CONV018057,CUST008942,CAMP0138,02/25/2024,Opportunity
CONV018058,CUST001268,CAMP0019,,Customer
CONV018059,CUST000481,CAMP0018,2025-07-09,SQL
CONV018060,CUST000118,CAMP0109,2024-07-02,Lead
CONV018061,CUST001533,CAMP0124,04/24/2026,Customer
CONV018062,CUST008070,CAMP0136,28-08-2024,MQL
CONV018063,CUST009605,CAMP0169,06/03/2023,MQL
CONV018064,CUST007596,CAMP0199,2023-10-10,SQL
CONV018065,CUST003268,CAMP0188,,MQL
CONV018066,CUST007560,CAMP0073,2025-01-19,Customer
CONV018067,CUST006235,CAMP0083,09/20/2025,MQL
CONV018068,CUST002649,CAMP0202,,Opportunity
CONV018069,CUST004823,CAMP0172,2024-03-07,Opportunity
CONV018070,CUST008301,CAMP0009,2024-01-21,SQL
CONV018071,CUST004581,CAMP0032,,Customer
CONV018072,CUST006782,CAMP0154,24 Jul 2023,Opportunity
CONV018073,CUST002899,CAMP0111,28 Oct 2023,Customer
CONV018074,CUST008255,CAMP0092,09 Sep 2023,SQL
CONV018075,CUST001920,CAMP0036,04-11-2023,SQL
CONV018076,CUST006791,CAMP0163,2023-07-07,MQL
CONV018077,CUST005653,CAMP0005,2025-11-13,Lead
CONV018078,CUST009637,CAMP0152,,Lead
CONV018079,CUST005661,CAMP0199,24-10-2024,Opportunity
CONV018080,CUST009310,CAMP0054,2023-09-08,Lead
CONV018081,CUST006048,CAMP0206,14-12-2023,Lead
CONV018082,CUST005135,CAMP0145,28-08-2025,SQL
CONV018083,CUST009848,CAMP0036,2023-09-02,SQL
CONV018084,CUST008618,CAMP0190,,SQL
CONV018085,CUST004104,CAMP0034,02-03-2026,Opportunity
CONV018086,CUST004957,CAMP0034,,Customer
CONV018087,CUST002690,CAMP0194,03/15/2025,Opportunity
CONV018088,CUST009657,CAMP0034,2026-02-04,Lead
CONV018089,CUST007116,CAMP0135,10-11-2024,Customer
CONV018090,CUST000420,CAMP0088,2026-02-14,Customer
CONV018091,CUST006376,CAMP0080,2023-03-11,Lead
CONV018092,CUST005872,CAMP0004,2025-08-31,Lead
CONV018093,CUST008317,CAMP0092,2026-07-26,Customer
CONV018094,CUST006176,CAMP0044,04-01-2026,MQL
CONV018095,CUST004326,CAMP0159,05/03/2024,Opportunity
CONV018096,CUST008564,CAMP0141,2024-12-26,Lead
CONV018097,CUST002748,CAMP0183,2025-01-08,MQL
CONV018098,CUST004079,CAMP0214,2023-09-26,MQL
CONV018099,CUST006386,CAMP0090,11/27/2024,SQL
CONV018100,CUST007523,CAMP0119,2024-12-22,Lead
CONV018101,CUST002074,CAMP0105,2025-12-14,SQL
CONV018102,CUST008714,CAMP0001,2023-01-01,SQL
CONV018103,CUST007289,CAMP0148,2024-07-03,SQL
CONV018104,CUST003522,CAMP0095,26 Apr 2024,Opportunity
CONV018105,CUST005185,CAMP0179,2023-09-08,Opportunity
CONV018106,CUST002199,CAMP0073,04/16/2024,Customer
CONV018107,CUST005372,CAMP0138,05/09/2024,SQL
CONV018108,CUST005533,CAMP0101,27-07-2025,Lead
CONV018109,CUST003205,CAMP0101,06-11-2025,Customer
CONV018110,CUST006251,CAMP0039,2025-01-28,Lead
CONV018111,CUST003262,CAMP0019,30-04-2024,Lead
CONV018112,CUST004786,CAMP0217,11/03/2024,SQL
CONV018113,CUST007068,CAMP0024,2024-10-04,MQL
CONV018114,CUST007728,CAMP0168,2023-09-21,Lead
CONV018115,CUST005550,CAMP0077,2026-06-11,SQL
CONV018116,CUST007466,CAMP0212,2026-03-29,Opportunity
CONV018117,CUST008709,CAMP0178,08/20/2023,Customer
CONV018118,CUST008341,CAMP0096,2025-05-06,SQL
CONV018119,CUST002566,CAMP0017,2026-01-23,Opportunity
CONV018120,CUST001542,CAMP0196,2024-08-22,SQL
CONV018121,CUST007281,CAMP0201,05-01-2023,SQL
CONV018122,CUST005741,CAMP0057,2024-01-04,Opportunity
CONV018123,CUST002647,CAMP0064,09-01-2026,SQL
CONV018124,CUST007305,CAMP0203,2026-06-22,Lead
CONV018125,CUST001213,CAMP0140,2026-03-20,MQL
CONV018126,CUST006846,CAMP0087,07/16/2025,Lead
CONV018127,CUST004226,CAMP0043,05/28/2024,Lead
CONV018128,CUST001168,CAMP0057,2025-09-09,MQL
CONV018129,CUST900057,CAMP0012,2025-10-23,SQL
CONV018130,CUST002610,CAMP0107,2025-04-24,MQL
CONV018131,CUST002884,CAMP0042,10/08/2025,Opportunity
CONV018132,CUST003605,CAMP0215,2023-10-26,MQL
CONV018133,CUST000520,CAMP0118,2023-12-14,Opportunity
CONV018134,CUST008030,CAMP0027,11-06-2024,SQL
CONV018135,CUST009561,CAMP0037,2024-09-11,MQL
CONV018136,CUST005099,CAMP0029,03/04/2025,SQL
CONV018137,CUST003591,CAMP0021,01/05/2026,SQL
CONV018138,CUST002563,CAMP0106,28 Jan 2026,MQL
CONV018139,CUST004340,CAMP0049,2024-07-22,SQL
CONV018140,CUST006290,CAMP0008,18-06-2026,
CONV018141,CUST007365,CAMP0122,2024-04-09,
CONV018142,CUST008806,CAMP0064,2024-12-24,Lead
CONV018143,CUST009922,CAMP0138,2025-06-03,Customer
CONV018144,CUST005577,CAMP0100,2023-11-21,SQL
CONV018145,CUST005061,CAMP0092,,Opportunity
CONV018146,CUST009591,CAMP0218,2024-08-10,Lead
CONV018147,CUST004974,CAMP0173,05/15/2025,Lead
CONV018148,CUST000995,CAMP0114,16 Oct 2024,Customer
CONV018149,CUST004343,CAMP0169,2025-10-08,Opportunity
CONV018150,CUST007585,CAMP0163,2026-07-29,Lead
CONV018151,CUST008032,CAMP0182,13-11-2025,Customer
CONV018152,CUST004666,CAMP0121,2023-01-04,Lead
CONV018153,CUST008702,CAMP0012,2026-04-26,MQL
CONV018154,CUST004659,CAMP0140,2023-11-25,MQL
CONV018155,CUST009893,CAMP0060,2023-05-31,Lead
CONV018156,CUST003924,CAMP0032,2025-07-20,SQL
CONV018157,CUST006298,CAMP0218,2023-05-30,MQL
CONV018158,CUST002411,CAMP0217,25-01-2023,Lead
CONV018159,CUST004056,CAMP0039,05/19/2024,SQL
CONV018160,CUST004399,CAMP0053,,Lead
CONV018161,CUST007137,CAMP0153,03-04-2026,Opportunity
CONV018162,CUST000677,CAMP0208,,SQL
CONV018163,CUST009253,CAMP0180,2023-06-03,Opportunity
CONV018164,CUST004958,CAMP0209,2025-07-15,MQL
CONV018165,CUST002961,CAMP0005,14-01-2025,Opportunity
CONV018166,CUST001542,CAMP0003,2025-08-19,SQL
CONV018167,CUST001595,CAMP0033,12/04/2025,Lead
CONV018168,CUST008795,CAMP0054,2026-02-14,MQL
CONV018169,CUST009717,CAMP0102,2026-03-04,MQL
CONV018170,CUST008386,CAMP0133,2023-04-25,Customer
CONV018171,CUST005716,CAMP0160,07/26/2024,Customer
CONV018172,CUST007639,CAMP0192,01/30/2025,SQL
CONV018173,CUST003530,CAMP0056,19-03-2023,Opportunity
CONV018174,CUST001543,CAMP0061,29-08-2023,MQL
CONV018175,CUST001637,CAMP0175,01-01-2025,Opportunity
CONV018176,CUST002661,CAMP0063,28-12-2024,Lead
CONV018177,CUST007053,CAMP0013,27-04-2025,Opportunity
CONV018178,CUST009287,CAMP0179,12-05-2024,Opportunity
CONV018179,CUST005799,CAMP0209,2024-03-08,MQL
CONV018180,CUST006242,CAMP0027,2023-10-05,SQL
CONV018181,CUST001810,CAMP0114,2025-08-24,Customer
CONV018182,CUST009895,CAMP0021,2023-12-05,SQL
CONV018183,CUST009198,CAMP0078,2026-07-23,Lead
CONV018184,CUST005780,CAMP0104,06-02-2025,Customer
CONV018185,CUST007649,CAMP0120,2025-05-27,MQL
CONV018186,CUST001470,CAMP0059,,MQL
CONV018187,CUST004475,CAMP0069,2025-12-30,SQL
CONV018188,CUST000903,CAMP0021,,MQL
CONV018189,CUST007287,CAMP0061,2024-10-30,SQL
CONV018190,CUST000256,CAMP0156,20-08-2023,Opportunity
CONV018191,CUST009076,CAMP0054,2024-10-23,Opportunity
CONV018192,CUST003110,CAMP0110,19 Mar 2023,SQL
CONV018193,CUST001497,CAMP0009,2024-07-20,Opportunity
CONV018194,CUST000266,CAMP0114,2024-03-29,MQL
CONV018195,CUST007817,CAMP0193,2026-02-02,SQL
CONV018196,CUST005734,CAMP0119,02/01/2023,Lead
CONV018197,CUST008767,CAMP0209,2024-05-10,Opportunity
CONV018198,CUST004857,CAMP0109,2024-08-31,SQL
CONV018199,CUST005733,CAMP0038,21 Nov 2025,Opportunity
CONV018200,CUST006151,CAMP0192,09/04/2024,Lead
CONV018201,CUST008270,CAMP0217,2024-03-30,Customer
CONV018202,CUST003038,CAMP0038,2026-07-29,Opportunity
CONV018203,CUST005632,CAMP0208,2026-05-05,Opportunity
CONV018204,CUST003706,CAMP0094,2025-05-17,Customer
CONV018205,CUST004516,CAMP0211,17 Dec 2025,Opportunity
CONV018206,CUST000694,CAMP0074,,Lead
CONV018207,CUST005097,CAMP0033,2024-01-24,SQL
CONV018208,CUST007107,CAMP0217,2023-01-09,SQL
CONV018209,CUST000604,CAMP0119,2023-02-12,Opportunity
CONV018210,CUST004394,CAMP0031,2025-04-15,Lead
CONV018211,CUST001487,CAMP0065,2023-07-09,Opportunity
CONV018212,CUST002604,CAMP0175,2025-07-01,Opportunity
CONV018213,CUST009072,CAMP0110,2023-07-07,Opportunity
CONV018214,CUST005187,CAMP0043,2025-03-06,Customer
CONV018215,CUST009927,CAMP0042,01/03/2025,Opportunity
CONV018216,CUST002288,CAMP0100,2023-05-12,SQL
CONV018217,CUST002203,CAMP0015,2025-03-25,SQL
CONV018218,CUST007294,CAMP0088,2024-02-01,Opportunity
CONV018219,CUST001085,CAMP0072,2025-11-04,Opportunity
CONV018220,CUST001720,CAMP0024,14 Jun 2025,Lead
CONV018221,CUST004465,CAMP0083,2023-05-30,Opportunity
CONV018222,CUST007412,CAMP0131,2024-02-23,Customer
CONV018223,CUST000411,CAMP0211,24 Mar 2025,SQL
CONV018224,CUST003731,CAMP0060,2024-09-21,
CONV018225,CUST000452,CAMP0099,23-10-2025,Opportunity
CONV018226,CUST000651,CAMP0162,07/16/2026,Lead
CONV018227,CUST006969,CAMP0123,2026-03-15,Customer
CONV018228,CUST008680,CAMP0165,10-09-2025,Opportunity
CONV018229,CUST002226,CAMP0217,,SQL
CONV018230,CUST003613,CAMP0117,06/25/2026,SQL
CONV018231,CUST007180,CAMP0165,07/11/2026,SQL
CONV018232,CUST003778,CAMP0172,07/14/2023,Opportunity
CONV018233,CUST004595,CAMP0165,2024-11-20,Opportunity
CONV018234,CUST001195,CAMP0199,24 Sep 2024,Opportunity
CONV018235,CUST007343,CAMP0157,2024-08-28,Customer
CONV018236,CUST007084,CAMP0070,19-12-2025,Customer
CONV018237,CUST005453,CAMP0110,11/14/2024,Customer
CONV018238,CUST006349,CAMP0218,2025-04-10,Lead
CONV018239,CUST003143,CAMP0159,2024-06-29,Customer
CONV018240,CUST002269,CAMP0064,11/14/2024,Lead
CONV018241,CUST002887,CAMP0021,2025-12-27,Opportunity
CONV018242,CUST000608,CAMP0015,21-11-2025,Lead
CONV018243,CUST002749,CAMP0204,2026-05-19,Opportunity
CONV018244,CUST004365,CAMP0117,22-08-2023,Opportunity
CONV018245,CUST001413,CAMP0076,10/20/2025,Lead
CONV018246,CUST001105,CAMP0010,2023-08-11,Opportunity
CONV018247,CUST004738,CAMP0157,14 Jul 2026,Customer
CONV018248,CUST005378,CAMP0147,05 Jun 2024,SQL
CONV018249,CUST000411,CAMP0176,21-09-2024,MQL
CONV018250,CUST005819,CAMP0079,2023-08-18,Opportunity
CONV018251,CUST003132,CAMP0144,13-07-2026,Opportunity
CONV018252,CUST004609,CAMP0022,,Lead
CONV018253,CUST008399,CAMP0093,18-04-2026,Customer
CONV018254,CUST007826,CAMP0128,15-12-2023,Customer
CONV018255,CUST006400,CAMP0045,01-03-2025,Opportunity
CONV018256,CUST008762,CAMP0174,2023-09-22,MQL
CONV018257,CUST007364,CAMP0169,24-05-2023,Lead
CONV018258,CUST004652,CAMP0022,10/25/2025,Customer
CONV018259,CUST006046,CAMP0083,2023-12-11,MQL
CONV018260,CUST006959,CAMP0130,2024-04-20,MQL
CONV018261,CUST003475,CAMP0177,2025-02-13,Opportunity
CONV018262,CUST000205,CAMP0039,2023-05-03,Lead
CONV018263,CUST001783,CAMP0072,2023-06-15,Customer
CONV018264,CUST000278,CAMP0188,2025-11-09,SQL
CONV018265,CUST007548,CAMP0072,2023-05-20,Customer
CONV018266,CUST001333,CAMP0100,20-10-2024,Customer
CONV018267,CUST007691,CAMP0070,2023-01-20,SQL
CONV018268,CUST004039,CAMP0188,2026-04-04,SQL
CONV018269,CUST009822,CAMP0188,30-03-2025,MQL
CONV018270,CUST004861,CAMP0073,11-07-2024,Opportunity
CONV018271,CUST003001,CAMP0189,11-02-2024,MQL
CONV018272,CUST007565,CAMP0006,25 Sep 2025,MQL
CONV018273,CUST005011,CAMP0135,2025-12-23,Opportunity
CONV018274,CUST007795,CAMP0117,11/16/2024,Customer
CONV018275,CUST008341,CAMP0001,05/15/2026,Opportunity
CONV018276,CUST001242,CAMP0075,2023-05-14,Opportunity
CONV018277,CUST009169,CAMP0204,01/18/2025,MQL
CONV018278,CUST005305,CAMP0063,06/28/2025,Customer
CONV018279,CUST001198,CAMP0086,27-11-2024,Opportunity
CONV018280,CUST004740,CAMP0064,25 Aug 2023,Lead
CONV018281,CUST002459,CAMP0146,,SQL
CONV018282,CUST006637,CAMP0058,06 Nov 2024,Lead
CONV018283,CUST000350,CAMP0084,2023-05-07,Customer
CONV018284,CUST003066,CAMP0134,07/10/2024,MQL
CONV018285,CUST007270,CAMP0029,27-02-2026,Customer
CONV018286,CUST004488,CAMP0179,10/23/2025,
CONV018287,CUST008240,CAMP0198,16-12-2025,MQL
CONV018288,CUST001561,CAMP0115,03/05/2023,SQL
CONV018289,CUST006147,CAMP0024,2025-10-29,Customer
CONV018290,CUST001208,CAMP0196,2025-01-10,MQL
CONV018291,CUST002453,CAMP0039,2023-06-01,Lead
CONV018292,CUST001932,CAMP0055,2024-01-25,Opportunity
CONV018293,CUST000382,CAMP0212,03/18/2026,SQL
CONV018294,CUST008621,CAMP0092,10/13/2025,SQL
CONV018295,CUST001516,CAMP0111,2026-03-27,MQL
CONV018296,CUST000196,CAMP0179,07-04-2023,Customer
CONV018297,CUST007323,CAMP0038,2024-09-18,SQL
CONV018298,CUST006058,CAMP0195,09/05/2024,Lead
CONV018299,CUST004825,CAMP0214,12-04-2023,MQL
CONV018300,CUST007579,CAMP0095,2025-12-19,Customer
CONV018301,CUST001820,CAMP0004,,SQL
CONV018302,CUST006133,CAMP0134,2024-12-18,MQL
CONV018303,CUST003417,CAMP0132,25-07-2023,Lead
CONV018304,CUST008854,CAMP0205,2025-02-21,Customer
CONV018305,CUST006415,CAMP0135,2025-01-29,Customer
CONV018306,CUST006270,CAMP0103,19 Apr 2026,Customer
CONV018307,CUST005398,CAMP0117,03/21/2023,MQL
CONV018308,CUST008612,CAMP0154,02/16/2026,SQL
CONV018309,CUST004483,CAMP0138,2026-04-19,SQL
CONV018310,CUST007939,CAMP0012,05-01-2024,SQL
CONV018311,CUST007289,CAMP0035,,MQL
CONV018312,CUST006097,CAMP0158,29 Dec 2024,
CONV018313,CUST000967,CAMP0100,19 Jul 2023,Lead
CONV018314,CUST008873,CAMP0128,07/06/2023,Lead
CONV018315,CUST002310,CAMP0220,12-04-2026,SQL
CONV018316,CUST001705,CAMP0071,12 Aug 2024,MQL
CONV018317,CUST002424,CAMP0101,2026-05-18,Opportunity
CONV018318,CUST005705,CAMP0152,2024-05-23,Lead
CONV018319,CUST003930,CAMP0101,2025-01-12,Lead
CONV018320,CUST003046,CAMP0150,,SQL
CONV018321,CUST007994,CAMP0034,2023-08-01,Lead
CONV018322,CUST004827,CAMP0015,08/16/2024,Opportunity
CONV018323,CUST007294,CAMP0010,06/13/2026,SQL
CONV018324,CUST002758,CAMP0074,21 Feb 2025,Customer
CONV018325,CUST002928,CAMP0035,2024-02-13,Lead
CONV018326,CUST001751,CAMP0168,2026-02-25,Lead
CONV018327,CUST003182,CAMP0158,2025-11-01,SQL
CONV018328,CUST005601,CAMP0038,2025-01-30,SQL
CONV018329,CUST006167,CAMP0035,2023-07-17,SQL
CONV018330,CUST008334,CAMP0012,2024-02-07,SQL
CONV018331,CUST008933,CAMP0106,06/08/2025,SQL
CONV018332,CUST002403,CAMP0136,05/21/2026,MQL
CONV018333,CUST003984,CAMP0146,2024-02-04,MQL
CONV018334,CUST008007,CAMP0166,10/30/2024,Opportunity
CONV018335,CUST004081,CAMP0191,2025-10-06,Lead
CONV018336,CUST001238,CAMP0150,07/18/2025,MQL
CONV018337,CUST002649,CAMP0062,2023-01-23,
CONV018338,CUST000986,CAMP0138,2023-08-17,Customer
CONV018339,CUST006575,CAMP0038,2025-10-22,SQL
CONV018340,CUST003392,CAMP0125,13 Mar 2025,MQL
CONV018341,CUST001740,CAMP0028,2024-04-27,SQL
CONV018342,CUST000657,CAMP0027,2023-01-11,Lead
CONV018343,CUST003807,CAMP0077,2024-01-30,Opportunity
CONV018344,CUST006819,CAMP0207,2025-12-10,MQL
CONV018345,CUST006678,CAMP0192,18-11-2025,SQL
CONV018346,CUST000110,CAMP0083,04/27/2024,SQL
CONV018347,CUST003167,CAMP0075,2024-10-19,Customer
CONV018348,CUST005859,CAMP0112,2024-07-07,MQL
CONV018349,CUST000313,CAMP0121,2024-08-25,MQL
CONV018350,CUST003309,CAMP0029,2025-06-12,Lead
CONV018351,CUST009213,CAMP0171,2025-05-09,MQL
CONV018352,CUST002890,CAMP0061,09-12-2023,Customer
CONV018353,CUST005836,CAMP0040,2023-07-02,Customer
CONV018354,CUST000246,CAMP0055,2024-06-09,Customer
CONV018355,CUST006907,CAMP0028,2024-10-31,Customer
CONV018356,CUST009809,CAMP0150,04/08/2023,Opportunity
CONV018357,CUST008989,CAMP0044,2026-01-08,MQL
CONV018358,CUST005366,CAMP0128,03/14/2023,Customer
CONV018359,CUST000449,CAMP0072,2025-02-27,Opportunity
CONV018360,CUST008484,CAMP0010,2024-01-04,MQL
CONV018361,CUST002310,CAMP0217,04/07/2025,Customer
CONV018362,CUST009251,CAMP0205,28-08-2023,MQL
CONV018363,CUST000409,CAMP0137,,Customer
CONV018364,CUST004290,CAMP0029,30-12-2025,Opportunity
CONV018365,CUST008506,CAMP0060,01/12/2026,Customer
CONV018366,CUST005209,CAMP0074,2024-10-01,Lead
CONV018367,CUST007879,CAMP0025,2023-11-24,Opportunity
CONV018368,CUST009421,CAMP0122,2023-07-20,SQL
CONV018369,CUST008577,CAMP0087,24 Jan 2024,Opportunity
CONV018370,CUST003217,CAMP0072,04/09/2025,Lead
CONV018371,CUST005514,CAMP0061,11-04-2026,SQL
CONV018372,CUST008503,CAMP0080,2025-05-30,Opportunity
CONV018373,CUST003096,CAMP0095,2026-05-23,Opportunity
CONV018374,CUST002459,CAMP0062,2024-10-10,SQL
CONV018375,CUST001873,CAMP0148,2023-01-19,Opportunity
CONV018376,CUST004894,CAMP0179,01/04/2023,Opportunity
CONV018377,CUST006582,CAMP0182,2024-04-21,Lead
CONV018378,CUST007645,CAMP0011,2024-04-02,Opportunity
CONV018379,CUST009300,CAMP0024,01/13/2025,Lead
CONV018380,CUST006942,CAMP0039,12-05-2023,Lead
CONV018381,CUST008941,CAMP0100,21-07-2023,Lead
CONV018382,CUST000948,CAMP0025,04/04/2024,SQL
CONV018383,CUST003919,CAMP0122,31-01-2025,SQL
CONV018384,CUST002099,CAMP0010,2026-07-25,Opportunity
CONV018385,CUST005299,CAMP0148,2024-10-12,Opportunity
CONV018386,CUST009923,CAMP0171,2023-01-16,MQL
CONV018387,CUST008727,CAMP0111,09-12-2024,Opportunity
CONV018388,CUST004339,CAMP0045,2024-10-07,Lead
CONV018389,CUST002453,CAMP0027,22 Feb 2026,Customer
CONV018390,CUST005848,CAMP0060,2025-02-11,Customer
CONV018391,CUST001108,CAMP0141,2025-03-18,Opportunity
CONV018392,CUST006410,CAMP0168,11-07-2026,Opportunity
CONV018393,CUST000794,CAMP0152,01-10-2024,MQL
CONV018394,CUST008085,CAMP0146,2024-04-22,SQL
CONV018395,CUST005141,CAMP0048,06 Oct 2023,Lead
CONV018396,CUST008055,CAMP0063,2024-07-22,Opportunity
CONV018397,CUST009322,CAMP0032,2026-05-28,MQL
CONV018398,CUST003205,CAMP0008,2023-05-16,Customer
CONV018399,CUST005362,CAMP0095,22-11-2023,MQL
CONV018400,CUST009269,CAMP0080,2023-02-22,Opportunity
CONV018401,CUST008861,CAMP0082,2023-06-03,Lead
CONV018402,CUST004518,CAMP0027,2023-06-11,MQL
CONV018403,CUST005882,CAMP0181,2025-07-26,Lead
CONV018404,CUST009033,CAMP0092,2026-04-11,Customer
CONV018405,CUST004894,CAMP0019,2025-03-11,Customer
CONV018406,CUST000959,CAMP0118,06/14/2025,Customer
CONV018407,CUST009293,CAMP0179,,
CONV018408,CUST001196,CAMP0128,27-10-2023,Lead
CONV018409,CUST003024,CAMP0201,2023-10-15,SQL
CONV018410,CUST008356,CAMP0109,02-06-2026,Customer
CONV018411,CUST008901,CAMP0040,2026-06-21,Opportunity
CONV018412,CUST005126,CAMP0117,27-03-2025,SQL
CONV018413,CUST000923,CAMP0171,21 Feb 2026,Lead
CONV018414,CUST008087,CAMP0166,2024-09-21,Lead
CONV018415,CUST003453,CAMP0195,29-07-2026,
CONV018416,CUST006278,CAMP0061,2023-04-25,Lead
CONV018417,CUST005977,CAMP0061,2024-07-25,MQL
CONV018418,CUST003426,CAMP0188,30-03-2024,Lead
CONV018419,CUST007262,CAMP0131,06/29/2023,Lead
CONV018420,CUST000064,CAMP0098,2023-10-20,Opportunity
CONV018421,CUST006005,CAMP0141,07-04-2023,SQL
CONV018422,CUST005303,CAMP0126,2023-12-09,MQL
CONV018423,CUST000318,CAMP0048,04/11/2025,SQL
CONV018424,CUST004495,CAMP0188,2026-03-16,MQL
CONV018425,CUST008549,CAMP0175,02/25/2023,Lead
CONV018426,CUST001566,CAMP0105,08/06/2024,Lead
CONV018427,CUST006156,CAMP0093,28-07-2026,SQL
CONV018428,CUST003861,CAMP0216,2025-09-01,MQL
CONV018429,CUST009023,CAMP0176,08/11/2025,Lead
CONV018430,CUST001488,CAMP0087,26 Mar 2025,Opportunity
CONV018431,CUST006361,CAMP0111,2023-12-29,MQL
CONV018432,CUST007738,CAMP0027,01-07-2023,Lead
CONV018433,CUST005642,CAMP0078,2026-04-26,Customer
CONV018434,CUST008625,CAMP0151,08/30/2024,MQL
CONV018435,CUST003672,CAMP0097,19-09-2025,Opportunity
CONV018436,CUST007325,CAMP0166,31 Oct 2025,Customer
CONV018437,CUST005407,CAMP0038,2024-06-20,Lead
CONV018438,CUST001433,CAMP0158,2023-08-26,Lead
CONV018439,CUST009665,CAMP0048,07/27/2025,SQL
CONV018440,CUST005726,CAMP0130,10-01-2023,SQL
CONV018441,CUST000424,CAMP0181,2023-10-18,Opportunity
CONV018442,CUST005695,CAMP0160,20-03-2025,Customer
CONV018443,CUST004503,CAMP0118,08-04-2023,Lead
CONV018444,CUST003893,CAMP0004,07-01-2023,MQL
CONV018445,CUST009701,CAMP0043,2023-12-08,MQL
CONV018446,CUST008172,CAMP0099,2024-10-28,Customer
CONV018447,CUST005265,CAMP0079,02/14/2024,Customer
CONV018448,CUST008065,CAMP0003,03/13/2024,Customer
CONV018449,CUST009602,CAMP0115,01/20/2024,Opportunity
CONV018450,CUST000519,CAMP0087,,Lead
CONV018451,CUST007862,CAMP0162,05-05-2025,SQL
CONV018452,CUST005376,CAMP0136,2023-11-10,Opportunity
CONV018453,CUST005297,CAMP0047,2025-09-09,Customer
CONV018454,CUST004686,CAMP0101,,SQL
CONV018455,CUST008665,CAMP0159,2026-01-11,Lead
CONV018456,CUST003594,CAMP0113,31-07-2026,MQL
CONV018457,CUST009023,CAMP0201,21-12-2025,SQL
CONV018458,CUST005254,CAMP0146,2025-06-22,Lead
CONV018459,CUST002731,CAMP0153,29-08-2025,Lead
CONV018460,CUST009733,CAMP0030,22 Feb 2026,MQL
CONV018461,CUST000265,CAMP0109,2026-01-31,Opportunity
CONV018462,CUST001089,CAMP0010,15-08-2025,Opportunity
CONV018463,CUST003106,CAMP0166,26-05-2024,SQL
CONV018464,CUST002628,CAMP0204,15-10-2023,MQL
CONV018465,CUST006075,CAMP0170,,SQL
CONV018466,CUST006669,CAMP0062,10-01-2023,Opportunity
CONV018467,CUST006827,CAMP0051,2025-02-14,Lead
CONV018468,CUST003827,CAMP0095,2025-06-26,MQL
CONV018469,CUST008733,CAMP0187,2026-06-12,MQL
CONV018470,CUST004565,CAMP0030,08/29/2025,SQL
CONV018471,CUST003398,CAMP0062,2024-03-27,Customer
CONV018472,CUST004078,CAMP0016,,SQL
CONV018473,CUST006702,CAMP0120,2026-01-02,Opportunity
CONV018474,CUST008864,CAMP0149,2025-08-06,Customer
CONV018475,CUST000046,CAMP0057,05/27/2025,MQL
CONV018476,CUST007069,CAMP0014,05/15/2026,Customer
CONV018477,CUST008319,CAMP0018,16-06-2024,Opportunity
CONV018478,CUST007184,CAMP0005,01-06-2023,MQL
CONV018479,CUST007062,CAMP0054,10/28/2025,Lead
CONV018480,CUST005405,CAMP0188,30-12-2023,Opportunity
CONV018481,CUST007940,CAMP0055,23 Jun 2023,MQL
CONV018482,CUST002496,CAMP0074,2025-02-26,MQL
CONV018483,CUST001360,CAMP0090,31-05-2023,MQL
CONV018484,CUST004545,CAMP0191,11/12/2023,Opportunity
CONV018485,CUST005106,CAMP0154,2024-10-24,Lead
CONV018486,CUST003961,CAMP0073,15 Apr 2025,MQL
CONV018487,CUST009631,CAMP0029,2026-04-29,SQL
CONV018488,CUST009783,CAMP0092,13-11-2025,Opportunity
CONV018489,CUST009477,CAMP0064,2024-04-20,Lead
CONV018490,CUST009936,CAMP0127,2025-01-20,MQL
CONV018491,CUST004486,CAMP0027,2024-01-21,Lead
CONV018492,CUST001950,CAMP0195,11-10-2023,Lead
CONV018493,CUST008647,CAMP0153,2026-05-18,Lead
CONV018494,CUST001570,CAMP0200,22 Mar 2023,MQL
CONV018495,CUST002274,CAMP0135,11/16/2024,SQL
CONV018496,CUST006863,CAMP0065,2025-07-25,MQL
CONV018497,CUST005233,CAMP0066,2025-02-15,Lead
CONV018498,CUST009132,CAMP0115,2026-06-08,SQL
CONV018499,CUST004382,CAMP0163,15-04-2026,SQL
CONV018500,CUST000994,CAMP0111,07/18/2023,
CONV018501,CUST003635,CAMP0196,2023-07-13,Opportunity
CONV018502,CUST009812,CAMP0193,2026-06-25,MQL
CONV018503,CUST001004,CAMP0120,01/07/2023,Customer
CONV018504,CUST005146,CAMP0006,2024-08-18,MQL
CONV018505,CUST007982,CAMP0193,18-03-2025,Lead
CONV018506,CUST002863,CAMP0047,07/26/2026,MQL
CONV018507,CUST004684,CAMP0189,2024-09-25,SQL
CONV018508,CUST002592,CAMP0140,2024-03-30,MQL
CONV018509,CUST004660,CAMP0040,06/26/2024,MQL
CONV018510,CUST009618,CAMP0192,21-12-2024,Opportunity
CONV018511,CUST005283,CAMP0004,03-06-2025,Customer
CONV018512,CUST002261,CAMP0200,2023-06-19,Opportunity
CONV018513,CUST007957,CAMP0131,2024-12-06,Lead
CONV018514,CUST005903,CAMP0092,24-08-2024,Lead
CONV018515,CUST003355,CAMP0023,20-09-2024,MQL
CONV018516,CUST001117,CAMP0019,04/01/2026,Customer
CONV018517,CUST002552,CAMP0061,2023-10-17,SQL
CONV018518,CUST007265,CAMP0077,08/17/2024,SQL
CONV018519,CUST007707,CAMP0157,08-03-2023,Lead
CONV018520,CUST008260,CAMP0146,06/05/2024,MQL
CONV018521,CUST004282,CAMP0187,08-08-2025,Opportunity
CONV018522,CUST004018,CAMP0112,2023-05-28,Lead
CONV018523,CUST007983,CAMP0185,2024-01-15,Lead
CONV018524,CUST003162,CAMP0217,2025-01-29,MQL
CONV018525,CUST006541,CAMP0134,01-03-2026,Customer
CONV018526,CUST004912,CAMP0035,,SQL
CONV018527,CUST002505,CAMP0211,2025-08-03,Customer
CONV018528,CUST003984,CAMP0112,2023-02-23,MQL
CONV018529,CUST004168,CAMP0054,05/26/2024,Opportunity
CONV018530,CUST005720,CAMP0095,,SQL
CONV018531,CUST009473,CAMP0031,05/15/2024,SQL
CONV018532,CUST000639,CAMP0084,2024-10-12,SQL
CONV018533,CUST007183,CAMP0014,2023-06-07,SQL
CONV018534,CUST009923,CAMP0209,12-01-2025,MQL
CONV018535,CUST006220,CAMP0119,25-11-2024,Lead
CONV018536,CUST009786,CAMP0090,2026-05-21,Opportunity
CONV018537,CUST007727,CAMP0186,2025-08-12,Customer
CONV018538,CUST002783,CAMP0187,2023-11-18,Opportunity
CONV018539,CUST005807,CAMP0032,01/15/2025,Lead
CONV018540,CUST000754,CAMP0085,2025-06-06,SQL
CONV018541,CUST009362,CAMP0143,,Opportunity
CONV018542,CUST006331,CAMP0049,2023-03-09,Customer
CONV018543,CUST000391,CAMP0183,23-05-2023,Opportunity
CONV018544,CUST006893,CAMP0166,10/15/2025,Lead
CONV018545,CUST006337,CAMP0052,2025-03-01,Opportunity
CONV018546,CUST002221,CAMP0032,27-07-2023,SQL
CONV018547,CUST006854,CAMP0124,2023-06-29,Lead
CONV018548,CUST001716,CAMP0217,2025-03-03,MQL
CONV018549,CUST009824,CAMP0128,26-04-2026,Lead
CONV018550,CUST005924,CAMP0017,2025-01-30,SQL
CONV018551,CUST007755,CAMP0180,2025-09-26,Lead
CONV018552,CUST001171,CAMP0157,2025-10-12,Lead
CONV018553,CUST001469,CAMP0137,2025-11-30,SQL
CONV018554,CUST001087,CAMP0006,2024-01-02,Opportunity
CONV018555,CUST009549,CAMP0212,2023-11-18,Lead
CONV018556,CUST007618,CAMP0130,15-04-2023,Customer
CONV018557,CUST001945,CAMP0126,2026-02-21,Lead
CONV018558,CUST001768,CAMP0142,11 May 2025,MQL
CONV018559,CUST006585,CAMP0143,07 Jul 2025,MQL
CONV018560,CUST001738,CAMP0009,2025-11-08,Lead
CONV018561,CUST000060,CAMP0022,2024-05-15,SQL
CONV018562,CUST007046,CAMP0127,2023-06-24,Lead
CONV018563,CUST006412,CAMP0046,2023-12-23,Customer
CONV018564,CUST002555,CAMP0198,2024-10-24,Lead
CONV018565,CUST002770,CAMP0011,2026-02-01,Lead
CONV018566,CUST003783,CAMP0055,09/23/2025,Opportunity
CONV018567,CUST003755,CAMP0149,2026-07-17,Customer
CONV018568,CUST008593,CAMP0169,01/08/2025,SQL
CONV018569,CUST007806,CAMP0115,12/13/2024,MQL
CONV018570,CUST000726,CAMP0089,2024-02-17,Lead
CONV018571,CUST003629,CAMP0187,11 Apr 2025,Lead
CONV018572,CUST008930,CAMP0063,2024-02-11,MQL
CONV018573,CUST004331,CAMP0191,2024-08-06,MQL
CONV018574,CUST000753,CAMP0168,2026-01-25,Customer
CONV018575,CUST000962,CAMP0151,03-10-2025,Customer
CONV018576,CUST009265,CAMP0152,13 Jun 2025,SQL
CONV018577,CUST002002,CAMP0162,2023-03-19,MQL
CONV018578,CUST003381,CAMP0028,2026-04-29,Lead
CONV018579,CUST000206,CAMP0134,18-03-2025,SQL
CONV018580,CUST009830,CAMP0139,11 Jan 2024,Opportunity
CONV018581,CUST009161,CAMP0121,22 Sep 2025,Customer
CONV018582,CUST005886,CAMP0026,03/21/2025,
CONV018583,CUST008573,CAMP0027,,SQL
CONV018584,CUST008623,CAMP0185,07/25/2024,Opportunity
CONV018585,CUST004391,CAMP0189,2024-06-21,Customer
CONV018586,CUST004086,CAMP0165,2025-07-07,Customer
CONV018587,CUST006437,CAMP0197,2024-09-21,Customer
CONV018588,CUST008697,CAMP0118,31-12-2023,Opportunity
CONV018589,CUST009998,CAMP0168,2023-09-20,Opportunity
CONV018590,CUST004690,CAMP0072,2024-03-20,Customer
CONV018591,CUST006265,CAMP0115,27-06-2023,SQL
CONV018592,CUST008474,CAMP0010,2025-04-04,SQL
CONV018593,CUST009648,CAMP0178,09-12-2023,Lead
CONV018594,CUST004264,CAMP0188,2023-11-25,Lead
CONV018595,CUST004641,CAMP0090,27-10-2024,Customer
CONV018596,CUST006357,CAMP0034,2023-06-16,Customer
CONV018597,CUST003807,CAMP0020,2023-04-26,Customer
CONV018598,CUST003431,CAMP0135,2023-01-23,Customer
CONV018599,CUST000482,CAMP0042,2024-11-07,Customer
CONV018600,CUST009646,CAMP0059,2024-09-02,Lead
CONV018601,CUST003860,CAMP0045,05-07-2026,Opportunity
CONV018602,CUST009340,CAMP0066,31-07-2026,MQL
CONV018603,CUST007461,CAMP0056,2024-06-17,Customer
CONV018604,CUST000028,CAMP0122,09/05/2023,SQL
CONV018605,CUST007331,CAMP0063,25-05-2026,SQL
CONV018606,CUST005333,CAMP0180,2026-03-20,Customer
CONV018607,CUST003186,CAMP0078,2024-08-15,Lead
CONV018608,CUST004845,CAMP0199,,SQL
CONV018609,CUST006993,CAMP0018,2023-11-24,Lead
CONV018610,CUST009069,CAMP0028,2023-03-23,Opportunity
CONV018611,CUST003360,CAMP0174,06-12-2025,Customer
CONV018612,CUST003981,CAMP0060,2023-12-20,Customer
CONV018613,CUST006247,CAMP0003,2023-04-10,SQL
CONV018614,CUST003154,CAMP0171,25-07-2026,MQL
CONV018615,CUST001528,CAMP0159,2025-07-22,Lead
CONV018616,CUST007619,CAMP0082,2024-02-03,Customer
CONV018617,CUST007883,CAMP0005,2023-04-20,SQL
CONV018618,CUST005096,CAMP0092,2024-12-14,MQL
CONV018619,CUST009754,CAMP0194,05-02-2026,Customer
CONV018620,CUST009622,CAMP0021,,Lead
CONV018621,CUST008496,CAMP0211,2026-06-03,Customer
CONV018622,CUST001359,CAMP0143,,SQL
CONV018623,CUST007493,CAMP0216,2024-05-22,Customer
CONV018624,CUST003892,CAMP0054,2026-07-24,Lead
CONV018625,CUST005955,CAMP0189,12-07-2024,Opportunity
CONV018626,CUST007332,CAMP0075,08-07-2025,
CONV018627,CUST009410,CAMP0035,2025-07-01,Lead
CONV018628,CUST006382,CAMP0036,11/17/2024,MQL
CONV018629,CUST005290,CAMP0075,,SQL
CONV018630,CUST008057,CAMP0041,2023-02-01,Customer
CONV018631,CUST006353,CAMP0154,10/31/2023,Customer
CONV018632,CUST001659,CAMP0009,02-02-2026,MQL
CONV018633,CUST003314,CAMP0200,2024-01-23,Lead
CONV018634,CUST004644,CAMP0139,15-07-2024,Lead
CONV018635,CUST003012,CAMP0016,17-05-2024,Customer
CONV018636,CUST009182,CAMP0012,31-01-2026,SQL
CONV018637,CUST004461,CAMP0057,2023-01-27,Customer
CONV018638,CUST007696,CAMP0186,11/15/2023,Lead
CONV018639,CUST005438,CAMP0117,2023-06-06,SQL
CONV018640,CUST003452,CAMP0013,2025-12-09,SQL
CONV018641,CUST003702,CAMP0140,,SQL
CONV018642,CUST005729,CAMP0066,2023-12-23,Customer
CONV018643,CUST008340,CAMP0209,2023-03-16,MQL
CONV018644,CUST008993,CAMP0113,2024-06-16,Lead
CONV018645,CUST008524,CAMP0041,2024-03-16,SQL
CONV018646,CUST000983,CAMP0141,09-09-2025,MQL
CONV018647,CUST002331,CAMP0049,20-12-2025,SQL
CONV018648,CUST001817,CAMP0172,08/08/2023,SQL
CONV018649,CUST006905,CAMP0107,14-08-2024,Customer
CONV018650,CUST006968,CAMP0134,,Customer
CONV018651,CUST000649,CAMP0076,29-04-2023,SQL
CONV018652,CUST003549,CAMP0174,22-03-2025,Lead
CONV018653,CUST006209,CAMP0065,2023-02-06,MQL
CONV018654,CUST008539,CAMP0214,2023-08-13,Lead
CONV018655,CUST002592,CAMP0109,11-11-2024,Lead
CONV018656,CUST009611,CAMP0067,12/27/2023,Customer
CONV018657,CUST009110,CAMP0148,,SQL
CONV018658,CUST004491,CAMP0174,2023-12-20,Opportunity
CONV018659,CUST008855,CAMP0200,2024-12-23,Opportunity
CONV018660,CUST001592,CAMP0164,10 Apr 2024,
CONV018661,CUST006823,CAMP0007,24-09-2023,SQL
CONV018662,CUST008597,CAMP0059,2024-02-18,Opportunity
CONV018663,CUST005212,CAMP0006,2026-05-17,Opportunity
CONV018664,CUST003605,CAMP0131,2023-08-29,MQL
CONV018665,CUST005042,CAMP0055,01/06/2024,Lead
CONV018666,CUST003886,CAMP0153,2025-11-15,Customer
CONV018667,CUST004606,CAMP0133,2024-03-28,Customer
CONV018668,CUST004044,CAMP0041,05-07-2025,SQL
CONV018669,CUST006073,CAMP0063,2023-12-26,Customer
CONV018670,CUST000691,CAMP0176,2026-04-28,Lead
CONV018671,CUST001618,CAMP0036,2024-10-12,Opportunity
CONV018672,CUST008396,CAMP0047,2026-07-09,Opportunity
CONV018673,CUST007978,CAMP0102,2025-08-12,Opportunity
CONV018674,CUST004440,CAMP0135,2024-12-15,Customer
CONV018675,CUST003965,CAMP0201,10-02-2025,Opportunity
CONV018676,CUST005233,CAMP0074,2026-02-21,SQL
CONV018677,CUST001515,CAMP0076,2024-06-27,SQL
CONV018678,CUST006038,CAMP0182,2025-08-28,MQL
CONV018679,CUST005653,CAMP0194,2024-01-18,Customer
CONV018680,CUST000414,CAMP0076,27 Jan 2026,Lead
CONV018681,CUST004920,CAMP0122,2025-04-25,Lead
CONV018682,CUST000125,CAMP0184,2025-02-13,MQL
CONV018683,CUST006082,CAMP0001,07/01/2025,SQL
CONV018684,CUST008938,CAMP0129,2025-10-08,Opportunity
CONV018685,CUST003307,CAMP0158,14-02-2026,Opportunity
CONV018686,CUST008988,CAMP0163,2026-04-27,SQL
CONV018687,CUST000048,CAMP0078,01/18/2026,Lead
CONV018688,CUST001256,CAMP0211,18-03-2025,SQL
CONV018689,CUST006575,CAMP0081,2025-01-28,Customer
CONV018690,CUST006054,CAMP0184,10/10/2023,Customer
CONV018691,CUST002684,CAMP0152,2024-11-08,SQL
CONV018692,CUST000573,CAMP0156,05/22/2025,Opportunity
CONV018693,CUST005630,CAMP0157,,Lead
CONV018694,CUST009700,CAMP0215,2025-07-06,Customer
CONV018695,CUST007036,CAMP0136,2023-03-13,SQL
CONV018696,CUST006327,CAMP0159,2023-04-12,SQL
CONV018697,CUST007985,CAMP0138,2025-11-14,Lead
CONV018698,CUST008615,CAMP0012,07/10/2026,Opportunity
CONV018699,CUST006565,CAMP0199,11/30/2024,Customer
CONV018700,CUST007573,CAMP0163,2025-05-27,Opportunity
CONV018701,CUST001950,CAMP0020,16-01-2025,Lead
CONV018702,CUST005673,CAMP0130,2026-03-19,
CONV018703,CUST001867,CAMP0032,02-07-2025,Opportunity
CONV018704,CUST009901,CAMP0085,2025-08-08,MQL
CONV018705,CUST005934,CAMP0132,2023-06-06,SQL
CONV018706,CUST005871,CAMP0026,2025-09-23,Customer
CONV018707,CUST004541,CAMP0052,02/18/2024,Opportunity
CONV018708,CUST009787,CAMP0098,05/21/2024,SQL
CONV018709,CUST007322,CAMP0038,2024-03-20,Lead
CONV018710,CUST008123,CAMP0066,06/30/2023,MQL
CONV018711,CUST004702,CAMP0146,2023-09-19,SQL
CONV018712,CUST005783,CAMP0020,2024-02-06,SQL
CONV018713,CUST003294,CAMP0122,2024-12-14,Customer
CONV018714,CUST000347,CAMP0049,21-05-2026,Customer
CONV018715,CUST006687,CAMP0036,21-12-2025,MQL
CONV018716,CUST006845,CAMP0022,2024-06-13,Opportunity
CONV018717,CUST002302,CAMP0135,2024-09-18,Opportunity
CONV018718,CUST006559,CAMP0072,10/26/2025,Opportunity
CONV018719,CUST000636,CAMP0180,,Opportunity
CONV018720,CUST004186,CAMP0093,2024-01-29,Customer
CONV018721,CUST005369,CAMP0086,2025-07-02,Lead
CONV018722,CUST007918,CAMP0029,02-11-2024,MQL
CONV018723,CUST003144,CAMP0077,2026-01-06,SQL
CONV018724,CUST008376,CAMP0098,12/17/2023,Lead
CONV018725,CUST006868,CAMP0216,2025-08-23,Lead
CONV018726,CUST006605,CAMP0003,20 Jun 2026,Lead
CONV018727,CUST007843,CAMP0124,26 Jun 2023,Lead
CONV018728,CUST000843,CAMP0108,2026-06-16,Opportunity
CONV018729,CUST003346,CAMP0192,2024-10-16,Customer
CONV018730,CUST005536,CAMP0193,2025-09-05,Customer
CONV018731,CUST002700,CAMP0092,03/11/2026,Customer
CONV018732,CUST006163,CAMP0104,2025-08-03,MQL
CONV018733,CUST007235,CAMP0042,2023-06-29,SQL
CONV018734,CUST002807,CAMP0073,29-03-2026,Opportunity
CONV018735,CUST003577,CAMP0089,29-03-2024,MQL
CONV018736,CUST003539,CAMP0164,2025-04-10,Lead
CONV018737,CUST006526,CAMP0105,2026-06-02,Customer
CONV018738,CUST002711,CAMP0138,2025-10-13,Opportunity
CONV018739,CUST007821,CAMP0203,2023-06-14,SQL
CONV018740,CUST006221,CAMP0149,2026-03-27,Customer
CONV018741,CUST000267,CAMP0025,2023-11-25,Customer
CONV018742,CUST002650,CAMP0130,2024-08-16,Customer
CONV018743,CUST008508,CAMP0004,2025-12-06,MQL
CONV018744,CUST009039,CAMP0033,2023-09-13,SQL
CONV018745,CUST004934,CAMP0054,10/23/2023,Lead
CONV018746,CUST008250,CAMP0140,2024-07-02,Lead
CONV018747,CUST005525,CAMP0204,25-06-2026,MQL
CONV018748,CUST009681,CAMP0065,03/18/2026,Lead
CONV018749,CUST005752,CAMP0171,2023-03-16,MQL
CONV018750,CUST005854,CAMP0124,,SQL
CONV018751,CUST005808,CAMP0048,2023-04-01,Customer
CONV018752,CUST009869,CAMP0064,10/20/2024,Opportunity
CONV018753,CUST001395,CAMP0103,07/30/2024,Lead
CONV018754,CUST006980,CAMP0055,2025-10-12,SQL
CONV018755,CUST002129,CAMP0061,2026-07-21,
CONV018756,CUST007228,CAMP0152,2025-06-01,Customer
CONV018757,CUST005951,CAMP0103,10/04/2024,MQL
CONV018758,CUST005766,CAMP0061,16-10-2023,SQL
CONV018759,CUST006808,CAMP0074,12/31/2024,MQL
CONV018760,CUST007868,CAMP0164,25 Feb 2025,
CONV018761,CUST002854,CAMP0057,2026-01-08,Opportunity
CONV018762,CUST003980,CAMP0045,16-02-2025,Customer
CONV018763,CUST007170,CAMP0025,24-03-2025,SQL
CONV018764,CUST006054,CAMP0114,2024-01-02,MQL
CONV018765,CUST004252,CAMP0126,2023-01-03,MQL
CONV018766,CUST000226,CAMP0051,10-06-2024,Opportunity
CONV018767,CUST004665,CAMP0169,2025-05-12,Customer
CONV018768,CUST009276,CAMP0008,2024-12-21,SQL
CONV018769,CUST007488,CAMP0183,2025-01-23,SQL
CONV018770,CUST001350,CAMP0100,15-06-2026,SQL
CONV018771,CUST005677,CAMP0049,03/19/2023,Lead
CONV018772,CUST004931,CAMP0194,05/26/2026,Lead
CONV018773,CUST000699,CAMP0116,20-01-2023,Customer
CONV018774,CUST000087,CAMP0199,2023-12-07,MQL
CONV018775,CUST009915,CAMP0024,11/05/2023,SQL
CONV018776,CUST009324,CAMP0122,03-02-2024,Opportunity
CONV018777,CUST001879,CAMP0157,2024-11-01,MQL
CONV018778,CUST000366,CAMP0056,2024-12-08,MQL
CONV018779,CUST002919,CAMP0196,2024-02-24,Lead
CONV018780,CUST008480,CAMP0168,04/17/2024,SQL
CONV018781,CUST009512,CAMP0112,2026-01-17,Lead
CONV018782,CUST007359,CAMP0062,2024-06-24,Opportunity
CONV018783,CUST003693,CAMP0023,27-03-2023,Customer
CONV018784,CUST001027,CAMP0132,04/14/2025,Customer
CONV018785,CUST003020,CAMP0094,2024-06-28,Lead
CONV018786,CUST006312,CAMP0185,09/25/2024,Lead
CONV018787,CUST009538,CAMP0083,2023-05-19,Opportunity
CONV018788,CUST002261,CAMP0029,25-03-2023,MQL
CONV018789,CUST006582,CAMP0103,2026-03-11,Opportunity
CONV018790,CUST001825,CAMP0216,30-05-2023,Opportunity
CONV018791,CUST900030,CAMP0023,,Lead
CONV018792,CUST007416,CAMP0220,2026-07-18,SQL
CONV018793,CUST000382,CAMP0187,2023-04-06,
CONV018794,CUST000064,CAMP0181,2024-11-25,Lead
CONV018795,CUST005713,CAMP0214,09-03-2026,Opportunity
CONV018796,CUST003025,CAMP0087,2025-09-09,Lead
CONV018797,CUST008166,CAMP0217,10-08-2025,Lead
CONV018798,CUST004425,CAMP0116,2026-02-24,Lead
CONV018799,CUST002269,CAMP0092,21-02-2025,Opportunity
CONV018800,CUST004335,CAMP0055,2023-09-06,Customer
CONV018801,CUST009671,CAMP0020,2023-05-26,SQL
CONV018802,CUST006587,CAMP0108,2023-11-14,Customer
CONV018803,CUST002862,CAMP0027,,Lead
CONV018804,CUST006103,CAMP0207,2024-03-16,SQL
CONV018805,CUST000320,CAMP0128,01/23/2025,SQL
CONV018806,CUST007280,CAMP0146,10-10-2024,SQL
CONV018807,CUST000093,CAMP0150,2023-05-21,SQL
CONV018808,CUST002401,CAMP0004,2023-08-27,MQL
CONV018809,CUST003413,CAMP0220,2023-11-25,MQL
CONV018810,CUST008856,CAMP0180,2025-11-14,MQL
CONV018811,CUST008134,CAMP0210,,SQL
CONV018812,CUST001825,CAMP0203,07/29/2024,Opportunity
CONV018813,CUST004729,CAMP0107,16-06-2023,MQL
CONV018814,CUST009930,CAMP0009,01/14/2023,Opportunity
CONV018815,CUST007571,CAMP0191,,Customer
CONV018816,CUST000664,CAMP0064,,Opportunity
CONV018817,CUST008296,CAMP0086,29-01-2024,Opportunity
CONV018818,CUST001778,CAMP0152,04-04-2026,Customer
CONV018819,CUST008073,CAMP0161,2023-06-24,Customer
CONV018820,CUST002089,CAMP0012,2025-12-09,Opportunity
CONV018821,CUST000524,CAMP0141,04-02-2024,Opportunity
CONV018822,CUST009311,CAMP0139,,Opportunity
CONV018823,CUST003683,CAMP0179,2026-07-31,Customer
CONV018824,CUST003512,CAMP0205,2023-06-03,Opportunity
CONV018825,CUST000853,CAMP0127,2023-09-22,MQL
CONV018826,CUST005331,CAMP0169,2025-04-17,SQL
CONV018827,CUST006573,CAMP0092,02-08-2023,Opportunity
CONV018828,CUST007333,CAMP0155,01-05-2023,MQL
CONV018829,CUST004546,CAMP0043,2024-07-25,Opportunity
CONV018830,CUST003719,CAMP0021,2024-08-19,Customer
CONV018831,CUST003971,CAMP0095,2026-05-28,Lead
CONV018832,CUST006406,CAMP0188,2023-11-17,Opportunity
CONV018833,CUST001045,CAMP0205,2025-07-15,Customer
CONV018834,CUST009587,CAMP0024,2025-07-18,Lead
CONV018835,CUST008232,CAMP0026,08/19/2024,Customer
CONV018836,CUST004320,CAMP0135,2023-04-03,Opportunity
CONV018837,CUST002153,CAMP0082,2024-07-08,Customer
CONV018838,CUST002703,CAMP0174,04/19/2025,Customer
CONV018839,CUST008578,CAMP0069,27-05-2023,Lead
CONV018840,CUST006060,CAMP0129,2025-11-20,Lead
CONV018841,CUST008448,CAMP0147,02/09/2023,Lead
CONV018842,CUST003754,CAMP0218,2026-01-16,MQL
CONV018843,CUST005641,CAMP0147,2025-03-05,SQL
CONV018844,CUST004497,CAMP0135,2023-03-03,MQL
CONV018845,CUST004408,CAMP0102,2025-09-11,MQL
CONV018846,CUST005714,CAMP0009,20 Oct 2023,Opportunity
CONV018847,CUST006772,CAMP0072,2024-12-10,Opportunity
CONV018848,CUST007137,CAMP0058,2024-12-18,Lead
CONV018849,CUST002315,CAMP0119,2023-11-10,Customer
CONV018850,CUST000788,CAMP0216,2024-05-02,Customer
CONV018851,CUST000865,CAMP0131,,Opportunity
CONV018852,CUST001272,CAMP0175,2023-07-30,Customer
CONV018853,CUST006568,CAMP0139,2023-09-11,Customer
CONV018854,CUST004258,CAMP0085,10/01/2024,Opportunity
CONV018855,CUST007421,CAMP0185,02/17/2024,Customer
CONV018856,CUST007037,CAMP0041,2026-06-25,
CONV018857,CUST009766,CAMP0082,2023-04-24,Customer
CONV018858,CUST002924,CAMP0121,2026-06-03,Lead
CONV018859,CUST004625,CAMP0184,16-04-2026,Customer
CONV018860,CUST003483,CAMP0033,09/24/2023,Opportunity
CONV018861,CUST003234,CAMP0075,2024-04-05,Lead
CONV018862,CUST001768,CAMP0167,2023-09-11,Opportunity
CONV018863,CUST003474,CAMP0148,,Opportunity
CONV018864,CUST004104,CAMP0134,2025-11-21,MQL
CONV018865,CUST005121,CAMP0196,2025-06-03,Customer
CONV018866,CUST006935,CAMP0101,2023-07-10,Opportunity
CONV018867,CUST003548,CAMP0142,12-04-2026,Opportunity
CONV018868,CUST002662,CAMP0056,2023-12-14,Opportunity
CONV018869,CUST000541,CAMP0126,2024-02-24,Lead
CONV018870,CUST001217,CAMP0179,2024-01-12,Customer
CONV018871,CUST004906,CAMP0171,08 Nov 2025,Lead
CONV018872,CUST008598,CAMP0176,2025-08-16,Customer
CONV018873,CUST004763,CAMP0001,20-06-2024,Customer
CONV018874,CUST004313,CAMP0004,2024-10-26,MQL
CONV018875,CUST009192,CAMP0164,01-03-2025,Lead
CONV018876,CUST000598,CAMP0157,12-05-2025,SQL
CONV018877,CUST006544,CAMP0089,2023-06-11,Opportunity
CONV018878,CUST000405,CAMP0058,2025-02-18,Customer
CONV018879,CUST009422,CAMP0080,2024-02-28,Customer
CONV018880,CUST009332,CAMP0079,2024-12-27,Lead
CONV018881,CUST009860,CAMP0039,,Lead
CONV018882,CUST004475,CAMP0021,01/31/2025,Lead
CONV018883,CUST005748,CAMP0171,05-10-2025,MQL
CONV018884,CUST007041,CAMP0037,04/18/2025,Opportunity
CONV018885,CUST007405,CAMP0174,2023-06-21,Lead
CONV018886,CUST004323,CAMP0012,2025-02-06,Lead
CONV018887,CUST005213,CAMP0043,2025-09-18,Lead
CONV018888,CUST000689,CAMP0096,01/03/2024,SQL
CONV018889,CUST004460,CAMP0036,07/04/2026,SQL
CONV018890,CUST001947,CAMP0037,2024-03-24,Customer
CONV018891,CUST000210,CAMP0102,11-03-2025,Customer
CONV018892,CUST001555,CAMP0049,2026-03-06,MQL
CONV018893,CUST003776,CAMP0089,2026-06-15,MQL
CONV018894,CUST007982,CAMP0158,25 Jan 2026,Customer
CONV018895,CUST004518,CAMP0206,2023-11-29,Customer
CONV018896,CUST007888,CAMP0181,06-10-2025,Customer
CONV018897,CUST000665,CAMP0189,2023-08-20,SQL
CONV018898,CUST006695,CAMP0107,2024-10-14,Lead
CONV018899,CUST008768,CAMP0155,2024-02-05,Opportunity
CONV018900,CUST004196,CAMP0034,2025-10-22,Customer
CONV018901,CUST003069,CAMP0013,2025-04-23,SQL
CONV018902,CUST006551,CAMP0153,2026-06-25,Customer
CONV018903,CUST008903,CAMP0211,2025-11-19,SQL
CONV018904,CUST005546,CAMP0097,2024-05-30,Lead
CONV018905,CUST008346,CAMP0101,2023-10-29,Opportunity
CONV018906,CUST001165,CAMP0177,06/22/2023,Lead
CONV018907,CUST004828,CAMP0087,2024-11-02,Lead
CONV018908,CUST004339,CAMP0212,26-01-2025,Opportunity
CONV018909,CUST003089,CAMP0064,01-01-2023,SQL
CONV018910,CUST007773,CAMP0147,2024-06-16,SQL
CONV018911,CUST002532,CAMP0127,02/23/2024,SQL
CONV018912,CUST005431,CAMP0184,2023-06-07,Lead
CONV018913,CUST007100,CAMP0181,2023-06-13,Lead
CONV018914,CUST005651,CAMP0084,18-06-2024,Customer
CONV018915,CUST004875,CAMP0074,2025-03-31,Customer
CONV018916,CUST002999,CAMP0188,23-07-2025,Customer
CONV018917,CUST004190,CAMP0058,10/16/2025,MQL
CONV018918,CUST009031,CAMP0150,25-10-2025,Customer
CONV018919,CUST001360,CAMP0021,2026-04-12,Lead
CONV018920,CUST000899,CAMP0001,2023-08-13,MQL
CONV018921,CUST005186,CAMP0092,08/21/2025,SQL
CONV018922,CUST004236,CAMP0159,2026-07-14,Lead
CONV018923,CUST006280,CAMP0169,2025-04-14,SQL
CONV018924,CUST007521,CAMP0083,01/28/2023,SQL
CONV018925,CUST008771,CAMP0131,2025-06-05,Customer
CONV018926,CUST004304,CAMP0056,07/07/2024,Lead
CONV018927,CUST009925,CAMP0068,2023-06-02,Lead
CONV018928,CUST007932,CAMP0014,30-07-2023,SQL
CONV018929,CUST009141,CAMP0049,07/11/2026,SQL
CONV018930,CUST000331,CAMP0163,2026-07-26,SQL
CONV018931,CUST006010,CAMP0001,2024-05-07,SQL
CONV018932,CUST009938,CAMP0165,2023-05-09,Lead
CONV018933,CUST005467,CAMP0062,2024-07-02,SQL
CONV018934,CUST007820,CAMP0179,07 Oct 2024,Customer
CONV018935,CUST005218,CAMP0112,2026-06-04,Lead
CONV018936,CUST009310,CAMP0215,2023-12-19,SQL
CONV018937,CUST004586,CAMP0200,2023-11-06,Customer
CONV018938,CUST008801,CAMP0077,2024-02-15,SQL
CONV018939,CUST000564,CAMP0053,17-04-2024,Opportunity
CONV018940,CUST001539,CAMP0158,07/24/2023,MQL
CONV018941,CUST008363,CAMP0195,06/13/2025,SQL
CONV018942,CUST001079,CAMP0206,01-09-2024,MQL
CONV018943,CUST007089,CAMP0008,2023-07-09,Customer
CONV018944,CUST006329,CAMP0119,2025-02-26,Customer
CONV018945,CUST007999,CAMP0064,11 Aug 2023,SQL
CONV018946,CUST005441,CAMP0012,26-03-2023,MQL
CONV018947,CUST000035,CAMP0202,10/11/2025,MQL
CONV018948,CUST003148,CAMP0055,24-01-2026,SQL
CONV018949,CUST004854,CAMP0185,12/30/2025,Opportunity
CONV018950,CUST003794,CAMP0020,2026-05-27,Lead
CONV018951,CUST006921,CAMP0145,2025-07-27,Customer
CONV018952,CUST000628,CAMP0063,12/30/2023,SQL
CONV018953,CUST004111,CAMP0071,2023-02-18,Lead
CONV018954,CUST009125,CAMP0115,27-08-2023,Customer
CONV018955,CUST007349,CAMP0055,27-02-2023,Opportunity
CONV018956,CUST002542,CAMP0110,2023-10-30,Opportunity
CONV018957,CUST007480,CAMP0203,02/08/2026,Opportunity
CONV018958,CUST007065,CAMP0104,05 Aug 2024,SQL
CONV018959,CUST009725,CAMP0004,2023-08-15,Lead
CONV018960,CUST007322,CAMP0110,,Customer
CONV018961,CUST001012,CAMP0013,,Customer
CONV018962,CUST008949,CAMP0076,2025-09-13,SQL
CONV018963,CUST005470,CAMP0200,2026-07-18,MQL
CONV018964,CUST003809,CAMP0217,19-09-2023,Opportunity
CONV018965,CUST001879,CAMP0032,2026-05-09,Customer
CONV018966,CUST000321,CAMP0005,2026-08-01,MQL
CONV018967,CUST000761,CAMP0211,06/12/2023,Lead
CONV018968,CUST006885,CAMP0130,2024-02-27,MQL
CONV018969,CUST007083,CAMP0011,25-10-2025,Lead
CONV018970,CUST002768,CAMP0075,2023-10-17,Lead
CONV018971,CUST003703,CAMP0163,2025-01-19,Opportunity
CONV018972,CUST006926,CAMP0137,2023-07-31,Customer
CONV018973,CUST001924,CAMP0129,03/25/2025,SQL
CONV018974,CUST006028,CAMP0125,2024-03-24,Opportunity
CONV018975,CUST000071,CAMP0183,01-04-2026,SQL
CONV018976,CUST004017,CAMP0152,2024-04-01,SQL
CONV018977,CUST009981,CAMP0039,2024-05-30,Opportunity
CONV018978,CUST000864,CAMP0141,2024-03-15,SQL
CONV018979,CUST009965,CAMP0135,08/03/2024,SQL
CONV018980,CUST002107,CAMP0217,2024-03-03,Opportunity
CONV018981,CUST000970,CAMP0191,2023-07-20,MQL
CONV018982,CUST006450,CAMP0032,2023-08-30,Customer
CONV018983,CUST009923,CAMP0090,17-09-2025,Opportunity
CONV018984,CUST000362,CAMP0076,2024-11-26,SQL
CONV018985,CUST003240,CAMP0152,2024-11-14,Customer
CONV018986,CUST002990,CAMP0018,2025-06-03,SQL
CONV018987,CUST009051,CAMP0094,2023-01-24,SQL
CONV018988,CUST004541,CAMP0195,2026-07-24,MQL
CONV018989,CUST004092,CAMP0150,2023-08-10,MQL
CONV018990,CUST008749,CAMP0203,11 Nov 2025,
CONV018991,CUST001748,CAMP0100,11-02-2024,SQL
CONV018992,CUST008778,CAMP0011,2023-08-04,Lead
CONV018993,CUST002141,CAMP0159,2023-04-09,MQL
CONV018994,CUST000509,CAMP0184,2024-06-21,SQL
CONV018995,CUST003195,CAMP0122,2023-03-01,Customer
CONV018996,CUST008865,CAMP0141,08-05-2023,Opportunity
CONV018997,CUST002290,CAMP0070,07-11-2024,MQL
CONV018998,CUST008404,CAMP0169,24-12-2025,MQL
CONV018999,CUST006545,CAMP0095,02/20/2023,MQL
CONV019000,CUST000490,CAMP0152,2023-09-25,Opportunity
