customer_id,customer_name,email,signup_date,country,region,industry,acquisition_channel
CUST009771,Michael Carrillo,yperez@example.net,2025-11-08,DE,South Carolina,Logistics,Facebook Ads
CUST005214,  Lindsey Cruz MD  ,qlucas@example.org,2026-04-13,CA ,,Real Estate,AFFILIATE
CUST001459,Ryan Brown,edwardsmichaela@example.com,,UAE,Illinois,Hospitality,SEO
CUST002252,Pamela Howard,omarturner@example.org,08-06-2025, India,Oklahoma,Real Estate,Partner
CUST003433,April Gallagher,ericbrooks@example.org,10/05/2023, India,Nevada,Real Estate,REFERRAL
CUST000327,Kathy Simpson,cperry@example.com,07-06-2024,  United Kingdom  ,Hawaii,Manufacturing,  email  
CUST006653,Christian Jones,qvalentine@example.net,27-10-2024,AUS,Massachusetts,Real Estate,Paid Search
CUST001441,Mike Wells,robert27@example.org,2024-07-05,germany,Alabama,Retail,  Partner  
CUST009858,Sarah Contreras,barbara46@example.net,2024-05-05,canada,Kansas,Manufacturing,Paid Search
CUST005712,Juan Murphy,ojohnson@example.com,2023-07-25,India,,Technology,Display
CUST009518,Donna Herrera,oflores@example.com,2023-07-30,AUS,New Hampshire,Media,PPC
CUST002009,Justin Barrera,traceyguerra@example.com,2024-09-20,UAE,West Virginia,Manufacturing,affiliate
CUST006040,Brian Ferrell PhD,priscilla11@example.com,2025-11-19,brazil,,Technology,Display
CUST006066,Denise Bell,randycarpenter@example.com,2025-08-08,Singapore,California,Media,Partner
CUST002151,Zachary Lara,catherinemoore@example.com,2023-01-23,FR,Kentucky,Technology,Affliate
CUST002409,Sherri Baker,dustinwilliams@example.com,20 Mar 2025,USA,North Carolina,Technology,REFERRAL
CUST001358,Todd Harris,priscilla37@example.net,2024-07-20,CA ,Maryland,Hospitality,Affiliate
CUST008327,  Angela Aguilar  ,pfox@example.net,2026-06-02,  United Arab Emirates  ,Vermont,Healthcare,DISPLAY
CUST006265,David Hancock,cmcintyre@example.com,2025-06-13,DE,Maryland,Retail,Display Ads
CUST001898,Jasmine Swanson,amygonzalez@example.net,12-06-2024,CA ,Nevada,Technology,Referal
CUST003893,Victor Acosta,clintonhaley@example.org,20-12-2025,France,,Hospitality,DISPLAY
CUST002338,  MARCUS RUSSELL  ,jennifersolomon@example.net,2024-05-28,  U.A.E  ,Colorado,Education,REFERRAL
CUST000923,Shelly Munoz,mccarthysara@example.com,2025-11-04,Germany,New Jersey,Technology,Paid Search
CUST009389,Lisa Perry,griffinpatricia@example.org,,France,Arizona,Logistics,AFFILIATE
CUST002448,BRIAN THOMPSON,gina49@example.net,2023-01-29,Singapore,Missouri,Retail,Affiliate
CUST008632,Michael Powers,suarezjeffrey@example.net,17-05-2023,United states,Indiana,Real Estate,Affliate
CUST007602,Kari Lee,alyssa14@example.com,29-01-2025,australia,,Hospitality,AFFILIATE
CUST005850,Alexis Rosario,brian41@example.org,26-04-2025,India,California,Real Estate,Display
CUST005291,Dalton Williams,richardsonjames@example.org,2023-10-26,Singapore,,Logistics,social media
CUST009397,Trevor Gomez,figueroachad@example.org,2023-12-24,singapore,North Dakota,Retail,social media
CUST000794,Connie Howard,brian39@example.net,2024-04-19,germany,Iowa,Healthcare,Referal
CUST007528,Miranda Villegas,fbyrd@example.org,09-11-2025,brazil,Georgia,Finance,Display Ads
CUST003365,Sean Murray,athompson@example.org,08-09-2025,Germany,Missouri,Finance,Paid Search
CUST003427,Christopher Higgins,kyle91@example.com,17-06-2023,U.A.E,New Jersey,Media,Affliate
CUST008461,Brian White,spencemichael@example.net,2024-05-15,Australia,,Media,Referal
CUST000641,Heather Turner,lisa46@example.org,06-02-2026,  U.K.  ,Oklahoma,Technology,  Social  
CUST003610,Elizabeth Jennings,gjohnson@example.org,26-03-2026,DE,West Virginia,Retail,social media
CUST002510,Grant Henderson,xcardenas@example.org,09 Apr 2023,United Kingdom,Maryland,Finance,Banner
CUST006160,Lisa Flores,aguilarrandall@example.net,2024-12-27,UAE,Minnesota,Technology,PPC
CUST005378,  Nicole Villarreal  ,dward@example.org,,england,Delaware,Technology,DISPLAY
CUST004299,Jerry Wu,brettbarrera@example.net,12-01-2023,UAE,Maryland,Retail,Partner
CUST008391,Alisha Montes,jhernandez@example.net,2026-07-03,singapore,South Dakota,Manufacturing,Paid-Search
CUST007540,Nicholas Bartlett Jr.,patriciajackson@example.net,2026-05-30,France,,Retail,Organic Search
CUST005587,Cory Pitts,lisacollins@example.net,06/02/2023,AUS,Pennsylvania,Logistics,DISPLAY
CUST002836,Matthew Stewart,ddavis@example.com,2025-05-05,canada,New York,,Social
CUST002719,  Christopher Howard  ,moorenicholas@example.net,2025-02-13,United Arab Emirates,Michigan,Education,Banner
CUST004154,Christopher Wilson,jason85@example.org,01/29/2025,singapore,Alaska,Media,E-mail
CUST003141,Austin Nielsen,,30-04-2024,U.A.E,Alabama,Technology,paid search
CUST005722,Melissa Rocha,vholland@example.org,08-10-2023,CA ,Rhode Island,Logistics,Display
CUST002661,Peggy Harrison,davidharris@example.net,28-09-2023,australia,Wisconsin,Hospitality,display
CUST000591,Alison Compton,,27-09-2023,United States,Colorado,Logistics,Affiliate
CUST008436,James Wilcox,allenryan@example.net,09/27/2025,singapore,Tennessee,Hospitality,social
CUST009463,Lisa Campbell,crawfordsamuel@example.com,03-10-2025,AUS,Washington,Real Estate,  Paid Search  
CUST006988,William Arellano,jasonlucas@example.org,26-09-2024,FR,Tennessee,Media,AFFILIATE
CUST009546,  Nicole Thornton  ,christina41@example.net,02/11/2026,U.A.E,Minnesota,Media,EMAIL
CUST006906,Jessica Burns,rodriguezheather@example.net,2026-02-14,   India  ,Hawaii,Media,Google Ads
CUST007776,William Beltran,tamara68@example.org,2025-03-18,United states,South Carolina,Finance,  SOCIAL  
CUST004096,Peter Smith,kristinaking@example.net,07/21/2024,Australia,Connecticut,,Organic Search
CUST002819,Benjamin Chavez,wthompson@example.com,20-02-2023,BR,South Carolina,Finance,SOCIAL
CUST009945,Richard Franklin,mdavid@example.com,23-10-2025,Germany,Utah,Real Estate,Affliate
CUST003069,Sarah Lopez,bryantpeter@example.org,2026-07-31,SG,Wisconsin,,AFFILIATE
CUST006303,Cathy Davis,joshua24@example.org,2025-07-11, India,Colorado,Media,Instagram
CUST000850,Mr. Rodney Hurley III,umichael@example.net,10-09-2025,Brazil,Arkansas,Finance,Partner
CUST004851,Jennifer Cunningham,matthewhaynes@example.net,2024-02-22,AUS,,Hospitality,  referral  
CUST004359,Rebekah Ho,dawnmerritt@example.org,2025-09-15,CA ,,Real Estate,Display
CUST005167,Alicia Jones,krista46@example.com,2024-11-19,england,,Logistics,Paid-Search
CUST008889,Gregory Woodward,ebryant@example.org,2024-02-09,Australia,Georgia,Finance,referral
CUST003010,Philip Combs,pmay@example.org,2023-02-25,Brazil,Georgia,Finance,Display Ads
CUST000090,Mark Brown,lisaavery@example.org,,australia,Kansas,Media,social
CUST003922,Dawn Sweeney,vincentdavis@example.com,2026-01-28,Canada,Alaska,Logistics,Organic
CUST004142,Jennifer Davidson,tannerlori@example.com,10-04-2026,canada,Arizona,Education,social
CUST004293,Jeffrey Blake,andrea79@example.org,2023-06-17,DE,Texas,,Affiliate
CUST004366,Gabriel Frank,donna30@example.com,2026-06-26,brazil,Kansas,Hospitality,Paid-Search
CUST006457,Kathleen Simpson,amber21@example.net,2023-03-31,Singapore,Michigan,Media,Referal
CUST008099,Christie Shelton,xburnett@example.com,09-07-2023,germany,New Jersey,Retail,Display
CUST001143,Nathan Morales,garciatravis@example.org,2024-06-19,canada,North Dakota,Media,PPC
CUST005718,Heather Russell,corey91@example.org,2023-06-28,Singapore,,Manufacturing,Social
CUST005831,Lindsey Turner,,2023-09-19,CA ,Washington,Manufacturing,paid search
CUST002728,James Jones,corywatson@example.net,2025-05-25,AUS,Montana,Logistics,SOCIAL
CUST005012,Daniel Carter,monicatorres@example.com,2025-12-01,germany,Wyoming,Healthcare,Google Ads
CUST007251,Heather Sullivan,jacob60@example.com,23 Dec 2025,France,South Dakota,Hospitality,Affiliate
CUST006405,William Crawford,wongjordan@example.org,24-02-2026,Brazil,Utah,Finance,Affliate
CUST009184,CAROL HERMAN,evilla@example.com,05/21/2025,france,Hawaii,Logistics,Display Ads
CUST003043,Angela Contreras,dawnpark@example.com,27-05-2026,england,,Manufacturing,PAID SEARCH
CUST005544,Jessica Harris,anne18@example.org,2025-12-07,brazil,Illinois,,Display Ads
CUST009351,David Gonzalez ,,2023-06-12,brazil,Alabama,Healthcare,Partner
CUST004889,  David Ryan  ,draketheodore@example.org,2024-10-29,USA,Kentucky,Logistics,Affiliate
CUST003207,Brandon Pena,stevemorales@example.net,2024-10-11,india,Hawaii,Hospitality,  Partner  
CUST001166,Melissa Anderson,sosabruce@example.net,2023-10-16,BR,Illinois,Technology,Organic Search
CUST006734,Derek Kirby,stephensstephanie@example.net,2026-02-11,BR,Washington,Logistics,ORGANIC
CUST001686,Jill Price,matthew62@example.net,10 Dec 2025,SG,North Dakota,Technology,Email
CUST007860,Joseph Villa,josephreese@example.org,08/14/2024,Canada,Iowa,Media,Partner
CUST002368,  Robin Perez  ,patriciamorrison@example.org,25-09-2023,canada,Alabama,Education,Referal
CUST001138,Lisa Oconnell,gregoryrichardson@example.org,09/17/2024,australia,North Carolina,Hospitality,Display Ads
CUST004213,Kathryn Hickman,njenkins@example.org,,australia,,Healthcare,social
CUST007833,Brittany Meyers,brenda03@example.org,,SG,Georgia,Media,Organic
CUST008542,Angela Henry,robertfisher@example.com,25-03-2024,germany,Hawaii,Retail,affiliate
CUST004932,  Justin Davis  ,stanleygregory@example.net,2023-11-16,DE,Iowa,Education,DISPLAY
CUST004898,Albert Miller,eharrison@example.net,20-07-2024,canada,Wisconsin,Media,Organic Search
CUST009530,Nicole Jackson,greenlance@example.com,2025-02-10,Canada,Arizona,,social
CUST004796,Margaret Nicholson,angela32@example.net,2023-09-17,france,Tennessee,Media,AFFILIATE
CUST006383,Stacey Alvarez,ofrederick@example.com,01/05/2026,INDIA,Utah,Media,Referral
CUST003622,Eric Jordan,elizabeth56@example.org,2023-07-17,brazil,Maryland,Hospitality,social
CUST009933,Matthew Chan,theodoreadams@example.org,2024-06-02,Brazil,Maryland,Hospitality,referral
CUST002948,Maria Maldonado,christopher81@example.com,2024-06-30,singapore,,Logistics,Display
CUST001941,Erin Norris,abradley@example.com,20-02-2023,Singapore,Illinois,Hospitality,social
CUST008869,Dr. Kelly Martinez MD,santoswilliam@example.org,12/24/2025,DE,Texas,Logistics,SEO
CUST009891,Blake Taylor,bsoto@example.com,2025-11-11,india,Mississippi,Education,Google Ads
CUST004544,  Daniel Hebert  ,lisafoster@example.net,2023-10-12,U.A.E,Indiana,Hospitality,Google Ads
CUST003005,Michael Roberts,justin77@example.net,09-04-2025,U.A.E,Nevada,,display
CUST000521,Reginald Diaz,patricialawrence@example.com,2026-02-01,USA,Florida,Real Estate,Affiliate
CUST009487,Michael Trevino,westjesse@example.com,12-10-2025,UK,Oklahoma,Real Estate,paid search
CUST006350,Donald Brown,cortezeric@example.org,2025-10-21,canada,Maryland,Hospitality,Paid-Search
CUST007469,William Hernandez,jennifergarcia@example.net,2024-08-04,CA ,Illinois,Education,Referal
CUST003704,Micheal Adams,dmckay@example.org,2025-01-20,U.A.E,,Real Estate,email
CUST001921,Deborah Garza,christopherjackson@example.net,2023-01-16,France,Oregon,,E-mail
CUST004187,Jared Williams,ginagross@example.net,2025-04-22,U.K.,Indiana,Media,organic
CUST000116,Olivia Brennan,williamsonjimmy@example.net,2025-07-11,france,Maine,Healthcare,Partner
CUST009847,Kristin Gomez,jefferybeck@example.com,,France,North Carolina,Healthcare,organic
CUST004786,Mary Parsons,qgallagher@example.com,2026-03-26,USA,Oregon,Real Estate,Paid-Search
CUST007119,Kathleen Diaz,sperez@example.org,2026-06-09,Germany,,Technology,Facebook Ads
CUST009109,  Monica Arroyo  ,tiffanybailey@example.org,07/29/2024,AUS,,Real Estate,DISPLAY
CUST005468,Mike Green,petersangela@example.org,2025-04-10,United States,California,Logistics,Organic Search
CUST000021,Jennifer Powers,samuel87@example.org,2026-07-23,U.A.E,Kansas,,Paid Search
CUST000504,Joe Rivera,jonesgregory@example.com,2025-12-07,Canada,Oklahoma,Retail,Affiliate
CUST008974,  Megan Johns  ,rebeccamartin@example.com,2023-03-04,FR,Alabama,Manufacturing,Affiliate
CUST001860,Jessica Sharp,douglas31@example.net,2024-03-14,germany,,Healthcare,Display Ads
CUST006526,Sylvia Williams,yfuller@example.com,02-07-2025,BR,Arkansas,Finance,display
CUST009741,Sarah Kane,zunigadanielle@example.net,2023-04-29,U.K.,New Jersey,Manufacturing,SEO
CUST006724,Gerald Cook,hernandezmichael@example.net,2023-05-31,CA ,New York,Education,Referral
CUST006470,Aimee Griffith ,,2024-01-25,UAE,North Carolina,Real Estate,Affliate
CUST006684,Timothy Thompson,carolyn15@example.org,2024-01-30,brazil,Mississippi,Retail,AFFILIATE
CUST005750,Debra Meyers,smithmatthew@example.net,07/31/2024, India,Oklahoma,Healthcare,Email Marketing
CUST003118,Matthew Robles,moorejohn@example.net,05/27/2026,U.K.,Delaware,Manufacturing,Instagram
CUST002798,John Giles,robertevans@example.com,2024-05-15,United Arab Emirates,Arkansas,Hospitality,PPC
CUST004103,Sean Johnson,millerchelsea@example.com,2024-08-18,DE,,Media,Paid-Search
CUST006917,Terrance Rubio,eric63@example.com,04-09-2023,CA ,Oklahoma,Media,DISPLAY
CUST004199,  Justin Cunningham  ,ladams@example.com,12/23/2025,england,Missouri,Real Estate,paid search
CUST005173,  Rebecca Cruz  ,erinwatson@example.net,2025-11-10,canada,Utah,Education,SOCIAL
CUST004770,Julian Hughes,harrisonjulie@example.org,2023-12-24,australia,North Carolina,Logistics,Email Marketing
CUST002670,Aaron Pennington,jameswilliams@example.net,2026-05-12,U.S.A,North Dakota,Retail,ORGANIC
CUST005863,Laura Casey,raymondjanet@example.com,2026-07-30,canada,Wyoming,Retail,Affiliate
CUST005490,Patricia Mckee,michelle58@example.net,2025-04-04, India,Utah,Healthcare,Banner
CUST006210,Tyler Davis,william49@example.com,2023-01-14,france,South Dakota,Hospitality,referral
CUST009791,Danny Carpenter,higginsdonna@example.com,2025-02-12,France,New York,Hospitality,social
CUST007205,Donna Little,shaungarcia@example.org,10-06-2023,singapore,Missouri,Hospitality,PAID SEARCH
CUST001819,Brianna Obrien,david68@example.com,2025-02-22,canada,Alabama,Media,Referal
CUST003352,Jason Vincent,toddcollins@example.org,2025-05-28,CA ,Virginia,Real Estate,AFFILIATE
CUST007166,Michael Meyer,moyerluis@example.org,2025-05-09,  IN  ,Nebraska,Education,PAID SEARCH
CUST003008,John Gutierrez,landryalexis@example.net,2025-07-19,Brazil,,Hospitality,PPC
CUST001516,Joanna Bradshaw,ricardosmith@example.com,11-07-2025,BR,Wisconsin,Real Estate,Referral
CUST001765,Tara Thompson,millerjimmy@example.net,14-12-2025,United Arab Emirates,Vermont,Manufacturing,Facebook Ads
CUST009167,Heather Prince,lucaskevin@example.org,2026-06-14,SG,Kentucky,Hospitality,PPC
CUST003100,Phillip Walker,christinemorgan@example.net,2025-06-24,INDIA,Maine,Healthcare,DISPLAY
CUST006692,Jeffrey Burnett,ysimpson@example.com,2023-05-25,germany,Arkansas,Healthcare,Paid-Search
CUST006730,Michelle Becker,sarah26@example.net,2026-05-14,FR,Connecticut,Finance,SOCIAL
CUST000703,  Jamie Snyder  ,davislisa@example.net,02-01-2024,singapore,Wisconsin,Technology,Paid-Search
CUST006150,Michael Gonzalez,fthompson@example.org,20-01-2026,USA,,Real Estate,Display
CUST007019,Meghan Walters,joshua48@example.com,09/25/2023,United Arab Emirates,,Hospitality,AFFILIATE
CUST006648,  Michael Phillips  ,jroberts@example.org,04/02/2026,France,Vermont,Healthcare,organic
CUST005095,Lynn Santos,pmartin@example.com,2024-12-23,canada,New Mexico,,Banner
CUST001030,Kenneth Collins,waynecohen@example.com,2025-10-05,U.A.E,Illinois,Retail,Organic
CUST007918,Ronald Baker,mossgary@example.org,2025-01-31,CA ,,Finance,email
CUST009724,  Vanessa Thompson  ,meltontiffany@example.net,2023-10-31,australia,Indiana,Education,Organic
CUST007176,Angela Martin,beardarthur@example.net,22 Mar 2024,FR,,Education,affiliate
CUST000200,Brian Murphy,kirk96@example.org,27 Dec 2023,DE,Vermont,Hospitality,EMAIL
CUST009904,  Terry Sexton  ,jamespeterson@example.com,2026-04-09,AUS,,Healthcare,Referal
CUST006497,Alejandra Riley,rhamilton@example.net,08-01-2026,UK,Oregon,,Paid Search
CUST003891,Kelsey Jones,tbyrd@example.com,2023-07-16,United Arab Emirates,Hawaii,Healthcare,ORGANIC
CUST009787,Christopher Rodriguez,sarajohnson@example.net,23-08-2025,US,Alabama,,paid search
CUST005182,Anna Villarreal,teresa94@example.org,2024-07-10,UK,Alabama,Real Estate,Social
CUST003255,  Christian Thomas  ,richarddiaz@example.net,,UAE,,Technology,Partner
CUST000714,Timothy Johnston,goodashley@example.net,04/03/2023,U.S.A,Mississippi,Logistics,Organic Search
CUST007524,Jamie Reilly,dandrade@example.net,19-08-2023,UK,Virginia,Finance,Affliate
CUST002175,Steven May,tonycraig@example.net,02/21/2025,Australia,Oklahoma,Healthcare,Referal
CUST003456,Lawrence Sanders,keith60@example.com,02/21/2025,Germany,Oklahoma,Hospitality,E-mail
CUST002783,Melissa Brown,whubbard@example.org,24-06-2024,DE,Ohio,Hospitality,EMAIL
CUST003369,Rachel Alvarez,ebarnes@example.com,07/03/2023,CA ,Alaska,Real Estate,display
CUST009806,Danielle Evans,,2023-08-10,UK,Maryland,Media,Display
CUST009589,Sabrina Williams,phillipsmichelle@example.net,2024-03-26,USA,Minnesota,Healthcare,  Affliate  
CUST004323,Michele Perry,youngsarah@example.com,2026-06-02,France,Pennsylvania,Education,organic
CUST001298,John Smith ,,09-01-2024,UAE,Oregon,,REFERRAL
CUST005699,Michael Ortiz,stanleylatasha@example.org,2023-08-21,canada,Alaska,Finance,PPC
CUST007843,RHONDA JONES,kylescott@example.net,2025-05-27,FR,Missouri,Healthcare,Banner
CUST004414,Brian Johnson,adambradley@example.org,16-05-2026,germany,,Finance,PPC
CUST006718,Victoria Young,monica98@example.net,2025-10-01,United Arab Emirates,Kentucky,Manufacturing,Google Ads
CUST002538,Kayla Black,caguilar@example.org,2026-01-23,   India  ,Oklahoma,Retail,  ORGANIC  
CUST003058,April Arellano,robertsdavid@example.net,02/17/2023,Canada,New Jersey,Education,Partner
CUST008316,John Cross,smurphy@example.org,2023-09-09,  CA   ,New Hampshire,Logistics,Referral
CUST001632,Angela Key,pmckenzie@example.net,2024-01-09,  United Kingdom  ,Georgia,Finance,Referral
CUST002246,James Meyers ,,2023-11-12,United Arab Emirates,South Carolina,Retail,social media
CUST002675,Melissa Powell PhD,elizabethwalls@example.com,2023-12-18,france,Iowa,Hospitality,organic
CUST008403,Christian Eaton,timothy84@example.net,2023-05-04,Brazil,Kansas,Hospitality,REFERRAL
CUST009964,Traci Webb,katrina17@example.net,,France,Wisconsin,Retail,Organic Search
CUST008744,Darlene Austin,bradleylisa@example.net,2023-03-10,UK,Tennessee,Education,Banner
CUST000369,  Wesley Cuevas  ,jessicapayne@example.org,12-05-2025,australia,Georgia,Healthcare,email
CUST005248,Nicholas Davis,rebecca42@example.net,28-05-2024,FR,Kentucky,Retail,Referral
CUST003299,  Rachel Travis  ,zachary18@example.net,2024-04-13,england,Ohio,,AFFILIATE
CUST002405,Lisa Hansen,cheryl54@example.com,2024-05-26,INDIA,Texas,Logistics,SEO
CUST007998,Steven Myers,hbutler@example.net,2025-10-11,France,,Manufacturing,Display
CUST003888,CODY ALLEN,darrenwilson@example.org,11 Jul 2024,  United Kingdom  ,Wyoming,Media,PPC
CUST003066,Taylor Owens,abigail56@example.com,2024-09-05,  AUS  ,,Technology,affiliate
CUST007420,Whitney Smith,oharrell@example.com,20 Nov 2023,Canada,,,referral
CUST007222,Mackenzie Johnston,christopher52@example.org,18-06-2025,UAE,Maryland,Logistics,Display Ads
CUST009049,Sara Freeman,tcastillo@example.com,03/25/2025,United Arab Emirates,Indiana,Healthcare,Display
CUST003708,Heather Burns ,,2025-07-18,U.A.E,Georgia,Finance,E-mail
CUST008735,Kayla Rodriguez,johnsonmichael@example.com,06/08/2024,India,Utah,Retail,Display Ads
CUST009642,Craig Anderson,russellgregory@example.net,12/16/2023,  Singapore  ,,Logistics,Paid Search
CUST001994,Lisa Wagner,victoria17@example.net,2025-10-26,USA,Nebraska,Media,Paid Search
CUST008081,Edward Clark,robertchavez@example.net,22-11-2024,DE,Tennessee,Manufacturing,organic
CUST004439,Jordan West,,21-11-2025, India,Vermont,Technology,Referral
CUST009611,Bruce Diaz,hullcynthia@example.com,09/17/2023,U.A.E,New Jersey,Finance,  Facebook Ads  
CUST007768,John Henderson,ryan09@example.net,03/30/2023,DE,Nevada,Education,Referral
CUST003784,Ashley Horn,angelmiller@example.org,,Canada,,Finance,Banner
CUST005893,Patricia Nguyen,onealjohn@example.net,11/14/2025,FR,Vermont,Education,Paid-Search
CUST009515,NANCY DUNLAP,juliaflores@example.org,24 Aug 2023,UK,,Education,PPC
,Mrs. Breanna Gordon,belinda28@example.com,05 Feb 2025,SG,Maine,Hospitality,Paid-Search
CUST007276,David Scott,robinsonthomas@example.org,07/16/2025,United Arab Emirates,Michigan,Real Estate,email
CUST007850,Matthew Hughes,,03/08/2023,CA ,West Virginia,Media,affiliate
CUST008595,Eric Ortiz DVM,doylemary@example.com,14-06-2023,india,North Carolina,Real Estate,Social
CUST000176,  Matthew Bates  ,brookehurley@example.com,01/08/2025,Canada,,Finance,email
CUST001746,Brenda Garcia,shelbyyoung@example.com,05-07-2023,U.S.A,Minnesota,Manufacturing,Display Ads
CUST007554,Juan Combs,devin05@example.org,,United Kingdom,Arkansas,Hospitality,Organic Search
CUST003980,Stephanie Delgado,tphillips@example.com,2023-07-06,United states,,Education,Display Ads
CUST009899,Daniel Hunt,gregorybishop@example.net,2023-06-09,CA ,New Hampshire,Education,Google Ads
CUST006548,Kimberly Hall,jennifermedina@example.org,30-12-2024,UAE,Texas,Logistics,  email  
CUST005366,Madison Bryant,bbrown@example.com,06-07-2023,UAE,Alaska,Technology,Display Ads
CUST005162,Angela Daniel,kelly20@example.com,2023-06-16,FR,Kentucky,Retail,SOCIAL
CUST005675,Sarah Edwards,kellimedina@example.com,2024-07-26,india,Massachusetts,Healthcare,Display Ads
CUST002892,Erica Hines,ddonovan@example.com,10/16/2025,australia,South Carolina,Education,  AFFILIATE  
CUST003860,Brian Woods,wardbrandy@example.net,04 Aug 2024,singapore,Maine,Education,SEO
CUST008454,Melissa Ortiz,millermatthew@example.org,2023-03-01,UAE,Georgia,Education,Google Ads
CUST002992,Veronica Adams,jonesvanessa@example.net,17-01-2025,DE,New Hampshire,Hospitality,Google Ads
CUST009709,Kimberly Everett,hsingleton@example.org,11-07-2023,  Germany  ,Texas,Technology,Facebook Ads
CUST006866,  SARAH BENNETT  ,emartinez@example.net,01/08/2025, India,,Education,SOCIAL
CUST000456,Kathleen Lynch,marie35@example.net,2023-03-15,singapore,Nebraska,Hospitality,social media
CUST007976,Patrick Murray,vdodson@example.net,2024-12-12,AUS,South Dakota,,Organic
CUST001673,Cathy Farmer,allenchristina@example.com,2023-08-08,Australia,West Virginia,Technology,organic
CUST000874,Jeffrey Green,rubiogeorge@example.net,12/27/2024,brazil,Delaware,Retail,PPC
CUST004066,Jocelyn Campbell,michelle63@example.net,2024-07-09,brazil,Maryland,Hospitality,Organic
CUST003551,  Steven Howell  ,ann63@example.net,2023-01-10,singapore,Wyoming,Manufacturing,Display
CUST009706,Nathaniel Nichols,lindarobertson@example.org,24-11-2025,FR,,Healthcare,Display
CUST007187,Kimberly Short,shannonmorton@example.org,2025-10-30,canada,Alaska,Media,Banner
CUST001721,Raymond Rocha,carrolljessica@example.com,17-04-2025,United Arab Emirates,New Hampshire,,referral
CUST002803,John Myers,grantalyssa@example.org,07/08/2023,US,Kansas,Healthcare,Email Marketing
CUST006246,  Michael Fowler  ,pwalker@example.com,2023-02-08,AUS,North Dakota,Media,PPC
CUST007058,Douglas Williams,saundersvictor@example.org,26-05-2026,IN,Kentucky,Media,AFFILIATE
CUST003901,Matthew Farrell,stewartpamela@example.com,07/22/2024,france,Alaska,Healthcare,PPC
CUST008114,Jennifer Hall,,2023-04-27,CA ,New York,Manufacturing,Affliate
CUST003658,Robert Bell,warnerangela@example.com,04/15/2025,United Arab Emirates,New York,Real Estate,Organic Search
CUST003035,Brendan Dalton,garciapenny@example.net,2025-07-15,Germany,Tennessee,Finance,Organic
CUST003479,Amanda Garcia,bentleysteve@example.net,2025-09-12,Germany,Louisiana,Logistics,DISPLAY
CUST008226,Timothy Norris,mmorris@example.org,19-01-2024,canada,Maine,Education,Referral
CUST004024,Jeffrey Keller,webbamanda@example.net,12/15/2023,FR,Maryland,,affiliate
CUST002331,Amanda Hall,fspears@example.net,2023-08-21,SG,North Carolina,,Google Ads
CUST000956,  Kim Rivers  ,kristin39@example.com,2025-05-24,FR,Colorado,Healthcare,email
CUST001136,Monica Castillo,sullivanchristina@example.net,2023-10-29,USA,Alabama,Real Estate,paid search
CUST009173,David Park,thomasprice@example.org,2026-05-11,singapore,Connecticut,Manufacturing,organic
CUST004590,Amy Garcia,rlee@example.org,,Canada,Delaware,Real Estate,Organic Search
CUST001082,Michael Cooper,lisa56@example.com,2024-10-31,Brazil,South Carolina,Logistics,DISPLAY
CUST003897,Christopher Hines,josephlloyd@example.net,2023-02-07,canada,Mississippi,Education,Banner
CUST008030,Jacob Walton,rossdavid@example.net,11/03/2024,france,,Technology,PAID SEARCH
CUST005832,Hayley Paul,adamsjohn@example.com,01-01-2025,AUS,Tennessee,Media,Instagram
CUST000248,Robert Rivera,twong@example.org,16-07-2025,UK,Alabama,Finance,SEO
CUST003900,Autumn Johnson,eileenmoyer@example.net,2024-07-09,canada,Washington,,Google Ads
CUST006791,RYAN ESPINOZA,,,canada,Alabama,Hospitality,affiliate
CUST008184,Annette Simmons,ashley97@example.org,2024-08-10,FR,North Carolina,Manufacturing,AFFILIATE
CUST001046,Christopher Perry,ochoamarcus@example.net,2023-10-14,U.A.E,Illinois,Real Estate,display
CUST000388,Christopher Flores,anthonycochran@example.com,2026-04-30,canada,Arkansas,Retail,Display Ads
CUST003651,Andrew Ward,armstrongjoshua@example.org,2023-12-11,SG,Missouri,Finance,display
CUST006349,  Lynn Anderson  ,kayla46@example.net,13-03-2025,AUS,Maryland,Logistics,PPC
CUST009599,Matthew Barnes,barkerjacob@example.org,2024-10-19,CA ,Delaware,Real Estate,social
CUST000232,Crystal Williams,ojackson@example.net,2023-03-18,United Arab Emirates,,Hospitality,Email Marketing
CUST007045,Elizabeth Johnson,adamsgregory@example.org,2024-08-01,DE,,Logistics,Referral
CUST004852,Benjamin Pierce,diazpamela@example.org,2024-06-27,Australia,North Dakota,Healthcare,Paid Search
CUST006489,Megan Perez,ejones@example.net,2024-01-09,england,Arizona,Retail,REFERRAL
CUST009272,Emily Wilson,,12/18/2023,United Kingdom,New Mexico,Retail,affiliate
CUST009863,Emily Diaz,washingtonjessica@example.com,11-05-2026,UK,,Healthcare,referral
CUST009840,Heather Howard,boothjuan@example.net,2026-05-12,  France  ,Indiana,Logistics,Display
CUST002231,Sara Garcia,qbecker@example.com,06 Aug 2023,FR,Iowa,Logistics,email
CUST007969,Michelle Berry,bnguyen@example.com,06/27/2023,USA,Wyoming,Retail,Organic Search
CUST006338,Matthew Soto,wesley71@example.net,2024-03-17,france,Illinois,Hospitality,Affliate
CUST003733,Nichole Rhodes,brandon11@example.org,05/18/2025,SG,Michigan,Manufacturing,DISPLAY
CUST003387,Sean Lewis,kingjessica@example.net,2025-12-27,AUS,Michigan,Technology,AFFILIATE
CUST000739,Tasha Ortega,,2026-05-02,United Kingdom,Alabama,Education,Email Marketing
CUST005396,Julia Barnes,dcox@example.org,15-09-2025,germany,Washington,Retail,referral
CUST007380,Daniel Lopez,randy18@example.org,2025-04-11,  singapore  ,Utah,Hospitality,EMAIL
CUST000801,Thomas Perry,wpage@example.org,2025-01-09,SG,Illinois,Retail,social
CUST006112,Patrick Knox,rjones@example.org,2025-09-16,UAE,North Carolina,Healthcare,Instagram
CUST002791,Joanna Mcknight,bryanmorgan@example.net,11/12/2024,DE,New Hampshire,Logistics,Instagram
CUST004283,William Jenkins,patrickturner@example.com,2023-03-05,Brazil,Massachusetts,Hospitality,REFERRAL
CUST005282,  John Leach  ,weaverhector@example.com,2026-01-30,Brazil,,Finance,Google Ads
CUST000636,Kelsey Scott,campbellkristina@example.net,2024-08-06,United Arab Emirates,,Real Estate,Email Marketing
CUST007965,Veronica May,qbradley@example.com,20-01-2025,brazil,Kansas,Real Estate,display
CUST000578,Mary Shepard,clarkrandy@example.org,2026-07-20,DE,California,Retail,Email Marketing
CUST000449,Elizabeth Carter,ryan25@example.com,,Germany,Minnesota,Real Estate,PPC
CUST001325,  Alex Thomas  ,georgeharmon@example.net,2023-10-23,U.K.,Illinois,Real Estate,REFERRAL
CUST006892,Tony Diaz,christopher23@example.org,2025-06-27,france,Michigan,Real Estate,social media
CUST006991,Brian Jones,gphillips@example.org,21-10-2023, India,Massachusetts,Finance,Display
CUST009345,Sara Garcia,ashleyfisher@example.org,2026-03-31,BR,New Hampshire,Healthcare,social
CUST009034,  Allen Henderson  ,zcastillo@example.org,2024-12-17,IN,South Dakota,Media,REFERRAL
CUST008808,Alicia Cummings,randydavis@example.net,2024-05-09,India,Maine,Media,SOCIAL
CUST005170,Kimberly Alexander,michaelsmith@example.net,2024-08-04,brazil,Pennsylvania,Technology,SEO
CUST003361,Jasmine Perry,doughertyjulie@example.org,21-05-2023, India,Kentucky,Manufacturing,Paid-Search
CUST000001,Allison Hill,donaldgarcia@example.net,2023-08-17,INDIA,,Finance,  social  
CUST006977,Michael Matthews,cooksarah@example.com,2023-08-25,U.A.E,Maryland,Healthcare,Email
CUST002299,Adam Snyder,iedwards@example.com,07-07-2023,Canada,Idaho,,Social
CUST009066,  Heather Williams  ,marklong@example.org,10/12/2024,UK,,Healthcare,AFFILIATE
CUST005767,Theodore Banks,millsbrittany@example.net,03-08-2025,Singapore,Delaware,Manufacturing,Display
CUST009710,Jody Stein,rosevega@example.org,02/09/2023,FR,Ohio,Education,referral
CUST005528,Cheryl Hensley,duncanvanessa@example.com,22-03-2025,england,Nebraska,Retail,DISPLAY
CUST001385,Randall Cox,hedwards@example.net,2025-07-21,Germany,Kansas,Hospitality,Google Ads
CUST004763,Danny Harris,williamjordan@example.org,2024-11-28,United Kingdom,Massachusetts,Retail,Referral
CUST009044,Lee Parks,grantlogan@example.org,2025-08-09,  USA  ,Utah,Finance,Partner
CUST007408,James Cooper,christina45@example.net,2023-10-02,Germany,Arkansas,Healthcare,Display
CUST005708,Kristina Marshall,awalker@example.com,2024-10-18,AUS,Connecticut,Media,Referral
CUST006288,Karen Day,,2023-08-02,CA ,Vermont,Media,email
CUST002326,Robin Good,harrisonnicholas@example.net,22 May 2024,  BR  ,,Manufacturing,  Affiliate  
CUST005796,Ryan Martin,brett70@example.com,20-11-2025,UAE,Nebraska,Real Estate,display
CUST001840,CHARLES GRAHAM,jeremycollins@example.net,2025-09-12,Singapore,California,Finance,  email  
CUST005764,  Derek Allison  ,justinhowell@example.com,25-10-2025,USA,Florida,Real Estate,display
CUST001922,Ashley Burnett,trobinson@example.org,2025-03-10,United States,,Technology,display
CUST009329,Courtney Miranda,ryanrobinson@example.com,06/01/2025,Brazil,,Hospitality,Facebook Ads
CUST007748,Dean Scott,kyork@example.org,2026-01-06,AUS,Kansas,Finance,social media
CUST007389,Tiffany Adams,pwatson@example.com,06-07-2024,FR,Virginia,Manufacturing,E-mail
CUST002981,Gregory Rodgers,,01-12-2023,germany,New Jersey,Retail,Referral
CUST007087,Patricia Shields,francesthomas@example.net,06/29/2025,U.A.E,Alaska,Education,Organic Search
CUST006659,Joshua Wilson,hgomez@example.com,,US,West Virginia,Education,Email Marketing
CUST008383,Mary Bennett,nicole11@example.com,2026-07-15,Canada,Colorado,Finance,PPC
CUST001447,Robert Savage,aclark@example.org,2023-12-23,United Kingdom,Indiana,Technology,email
CUST002699,Benjamin Marshall,denise76@example.net,2024-12-12,france,Delaware,Healthcare,affiliate
CUST006123,Matthew Garza,,10/21/2025,INDIA,,Media,social media
CUST006050,Jason Compton,nicholas27@example.org,24-06-2026,canada,,Media,Referal
CUST003499,  Diana Crawford  ,greenemily@example.org,2024-04-02,France,,Finance,Facebook Ads
CUST008785,Patrick Jackson,qjensen@example.net,2024-05-03,Brazil,Indiana,Media,Email Marketing
CUST008691,Amber Marquez,erikacraig@example.com,01/05/2025,india,Kansas,Finance,Organic
CUST002879,Adam Cole,katherinewinters@example.com,27-12-2024,United Arab Emirates,Alaska,Manufacturing,SEO
CUST005239,Gina Miller,julie11@example.net,30-06-2024,Canada,Massachusetts,Media,Affliate
CUST007529,Christopher Hancock,cassandrabanks@example.org,12/18/2023,United states,,Technology,Organic Search
CUST000214,Sarah King,david49@example.net,2024-07-19,france,Colorado,Technology,Affiliate
CUST004339,  Julie Griffin  ,isaiahbrown@example.net,03/20/2024,India,Rhode Island,Logistics,referral
CUST008999,Anthony Holt,jrogers@example.org,02 Nov 2025,U.S.A,,Education,Paid-Search
CUST004201,Brianna Ortega,josephcastro@example.org,,canada,,Manufacturing,Organic Search
CUST009732,Johnathan Rasmussen,johncampbell@example.net,2023-11-03,U.K.,Nevada,Real Estate,  Social  
CUST006531,Jesus Knox,tyler42@example.com,2024-04-05,U.A.E,Utah,Education,Affiliate
CUST005815,Kimberly Levy,xellis@example.org,2024-03-19,UAE,Missouri,Hospitality,Instagram
CUST007154,Allison Mata,vjackson@example.com,03-03-2025,CA ,Arkansas,Finance,referral
CUST009123,Samantha Jacobs,ricesusan@example.com,2024-01-17,england,California,Technology,Instagram
CUST007113,Mark Stone,younglisa@example.com,07/15/2025,SG,Wisconsin,Retail,ORGANIC
CUST005724,Corey Leon,garrettreid@example.com,06/28/2023,france,Kentucky,Real Estate,  E-mail  
CUST003712,James Wright,belindamartin@example.com,01/17/2024,United Arab Emirates,South Dakota,Technology,social media
CUST007661,Dr. James Figueroa,sarah40@example.com,18-01-2024,Singapore,Montana,Finance,DISPLAY
CUST007018,Robert Stephens,grantdustin@example.org,10/27/2025,US,,Hospitality,organic
CUST007639,Christopher Walker,,18-04-2025,Brazil,Oklahoma,Hospitality,Email Marketing
CUST004237,William Hall ,,2024-09-22,singapore,Connecticut,Education,PPC
CUST008630,  Evan Mcdaniel  ,dawnmccann@example.net,06-01-2024,france,Hawaii,Hospitality,Paid-Search
CUST005529,Frank Shaffer,bradshawjoseph@example.net,2024-05-18, India,Iowa,Finance,Affiliate
CUST007964,ANN SMITH,torrestanya@example.org,2025-09-28,BR,Missouri,Logistics,REFERRAL
CUST007800,Joshua Waller,frederick50@example.com,2023-11-09,DE,Nebraska,Retail,Email Marketing
CUST006976,James King,wallercarl@example.net,2026-07-04,DE,Virginia,Logistics,Organic
CUST006410,Connie Randall,mckayamanda@example.net,22 Aug 2025,singapore,Florida,,referral
CUST008440,Jessica Hale,robertthompson@example.com,,Germany,Michigan,Technology,Affliate
CUST000454,Christine Jennings,turnerdorothy@example.net,2024-11-25,Singapore,North Dakota,Education,PAID SEARCH
CUST002472,Kelsey Pearson,danieldunn@example.org,2024-09-17,India,Iowa,Retail,Google Ads
CUST003568,  Sarah Molina  ,william91@example.com,30-10-2023,United Arab Emirates,Ohio,Finance,Referral
CUST004586,Jeff Reeves,katie48@example.com,29-03-2024,england,Louisiana,Healthcare,Paid-Search
CUST001585,Sharon Guerrero,christina26@example.org,2025-02-28,germany,Idaho,Technology,SEO
CUST002220,Matthew Newman,tracyjohnson@example.net,21 Sep 2024,SG,Ohio,Finance,DISPLAY
CUST000698,Rebecca Nguyen,sparksamanda@example.com,2023-10-18,  india  ,Pennsylvania,,Display Ads
CUST002458,Lauren Hall,stevencortez@example.org,2026-05-11,U.A.E,Tennessee,Technology,Organic
CUST003221,Daniel Wilson,cruzolivia@example.org,06/27/2023,india,New York,Manufacturing,organic
CUST001161,Donald Silva,eatondavid@example.net,2026-03-22,India,Rhode Island,Healthcare,Google Ads
CUST000565,Adam Craig,ucarpenter@example.com,01-08-2025,Australia,South Carolina,Retail,AFFILIATE
CUST000076,Mary Jones,alexander67@example.org,24 Sep 2023,France,,Education,Referal
CUST001992,William Allen,mccoyjames@example.org,,FR,Florida,Technology,Paid Search
CUST006738,Robyn Clarke,jason28@example.net,2025-11-28,United Arab Emirates,,Media,social media
CUST006749,  Alexander Brown  ,kenneth15@example.com,2025-01-28,germany,Wyoming,Logistics,paid search
CUST001163,  Lisa Turner  ,mmayo@example.net,08-03-2025,france,,Manufacturing,Paid-Search
CUST001031,Charles Brown,pjacobs@example.net,2026-05-29,United States,Michigan,Manufacturing,organic
CUST009174,Matthew Ruiz,,2025-02-17,singapore,Virginia,Media,Organic Search
CUST001362,Phillip Benton,porterarthur@example.com,2024-02-17,US,Pennsylvania,Finance,SEO
CUST005246,Vincent Smith,bradleyemily@example.com,07/18/2024,AUS,Minnesota,Media,Display Ads
CUST002226,Thomas Moses,jose08@example.org,21-07-2025,brazil,Ohio,Real Estate,Social
CUST002962,Tracie Johnson,williamsbrenda@example.org,23 Apr 2025,  Germany  ,,,Organic
CUST005047,Thomas Spencer,jaimegarcia@example.com,2026-01-03,england,Texas,Healthcare,PPC
CUST002946,Miranda Bennett,gabriel67@example.com,23-03-2023,United Arab Emirates,North Dakota,Healthcare,organic
CUST003014,Brendan Roberts,anthonyortiz@example.org,03/28/2023,singapore,Connecticut,Hospitality,PPC
CUST007678,Christina Moody,rlindsey@example.com,09-02-2026,brazil,North Carolina,Manufacturing,Banner
CUST004855,Alvin Smith ,,02-03-2023,  UAE  ,Hawaii,Manufacturing,AFFILIATE
CUST009991,Jennifer Fuentes,josemurphy@example.net,29-09-2023,FR,New Jersey,Finance,display
CUST006313,Jennifer Jones,stevenjackson@example.com,2024-01-16,  United States  ,Connecticut,Real Estate,  organic  
CUST003284,Jacqueline Snyder,igarcia@example.net,2023-09-21,FR,,Hospitality,social
CUST009332,Dana Ferguson,johnlewis@example.com,2023-03-30,India,Illinois,Technology,Referral
CUST008163,Miguel Robinson,donnaacosta@example.net,19-09-2024,Canada,Mississippi,Manufacturing,Partner
CUST006112,Patrick Knox,rjones@example.org,2025-09-16,UAE,North Carolina,Healthcare,Instagram
CUST004866,Carol Le,gilbertamanda@example.org,07/05/2023,DE,,Hospitality,Paid Search
CUST000980,Justin Gibson,pdavidson@example.org,2025-04-04,Germany,Massachusetts,Hospitality,Instagram
CUST000368,Jesus Wood,anne49@example.org,01-07-2023,germany,,Hospitality,Display
CUST002645,  Katherine Gonzalez  ,schmidtsteven@example.org,03/17/2025,singapore,Texas,Manufacturing,referral
CUST004965,Sharon May,emartin@example.com,24 Jan 2024,singapore,Minnesota,Retail,email
CUST002131,Erin Taylor,nicholas09@example.org,2023-08-03,Australia,Vermont,Logistics,referral
CUST005308,Melissa Wagner,suarezamy@example.net,24-11-2025,AUS,Missouri,Finance,SEO
CUST003504,  John Pena  ,fieldsjacob@example.org,2024-03-25,AUS,New York,Healthcare,affiliate
CUST007252,  Andrea Davis  ,abutler@example.com,2023-12-16,India,Louisiana,Hospitality,Partner
CUST008084,Glen Aguirre,nkelly@example.com,2024-06-05,U.K.,Colorado,Healthcare,SEO
CUST003662,Makayla Velasquez,william81@example.com,13-01-2026,U.K.,Alabama,Logistics,Google Ads
CUST005242,Ryan Scott,nicholas57@example.com,2023-05-04,UK,Alabama,,SEO
CUST006278,Mary Hubbard,kevincastillo@example.org,2023-08-20,France,Oregon,,Social
CUST002305,Whitney Hawkins,kmorris@example.org,07-11-2024,France,Colorado,Retail,E-mail
CUST002376,  Christopher Joseph  ,walterskaren@example.com,09-06-2026,United states,Kentucky,Education,Paid-Search
CUST006025,Reginald Valdez,jenniferthomas@example.com,06/08/2025,UAE,South Dakota,Retail,Display
CUST008396,Ashley Johnson,matthew19@example.net,2023-09-04,france,Virginia,Real Estate,Referal
CUST004117,Chris Foster,zbarrett@example.com,04-11-2024,INDIA,Rhode Island,Retail,E-mail
CUST005252,Kathy Phillips,griffinpatrick@example.net,27-07-2026,United Arab Emirates,Colorado,Logistics,Organic Search
CUST000642,Courtney Peterson,fsandoval@example.net,2025-07-18,Australia,Missouri,Retail,social media
CUST008666,Dominique Hardy,alvarezmichael@example.com,27 Nov 2025,India,,Manufacturing,  DISPLAY  
CUST001173,Logan Nguyen,garrettalex@example.com,29 Dec 2023,United Kingdom,Iowa,Retail,SEO
CUST003637,Blake Wood,mckenziecurtis@example.net,09 Jun 2025,U.A.E,South Dakota,Manufacturing,AFFILIATE
CUST000811,JOHN PETERSON,curtismoore@example.org,2024-10-24,india,Illinois,Finance,affiliate
CUST002794,Angela Hardy,perrywayne@example.org,04 Jun 2025,BR,Missouri,Healthcare,affiliate
CUST005294,Colton Evans,sbell@example.org,2024-07-23,INDIA,Colorado,,paid search
CUST009620,Melissa Murillo,dianemorgan@example.net,2025-05-24,SG,North Carolina,Hospitality,Facebook Ads
CUST003382,Rachael Reyes,jeansmith@example.com,2025-06-29,US,Virginia,Media,organic
CUST004182,Bobby Davis,erin85@example.org,18-05-2026,U.A.E,Colorado,Retail,Email Marketing
CUST001671,Kelly Rodriguez,fosternicole@example.org,2026-02-06,UK,,Manufacturing,  paid search  
CUST007599,Jason Gardner,deckerrobert@example.com,14-06-2025,DE,,Healthcare,Organic Search
CUST000113,Andrew Shaw MD,sawyerscott@example.net,08-09-2023,canada,New Jersey,Manufacturing,social
CUST005662,Allen Benson,michaelramos@example.com,25-05-2026,canada,Mississippi,Logistics,SEO
CUST004247,Sean Harrison,ronald27@example.org,11/24/2025,Brazil,Pennsylvania,Hospitality,affiliate
CUST008911,Anne Mathews,christina74@example.com,05-02-2026,Singapore,Massachusetts,Education,SEO
CUST006159,Thomas Jordan,brendanchavez@example.net,17-07-2026,brazil,New Hampshire,Retail,Referal
CUST002684,Matthew Brown,tuckerkurt@example.org,11/02/2024,BR,North Dakota,Hospitality,Organic
CUST004260,Diane Hayes,nathanielmercer@example.net,17-03-2025,BR,Texas,Finance,Instagram
CUST000524,Teresa Williams,qhall@example.com,18-06-2024,INDIA,Iowa,Healthcare,EMAIL
CUST006177,Cynthia Weaver,paigeosborn@example.net,2025-01-07,US,New Mexico,Finance,Email Marketing
CUST007355,  Elaine Huang  ,dmcguire@example.com,,india,,,PAID SEARCH
CUST002022,Travis Taylor,hufftina@example.org,13 May 2023,france,Minnesota,Technology,Google Ads
CUST001185,Stephen Perry,barrandrew@example.com,12/17/2023,BR,Missouri,Retail,REFERRAL
CUST003686,Lori Miller,foleyaaron@example.net,03/21/2026,U.S.A,West Virginia,Real Estate,SOCIAL
CUST003130,Emily Potter,qmadden@example.net,,IN,New Hampshire,Real Estate,Facebook Ads
CUST001292,Tina Robinson,jacobsonbarbara@example.org,2024-04-19,France,California,,Email
CUST004730,Meghan Archer,cphelps@example.net,2023-06-14,BR,Missouri,Media,referral
CUST004469,Jessica Silva,francisdelacruz@example.com,18-03-2025,BR,Kansas,Education,Display Ads
CUST008752,Joel Ramirez,ibrown@example.net,03/23/2025,Brazil,South Dakota,Technology,SEO
CUST000717,Kimberly Riley,bergeramanda@example.org,2024-12-12,Canada,New Mexico,Finance,PAID SEARCH
CUST009590,Alexandra Avila,leetammie@example.net,,australia,Virginia,Real Estate,EMAIL
CUST000616,Jennifer Schultz,charlene98@example.org,07-06-2023, India,Missouri,Manufacturing,Affliate
CUST001178,Terri White,andrew22@example.com,2024-03-29,AUS,,Manufacturing,  referral  
CUST009770,Lisa Smith,utate@example.org,2025-07-23,India,Kansas,Technology,REFERRAL
CUST009927,Cassandra Davis MD,opennington@example.org,2025-08-27,Canada,South Dakota,Real Estate,Referal
CUST004428,Christopher Patterson,dan14@example.net,2023-07-24,india,,Media,Partner
CUST002830,Clayton Rogers,anthonyrandolph@example.com,27 Aug 2023,AUS,Nevada,Real Estate,AFFILIATE
CUST008257,Jessica Thompson,michaelschmidt@example.com,2023-12-30,U.S.A,Iowa,Logistics,  AFFILIATE  
CUST000799,Jessica Mosley,maryharper@example.org,2023-05-02,United States,Indiana,Real Estate,DISPLAY
CUST008483,Megan Hill ,,07-02-2023,AUS,Oklahoma,Real Estate,DISPLAY
CUST005276,Michael Edwards,ismith@example.net,2023-08-20,FR,Vermont,Education,social media
CUST002969,Megan Stevenson,jennifer44@example.org,08 Mar 2025,BR,Maryland,Retail,Paid Search
CUST002174,Crystal Wilson,tylerrodney@example.com,,U.A.E,Nevada,,DISPLAY
CUST008858,Timothy Walters,bvillegas@example.org,16-04-2023,UK,Washington,Finance,Referral
CUST000314,Brittany Cuevas,agarcia@example.org,03/03/2024,Singapore,Delaware,,Organic
CUST004765,Brett Clayton,fpena@example.org,21-02-2025,canada,Georgia,Logistics,Partner
CUST002076,Nicole Mejia,mallory30@example.org,2024-08-27,india,Maryland,Finance,PAID SEARCH
CUST001296,Benjamin Lopez,athomas@example.net,2025-06-16,FR,New Mexico,Finance,DISPLAY
CUST001773,Jacqueline Lucero,dylan78@example.com,2025-07-18,australia,Mississippi,Media,referral
CUST003169,Connor Herman,umartinez@example.org,14-07-2025,singapore,South Dakota,Retail,Referral
CUST005068,Robert Guerra,jilladams@example.com,2023-12-06,INDIA,Indiana,Retail,ORGANIC
CUST008927,Thomas Perez,masseyalisha@example.net,2026-02-21,canada,Missouri,Finance,Email
CUST001251,Michael Knapp,armstronganthony@example.net,2026-04-05,India,Florida,Real Estate,organic
CUST005105,ALEXANDRA JOHNSON,debbie41@example.org,2024-11-16,DE,Vermont,Education,Display
CUST005500,Miranda Page,lwilson@example.com,19-04-2025,australia,Maine,Retail,organic
CUST002799,Jose Ryan,gibsonrichard@example.net,06/02/2025,singapore,Hawaii,,Affliate
CUST009276,Caitlin Flores,erin96@example.org,22-11-2023,BR,Oklahoma,Logistics,Email Marketing
CUST004839,Bryan Mccullough,ffleming@example.com,2023-03-13,France,Minnesota,Education,Google Ads
CUST007031,  Deborah Anderson  ,randall62@example.org,2023-06-11,United Arab Emirates,New Mexico,,Organic
CUST003435,Albert Avery III,timothyadams@example.com,08 Apr 2026,United states,Oregon,Technology,  Google Ads  
CUST001051,Megan Compton,martinreid@example.net,21 Aug 2025,France,Massachusetts,Hospitality,Facebook Ads
CUST003560,Jillian Hill,halljennifer@example.org,09 Mar 2025,  U.A.E  ,,Technology,Referral
CUST004152,Heather Brandt,joseph03@example.org,2025-09-05,United Arab Emirates,New Hampshire,Technology,PAID SEARCH
CUST000292,Daniel Thomas,thickman@example.org,08-05-2025,australia,Oregon,Finance,Affliate
CUST000539,  Crystal Lang  ,zbell@example.net,22-12-2023,IN,,Finance,DISPLAY
CUST009578,Melissa Martinez,keith15@example.com,2024-10-22,germany,California,Real Estate,  REFERRAL  
CUST007703,Christian Francis,bradleyerica@example.net,2025-08-24,DE,Illinois,Manufacturing,email
CUST005982,  Michael Gonzalez  ,jason36@example.org,2025-11-16,DE,,Finance,Organic
CUST003855,Betty Brock,tporter@example.org,26 Apr 2026,UK,Arkansas,Education,Display
CUST007160,Susan Abbott,,02/08/2025,england,Mississippi,Hospitality,Affiliate
CUST008584,Janice Kaiser,toddbriggs@example.net,2025-07-29,U.A.E,,Logistics,Paid-Search
CUST008496,Ronald Snow,smithmichelle@example.org,2025-09-03,UK,,Real Estate,ORGANIC
CUST008177,Jennifer Stevens,ronaldmaxwell@example.org,2024-05-12,Brazil,Georgia,,REFERRAL
CUST006587,Megan Carney,amandapatterson@example.com,2024-05-30,SG,Nevada,,Email Marketing
CUST000968,  Patrick Hart  ,christopher12@example.net,2025-03-11,germany,Oklahoma,Manufacturing,Paid Search
CUST002115,Kimberly Thompson,bakerangela@example.net,2025-11-23,DE,Utah,Real Estate,SEO
CUST004663,Elizabeth Hayes,goodmanchristina@example.org,2025-06-29,england,Nevada,Logistics,Affliate
CUST007497,Timothy Ochoa,jennifer12@example.net,2023-05-25,france,Arkansas,Media,organic
CUST002841,Jeffrey Wallace,xcline@example.org,06/06/2024,Brazil,Massachusetts,Healthcare,Display Ads
CUST006966,Devon Vaughn,brittneymiller@example.com,2024-12-20,India,Washington,Media,Organic Search
CUST001454,Christopher Adkins,gonzalezmichael@example.org,07/29/2023,brazil,Alabama,Manufacturing,REFERRAL
CUST003595,Craig Wilcox,mcclainjohn@example.com,2025-01-23,Singapore,Iowa,Media,Referral
CUST006143,Shane Martinez,swoods@example.com,,france,New Hampshire,Retail,PAID SEARCH
CUST002875,Lydia Martinez,wbailey@example.net,2025-11-28,UAE,Indiana,Media,Organic Search
CUST003561,Pamela Carter,jamesberry@example.com,2023-08-09,IN,North Carolina,Manufacturing,Instagram
CUST009819,Christopher Smith,combsadam@example.com,2026-07-15,Germany,,Education,Referal
CUST005805,James Vaughn,dillonmargaret@example.net,06-11-2025,Australia,,,Social
CUST007845,Darrell Hill,alexis60@example.org,02/29/2024,U.A.E,Maine,Technology,Display
CUST000761,Jackson Clark,matthew70@example.org,2025-03-26,USA,West Virginia,Real Estate,Facebook Ads
CUST001045,  William Rogers  ,erinbrown@example.org,2026-04-07,SG,Texas,Real Estate,organic
CUST000797,Jaclyn Watson,michael47@example.net,2024-07-15,india,Colorado,Finance,social media
CUST009010,Lisa Burke,muellermarilyn@example.org,07/12/2023,AUS,Wisconsin,Real Estate,REFERRAL
CUST006779,Zachary Mccarthy,piercemadeline@example.org,2025-02-24,United Kingdom,Nebraska,Retail,email
CUST003011,Samantha Douglas,,01-04-2023,U.A.E,,Retail,Display Ads
CUST008354,Nicholas Jefferson,nicholas29@example.com,,singapore,Louisiana,Media,Email
CUST001372,IAN LITTLE,rickyriley@example.org,13-08-2024,france,Louisiana,Manufacturing,  Referral  
CUST005533,Jessica Daniel,stevenferguson@example.org,03/30/2026,DE,Indiana,Education,Partner
CUST001242,Kathy Shaffer,melissa33@example.com,2026-05-03,UAE,,Logistics,Email Marketing
CUST001571,Joseph Schwartz,zpreston@example.net,09-01-2023,United Kingdom,Maine,Technology,Email
CUST000196,Emily Collins,ihays@example.com,2025-03-19,Singapore,Kentucky,Finance,Organic Search
CUST000195,Robin Brown,mjohnson@example.org,2026-04-15,Canada,,,Paid Search
CUST005494,Amanda Costa,ellisonjulia@example.org,13 Oct 2023,United Arab Emirates,Missouri,Manufacturing,Referal
CUST007289,Andrea Craig,nicole65@example.net,05/12/2026,france,Louisiana,Education,Paid-Search
CUST007882,Robert Cox,tylerashley@example.net,01-01-2023,UK,South Carolina,Finance,Affiliate
CUST008601,Kristen Vincent,colemankelly@example.org,,France,North Carolina,Media,Paid-Search
CUST009192,  Leslie Huffman  ,ruthmiller@example.net,,france,Rhode Island,Media,Partner
CUST001946,Zachary Jones,ohiggins@example.net,11/10/2023,france,Indiana,Real Estate,Facebook Ads
CUST005645,Nichole Moore,vthomas@example.net,2025-10-05,U.A.E,Mississippi,Manufacturing,paid search
CUST009635,Brent Reid,rwalker@example.net,2025-04-11,germany,Maryland,,Google Ads
CUST009822,Jennifer Russell,rhonda44@example.org,09/29/2024, India,Texas,,Paid Search
CUST000379,Megan Green,,2023-07-31,India,,Real Estate,PPC
CUST007225,Justin Moore,kfarmer@example.org,12-12-2024,U.A.E,Michigan,Manufacturing,E-mail
CUST004695,Mark Gonzalez,kellereric@example.com,2026-07-14,France,West Virginia,Finance,  Paid Search  
CUST001666,Charles Sanchez,nicole69@example.net,,United Kingdom,South Dakota,Hospitality,Organic Search
CUST006748,Brenda Johnson,lchang@example.net,04-09-2023,DE,Michigan,Manufacturing,  Paid Search  
CUST004206,Amy Gomez,atkinsondavid@example.com,23 Apr 2023,germany,South Dakota,Retail,PPC
CUST000305,Christopher Sanders,kelly79@example.org,2025-01-30,SG,Massachusetts,Finance,Affiliate
CUST005118,Jeffery Reid,carlsonmichelle@example.org,,Singapore,Vermont,Hospitality,AFFILIATE
CUST001322,Christina Jones,cassandramartinez@example.org,18-01-2023,Brazil,Kansas,Real Estate,Referral
CUST006051,Maria Bowman DDS,stewarttyler@example.com,2026-06-03,Singapore,Delaware,Education,DISPLAY
CUST009968,David Brown,grahamrachel@example.net,2024-11-22,Germany,Connecticut,Technology,social
CUST005753,Steven West,kyleadams@example.com,2024-11-19,U.S.A,,Finance,organic
CUST002037,Tammy Hendrix,hammondjoseph@example.com,2023-03-11,DE,North Dakota,Media,Organic
CUST006100,Michele Howell DVM,jordan76@example.net,2024-04-07,US,Florida,Finance,DISPLAY
CUST007938,William Lane,patricia87@example.org,04/11/2024,germany,Kentucky,Healthcare,Facebook Ads
CUST006490,Kenneth Baker,ymason@example.net,2024-09-13,england,Oregon,Real Estate,ORGANIC
CUST006116,Mariah Ward,davidcandice@example.com,2026-02-19,France,Pennsylvania,Technology,DISPLAY
CUST004425,Kimberly Snyder,zachary75@example.com,10/21/2025,AUS,Utah,Education,Referral
CUST002011,John Estrada,ricklewis@example.net,2024-07-12,australia,,Real Estate,Email Marketing
CUST009765,Sara Torres,qyoung@example.net,19-12-2023,SG,West Virginia,Healthcare,ORGANIC
CUST002325,  Courtney Tate  ,pearsonvicki@example.org,2024-04-26,US,,Finance,Instagram
CUST003713,Kayla Walker,laurenwilliams@example.com,2025-09-13,United Arab Emirates,Utah,Technology,PAID SEARCH
CUST008026,Thomas Martinez,ramosdavid@example.org,2024-08-17,U.A.E,Nevada,Finance,Email Marketing
CUST002340,Tonya Campbell,ldickson@example.com,2026-01-25,  Germany  ,Texas,,PAID SEARCH
CUST002996,Susan Hamilton,donald60@example.org,2026-03-10,Brazil,Oklahoma,Education,Google Ads
CUST001169,Timothy Hunt,kevin34@example.net,22-01-2026,UAE,Louisiana,Finance,Display Ads
CUST006875,Jeremy Newman,jose60@example.net,,Singapore,West Virginia,Healthcare,E-mail
CUST008161,Sarah Garza,julie98@example.org,2025-02-20,france,Alabama,,referral
CUST007033,Jonathan Martinez,joseph56@example.com,,india,Colorado,Hospitality,EMAIL
CUST000680,Joshua Clark,lauren51@example.org,2025-09-10,canada,Louisiana,Real Estate,Display
CUST004519,Stephen Nguyen,matthew79@example.net,2023-04-13,Singapore,Mississippi,Technology,Organic Search
CUST005736,Cynthia Silva,lgonzalez@example.net,2025-10-08,BR,Ohio,Media,  PPC  
CUST008186,  Ethan Maddox  ,wheelerrichard@example.net,2023-12-23,Singapore,West Virginia,Logistics,Email
CUST008715,James Hughes,patrickshelby@example.org,12/01/2023,germany,,,Social
CUST004087,Vicki Gomez,smithtammy@example.com,2024-10-07,france,Virginia,Finance,Affiliate
CUST000159,Daniel Taylor,keith10@example.com,06 May 2025,France,West Virginia,Healthcare,  AFFILIATE  
CUST006981,Adrian Bridges,monroekatie@example.com,2023-10-02,australia,Pennsylvania,Real Estate,Display
CUST005497,Natalie Fields,kmueller@example.org,2024-04-20,DE,Georgia,Education,Paid-Search
CUST003578,Sean Woodward,leashley@example.org,,Canada,Rhode Island,Healthcare,Affliate
CUST002126,James Anderson,bobbywilliamson@example.org,13 Nov 2023,  United Arab Emirates  ,New Hampshire,Logistics,Referral
CUST003422,Jordan Dixon DDS,sbailey@example.net,2023-09-29,DE,South Carolina,Real Estate,paid search
CUST008399,Christina Weiss,xkent@example.org,24-11-2023,INDIA,,Technology,PAID SEARCH
CUST001578,Jeremy Ross,kellilawrence@example.org,02/13/2025,FR,Colorado,Real Estate,organic
CUST005565,John Jones,qwheeler@example.net,2025-10-12,france,Iowa,Hospitality,Banner
CUST000949,Patrick Smith,carlos06@example.com,,UAE,Oregon,Real Estate,REFERRAL
CUST001213,  Christian Ford  ,cisnerosjesse@example.org,2025-01-01,england,Utah,Hospitality,Referral
CUST003139,Dalton Santos,claytonchavez@example.net,24 Jun 2023,United Arab Emirates,Georgia,Finance,SOCIAL
CUST001140,Sarah Hodge,kevin44@example.org,2026-02-10,france,,Real Estate,display
CUST009868,Kara Short,nataliecarpenter@example.com,20-05-2026,UAE,,Manufacturing,display
CUST005575,Jaime Flores,smithrobert@example.org,2024-11-18,england,South Carolina,Technology,Email Marketing
CUST006986,Mark West,gcooper@example.org,12/12/2025,DE,Indiana,Education,Social
CUST008481,Jessica Huff ,,2023-08-05,United Kingdom,Wyoming,Education,Affiliate
CUST005759,Sean Woods,stephen36@example.net,08 Aug 2025,brazil,Wyoming,Technology,Affiliate
CUST009630,Gary Zimmerman,patricia98@example.org,25-06-2023,Singapore,Connecticut,Education,Affiliate
CUST002148,Donna Booker,travis36@example.org,25-04-2025,canada,Delaware,Real Estate,Affiliate
CUST000906,  Lindsey Savage  ,hamiltonandrew@example.com,02/24/2024,United States,Delaware,Logistics,organic
CUST004507,Tina Sanders,luismurray@example.org,15-07-2023,australia,South Dakota,Manufacturing,ORGANIC
CUST007891,Amber Day,robertsanchez@example.net,2023-03-02,australia,Nevada,Manufacturing,paid search
CUST000093,Matthew Moore,andreamoore@example.com,2025-02-21,FR,New Hampshire,Technology,organic
CUST009344,Dana Vance,kmckenzie@example.com,17-03-2025,Canada,Hawaii,Finance,Paid-Search
CUST007983,Steven Santana,milleremily@example.net,03-08-2024,australia,Kansas,Real Estate,PAID SEARCH
CUST007923,Aaron Pena,joshua44@example.com,2026-02-17,BR,Iowa,Hospitality,ORGANIC
CUST008245,  Michael Wilson  ,marcus16@example.com,,USA,Indiana,Manufacturing,SOCIAL
CUST007530,Travis House,holmesgina@example.net,06/08/2026,CA ,Maine,Education,email
CUST005965,Candace Morris,wyattsusan@example.org,2026-02-18,england,,Media,DISPLAY
CUST002816,Lori Rice,brenda25@example.net,2025-09-22,United States,Maryland,Healthcare,affiliate
CUST007447,Jordan Norman,davisstephen@example.org,2025-01-19,IN,Ohio,,organic
CUST004382,Jennifer Martinez,brian14@example.net,2024-04-09,singapore,Pennsylvania,Hospitality,PAID SEARCH
CUST002145,Jose Stephens,burnettelizabeth@example.com,09-03-2023,BR,Connecticut,Retail,social media
CUST009799,Lindsay Massey,,11/07/2023,USA,Nebraska,Technology,Partner
CUST000939,Norman Chavez,lindazhang@example.net,07/02/2025,Germany,,Education,Paid Search
CUST003963,  Jeffery Foster  ,christopher98@example.org,26-12-2023,singapore,North Carolina,Logistics,affiliate
CUST009211,Jasmine Patterson,reillydonna@example.net,2026-04-28,france,,Hospitality,  affiliate  
CUST008756,Adam Nelson,williscorey@example.com,2024-03-02,france,,,Paid-Search
CUST009646,Kevin Smith,hansenjason@example.net,,AUS,Maine,Retail,SOCIAL
CUST005465,Sara Thompson,achaney@example.org,2026-03-19,  UAE  ,Oklahoma,Media,REFERRAL
CUST001545,Taylor Cortez,mwaters@example.net,2026-04-07,U.S.A,South Dakota,,Paid Search
CUST001629,Susan Graves,katherine82@example.com,2024-03-19,INDIA,South Carolina,Real Estate,Display Ads
CUST007793,Roberta Davis,wendyruiz@example.com,11/07/2023,AUS,Arizona,Logistics,organic
CUST008906,Adam Smith,courtney05@example.org,2023-03-08,FR,,,Google Ads
CUST006896,William Miller,jerry47@example.org,2026-05-03, India,Montana,Manufacturing,DISPLAY
CUST003112,Riley Cooper,derrickyoung@example.com,2024-07-24,FR,,Manufacturing,REFERRAL
CUST007901,Amy Cox,wilsonsandy@example.net,2023-06-17,United states,Tennessee,Hospitality,affiliate
CUST001834,David Roberts,nicolasrich@example.org,2026-06-29,SG,Utah,Finance,organic
CUST006683,Brian Burns,timothy41@example.org,26-04-2023,australia,,Technology,DISPLAY
CUST007925,Rachel Jones,smithjoseph@example.net,2023-09-06,U.A.E,Utah,Logistics,affiliate
CUST002958,ALEXANDER MOORE,jenningsraymond@example.org,10/19/2024,DE,Kansas,Media,paid search
CUST008619,Kaitlyn Kelly,pturner@example.com,2023-05-17,USA,Washington,Healthcare,PAID SEARCH
CUST003019,Christine Johnston,jeremythompson@example.org,05/25/2024,  United Kingdom  ,,Hospitality,referral
CUST008458,Bryan Henderson,,2025-05-28,england,,Manufacturing,Organic Search
CUST007960,Austin Morrison,donald17@example.org,28-09-2023,Brazil,North Carolina,,E-mail
CUST001502,Eric Palmer,heatherwilliams@example.net,2024-10-14,SG,New Mexico,Hospitality,REFERRAL
CUST003537,Andrew Pena,,02-07-2023,singapore,New Jersey,Healthcare,Organic
CUST007221,Maria Thomas,matthewwarren@example.net,2023-01-15,germany,Illinois,Media,  Email  
CUST004261,  Felicia Pierce  ,amandawatson@example.net,2025-02-20,India,,Manufacturing,Social
CUST009064,Donna Ellison,nicholas30@example.org,2023-02-03,Germany,Rhode Island,Healthcare,ORGANIC
CUST000877,Lindsay Carney,jessica36@example.org,31-01-2024,singapore,,Healthcare,Email
CUST006008,Pamela Chan,,2024-01-12,INDIA,,Retail,Affiliate
CUST009360,William Smith,hensonmark@example.net,2025-07-05,INDIA,Oregon,Retail,Affiliate
CUST006429,Jimmy Merritt,yfisher@example.com,02/09/2023,Australia,Nebraska,Real Estate,Organic Search
CUST000129,  Veronica Coffey  ,christopher60@example.com,2024-11-06,CA ,Ohio,Media,Banner
CUST008874,Zachary Conrad,goldenthomas@example.net,28-02-2025,canada,South Carolina,,ORGANIC
CUST006494,Angela Thomas,andrew35@example.com,2023-05-08,UK,,,referral
CUST001620,  Vincent Allen  ,tochoa@example.net,2023-08-14,singapore,,Logistics,Referal
CUST007299,Angela Gross,gbarker@example.com,2025-02-03,Canada,New Hampshire,Healthcare,SOCIAL
CUST005640,Jordan Fowler,markgibbs@example.org,2023-05-22,canada,Delaware,Manufacturing,Paid-Search
CUST007471,Jodi Greene,perrybarbara@example.net,06-10-2024,  BR  ,Oklahoma,Healthcare,SOCIAL
CUST007847,Timothy Watson,ronaldbrown@example.com,27-01-2025,France,Maine,Education,Social
CUST009189,Connie Ibarra,danielle70@example.com,05/04/2023,  USA  ,Washington,Healthcare,Social
CUST003690,William Chase,tara61@example.net,16-04-2025,United Arab Emirates,Florida,Healthcare,Banner
CUST003322,Matthew Lucas,clifford98@example.net,2025-06-28,france,Iowa,Education,organic
CUST008787,Antonio Owens,joshua50@example.org,2025-08-16,Germany,Tennessee,Media,DISPLAY
CUST002177,Catherine Bowman,,11-06-2025, India,Missouri,Healthcare,Display
CUST001967,Penny Rowe,royjennifer@example.org,2024-12-16,UAE,,,PAID SEARCH
CUST003552,Bonnie Shepherd,hmoore@example.com,2026-02-25,brazil,,Media,Partner
CUST003446,Anthony Fuller,ryan01@example.net,09-05-2026,United Arab Emirates,North Carolina,Media,Banner
CUST003760,Zachary Pearson,drakemary@example.com,2025-01-17,UAE,Missouri,Healthcare,DISPLAY
CUST003741,Eric Rivera,cmata@example.com,08/30/2024,Australia,Massachusetts,,social
CUST001503,  Timothy Hill  ,joshuapowers@example.net,08/21/2025,U.A.E,,Retail,Paid Search
CUST002883,Gabriel Ramos,brian64@example.net,2025-01-24,UK,West Virginia,Finance,E-mail
CUST009206,Mary Russell,bgallagher@example.com,2023-02-28,germany,Alaska,Retail,PAID SEARCH
CUST003596,David Villanueva,brentodom@example.com,23 Mar 2025,USA,Maryland,Logistics,social media
CUST009121,Denise Caldwell,deborah45@example.com,04 Aug 2024,UK,Oregon,Retail,email
CUST004218,  Anna Wilson  ,jason83@example.org,2024-04-28,FR,Maryland,Real Estate,REFERRAL
CUST009940,Holly Bell,vanessa41@example.org,2023-01-10,France,Alabama,Media,email
CUST008254,Tammy Carlson,jenniferdixon@example.org,2025-04-09,United States,Idaho,,E-mail
CUST006440,Teresa Marsh,cole83@example.org,,Brazil,Wisconsin,Healthcare,Affiliate
CUST008165,Andrew Robertson,vchristensen@example.com,2024-03-28,france,West Virginia,Healthcare,referral
CUST002927,Savannah Carter,howardrobert@example.com,2026-01-12,UK,Kentucky,Manufacturing,EMAIL
CUST006702,Andrew Johnson,etrevino@example.com,2025-04-30,DE,Alabama,Hospitality,E-mail
CUST004917,Pamela Juarez,ogriffin@example.net,2024-01-25,India,Texas,Technology,Email
CUST005460,Kevin Austin,taylorluis@example.net,2026-07-09,england,North Dakota,Real Estate,Instagram
CUST005872,Stephanie King,gordonlaura@example.net,24-11-2023,CA ,Minnesota,Manufacturing,Display
CUST008728,Nicole Sanchez,anthonyryan@example.com,08-05-2023,Singapore,Nebraska,Technology,AFFILIATE
CUST004237,William Hall,pjohnson@example.org,2024-09-22,singapore,Connecticut,Education,PPC
CUST004311,George Leon,smithmarissa@example.net,2025-07-20,canada,Arizona,Hospitality,Referal
CUST000625,Emma Cunningham,wayne32@example.org,2023-05-20,CA ,Utah,Healthcare,EMAIL
CUST009298,Mark Sellers,wblack@example.com,01/26/2025,UK,Louisiana,Education,Display Ads
CUST002575,Anna Love,deandaniel@example.com,15-01-2024,U.A.E,Illinois,Manufacturing,EMAIL
CUST009513,Jennifer Lee,emily46@example.org,2025-10-27,France,Florida,Retail,referral
CUST003833,Tammy Taylor,robertzamora@example.org,2023-11-12,canada,,Manufacturing,Affliate
CUST006049,Joseph Singh,snewman@example.com,09/18/2025,SG,New Jersey,Real Estate,paid search
CUST001627,Emily Crawford,katherineharris@example.net,17 Jan 2023,Singapore,New York,Media,referral
CUST007341,Nicole Bass,sherylsullivan@example.com,2026-02-03,Brazil,Washington,Education,SOCIAL
CUST006961,Chelsea Mata,christopherruiz@example.org,2024-11-04,brazil,Missouri,Manufacturing,Affiliate
CUST005086,Michael Conrad PhD,rbenson@example.com,09 Jul 2026,BR,Hawaii,Logistics,Social
CUST001144,Brittany Martinez,xsmith@example.net,18-10-2024,DE,Kentucky,Logistics,Referral
CUST006890,Jennifer Edwards,samanthacruz@example.net,2025-04-11,U.K.,Colorado,Media,Display Ads
CUST002825,AUSTIN EVANS,jspears@example.net,01-02-2023,BR,Washington,Healthcare,Instagram
CUST006039,Dr. Lisa Beck,erika69@example.com,2025-06-07,Canada,,Technology,ORGANIC
CUST003674,Samantha Singleton,qhodge@example.org,2025-08-29,INDIA,South Carolina,Retail,SOCIAL
CUST004476,Dr. Kimberly Shaffer,jennifer86@example.net,20-11-2023,Singapore,Kentucky,Education,ORGANIC
CUST005063,Erin Delgado,bryanjackson@example.org,2023-12-23,U.A.E,Ohio,Real Estate,  Instagram  
CUST007531,Hunter Chapman,rhondaking@example.com,2025-10-13,   India  ,Alaska,Retail,Organic Search
CUST000218,Karen Ballard,eevans@example.net,11/03/2025,UAE,Arkansas,Manufacturing,Partner
CUST006754,Claire Vance,,2023-12-19,Germany,Iowa,Healthcare,referral
CUST002167,Monica Medina,sarah80@example.org,2026-04-06,Canada,Ohio,Manufacturing,Social
CUST002132,Wendy Bell,efranco@example.net,14-01-2024,australia,West Virginia,,Display Ads
CUST005138,Tina Harris,daviddodson@example.org,2023-07-11,UK,Nevada,Real Estate,Email Marketing
CUST002446,Henry George,snydergerald@example.org,11/18/2024,DE,New York,Real Estate,Partner
CUST001001,  Hunter Spencer  ,kellylee@example.net,27-05-2024,BR,Wisconsin,Finance,display
CUST002731,Randall Johnson,donnasuarez@example.com,27-02-2026,U.A.E,Massachusetts,Technology,Paid Search
CUST002999,Samuel Baker,evansbrady@example.org,2024-11-16,United States,Oklahoma,,Google Ads
CUST006843,Robert Smith,patrick11@example.net,2025-05-07,  Australia  ,Oklahoma,Education,Display
CUST000966,Aaron Marshall,denise20@example.org,2024-04-26,CA ,,Hospitality,email
CUST005561,Mrs. Jennifer Mitchell,vparker@example.com,07/07/2026,  India  ,Idaho,Technology,affiliate
CUST002100,Christopher Bell,vflores@example.com,02-08-2025,United Arab Emirates,Oklahoma,Hospitality,Organic Search
CUST001049,Marie Wood,mcclurerobert@example.net,2025-05-14,DE,,Media,DISPLAY
CUST008599,Jackson Wright,pburnett@example.org,2026-05-20,FR,Alabama,Technology,organic
CUST008408,Donald Mcbride,patriciacox@example.com,04-03-2024,singapore,Michigan,Hospitality,PAID SEARCH
CUST002042,Connor West,kurt90@example.net,2024-05-02,United Kingdom,Hawaii,Retail,  Referal  
CUST004773,Michelle Garrison,perezcody@example.net,2024-11-26,  SG  ,Vermont,Media,SEO
CUST005088,Brian Glenn,davisjonathan@example.net,,India,Kentucky,Healthcare,social
CUST000237,Diana Evans,kellie37@example.com,2025-01-02,SG,New Mexico,Hospitality,Email
CUST009839,Jennifer Richardson,taylorthomas@example.com,14-01-2026,singapore,Texas,,Display
CUST000002,Javier Johnson,jesseguzman@example.net,2026-01-21,UAE,Illinois,Manufacturing,SEO
CUST005200,Kathleen Arroyo,mckenzie26@example.com,2024-02-28,United Kingdom,Alaska,,Organic
CUST001518,Allen Walker,greenejessica@example.org,2026-01-20,FR,Massachusetts,Media,Display
CUST009797,Shannon Wiggins,rubenroberson@example.org,04-06-2024,Germany,Arizona,Finance,referral
CUST001969,Kimberly Watson,ballvanessa@example.com,2025-10-04,US,,Technology,organic
CUST007777,Megan Matthews,steven39@example.com,2023-10-07,France,New Jersey,Logistics,Instagram
CUST002203,Elizabeth Flores,jameshunter@example.net,21-09-2024,United Arab Emirates,Alaska,Technology,REFERRAL
CUST006342,Andre Lane,cbutler@example.com,10 Apr 2025,india,Idaho,Finance,ORGANIC
CUST006744,  Joe Robbins  ,brianorr@example.net,20 Sep 2025,SG,Alabama,Real Estate,Instagram
CUST009204,Rebecca Williams,nathanchase@example.org,2026-06-16,Singapore,Kansas,Education,paid search
CUST000851,Helen Hernandez,juliecannon@example.com,22-08-2024,U.A.E,Nebraska,Education,Organic Search
CUST004294,John Jackson,padillagregory@example.com,2025-02-17,CA ,Pennsylvania,Real Estate,Affiliate
CUST005101,  Ryan Newman  ,david11@example.com,2023-05-16,United States,North Carolina,Technology,Organic Search
CUST002135,Eric Bradshaw,meghangreen@example.org,06-03-2024,australia,West Virginia,Hospitality,Referral
CUST002570,PAMELA MEDINA,ftaylor@example.org,,france,New Jersey,Media,Social
CUST005473,Anna Miller,cheryl20@example.com,2026-04-25,United Kingdom,Indiana,,E-mail
CUST000455,Larry Taylor,huntchristine@example.com,2024-06-23,brazil,Delaware,,Referal
CUST007553,Andrea Chapman,collinsamy@example.net,17-06-2024,france,Nebraska,,social
CUST006444,  Yolanda Brooks  ,murillojeffrey@example.com,2024-03-03,france,,Healthcare,DISPLAY
CUST005314,Deanna Odonnell,cpierce@example.com,2025-04-20,france,Ohio,Retail,Affiliate
CUST000203,Amanda Jones,michael90@example.net,2025-09-24,Australia,Georgia,Education,Banner
CUST002254,Valerie Wilson,tbryant@example.org,2025-12-23,canada,Texas,Education,Facebook Ads
CUST004074,Jacob Brady,randydavis@example.net,02/06/2023,FR,Arizona,Logistics,Organic Search
CUST008267,Chloe Brown,asanchez@example.com,2024-07-24,U.S.A,South Carolina,Media,affiliate
CUST000892,Brad Rivas,,2024-07-19,U.K.,Texas,Manufacturing,Affiliate
CUST004185,Sophia Lucero,debbie01@example.org,2026-03-19,Germany,Mississippi,Technology,Affiliate
CUST005280,Caitlin Gibson,micheal30@example.net,,Canada,Wyoming,Technology,  Google Ads  
CUST009078,  Derek Spencer  ,jenna55@example.net,07/22/2024,england,Montana,Logistics,Social
CUST001999,Angela Munoz,pittsdanielle@example.net,07/29/2025,UK,Maine,Technology,Paid-Search
CUST000452,Dawn Nichols,wheelerbrandon@example.org,2025-07-27,United States,Tennessee,Technology,organic
CUST005219,Travis Rivera ,,2025-11-10,Brazil,,Manufacturing,Display
CUST000056,Diane Beck,clarence34@example.org,,AUS,Illinois,Manufacturing,Email
CUST005828,Holly Weber,petersonkathryn@example.net,17-11-2023,UK,South Dakota,Finance,Organic
CUST005329,Melvin Garcia,damon82@example.com,18-03-2024,AUS,Virginia,Media,Display
CUST007919,Dr. Brian Ferrell,diana50@example.net,08-08-2025,AUS,Utah,,Email
CUST008096,Michael Lee,bianca01@example.com,2025-10-04,India,Montana,Retail,PPC
CUST000074,Susan Brooks,charlesvaughn@example.net,22-12-2025,canada,Kansas,Hospitality,REFERRAL
CUST006225,Alyssa Mathews,qdavis@example.com,31-12-2024,france,Pennsylvania,Media,Organic
CUST001159,John Cook,davisalexander@example.net,2025-04-04,england,Wyoming,Education,email
CUST000908,Mr. William Ward,,01-07-2024,INDIA,Florida,Hospitality,affiliate
CUST005897,Jennifer Harper,raymichael@example.net,19-01-2025,Canada,North Dakota,Retail,Facebook Ads
CUST000592,Johnny Peterson,kristi75@example.com,09/22/2025,United states,Vermont,Real Estate,Instagram
CUST009947,Erin Johnson,barnesbrian@example.net,,  France  ,Maryland,Retail,Referal
CUST003566,Carl Jones,brandonallison@example.org,07/01/2026,  U.A.E  ,Oklahoma,Hospitality,Paid Search
CUST008894,Richard Salazar,mevans@example.org,10/06/2025,england,Kansas,,Display Ads
CUST000233,Jamie Underwood,anthonyvaughan@example.org,2023-11-10,DE,Illinois,Technology,Display
CUST001892,Nicole Williams,andrew91@example.com,2023-10-14,DE,Nebraska,Media,AFFILIATE
CUST006945,Monique Bradley,emily95@example.com,2025-07-05,australia,Colorado,Logistics,Social
CUST008444,David Hurst,johngonzalez@example.com,06/07/2023,  FR  ,,Finance,AFFILIATE
CUST006984,Jorge Baxter,victoriastevens@example.com,03/04/2024,FR,Nebraska,Media,Google Ads
CUST005305,Scott Elliott,davislaura@example.net,2024-01-05,australia,,Real Estate,Social
CUST008469,Andrew Petersen,monica43@example.net,27-04-2023,india,Hawaii,Education,social media
CUST004262,NICOLE THOMPSON,kendrakirby@example.net,2025-03-10,Australia,Illinois,Real Estate,Facebook Ads
CUST009336,Richard Montoya,chill@example.net,18-06-2023,Australia,Louisiana,Real Estate,Banner
CUST005011,Gregory Horton,knappjeffrey@example.net,2024-12-28,australia,Montana,Retail,Instagram
CUST007153,John Williamson,zjordan@example.net,05-02-2026,India,New Jersey,Manufacturing,email
CUST005681,Melinda Glenn,pattonkaitlyn@example.com,07 Mar 2025,IN,Oklahoma,Finance,Display Ads
CUST003750,Kayla Garcia,kimberly97@example.com,19 Jun 2026,singapore,Vermont,Real Estate,affiliate
CUST004149,Valerie Johnson DDS,ryan52@example.com,2023-01-28,UAE,South Carolina,Logistics,Facebook Ads
CUST002003,Monica Anderson,cshepard@example.com,2025-04-11,AUS,South Dakota,Hospitality,Affliate
CUST009648,Laura Cooper,ronaldruiz@example.org,01/26/2025,USA,Mississippi,Hospitality,AFFILIATE
CUST000774,Nicole Johnson,iford@example.net,2024-04-25,United Arab Emirates,Montana,Healthcare,Facebook Ads
CUST007296,Thomas Scott,patrick96@example.net,01-04-2024,CA ,Washington,Logistics,display
CUST004085,Erik David,laurenpeters@example.com,2025-10-11,U.A.E,New Jersey,Manufacturing,Referal
CUST003868,Peter Thomas,johncoleman@example.net,09 Apr 2023,Australia,Arkansas,Retail,PAID SEARCH
CUST003711,Travis Carter,jamiejohnson@example.org,03-12-2025,United Arab Emirates,Ohio,Healthcare,Affliate
CUST007866,Samantha Ward,thomasmckenzie@example.com,2025-07-25,United Kingdom,,Healthcare,Organic
CUST003491,Brenda Hunter,lpatterson@example.org,2024-02-08,United states,Colorado,Finance,paid search
CUST009450,Jill Davis,wmartin@example.org,17 Apr 2024,U.A.E,Michigan,Hospitality,ORGANIC
CUST005507,David Davis,llopez@example.net,2023-12-27,India,,Finance,Organic
CUST002895,Danielle Frey,hendersonjacob@example.org,06-02-2023,  singapore  ,North Dakota,Technology,E-mail
CUST000111,Veronica Allen ,,27-03-2026,CA ,Arizona,Real Estate,Instagram
CUST007729,Julie Rhodes,fwalls@example.com,2025-03-26,canada,Hawaii,,Affliate
CUST002479,Janice Clarke,jasonwebb@example.net,2024-08-28,england,Colorado,Real Estate,Instagram
CUST008727,Melissa Perry,spencerryan@example.org,02/11/2026,SG,Massachusetts,Healthcare,display
CUST001971,Lindsay Ray,hmitchell@example.org,2024-08-30,US,Georgia,Media,paid search
CUST000820,Andrea Weiss,ricejennifer@example.com,22-02-2023,France,Hawaii,Media,paid search
CUST003699,Joseph Wolf,laurieburgess@example.com,2025-01-11,Australia,Wyoming,Healthcare,referral
CUST000499,Lisa Haley,patrick16@example.com,30-10-2025,AUS,Ohio,,EMAIL
CUST004292,Ian Lara,aprilhooper@example.net,2025-12-13,germany,California,Real Estate,PPC
CUST004685,Sheryl Massey,robinsonjulie@example.com,2024-10-29,Singapore,Indiana,Media,  Organic  
CUST000772,David Hansen,steelerichard@example.org,2024-12-10,  Singapore  ,Florida,Hospitality,Organic Search
CUST007368,Gary Trevino,kimtaylor@example.net,2025-08-19,singapore,Colorado,Media,  social  
CUST008132,Kathryn Jones,amandageorge@example.org,03/08/2025,U.K.,New Jersey,,social media
CUST003730,Patricia Martinez,jeanettewatson@example.net,11/27/2023,brazil,Kansas,Media,Organic Search
CUST004905,Rebecca Collins,ybrown@example.net,13-04-2025,germany,Vermont,Healthcare,Partner
CUST007321,Diana Sanchez,richard01@example.com,30-07-2023,brazil,Nevada,,SOCIAL
CUST009025,Joseph Maddox,zwilliams@example.net,2025-05-10,BR,New Hampshire,Retail,social
CUST000219,  Jason Marshall  ,catherine55@example.net,2025-10-31,United Arab Emirates,Minnesota,Healthcare,Google Ads
CUST000025,Matthew Gomez,uowens@example.org,23 May 2023,canada,Utah,,Banner
CUST005458,Eric Lopez,jacqueline10@example.org,10 Feb 2024,SG,Nebraska,Logistics,SEO
CUST008879,James Best,rphillips@example.net,2023-12-28,U.S.A,Connecticut,Real Estate,  AFFILIATE  
CUST001389,Brittany Snyder,rachelwalter@example.org,2023-01-23,INDIA,Hawaii,Hospitality,referral
CUST003076,Christopher Smith,thomas28@example.org,01/09/2025,UAE,Minnesota,,EMAIL
CUST005116,  Gregory Dorsey  ,wayneschmidt@example.com,2023-01-29,brazil,Washington,Finance,social
CUST009077,Paula Hernandez,katherinewilliams@example.com,31-03-2024,United Arab Emirates,Tennessee,Media,  ORGANIC  
CUST002056,Nicole Friedman,joe99@example.net,01-05-2023,germany,Maine,Healthcare,ORGANIC
CUST000611,Amy Jensen,navarromary@example.org,06/06/2023,india,Indiana,Education,affiliate
CUST002277,Christopher Mcbride,zmorse@example.net,2025-02-18,India,Maryland,,Referral
CUST009986,  Margaret Banks  ,brett57@example.org,12/14/2025,  DE  ,Iowa,Logistics,Referal
CUST000917,Jordan Matthews,sandra72@example.com,2025-10-01,IN,Washington,Technology,Paid-Search
CUST009850,  Nancy White  ,,22-06-2023,United Kingdom,Maine,Healthcare,referral
CUST005131,Jordan Walker,hendersonerin@example.org,2024-03-26,AUS,,Education,Email
CUST002932,Amy Williams,jessica89@example.net,2024-05-16,singapore,Ohio,Media,EMAIL
CUST001891,Randy Simon,gibsonjennifer@example.net,25-05-2023,brazil,,,Instagram
CUST005456,Kyle Morgan,beandiane@example.net,19-06-2026,Canada,Illinois,Real Estate,Display Ads
CUST005877,Jenny Rodriguez,rosalesandrew@example.com,2025-03-27,Germany,Alabama,Media,paid search
CUST002673,Nancy Burke,cervantesleslie@example.org,2025-07-18,Brazil,Arizona,Healthcare,Affiliate
CUST008319,Amanda Walker,reevesamanda@example.com,14 Mar 2024,singapore,Florida,Real Estate,Social
CUST006654,Christina Tucker,bcarr@example.com,2023-09-19, India,Texas,Real Estate,PPC
CUST002860,Bridget Edwards DDS,egregory@example.com,02/06/2025,United Arab Emirates,Louisiana,Hospitality,SEO
CUST004101,Dr. Benjamin Reed,choidenise@example.com,2023-01-25, India,Idaho,Retail,REFERRAL
CUST005602,Joshua Simmons,amorrison@example.net,2024-10-19,brazil,Wyoming,Media,  Social  
CUST008517,Tiffany Long,amandaherring@example.com,2023-07-26,Brazil,Mississippi,Hospitality,Partner
CUST005838,Mr. Jeff Adams,megan53@example.net,2024-06-29,U.K.,Georgia,Media,AFFILIATE
CUST008104,Drew Henderson,wesleystewart@example.com,2024-12-04,INDIA,Nebraska,Healthcare,Affiliate
CUST004486,Lindsay Duke,benjamin24@example.org,2024-11-10,SG,Washington,Healthcare,Affliate
CUST005681,Melinda Glenn,pattonkaitlyn@example.com,07 Mar 2025,IN,Oklahoma,Finance,Display Ads
CUST004670,Melanie Henderson,gmeyer@example.org,2023-06-13,United states,Minnesota,Technology,Paid Search
CUST000461,Peter Williams,elizabethjackson@example.com,06 Aug 2024,United Kingdom,,Manufacturing,E-mail
CUST006785,Joseph Beltran ,,2024-04-24,DE,Montana,Healthcare,Social
CUST008280,Nathan Galvan,bwu@example.net,18-06-2023,Brazil,Alabama,Logistics,Organic
CUST009362,William Hernandez,colonbrandi@example.net,2025-06-09,france,North Dakota,Hospitality,Partner
CUST001341,Laura Lin,jacob87@example.org,01/06/2023, India,Indiana,Logistics,Affiliate
CUST003108,Ashley Allen,jasonmontgomery@example.com,2025-05-31,Australia,Rhode Island,Technology,  PAID SEARCH  
CUST008842,Brandon Stewart,leemary@example.com,2024-01-31,Germany,North Dakota,Logistics,Banner
CUST003563,Brandon Green,,,canada,,,  Referal  
CUST006599,William Walls,ofuentes@example.org,04 Feb 2023,india,Nebraska,Education,Organic
CUST007756,Michelle Becker,michelle17@example.org,2024-12-11,germany,Wisconsin,Media,  Display  
CUST004591,Shawn Davis,qnorris@example.net,2024-03-18,United Kingdom,Michigan,Hospitality,Facebook Ads
CUST007900,Ruben Green,moodystacey@example.net,10/22/2025,germany,Utah,Real Estate,Social
CUST009477,Ronald Mccormick,jennifer67@example.org,31 Oct 2025,england,Illinois,Manufacturing,Google Ads
CUST006038,Angelica Torres,danieljacobson@example.org,2024-02-15,United states,,Education,Display Ads
CUST005601,Ryan Griffin,stephanie36@example.com,08/15/2024,BR,New York,Media,Banner
CUST008188,David Espinoza,benjamin26@example.net,2023-09-02,United Arab Emirates,Virginia,Real Estate,E-mail
CUST004542,Kristen Smith,ernestmarsh@example.org,12-01-2025,United Arab Emirates,,Real Estate,Referral
CUST005302,Robert Pearson,kwilliams@example.com,26-03-2026,U.A.E,,Finance,social
CUST008742,Cheryl Burton,eneal@example.org,07/09/2024,BR,Oklahoma,Retail,Email
CUST003997,Christine Hull,nadams@example.net,2026-04-11,United Arab Emirates,,,display
CUST008511,  Edward Wood  ,rodriguezbrittany@example.com,2024-11-19,AUS,,Manufacturing,Facebook Ads
CUST007486,Brian Perkins,johnnywells@example.net,2025-09-04,Australia,Vermont,Finance,Banner
CUST002626,Manuel Riddle,andrearivera@example.net,02 Dec 2024,INDIA,,Logistics,referral
CUST009543,Christina Moreno,benjamin90@example.net,03-06-2023,Australia,South Dakota,,Organic
CUST004189,Makayla Stone,hansenchristina@example.net,16-07-2024,SG,Maryland,Healthcare,Referal
CUST008059,Evan Jackson Jr.,kimberly91@example.com,04/01/2025,Brazil,Colorado,Retail,Partner
CUST005571,Ronnie Price,moorevalerie@example.net,24 Nov 2025,UAE,,Manufacturing,Display
CUST006663,Spencer Moore,stephanie78@example.net,03/09/2025,DE,,Finance,SOCIAL
CUST000014,Zachary Rice,frazierdanny@example.net,2023-08-12,Germany,Wisconsin,Media,Instagram
CUST004109,Bailey Owen,stephenreynolds@example.org,2024-04-17,singapore,Utah,Logistics,E-mail
CUST000242,Ashlee Townsend,oconnelltiffany@example.org,19-03-2026,Singapore,Nebraska,Retail,Affliate
CUST003746,Brian Wilson,jessicaarmstrong@example.net,01-08-2024,  FR  ,New Mexico,,Email
CUST001464,Angelica Conrad,wilsonchristopher@example.net,25 Nov 2023,india,,Hospitality,  Referal  
CUST001546,Joy Smith,fguzman@example.net,2025-04-10,france,,Real Estate,ORGANIC
CUST006778,Danielle Parks,,03-12-2023,SG,California,Healthcare,Email
CUST000381,James Parks,aguilarjonathan@example.org,11/13/2024,canada,Alaska,Education,Google Ads
CUST004699,Lindsey Mason,laurengreene@example.net,14-04-2025,Brazil,Kansas,Finance,organic
CUST002417,SHARON RICE,,01 Mar 2025,U.S.A,South Dakota,Hospitality,REFERRAL
CUST007676,Michelle Bennett,tiffanyrobinson@example.net,12/17/2024,australia,Kentucky,Finance,email
CUST006167,Joshua Campbell,nhall@example.org,01/19/2023,Australia,,Manufacturing,Display
CUST009960,Virginia Duncan,cynthia35@example.net,2023-08-15,United Kingdom,Arkansas,Manufacturing,paid search
CUST003344,Victoria Stevenson ,,2023-07-26,US,Nevada,Technology,paid search
CUST007179,John Burke,ggamble@example.org,02/02/2026,Canada,,Healthcare,social media
CUST005843,Scott Morales,jcampbell@example.com,2024-01-23,FR,Arkansas,Manufacturing,E-mail
CUST006472,Michael Prince,jason92@example.com,2023-06-08,UK,West Virginia,Manufacturing,  PAID SEARCH  
CUST009882,Willie Williams,mindywhite@example.com,2025-05-20,Singapore,Wisconsin,Education,Affiliate
CUST009877,Brenda Sanders,ijordan@example.com,05-10-2025, India,Florida,Real Estate,ORGANIC
CUST001278,Steven Wood,villamiranda@example.com,01/13/2026,canada,Arizona,Real Estate,Display Ads
CUST009421,Deborah Miller,nicoleabbott@example.org,28 Feb 2024,  India  ,Massachusetts,,paid search
CUST000310,Jonathon Knapp,ystephens@example.com,03-10-2023,Canada,Vermont,Logistics,Organic Search
CUST000147,Jennifer Blair,ronald45@example.org,11-04-2025,SG,,Real Estate,social media
CUST001080,Dr. Adam Adams,ortegakristina@example.org,2025-07-17,United Arab Emirates,Connecticut,Technology,referral
CUST006185,Thomas Lopez,ucordova@example.org,2023-12-21,canada,Wisconsin,Education,REFERRAL
CUST008790,Keith Nixon,milessteven@example.org,11-06-2024,UK,Texas,Finance,Referral
CUST000255,Susan Todd,kathleenbecker@example.net,2025-10-31,england,Colorado,Media,REFERRAL
CUST006272,Justin Crawford,justindeleon@example.org,2023-11-18,BR,Nebraska,Finance,social media
CUST003555,Philip Weaver,ruizandrew@example.org,14 Apr 2024,england,Vermont,Logistics,REFERRAL
CUST004614,Courtney Freeman,janiceferguson@example.com,10/29/2025,CA ,California,,Google Ads
CUST004583,Kim Warren,xbowers@example.net,18-05-2023,canada,North Carolina,Education,Organic
CUST003206,Tina Ortiz,ryanfox@example.net,17-06-2024,France,Texas,Education,referral
CUST008388,Debra Stevens,ibarramargaret@example.com,,FR,Indiana,Manufacturing,Paid Search
CUST009622,Courtney Gardner,oroberts@example.com,2025-09-02,CA ,Maine,Healthcare,  Partner  
CUST000296,Michael Guerrero,bartonkenneth@example.org,2023-12-10,australia,Virginia,Education,Banner
CUST003718,Christopher Simon,michael10@example.org,2025-01-05,canada,Mississippi,Education,PPC
CUST008429,James Berg,robin37@example.org,2024-12-17,UAE,Louisiana,,Partner
CUST005622,Lindsay Mcdowell,christopherescobar@example.org,04 Nov 2024,Singapore,Maryland,Hospitality,Display Ads
CUST001205,Manuel Robinson,lynndaugherty@example.net,2025-01-29,brazil,California,Education,AFFILIATE
CUST001065,John Moore,adamhensley@example.net,03/24/2026,england,Washington,Media,referral
CUST006503,Alexandra Crawford,stevecox@example.org,23-06-2024,DE,New Mexico,Real Estate,email
CUST007988,Chelsea Trujillo,mccoycatherine@example.com,2024-12-22,singapore,Alaska,Media,EMAIL
CUST009919,Emily Dawson,rebeccarodriguez@example.org,01-06-2026,australia,New York,Media,paid search
CUST007722,Ryan Adams,kevin93@example.com,2025-09-14, India,,Retail,Paid-Search
CUST006256,Ruben Frey,westmichael@example.org,2025-02-18,France,Oregon,Finance,paid search
CUST006415,Mr. Billy Miller,ksantana@example.org,2024-03-29,Australia,Delaware,Technology,  SOCIAL  
CUST001346,Jennifer Brown ,,2026-02-01,U.K.,Tennessee,Media,Display
CUST001507,Karen Grant,matthew57@example.org,2024-07-05,Brazil,New Jersey,Hospitality,REFERRAL
CUST007005,Mary Lee PhD,sabrina99@example.net,2023-06-05,France,New Hampshire,Media,email
CUST003339,Jerry Harris,lanemichael@example.net,2024-01-18,SG,South Dakota,,Affiliate
CUST006454,Daniel Roth,larrycarter@example.net,03-02-2025,USA,New Hampshire,Finance,SOCIAL
CUST004029,Timothy Crawford,paul74@example.net,08/22/2023,england,Alabama,Manufacturing,EMAIL
CUST006097,Mary Smith,nrusso@example.org,18-03-2026,france,Oklahoma,Healthcare,  PAID SEARCH  
CUST005810,Dustin Johnson,heatherschroeder@example.org,26-05-2026,canada,Alabama,Technology,Organic
CUST002005,Anne Francis,bdeleon@example.org,2025-05-11,india,Illinois,Finance,Email Marketing
CUST006322,Mark Villegas,sethlynch@example.com,22-01-2025,Australia,Maryland,Logistics,display
CUST004108,Todd James,paulwhite@example.org,2024-03-24,Canada,Pennsylvania,Media,Partner
CUST003067,Kelly Herring,tinajohnson@example.org,01-03-2023,Australia,Pennsylvania,,SOCIAL
CUST004923,Melanie Jimenez,johnbowen@example.org,2026-08-01,U.A.E,Missouri,Education,Social
CUST005928,Jesse Robinson,ljones@example.com,2025-07-31,France,New Mexico,Real Estate,Email Marketing
CUST003593,Craig Blanchard,rmatthews@example.com,2026-04-06,United States,,Finance,Organic
CUST008530,William Hughes,hellis@example.net,2024-04-29,Brazil,New Hampshire,Media,Facebook Ads
CUST005912,Jessica Powell,hooversarah@example.com,01/16/2023,singapore,Arizona,Real Estate,  DISPLAY  
CUST007628,Eduardo Johnson,robertdavis@example.net,04-12-2024,CA ,Indiana,,Referral
CUST001405,George Chavez,mannleroy@example.org,,singapore,Nevada,Media,Paid-Search
CUST004122,EMILY PEREZ,marvin03@example.com,2025-08-08,France,Minnesota,Manufacturing,  Paid-Search  
CUST003069,Sarah Lopez,bryantpeter@example.org,2026-07-31,SG,Wisconsin,,AFFILIATE
CUST001184,Anthony Holt,smithbradley@example.net,10/06/2023,Brazil,Maine,Hospitality,EMAIL
CUST004944,Janet Cannon,nguyenjane@example.org,22-04-2024,Australia,New Mexico,Healthcare,referral
CUST002043,Erica Thomas,ccarter@example.org,2025-12-09,United Arab Emirates,Nevada,Logistics,Display
CUST007174,Chelsey Howell,belljon@example.org,21-10-2025,SG,New Mexico,Real Estate,Email Marketing
CUST009474,JOYCE ANDERSON,francokaren@example.org,2024-06-30,AUS,,Healthcare,referral
CUST005040,David Moore,cmartinez@example.net,2023-01-24,Australia,Nevada,,display
CUST004747,  Angela Stevens  ,jill70@example.net,2025-08-12,France,Mississippi,Real Estate,Social
CUST007958,Amanda Watson,katherine91@example.net,2024-04-05,france,,Real Estate,Display
CUST003051,Leslie Sandoval,williamslarry@example.org,2023-04-23, India,Arizona,Technology,SOCIAL
CUST002344,Rebecca Adams,stacey53@example.com,2025-04-03,  singapore  ,Mississippi,Technology,Organic
CUST002822,Jon Carr,sabrina60@example.com,2024-01-20,Brazil,Delaware,Healthcare,Instagram
CUST009699,Erica Smith,smithandrew@example.com,2025-04-03,Australia,,Healthcare,E-mail
CUST001462,Angela Ramos,charlotte86@example.org,22-06-2026,United Arab Emirates,South Dakota,Logistics,email
CUST002938,Megan Beasley,taylortoni@example.org,2024-12-20,Brazil,Hawaii,Healthcare,PPC
CUST003639,Rebecca Horn,bethfreeman@example.net,2025-07-28,UAE,Maine,Real Estate,referral
CUST001908,Natasha Davenport,dgrant@example.com,2023-06-15, India,Massachusetts,Retail,  PPC  
CUST005754,Heather Nixon,smerritt@example.net,2025-03-07,DE,New Mexico,Technology,E-mail
CUST005188,Jimmy Coleman,smolina@example.net,2025-02-09,Singapore,Colorado,Healthcare,referral
CUST000049,Wesley White,benjamin96@example.com,04 Jul 2026,BR,Washington,Education,affiliate
CUST009664,John Yang,kim05@example.com,2024-01-23,Brazil,Rhode Island,Healthcare,Display Ads
CUST000844,Ariel Leonard,tyler52@example.net,03-02-2024,DE,Maryland,Real Estate,affiliate
CUST001582,Tracy Copeland,pbautista@example.com,26-10-2023,UK,Iowa,Retail,Affiliate
CUST002650,Logan Tapia,psmith@example.com,2023-05-25,singapore,Georgia,Finance,Google Ads
CUST003814,Steven Lopez,npineda@example.org,2023-11-02,FR,New Hampshire,Media,Social
CUST004561,Jordan Baxter,ryanhall@example.org,2023-10-01,INDIA,Hawaii,Real Estate,Organic Search
CUST006413,Jason Torres,cookgina@example.net,2024-09-15,United Arab Emirates,Iowa,Real Estate,SEO
CUST005342,Amber West,epotter@example.org,08-09-2023,brazil,New York,Media,SOCIAL
CUST005148,Benjamin Watson,craig33@example.net,28-09-2025,UAE,Arizona,Hospitality,Banner
CUST000738,Ashley Jones,kimberly07@example.org,,england,Tennessee,Media,PAID SEARCH
CUST002182,William Mullins,eguzman@example.com,2023-08-20,SG,Alaska,Logistics,ORGANIC
CUST007034,Shannon Watkins,pcooper@example.org,23-01-2025,australia,California,Media,Organic
CUST009605,Shelby Cooper,edwinfisher@example.org,04-06-2023,Brazil,Tennessee,Retail,SEO
CUST005615,Barbara Smith,douglaslloyd@example.org,2023-07-21,AUS,Maryland,Manufacturing,Email Marketing
CUST000822,Kevin Gonzales,whitemichael@example.com,2025-12-27,AUS,Nevada,Healthcare,social media
CUST002200,  Edward Bennett  ,rfleming@example.net,2025-02-03,SG,Oklahoma,Technology,Instagram
CUST004698,Richard Martinez,srivera@example.net,03/16/2025,U.K.,Maine,Logistics,Partner
CUST009326,Heather Jones,sbrown@example.com,14-05-2025,US,,Education,DISPLAY
CUST008556,Alexandra Moore,rachael24@example.org,15 Jun 2023,U.K.,Missouri,,email
CUST009936,  Monica Tucker  ,zcaldwell@example.org,13 Jul 2026,UK,Vermont,Healthcare,AFFILIATE
CUST000570,Emily Tucker,anna90@example.com,11-12-2023,India,Connecticut,Real Estate,E-mail
CUST007262,Laura Porter,madeline35@example.net,2023-04-04,U.S.A,Alaska,Logistics,DISPLAY
CUST006036,Brandon Thomas,aolsen@example.net,31-08-2023,Canada,Maine,Healthcare,Social
CUST009798,Paula Evans,cbarnes@example.net,02/21/2024,  UAE  ,New York,Logistics,Organic
CUST005288,Timothy Madden,carlos69@example.net,08-10-2025,Australia,Indiana,Manufacturing,Instagram
CUST009282,Roger Sawyer,andrew47@example.com,02/24/2026,FR,Georgia,Healthcare,affiliate
CUST005984,  Nancy Lucas  ,beckyblake@example.com,,canada,,Media,SOCIAL
CUST008755,  Tara Chan  ,wilsonmary@example.org,2026-01-06,U.K.,,,Paid Search
CUST008355,  DONNA OLSON  ,ericcoleman@example.com,2025-04-05,Brazil,Georgia,Hospitality,SEO
CUST007411,Darin Reid,rebecca09@example.net,2026-01-02,United Arab Emirates,,Manufacturing,DISPLAY
CUST001601,Barbara Marquez,morganparker@example.com,2024-10-19,SG,Oklahoma,Media,Paid-Search
CUST008971,Anna Gordon,karenvaughn@example.org,17-06-2026,  INDIA  ,Virginia,Hospitality,Organic Search
CUST006669,Brittany Walker,carlos13@example.net,2024-06-16,BR,,Manufacturing,referral
CUST005231,Anthony Terry,benitezheather@example.com,2024-08-18,Brazil,Oregon,Media,Display Ads
CUST005999,Laurie Thomas,timothy39@example.net,2024-12-03,IN,Ohio,,Display
CUST004691,Julie Pope,pachecojason@example.com,2025-03-09,India,Nevada,Real Estate,Partner
CUST008714,Brian Cook IV,jking@example.org,29-03-2023,France,Virginia,Hospitality,PAID SEARCH
CUST003548,Abigail Wright,,09-01-2024,United Kingdom,Mississippi,Manufacturing,referral
CUST003516,Samantha Lee,smithmichael@example.org,06-03-2026,england,Massachusetts,Education,Affliate
CUST004633,Andrew Smith,katherine59@example.net,17-01-2024,India,Colorado,,DISPLAY
CUST006681,  Ashley Bowers  ,craigbrittany@example.net,08/24/2023,United Arab Emirates,Nebraska,Media,Email Marketing
CUST000194,Andrew Payne,,01/31/2026,Germany,New Mexico,Manufacturing,Organic
CUST004850,Erika Fitzgerald,joshuaburton@example.net,2023-07-17,United Arab Emirates,Delaware,,Organic Search
CUST004655,Keith Bryan,michaelestrada@example.org,14-04-2024,AUS,Iowa,,Email
CUST006176,Mary Wilson MD,stephensstacy@example.org,17 Jul 2026,brazil,Georgia,,REFERRAL
CUST005660,Theodore Bishop,mosschristine@example.net,,germany,Kentucky,Hospitality,Affliate
CUST007055,Amy Santos,linda07@example.net,2023-07-02,Australia,South Carolina,,  paid search  
CUST004594,Stacey Harding,josephroberts@example.org,17-07-2026,Germany,Colorado,Hospitality,Referal
CUST001042,Hunter Robinson,staffordamanda@example.com,09/04/2023,Canada,Vermont,Retail,AFFILIATE
CUST002876,Ryan Campbell,raymond62@example.org,2023-01-22,  Germany  ,Rhode Island,Education,Display Ads
CUST006146,Kelly Lee,edgarharvey@example.com,19-10-2023,england,New York,Technology,ORGANIC
CUST008043,Robert Walker,gglenn@example.com,2024-05-26,FR,Idaho,Retail,DISPLAY
CUST009811,Scott Potter,huffmanjames@example.com,07/21/2023,  USA  ,Utah,,social
CUST004483,  Jordan Garcia  ,daviddalton@example.com,2023-10-01,england,South Dakota,Healthcare,Social
CUST006750,David Landry,jessica27@example.com,06/10/2025,Australia,Nevada,Retail,DISPLAY
CUST008062,Edward Delgado,cynthiapittman@example.net,2025-10-23,Singapore,Tennessee,Hospitality,E-mail
CUST003223,Laura Cox,vlandry@example.net,07/31/2024,UK,Maine,Hospitality,organic
CUST001912,Gina Weber,hartmandanielle@example.org,2023-03-04,france,Maryland,Healthcare,EMAIL
CUST004741,Ashley Wiggins,josephharper@example.net,2026-06-07,India,,Retail,Instagram
CUST009585,Jack Miller,vhanson@example.com,2025-08-06,Singapore,Texas,Education,Display Ads
CUST005323,  Joshua Cole DDS  ,bellmichelle@example.com,27-01-2025,Australia,Nebraska,Finance,EMAIL
CUST006834,Albert Castillo,dbarton@example.com,2023-10-29,IN,Connecticut,Education,email
CUST004846,Janet Mcdonald,tinawilliams@example.org,2024-03-10,Canada,Nevada,Real Estate,paid search
CUST001279,Travis Jones ,,25-12-2024,Brazil,Hawaii,Education,SOCIAL
CUST001504,Megan Nelson,yclark@example.com,27-10-2024,USA,,Finance,SOCIAL
CUST001514,Diana Townsend,beckgloria@example.net,2023-01-06,U.A.E,Wisconsin,Technology,Instagram
CUST004471,Rebecca Romero,moralesjohn@example.net,10 Dec 2025,Brazil,,Hospitality,REFERRAL
CUST002358,Courtney Wallace,banderson@example.com,2023-08-22,IN,Utah,Technology,Partner
CUST005535,Nicole Thomas,jonesjoy@example.com,2023-02-04,BR,New Jersey,Healthcare,social media
CUST003267,Natalie Meyer,cpeters@example.org,2024-03-22,  USA  ,,,AFFILIATE
CUST006386,Douglas Nunez,melissajordan@example.org,2025-04-14,United Kingdom,Alabama,Real Estate,Email Marketing
CUST005181,Diana Snyder,kimberlyellis@example.net,2025-11-06,United Kingdom,Massachusetts,Media,SOCIAL
CUST005636,Jordan Cook,sanchezkathy@example.org,2025-04-25,england,,Real Estate,SOCIAL
CUST002379,Matthew Mccullough,marissareid@example.net,2023-04-30,germany,,Retail,Referral
CUST001949,Lori Hodges,alvarezjoshua@example.org,2023-06-20,  UAE  ,Texas,Technology,PPC
CUST002608,Melissa Newton,howardmark@example.org,24 Jun 2024,US,Wisconsin,Retail,  Google Ads  
CUST008993,Elizabeth Lloyd,llozano@example.net,27-02-2024,australia,West Virginia,Technology,EMAIL
CUST008767,  Monique Mendez  ,loganberry@example.net,2024-05-17,United states,,Retail,Display Ads
CUST008961,Nicole Phillips,ericaherrera@example.net,23 Apr 2025,UK,Wyoming,Healthcare,Social
CUST001273,Richard Johnston,buckjustin@example.com,14-05-2024,Germany,Arizona,Finance,Partner
CUST007634,Kathy Johnson,smithsheena@example.net,04/09/2023,Canada,West Virginia,Education,Email
CUST005884,Emily Miller,kimberly24@example.org,06 May 2023,canada,Nebraska,Technology,Banner
CUST008183,Rachel White,james75@example.net,,Singapore,West Virginia,Technology,Display Ads
CUST007020,Maurice Osborne,kevin51@example.net,09/07/2025,india,Kentucky,Retail,Facebook Ads
CUST005509,William Cole,bellandrea@example.net,19-05-2025,  germany  ,Hawaii,Manufacturing,REFERRAL
CUST004608,  Adam Rodriguez  ,lucastaylor@example.org,18 Jan 2025,germany,Colorado,Hospitality,REFERRAL
CUST001613,Lisa Hernandez,nancy06@example.com,03/30/2025,Singapore,Delaware,,organic
CUST000340,Arthur Ferguson,tammysummers@example.com,2024-11-17,BR,Louisiana,Education,affiliate
CUST007008,Beth Walters,lunaclarence@example.net,14 May 2026,INDIA,Kansas,,email
CUST005003,Roger Goodman,johnsonamber@example.com,12/29/2023,SG,Massachusetts,Manufacturing,Paid-Search
CUST000487,Charles Santiago,josephfloyd@example.com,17-11-2025,France,Utah,Technology,display
CUST001403,Tamara Wilson,fsnyder@example.org,2023-07-25,BR,,Hospitality,PAID SEARCH
CUST008489,Kevin Klein,wdunlap@example.net,08-01-2024,SG,Vermont,Finance,AFFILIATE
CUST004787,Heather Moss,jacksonsamantha@example.net,2023-06-11,Australia,Vermont,,Referal
CUST005655,Kristen Johnson,austinpeterson@example.net,12 Jan 2023,India,Florida,Technology,Instagram
CUST006088,Larry Hodges,olsenwilliam@example.org,03/12/2023,  CA   ,Idaho,Finance,paid search
CUST005941,Matthew Fuller,howardwilliams@example.net,2024-12-16,england,Kentucky,Logistics,Display
CUST008224,KRISTEN MOORE,christinepadilla@example.com,12/14/2024,Australia,Massachusetts,Finance,social
CUST008272,Thomas Kennedy,gomezkathy@example.net,19-02-2026,england,Illinois,Retail,referral
CUST007630,Robert Villanueva,caseylaurie@example.org,2023-10-30,canada,Colorado,Education,display
CUST001981,Jennifer Allen,thomasricardo@example.net,2024-01-01,Brazil,Maine,Real Estate,display
CUST000532,Amanda Armstrong,jacksonsandra@example.net,30-04-2025,Germany,Montana,Healthcare,REFERRAL
CUST001378,Jacob Carson,bjones@example.com,2025-09-11,FR,,Healthcare,affiliate
CUST007259,Jasmine Beasley,psavage@example.org,2025-01-25,UK,,Healthcare,PPC
CUST008540,Shannon Franklin,katherinekent@example.com,2023-08-15,france,Oklahoma,Media,referral
CUST008539,Devin Montgomery,swebb@example.net,27 Aug 2024,BR,Mississippi,Media,DISPLAY
CUST004003,Margaret Hansen,mitchellkaren@example.org,2026-03-11,UK,Virginia,Education,affiliate
CUST008760,Michael Romero ,,,United Kingdom,New Mexico,,Banner
CUST003252,  Michelle Underwood  ,samanthamartinez@example.net,2023-05-01,DE,Virginia,Logistics,Google Ads
CUST006898,Eric Peterson,stacy48@example.com,26-09-2023,India,Louisiana,Education,Banner
CUST008834,Jamie Jackson,kmccarthy@example.com,2026-01-21,brazil,Nebraska,Media,Email
CUST004107,Miss Laura Davis,qwalker@example.org,09/16/2023,Singapore,Missouri,Media,DISPLAY
CUST009764,Kim Zuniga,yfranklin@example.net,2023-06-26,germany,,Retail,organic
CUST000522,Jordan Sanders,batesmelanie@example.net,2025-02-22,india,,Education,organic
CUST006328,Brendan Mcgee,livingstonmarilyn@example.net,10/14/2025,USA,California,Manufacturing,Email
CUST004928,Sandra Nelson,laurahurst@example.net,05 Mar 2025,  AUS  ,Colorado,Logistics,Partner
CUST004678,Amy Martin,greenjamie@example.net,2025-03-13,  India  ,Idaho,Manufacturing,EMAIL
CUST008938,Penny Contreras,karenfuller@example.org,2023-08-09,DE,Maryland,Retail,SEO
CUST007589,John Rodriguez,smithdanielle@example.net,2025-12-09,United states,Montana,Education,email
CUST008173,Nicholas Brown,stanleyrachel@example.net,2025-08-20,germany,New Hampshire,Retail,Display
CUST004600,Scott Brown,lisa45@example.net,06/29/2023,australia,California,Real Estate,Organic
CUST003401,Ernest Kennedy,kennethbranch@example.com,2024-02-27,CA ,Washington,Technology,Referral
CUST005160,William Garcia,zryan@example.net,09-07-2026,france,Kentucky,Logistics,Referal
CUST007944,Martha Baker,vweaver@example.net,08/23/2024,United Arab Emirates,Maine,Manufacturing,referral
CUST001387,Mr. Richard Hall,sarasanchez@example.com,,india,,Education,referral
CUST007487,Brian Hill,markjoseph@example.net,2024-05-03,SG,Arizona,Technology,Partner
CUST003707,Tiffany Mcdonald,jennifercordova@example.net,01 Oct 2025,AUS,Illinois,Real Estate,email
CUST008928,Rhonda Turner,melendezphillip@example.org,2024-09-05,SG,Alabama,Real Estate,Organic Search
CUST009756,Kathy Moore,mvazquez@example.org,2025-07-25,england,South Dakota,Healthcare,ORGANIC
CUST007181,Stephanie Spencer,dawn73@example.org,2023-03-15,UK,Colorado,Finance,PPC
CUST002110,Laura Benton,ucarr@example.org,2024-11-16,france,Idaho,Finance,Display Ads
CUST002080,Holly Mercado,halvarez@example.org,2025-09-21,France,Kansas,Retail,email
CUST004974,  Valerie Martinez  ,lisawilliams@example.org,2024-03-01,India,Arkansas,Hospitality,display
CUST003857,Maureen Martinez,lisa70@example.com,2024-03-31,FR,Virginia,Education,  Affiliate  
CUST004514,Edward Jenkins,masonowens@example.com,2025-07-09,  AUS  ,Indiana,Real Estate,Facebook Ads
CUST004042,Michael Atkinson,maria80@example.com,2025-10-26,Canada,Florida,Hospitality,email
CUST007167,Aaron Simmons,nfischer@example.com,2026-03-28,germany,,Logistics,Referal
CUST004378,Michael Baker,cmueller@example.net,10-07-2025,Singapore,Kansas,,Paid Search
CUST005198,Tiffany Deleon,umartin@example.com,23-08-2023,FR,Florida,Logistics,  E-mail  
CUST005273,Kathleen Davis,cynthiaroberts@example.org,03-04-2026,U.K.,Wisconsin,Finance,Paid-Search
CUST000545,Jennifer Taylor,adkinssean@example.net,2024-02-23,DE,Hawaii,Hospitality,Paid-Search
CUST004165,Sarah Mclaughlin,destinyroberts@example.net,2026-05-10,england,Maine,,referral
CUST001976,Jaime Williams,weberbrian@example.org,30-03-2024,CA ,Kansas,Healthcare,DISPLAY
CUST002365,  Heather Moore  ,uthompson@example.org,02-02-2023,singapore,Rhode Island,Finance,Display
CUST003232,Mariah Turner,sshea@example.com,2024-08-03,U.A.E,,Retail,Google Ads
CUST005132,Angela Flores,kellerdana@example.org,02-06-2026,Brazil,Tennessee,,organic
CUST002263,Ruth White,jennifer31@example.org,2024-04-11,USA,Nebraska,Healthcare,REFERRAL
CUST007592,Alicia Cruz,jennifer97@example.net,2023-06-17,Brazil,New Hampshire,Technology,referral
CUST003583,Jennifer Pruitt,travis56@example.net,2024-11-15,australia,Alabama,Finance,Email
CUST007532,Mikayla Russell,elizabeth26@example.org,25-03-2025,CA ,Nevada,Healthcare,Affiliate
CUST008214,Elizabeth Bradford,brownkristy@example.com,2026-03-08,DE,South Dakota,Healthcare,AFFILIATE
CUST009644,Robert Anderson,qpaul@example.net,2025-01-17,  Germany  ,Kansas,Retail,paid search
CUST009147,Randy Moody,usullivan@example.com,06/14/2025,australia,Ohio,Media,REFERRAL
CUST003938,JENNY BLANKENSHIP,rhiggins@example.net,28-09-2024,FR,Arizona,Real Estate,Affliate
CUST006520,Nicholas Gomez,nnguyen@example.net,2026-01-23,United Arab Emirates,California,Logistics,AFFILIATE
CUST006157,Bridget Browning,troy04@example.org,2023-05-06,Canada,Wyoming,Technology,Paid-Search
CUST005450,Kimberly Aguilar ,,25-02-2024, India,Wyoming,Logistics,Referral
CUST002345,Wendy Nelson,mvelazquez@example.net,,Singapore,Missouri,Healthcare,social
CUST007465,Mark Rodriguez,jacksonjonathan@example.net,2026-02-20,australia,Alaska,Technology,  AFFILIATE  
CUST001741,Theodore Hernandez,mpeters@example.com,2024-12-28,france,Wisconsin,Media,SOCIAL
CUST008351,Susan Colon,grosschristopher@example.net,2023-10-18,australia,New York,Healthcare,ORGANIC
CUST009294,Keith Marquez,cooperjennifer@example.org,2025-04-30,India,California,Real Estate,  DISPLAY  
CUST008075,Derrick Thomas,pattersonpeter@example.net,19-10-2023,Australia,Texas,Finance,EMAIL
CUST003195,Leah Fox,cameronramos@example.org,2023-04-21,canada,Washington,Technology,Referal
CUST009039,Jason Williams,marcia21@example.com,,australia,,Technology,REFERRAL
CUST003404,Anthony Cooke,jward@example.com,01 Jan 2023,U.A.E,Texas,Healthcare,Paid-Search
CUST001520,  Jorge Lee  ,stephensharp@example.org,2023-08-11,United Kingdom,Idaho,Media,Banner
CUST002871,John Harper,meredithandrews@example.org,2025-07-16,U.K.,Montana,Healthcare,EMAIL
CUST002393,Tyler Dominguez,awong@example.com,2023-08-27,USA,,Real Estate,Instagram
CUST007265,Gary Mcconnell,karencampbell@example.net,25-09-2023,United Kingdom,Alabama,Real Estate,Social
CUST008895,Megan Hubbard,yowens@example.net,20-02-2024,UK,,Retail,Partner
CUST004062,BRITTANY RUSSO,avilacolin@example.org,04/30/2024,singapore,Nevada,Manufacturing,organic
CUST006279,Tammy Wilson,christopherstein@example.com,2025-04-27,Brazil,New York,Healthcare,E-mail
CUST009149,Bonnie Hendricks,nwarner@example.org,09-01-2024,IN,South Carolina,Hospitality,display
CUST002453,Marcus Mckee MD,ernestrich@example.net,24 Mar 2025,UK,Massachusetts,Hospitality,referral
CUST008835,Jill Valenzuela,awilson@example.com,08/21/2025,Germany,Minnesota,Media,PPC
CUST006117,Antonio White,nicholaslucero@example.net,2025-01-12,U.A.E,Virginia,,Organic Search
CUST001916,Ariel Wilson,katrina51@example.org,2025-06-10,england,,,SEO
CUST007457,Ethan Tran,stephanie70@example.net,2023-02-01,BR,,,Organic Search
CUST009801,Kenneth Ross,michaelgomez@example.net,20-10-2023,Canada,Massachusetts,Healthcare,Partner
CUST000899,  Jessica Simmons  ,palmerteresa@example.net,16-10-2024,australia,,,Affliate
CUST009165,  William Graham  ,wtran@example.org,12/23/2024,SG,Connecticut,Technology,Paid Search
CUST004855,Alvin Smith,elizabeth70@example.com,02-03-2023,  UAE  ,Hawaii,Manufacturing,AFFILIATE
CUST001651,Mr. William Davis DDS,carolberry@example.com,03-10-2025,  AUS  ,Virginia,Manufacturing,Organic
CUST004977,Matthew Kane,hooperjacob@example.org,2024-08-14,Singapore,Kansas,Technology,Paid Search
CUST004910,Erin Glover,janetbrown@example.net,21-09-2025,U.A.E,Oklahoma,Retail,EMAIL
CUST008278,  Dominique Strickland  ,wrightthomas@example.net,2024-10-15,IN,Washington,Healthcare,Partner
CUST004279,Brittany Mccall,rodriguezalicia@example.org,03/12/2024,australia,North Carolina,Education,organic
CUST005155,  Joan Schwartz  ,kennethhansen@example.com,2023-06-03,United Arab Emirates,Kansas,Logistics,EMAIL
CUST002961,  Robin Johnson  ,zsmith@example.com,2024-08-14,australia,Virginia,Technology,Affliate
CUST008013,Vicki Harrison,theresatucker@example.com,,INDIA,South Carolina,Real Estate,referral
CUST000406,Stephanie Davis,bbush@example.net,2023-03-13,  australia  ,Hawaii,Hospitality,SOCIAL
CUST007899,Crystal Roberts,,2023-10-21,U.K.,South Dakota,Real Estate,affiliate
CUST003617,Kristen Nunez,seth37@example.org,06 May 2026,U.S.A,Minnesota,Real Estate,PAID SEARCH
CUST004963,Stephen Jimenez,valerie05@example.org,2025-10-10,U.K.,Delaware,,Referal
CUST000501,Matthew Flores,vaughangary@example.net,06/30/2025,U.S.A,Ohio,Finance,Affliate
CUST002682,Charles Howard,dgarcia@example.org,09-12-2025,U.A.E,Arkansas,Manufacturing,  Email Marketing  
CUST001408,Christian Cervantes,mcampbell@example.net,2026-07-29,AUS,,Healthcare,Email
CUST000256,Kelsey Cox,brownamy@example.net,19 Jan 2023,U.S.A,Illinois,Technology,organic
CUST005927,Frank Bonilla,timothy60@example.net,06/16/2025,england,Iowa,,Paid Search
CUST002541,Kevin Simon,,2023-11-16,UAE,Illinois,Finance,Referral
CUST009000,Adam Ortiz,gcarey@example.org,2023-12-19,U.A.E,North Carolina,Retail,ORGANIC
CUST000154,Charles Schultz,davisalyssa@example.com,2024-05-12,BR,Nebraska,Hospitality,social media
CUST007278,Sarah Beasley,tiffanysolomon@example.org,2023-09-04,  DE  ,Washington,Technology,paid search
CUST001457,Yolanda Chen,vthompson@example.net,14-12-2023,United states,Wisconsin,Logistics,Email
CUST004531,Sarah Clark,marknavarro@example.org,23-09-2025,germany,New York,Technology,Referal
CUST006184,Margaret Bentley,johnsonmelissa@example.com,07/15/2026,United States,Iowa,Retail,affiliate
CUST005030,Jonathan Poole,andrewlopez@example.net,2026-04-27,Brazil,Illinois,Technology,email
CUST006031,Eric Owens,vsalazar@example.net,18 Nov 2025,U.A.E,New Hampshire,Retail,Referral
CUST001718,Martin Robinson,madison38@example.org,,Brazil,Tennessee,Hospitality,PAID SEARCH
CUST001894,Steven Phelps,,2023-10-11,United Kingdom,Kentucky,Education,Partner
CUST005732,Jessica Rojas,jamiezimmerman@example.com,21 Feb 2024,brazil,Missouri,Manufacturing,SEO
CUST005693,Amanda Baker,maciasmichael@example.net,12/15/2023,  Brazil  ,Arkansas,Logistics,Display Ads
CUST007617,Anthony Garza,rhaynes@example.net,04-11-2023,UAE,Missouri,Retail,referral
CUST004302,Tiffany Gentry,sue91@example.com,2025-07-27,Australia,Illinois,Education,Referal
CUST002067,Heather Vang,vluna@example.net,08/05/2024,AUS,New Jersey,Real Estate,SEO
CUST001631,Jennifer Morse,kirkjill@example.com,28 Jun 2024,India,South Carolina,Finance,Referal
CUST007791,Justin Liu,,2025-01-24,DE,Texas,Hospitality,Partner
CUST000627,Bradley Duncan,kelleyjose@example.com,2023-03-29,BR,North Carolina,Technology,Google Ads
CUST009587,  Beth Foley  ,austinholly@example.net,09-07-2025,australia,Missouri,Real Estate,Banner
CUST007096,  Darrell Zuniga  ,jennifer21@example.com,2024-03-13,canada,Minnesota,Finance,Google Ads
CUST004180,Shannon Perry,castrokimberly@example.com,11/12/2025,BR,Wisconsin,Manufacturing,Social
CUST006865,Melissa Lynch,glennkristina@example.org,2025-11-03,Canada,,Finance,Referal
CUST003816,Pamela Smith,matthew17@example.com,2024-08-25,U.A.E,Rhode Island,Real Estate,Google Ads
CUST001072,Jennifer Willis,stonejacob@example.com,2024-09-03,UK,Hawaii,Manufacturing,ORGANIC
CUST004643,Tamara Miller,ilozano@example.org,2026-07-17,U.A.E,Washington,Retail,DISPLAY
CUST004612,Lisa Olsen,qwagner@example.org,2026-07-06,United states,Arizona,Real Estate,social media
CUST008871,Erica Roberson,cynthia88@example.org,04/11/2026,U.S.A,Vermont,Hospitality,Instagram
CUST002782,Mr. Patrick Edwards,melanie49@example.org,02-10-2023,england,Florida,Finance,Affliate
CUST009400,Kristin Valdez,josephsantos@example.net,11/08/2025,AUS,Rhode Island,Retail,Referral
CUST003403,Anthony Parker,coleamanda@example.net,,SG,Virginia,Finance,referral
CUST009132,Cindy Zhang,benjamin88@example.net,2023-12-30,Germany,,Logistics,Organic
CUST009327,Lauren Barron,icamacho@example.net,23-07-2025,United Arab Emirates,Alaska,Education,Facebook Ads
CUST002014,Lauren Martin PhD,kwang@example.com,15-06-2024,india,,Real Estate,Email Marketing
CUST007951,Antonio Robinson,scottmary@example.com,03/03/2024,U.K.,Louisiana,,REFERRAL
CUST009464,Joseph Freeman,alicia96@example.org,2024-04-05,germany,Vermont,Education,Google Ads
CUST005200,Kathleen Arroyo ,,2024-02-28,United Kingdom,Alaska,,Organic
CUST006695,  Troy Perez  ,ccaldwell@example.net,12/31/2024,US,Arizona,Logistics,AFFILIATE
CUST007773,Michael Mack,ijoyce@example.com,11/05/2023,CA ,,,Partner
CUST005267,Antonio Valenzuela,christine91@example.com,14-09-2025,U.S.A,Delaware,Real Estate,paid search
CUST009820,Matthew Camacho,,16-02-2024,France,Alabama,Real Estate,email
CUST009970,  William Savage  ,acastillo@example.org,2026-07-31, India,Massachusetts,Logistics,Partner
CUST006886,Justin Vasquez,zamorajohn@example.org,2024-08-21,india,Mississippi,Education,AFFILIATE
CUST005470,Ashley Moore,skelly@example.com,17-07-2024,U.K.,Maryland,Technology,Instagram
CUST000258,Steven Griffin Jr.,williambryant@example.org,13-07-2026,DE,,,Organic
CUST002158,Jennifer Obrien,pfowler@example.org,16-01-2024,england,Illinois,Finance,Organic Search
CUST006384,Cindy Kemp,durhamrobin@example.com,10/16/2023,INDIA,Ohio,,affiliate
CUST000881,Kaitlin Gomez,smithwilliam@example.com,13-01-2023,USA,Maryland,Manufacturing,SOCIAL
CUST000323,Tamara Lawrence,lawrenceallen@example.org,25-09-2023,england,,Real Estate,referral
CUST000955,Amy Hudson,karenshaw@example.org,2026-07-24,Canada,Delaware,Logistics,social
CUST006126,Tonya Jacobs,englishoscar@example.org,,  Canada  ,Wisconsin,Real Estate,EMAIL
CUST000434,Sara Hoffman,kenneth17@example.org,03/18/2026,United states,Michigan,Real Estate,Google Ads
CUST008822,Carrie Warner,bentleyryan@example.com,2025-04-29,DE,Iowa,Manufacturing,Organic Search
CUST006197,Jacob Zamora,anna95@example.com,09/26/2024,U.A.E,Minnesota,Technology,Display
CUST002771,Tyler Mills,jason06@example.net,29 Dec 2023,singapore,Missouri,Education,referral
CUST003723,Jeffrey Berry,lindaniel@example.com,2026-02-14,  Germany  ,Virginia,Manufacturing,organic
CUST007314,Kathryn Stokes,nross@example.net,2024-04-26,India,Colorado,Hospitality,email
CUST006206,Ryan Schwartz,trobinson@example.org,2026-06-12,CA ,North Carolina,Manufacturing,  SEO  
CUST008317,Bryan Brandt,aliciastevens@example.org,2023-05-25,germany,Florida,Retail,SEO
CUST005019,Steven Hall,noah12@example.net,2023-11-08,brazil,Connecticut,Technology,EMAIL
CUST007432,MARIA BANKS,ltravis@example.com,10/29/2024,India,California,Hospitality,EMAIL
CUST006840,Jay Lee,reedkristy@example.net,12/11/2023,United States,,Manufacturing,SOCIAL
CUST008948,Eric Hull,dakota26@example.com,,germany,Alaska,Logistics,Paid-Search
CUST002614,Robert Rogers,bendermichelle@example.net,2026-06-10,UK,Nevada,Finance,E-mail
CUST004687,Riley Anderson,kristincombs@example.org,2026-05-19,Singapore,Delaware,Hospitality,Paid Search
CUST001412,Howard Castillo,robinsonsydney@example.com,08-01-2026,Brazil,,Retail,social
CUST007284,Elizabeth Edwards,john29@example.com,2025-07-14,DE,New York,Manufacturing,Social
CUST003943,Michelle Villarreal,jberry@example.org,,australia,Texas,Media,Banner
CUST004305,Joshua Villa,acostadylan@example.net,2024-10-20,SG,West Virginia,Manufacturing,referral
CUST001147,Andrew Foster,rachel23@example.com,2026-01-30,Singapore,Texas,Finance,organic
CUST009865,Angelica Burch,annneal@example.com,07/17/2024,Singapore,,Hospitality,Referal
CUST000551,Heather Foster,aprilmclaughlin@example.org,27-11-2023,India,Colorado,Real Estate,Affiliate
CUST007897,KEVIN ADAMS,ascott@example.org,11/03/2025,BR,Rhode Island,,REFERRAL
CUST001104,Chloe Chase,udavis@example.net,2026-02-23,INDIA,Arkansas,Real Estate,social media
CUST005009,  Amanda Davidson  ,davidwoods@example.com,07/02/2023,United States,,Media,Referral
CUST007985,Natalie Martinez,judithwood@example.net,2025-10-11,USA,Idaho,Technology,email
CUST008187,Kayla Foster,davisjulie@example.org,03-03-2023,U.K.,Oregon,Technology,Email Marketing
CUST009566,Andrew Porter,antonio89@example.net,2023-12-10,germany,Iowa,Real Estate,Referal
CUST003440,Luis Snyder,matthew49@example.com,2023-02-27,Germany,Minnesota,Media,Email Marketing
CUST001176,Derrick Perkins,omoore@example.net,,AUS,Washington,Education,  paid search  
CUST006929,Katie Smith,adavidson@example.net,2025-06-05,UAE,,Hospitality,Partner
CUST000165,Jordan Bullock,michael23@example.org,2024-12-21,SG,Georgia,Healthcare,social media
CUST003954,Dr. Antonio Ortiz,bjenkins@example.org,2024-08-23,BR,Ohio,Media,Paid Search
CUST004442,Brittany Wright MD,stephen89@example.com,2024-03-04,UAE,Pennsylvania,Finance,paid search
CUST000341,  Drew Kelley  ,ashleewashington@example.com,02/20/2024, India,Utah,Hospitality,AFFILIATE
CUST003791,Maria Mercado,scott45@example.org,14-04-2024,France,Mississippi,Retail,Referral
CUST000686,Christine Johnson MD,smithsarah@example.net,2026-07-29,BR,Rhode Island,Finance,  social  
CUST001492,John Rogers,daniel26@example.net,2023-02-07,U.A.E,Wisconsin,,  AFFILIATE  
CUST001009,Rachel Gibbs,jacksonpaul@example.net,2023-10-06,United Kingdom,Wisconsin,Technology,Organic Search
CUST009356,Jacob Rivera ,,2024-10-01,INDIA,Iowa,Media,Partner
CUST007668,Theresa Johnson,julie18@example.com,29 Jun 2026,singapore,Arizona,Finance,Partner
CUST001420,  KRISTEN PENA  ,michaelgonzalez@example.org,10-02-2024,france,Ohio,Manufacturing,DISPLAY
CUST009957,  Anna Bernard  ,qgarcia@example.org,2024-06-29,  US  ,Utah,Finance,E-mail
CUST002279,  Jerry Rogers  ,diazrandy@example.org,02/26/2023,Singapore,Oregon,Retail,Organic
CUST005592,Lisa Suarez,kelly12@example.org,2024-05-07,england,Illinois,Manufacturing,Instagram
CUST007088,Mark Wheeler,fishertimothy@example.net,2025-10-22,Germany,Florida,Hospitality,Display
CUST005361,Julie Johnson,perrydenise@example.org,2025-06-05,U.K.,Washington,Retail,REFERRAL
CUST003511,Jacqueline Berry,,2026-07-31,United Kingdom,Montana,Logistics,Email Marketing
CUST006928,  Meghan Smith  ,udunn@example.org,05-09-2024, India,,Media,organic
CUST008031,Peter Dunlap,benjamin04@example.org,2023-09-25,singapore,California,Hospitality,affiliate
CUST000941,Michelle Stone,danielblack@example.org,2024-12-24,  U.A.E  ,Wyoming,Technology,social media
CUST002380,Dana Wyatt,schmidtjoseph@example.net,30-01-2025,Germany,,Manufacturing,Affiliate
CUST005411,Shane Landry,ubrown@example.com,2024-02-20,AUS,New York,Finance,Organic
CUST002662,Victoria King,,19 Apr 2025,Germany,New York,Finance,AFFILIATE
CUST007648,Angel Roberts,reevesandrew@example.org,2024-06-01,Canada,,Logistics,referral
CUST002155,Mary Martinez,benjamin49@example.org,2025-05-19,  CA   ,Ohio,Real Estate,Email Marketing
CUST002255,Katherine Cruz,kristendavis@example.net,2024-09-19,BR,Tennessee,Technology,DISPLAY
CUST001841,  Brandon Williams  ,keithharrison@example.com,2023-10-21,BR,Hawaii,Education,PPC
CUST002850,Monique Allen,rose88@example.com,16-05-2023,germany,Utah,Real Estate,Referral
CUST000068,James Elliott,millerroy@example.com,2026-01-05,england,Idaho,Technology,ORGANIC
CUST002099,Joseph Wang,fstone@example.net,01 Feb 2025,brazil,New Jersey,Real Estate,Social
CUST003157,Stephen Tyler,sullivancatherine@example.net,10 Feb 2025,france,Oklahoma,Education,email
CUST006951,Yvette Rodriguez,cheryl91@example.net,14-07-2024,U.K.,Georgia,Technology,paid search
CUST002035,Miguel Cole,jessicahines@example.com,2024-06-12,UK,Texas,Finance,Referal
CUST004202,Courtney Clark,xmann@example.com,2024-12-24,DE,,Technology,referral
CUST001510,Jocelyn Mcdonald,colleenjackson@example.com,2023-10-29,india,,Finance,PAID SEARCH
CUST009526,Mrs. Stacy Montgomery,icaldwell@example.com,2025-01-29,Germany,North Dakota,Education,Google Ads
CUST003642,Debbie Peters,amanda63@example.net,2026-05-23,BR,California,,  Referral  
CUST004672,Lauren Turner,knightrobert@example.net,08/25/2025,france,Kansas,Real Estate,display
CUST002536,Kenneth Schmidt,marissasutton@example.com,17 Jun 2025,FR,Hawaii,Real Estate,Organic
CUST001344,Alison Nicholson,sandra46@example.net,05/22/2026,FR,Minnesota,,EMAIL
CUST005390,Joanna Mclean,arice@example.net,2024-09-24,UAE,New Hampshire,Media,  Paid-Search  
CUST000834,John Carter MD,amy88@example.org,07/05/2023,U.A.E,Wisconsin,Manufacturing,REFERRAL
CUST000643,Megan Salas,robertberry@example.com,2026-07-31,Brazil,Maryland,Finance,Paid-Search
CUST006122,Rebekah Johnston,jonathanharris@example.com,2024-07-08,UAE,Massachusetts,Hospitality,email
CUST001764,Jesus Randolph,davidfields@example.net,05-09-2025,australia,Alaska,Technology,DISPLAY
CUST004619,Jacob Robinson,jessica81@example.com,01/02/2023,Australia,,Real Estate,PPC
CUST003527,Molly Cook,qkemp@example.com,2023-02-15,  UK  ,Delaware,Technology,paid search
CUST005987,Mark Hartman,santanaveronica@example.org,2026-01-17,  France  ,Nebraska,Education,Email Marketing
CUST002257,Larry Woods,colelisa@example.com,2023-07-29,singapore,Washington,Technology,AFFILIATE
CUST002424,Stephanie Herring,jennifer29@example.com,11-05-2024,France,Missouri,Technology,Paid-Search
CUST005557,Brittany Potts,bradjackson@example.com,2025-08-17,Singapore,North Carolina,Education,Referal
CUST007375,Aaron Marks,carrieward@example.net,15-04-2023,  United Arab Emirates  ,Texas,Retail,Organic
CUST007598,Stephen Drake,adkinsemily@example.net,23-01-2026,FR,Connecticut,Hospitality,Display Ads
CUST004330,Christina Sosa DDS,cynthiagardner@example.org,2024-09-27,france,North Dakota,,Display
CUST000036,Daniel Baker,nicole35@example.com,2024-01-08,INDIA,Hawaii,Technology,ORGANIC
CUST009158,Chelsea Howard,sheppardpatrick@example.com,2023-05-17,australia,Vermont,Finance,Referal
CUST004848,Austin Scott,iperez@example.org,2024-07-22,SG,Wyoming,Manufacturing,Affliate
CUST001329,Judy Smith,michaelfoley@example.net,02/27/2026,India,,Finance,Affliate
CUST001101,  CHRISTINE OCONNOR  ,isabellawilliams@example.org,04-07-2023,Singapore,New York,Technology,SEO
CUST002228,Marilyn Lozano,john91@example.org,29-01-2025,USA,Ohio,Hospitality,REFERRAL
CUST001449,Robert Coleman,gmurphy@example.org,04 Sep 2025,United Arab Emirates,Kansas,Media,REFERRAL
CUST001827,Patrick Irwin,lisa11@example.org,22-01-2024,Germany,Nebraska,,Referal
CUST000840,Lauren Hubbard,oscar65@example.com,05-11-2025,SG,Nebraska,Hospitality,Email
CUST004387,Heather Kramer,rhonda52@example.com,2024-10-24,US,Virginia,Manufacturing,Google Ads
CUST005522,Michael Brown,navarromark@example.com,08 Jun 2026,Singapore,,Retail,referral
CUST009136,Kristy Campbell,amandamiller@example.org,07-12-2024,india,Alabama,Hospitality,AFFILIATE
CUST006052,Raven Ramirez,matthew79@example.com,2024-11-21,DE,South Dakota,Hospitality,Email
CUST007909,Thomas Riddle,manuelgarcia@example.org,2025-06-21,australia,West Virginia,Education,PPC
CUST009387,Michelle Wolfe,osmith@example.com,2026-03-20,Australia,Virginia,Technology,organic
CUST006310,  Stacy Chavez  ,esolomon@example.org,08/14/2023,brazil,Wisconsin,Education,Organic
CUST005221,Michael Lawrence,jessicahobbs@example.net,2023-05-23,Brazil,Oregon,Media,Instagram
CUST006761,Vanessa Clark,millersteven@example.net,2025-03-19,Australia,Montana,Logistics,Partner
CUST005783,Mitchell Harris,heather02@example.com,2025-08-18,Germany,Minnesota,Manufacturing,EMAIL
CUST004139,  Brandon Robinson  ,andersontravis@example.com,13-04-2023,  france  ,Mississippi,Manufacturing,display
CUST004943,  Edward Watkins  ,wellsvalerie@example.net,08/16/2024,United Kingdom,Pennsylvania,Education,AFFILIATE
CUST004995,Rachael Clayton,timothyblackburn@example.com,2025-12-17,France,,Technology,Referral
CUST006560,Steven Santos,hking@example.com,2023-03-28,India,Maryland,Education,Referral
CUST009322,Travis Bullock,hopkinskim@example.com,12/18/2024,Germany,Oklahoma,Real Estate,Affliate
CUST000903,Dawn Scott,mackallen@example.net,12 Nov 2025,INDIA,Texas,Logistics,paid search
CUST000978,Krystal Jones,julieanderson@example.net,2025-08-10,France,Iowa,Retail,SEO
CUST006920,Michael Ramos,jason41@example.org,2024-10-08, India,Minnesota,Technology,SOCIAL
CUST006597,Sabrina Martin,baldwinjason@example.com,2025-12-17, India,Mississippi,Real Estate,affiliate
CUST003853,Derrick Booker,russellelizabeth@example.org,09/23/2023,canada,,Media,SEO
CUST008863,Chelsey Brooks,daniel51@example.com,20 Apr 2024,AUS,Wisconsin,Healthcare,paid search
CUST003906,Kristin Gonzalez,javierlewis@example.org,2025-08-30,england,Wisconsin,Media,paid search
CUST004484,Andrew Hill,jessica62@example.com,2026-01-12,Brazil,Washington,Logistics,referral
CUST008884,Lori Thompson,,30-12-2025,INDIA,New Mexico,Healthcare,PPC
CUST004588,  David Jones  ,zstanley@example.org,2026-07-04,england,,Logistics,display
CUST001525,Kimberly Baldwin,gonzalesmaria@example.org,2026-05-20,DE,,Hospitality,EMAIL
CUST006240,Robert Allen,daniel78@example.net,2023-10-18,Canada,Connecticut,Education,Referral
CUST009979,Richard Cabrera,downsangela@example.net,2024-05-01,Australia,,Media,Referal
CUST000124,Stephanie Parsons,catherinegomez@example.net,12-08-2023,BR,Illinois,Technology,referral
CUST002517,  David Anderson  ,staceyarias@example.org,2023-10-04,India,Virginia,Real Estate,Referral
CUST005977,Kent Clark,htaylor@example.org,16-11-2024,United Arab Emirates,Florida,Education,Affiliate
CUST005408,Michael Henry,jennifer79@example.net,2024-03-07,Canada,North Carolina,Media,Google Ads
CUST001803,Rebecca Lopez,nmendoza@example.org,2026-05-20,Germany,,Manufacturing,AFFILIATE
CUST002640,Heidi Johnson,drakekevin@example.net,2023-07-17,UAE,,,AFFILIATE
CUST002633,Veronica Barnes,melissaevans@example.org,2024-02-09,SG,Connecticut,Logistics,E-mail
CUST004485,Michael Hernandez,myersronald@example.org,06/04/2024,Singapore,South Dakota,Technology,paid search
CUST008466,Emily Lopez,christophercox@example.com,05/09/2023,singapore,New Mexico,Healthcare,social
CUST008803,Anthony White,ojohnson@example.com,2026-04-11,FR,Florida,Education,  PPC  
CUST000275,Alexis Giles,burgesskaren@example.org,2024-12-02,SG,Vermont,Healthcare,Referral
CUST005824,Eric Middleton,brittanymoore@example.com,06 Aug 2025,United Arab Emirates,Missouri,Retail,SOCIAL
CUST003297,Monica Copeland,marissa74@example.net,21-08-2024,Brazil,South Carolina,Healthcare,SEO
CUST003341,Tanner Russo,,2025-02-06,  U.A.E  ,Rhode Island,Manufacturing,Affiliate
CUST007462,James Barnett,whitealexander@example.net,2024-10-29,AUS,Kansas,Media,Facebook Ads
CUST001605,Lisa Bridges,amberfriedman@example.com,12-06-2024,United states,Illinois,Media,Banner
CUST009257,Amy Miller,tammyhenderson@example.net,03-11-2025,Singapore,Massachusetts,Manufacturing,Display Ads
CUST007910,Earl Rodriguez,eric41@example.org,19 Oct 2023,india,Kansas,Technology,referral
CUST002533,Leah Brown,jeffrey62@example.net,2023-11-17,USA,Rhode Island,Media,SEO
CUST006409,Michelle Perkins,thomasknight@example.net,2024-01-25,USA,Pennsylvania,Education,Paid Search
CUST006212,Mrs. Stephanie Fritz,martinshields@example.com,07-09-2023,Brazil,Oregon,Media,PPC
CUST007574,Jeff Hayes,hday@example.org,02/06/2025,  Canada  ,Minnesota,Finance,organic
CUST006677,Lauren Dunn,haynescynthia@example.net,2023-04-23,Germany,Nebraska,Finance,Partner
CUST004048,Megan Bennett DDS,taylorkimberly@example.net,03-06-2023,germany,Missouri,Manufacturing,Affliate
CUST009451,WILLIAM NICHOLSON,kjackson@example.net,31-07-2025,england,Colorado,Manufacturing,Referral
CUST000529,  David Robertson  ,jason22@example.com,2023-05-24,Singapore,Rhode Island,Technology,Email Marketing
CUST001519,Carol Garrett,craneandrew@example.net,2026-07-08,UAE,Tennessee,Hospitality,SEO
CUST005649,Pamela Payne,kristenmoreno@example.org,2024-07-14, India,,Technology,Banner
CUST005208,Elizabeth Mclaughlin,thomasstacey@example.com,2026-01-13,england,Maryland,Hospitality,SOCIAL
CUST000808,Tina Williams,alyssa18@example.org,03/03/2024,UAE,Wyoming,Media,Organic Search
CUST002806,Joseph Nicholson,fyoder@example.org,21 Jul 2024,United Arab Emirates,Alabama,Education,Organic
CUST009315,Kristin Smith,brucemartin@example.org,2025-12-18,Canada,Connecticut,Media,SOCIAL
CUST003437,Gregory Cobb,carol28@example.net,2023-04-15,canada,South Carolina,Education,PAID SEARCH
CUST001216,Latasha Gamble,ballarddouglas@example.com,19-05-2024,Australia,Oklahoma,Hospitality,DISPLAY
CUST007217,  Elijah Reed  ,jasmine86@example.org,2023-02-19,United Kingdom,Idaho,,Organic Search
CUST006360,Stephen Wilkins,davidlang@example.org,23-11-2024,Australia,Arizona,Retail,social
CUST007534,Kristina Williams,michelle21@example.net,2024-07-20,United Kingdom,New Hampshire,,Affiliate
CUST004975,Adam Mitchell,kimnoah@example.net,,singapore,Mississippi,Finance,  Banner  
CUST002140,Caleb Jensen,kfrye@example.net,2026-07-28,India,New Hampshire,Manufacturing,EMAIL
CUST002944,Erica Davidson,,07-11-2024,AUS,Connecticut,Retail,AFFILIATE
CUST005430,Lisa Lawrence,michelle32@example.com,,  IN  ,California,,AFFILIATE
CUST002494,Malik Washington,trancaitlin@example.com,2024-11-29,FR,,Real Estate,Affliate
CUST004680,Douglas Willis,rodriguezpeter@example.org,02/24/2025,United states,,Real Estate,  SEO  
CUST006881,Patrick Walker,kelly19@example.com,11/30/2025,UK,,Healthcare,Referal
CUST002457,Tina Mack,bobbyvargas@example.com,2024-05-29,India,Wisconsin,Hospitality,social media
CUST004581,William Bernard,shannon27@example.com,06/15/2026,CA ,Texas,Real Estate,Referal
CUST005887,Kimberly Gutierrez,chelsea32@example.org,2025-02-24,AUS,New Hampshire,Real Estate,DISPLAY
CUST000737,Matthew Rodriguez,probinson@example.org,09-07-2024,france,New Hampshire,Logistics,Referal
CUST002116,Kelly Hunter,nbailey@example.net,2023-10-07,Singapore,West Virginia,,Partner
CUST007078,Jeffrey Garrett,webbholly@example.net,02/09/2025,Germany,New Jersey,Technology,Affliate
CUST000536,  Carlos Smith  ,mserrano@example.org,21-06-2025,Australia,Idaho,Technology,social media
CUST005126,Ashley Huang,alexanderking@example.org,08 May 2025,U.S.A,New Hampshire,Retail,EMAIL
CUST001711,Adam Roman,mooreconnie@example.com,01/05/2026,UAE,South Dakota,Finance,Referal
CUST008670,Danielle Ware,masseymatthew@example.net,04/16/2023,FR,Wyoming,Hospitality,organic
CUST003691,Benjamin Esparza,natashasmith@example.org,12-12-2025,CA ,,Logistics,REFERRAL
CUST008115,  Kathleen Simpson  ,sarawade@example.com,2023-12-28,Germany,Mississippi,Media,affiliate
CUST003001,Joshua Castillo,amandaherrera@example.net,2023-03-07,FR,,Logistics,EMAIL
CUST007351,Carlos Santiago,christophermorrison@example.com,2024-07-16,singapore,New Hampshire,Logistics,display
CUST007149,Jasmine Jackson,katelyn19@example.org,2026-03-04,Brazil,Illinois,Media,Organic Search
CUST005449,Dr. Leah Kennedy,hensleyhannah@example.com,2024-07-29,IN,Kansas,Healthcare,Display
CUST007762,Angela Campbell,natasha18@example.net,2025-05-24,AUS,Alabama,Logistics,Paid-Search
CUST007041,  Tony Alvarado  ,swalker@example.com,2025-07-11,Singapore,Pennsylvania,Education,Paid-Search
CUST007526,Eric Norris,vramirez@example.org,05/16/2023,Germany,North Carolina,Retail,Facebook Ads
CUST004547,Stephanie Fry,alvaradostephen@example.net,14-06-2025,IN,Massachusetts,Manufacturing,Banner
CUST008223,Kimberly Cummings,ashleyfrench@example.org,2025-08-27,UK,,Retail,Referral
CUST006862,Michelle Sampson,nicholas84@example.com,2025-12-25,  Brazil  ,Oklahoma,Finance,  Display Ads  
CUST002687,Vicki Barry,angelabass@example.org,2023-04-24,AUS,New Hampshire,Media,Paid Search
CUST003187,Robin Johnson,christophercooley@example.com,25-06-2025,brazil,Vermont,Technology,Display
CUST009701,Ronald Chen,johnsonbecky@example.com,2024-05-12,United Arab Emirates,Indiana,Media,referral
CUST005577,Christine Miller,cindyjohnson@example.net,05/27/2023,SG,New Mexico,,REFERRAL
CUST001716,DEBORAH HUMPHREY,hollywarner@example.org,06/13/2024,Singapore,Illinois,Hospitality,Partner
CUST006688,Christopher Munoz,caseadrienne@example.net,2023-11-19,Australia,Michigan,,PAID SEARCH
CUST008924,Emily Wheeler,sandra71@example.net,2025-02-19,SG,,Media,Banner
CUST000457,Andrew Crawford,haleycastillo@example.org,2023-09-11,Australia,Alabama,Retail,SOCIAL
CUST003538,Sherry Morton,yjones@example.org,2026-03-03,USA,Arkansas,Healthcare,display
CUST009975,  Terri Morris  ,sandra11@example.com,14-06-2025,india,Texas,Real Estate,paid search
CUST008076,Michael Garcia,igoodman@example.org,2024-12-01,UAE,Michigan,Real Estate,Google Ads
CUST004361,Lisa Simpson,benitezkimberly@example.com,03/08/2025,SG,Montana,Logistics,Social
CUST003862,Victor Ramirez,julie67@example.net,07-02-2026,singapore,Iowa,Technology,Referal
CUST008681,Dominique Davidson,robert23@example.org,2024-01-11,DE,Indiana,Manufacturing,DISPLAY
CUST008560,Kathleen Flores,justinjohnson@example.net,05/16/2023,Canada,New York,Hospitality,SEO
CUST009301,Mary Ramos,peter31@example.net,23 Oct 2025,france,Washington,Healthcare,REFERRAL
CUST007814,Alexander Douglas,boyertammy@example.net,2024-12-07,UK,Missouri,Education,display
CUST009917,Curtis Roberts,millerkathryn@example.org,2024-11-08,UK,Florida,Education,display
CUST002824,  Nichole Cherry  ,mooredavid@example.org,, India,Alaska,Logistics,EMAIL
CUST000145,Erika Vang,shawn96@example.org,06-11-2023,india,,Media,  REFERRAL  
CUST005808,Casey Thomas,angelashelton@example.org,07/27/2025,Singapore,Louisiana,Retail,EMAIL
CUST005879,Cindy Jenkins,zperez@example.org,2026-02-23,brazil,Indiana,,Display
CUST006638,Darren Smith,matthewreyes@example.com,,IN,,Education,Affiliate
CUST000255,Susan Todd,kathleenbecker@example.net,2025-10-31,england,Colorado,Media,REFERRAL
CUST008941,Mr. Chris Robinson MD,hamiltonchristina@example.net,01/11/2023,UK,Pennsylvania,Media,Organic
CUST005463,Patrick Sloan,janejohnson@example.com,2026-02-02,BR,North Carolina,Healthcare,display
CUST006291,Brian Taylor,manningjamie@example.net,2023-01-08,France,Colorado,Real Estate,PAID SEARCH
CUST009872,Steve Keith,,2026-03-05,Germany,,Finance,SOCIAL
CUST004792,Thomas Brown,john32@example.com,03-10-2024,Germany,Arizona,,Referral
CUST007874,  Logan Davis  ,saracamacho@example.net,2024-03-01,germany,Oregon,Real Estate,Facebook Ads
CUST006006,Neil Mitchell,gabriel53@example.net,09-03-2024,  United States  ,Oregon,,Facebook Ads
CUST002089,Robin Patterson,anthony00@example.org,04/04/2026,Singapore,Georgia,Education,REFERRAL
CUST007521,Jessica Gonzales,ncarter@example.net,2024-08-24,DE,,Real Estate,social media
CUST006380,Nathan Burns,martinezyvonne@example.net,2024-01-06,brazil,Delaware,Finance,ORGANIC
CUST006671,William Price,kdunlap@example.org,11-11-2024,U.S.A,Montana,Retail,Display Ads
CUST005372,Rita Turner,joseph98@example.net,10 Aug 2023,US,Iowa,Technology,E-mail
CUST005537,Bryan Summers,sarah64@example.com,04/23/2025,USA,Illinois,Finance,Organic Search
CUST008652,Holly Clark,billaustin@example.com,2024-08-29,Brazil,Nebraska,Logistics,social
CUST005395,Aaron Miller,philipwatson@example.com,2026-03-29,canada,,,Affliate
CUST004343,Curtis Young,matthew79@example.com,11/08/2024,Canada,,Education,Display
CUST004169,Jodi Crawford,knelson@example.org,2024-02-23,United states,Mississippi,Hospitality,Instagram
CUST005069,William Houston,timothybell@example.net,2023-01-09,France,Tennessee,Finance,Instagram
CUST007813,John Campbell,melissajones@example.org,2025-06-16,India,Colorado,Logistics,SOCIAL
CUST000287,Angela Chung,scunningham@example.org,23 Jun 2024,germany,Maryland,Education,Paid-Search
CUST008992,Ryan King,bentleycory@example.net,23 Oct 2024,US,Washington,Finance,Social
CUST006449,Teresa Gonzalez,crystal61@example.com,09/20/2024,FR,Washington,Media,SEO
CUST004857,Connor Hebert,urios@example.net,05/09/2023,brazil,,Manufacturing,DISPLAY
CUST003381,Kayla Caldwell,jennifer96@example.com,2023-12-25,UAE,Texas,Finance,EMAIL
CUST003032,Jennifer Gonzalez,mariolewis@example.net,01/03/2024,BR,Maine,Media,Instagram
CUST004095,Catherine Johnson,dcurry@example.net,09-08-2023,AUS,Utah,Education,ORGANIC
CUST006630,Renee Ross,karen27@example.com,2025-11-05,CA ,North Carolina,Real Estate,DISPLAY
CUST002837,  Martin Jones DVM  ,bryan61@example.net,2026-05-22,Canada,Wisconsin,,referral
CUST004369,Kurt Yang,joseskinner@example.org,06/18/2023,Germany,,Hospitality,organic
CUST007207,Chelsey Robbins,stephanieanderson@example.net,2024-01-28,germany,Montana,Logistics,social
CUST006498,Michael Adams,hannah51@example.com,2024-08-16,  France  ,South Carolina,Logistics,Banner
CUST003225,  Tonya Richardson   ,,20-01-2025,CA ,Arkansas,Finance,SEO
CUST009621,Justin Chen,john91@example.org,2023-02-12,US,Idaho,Real Estate,Referral
CUST002688,David Smith,jvega@example.com,2024-06-21,CA ,,Real Estate,Email
CUST005066,Tiffany Orozco,xtownsend@example.com,2024-08-05,singapore,Kansas,Education,ORGANIC
CUST000676,Jonathon Nguyen,wilsonmathew@example.com,26-11-2025,Singapore,Washington,Retail,Paid Search
CUST005388,Devin Costa,qthompson@example.net,2025-11-20,france,Illinois,,Email
CUST000114,Charles Pitts,charlesharrington@example.com,2023-11-23,SG,Michigan,,Organic Search
CUST005078,Barbara Bauer ,,2024-09-20,United states,Wisconsin,Hospitality,  Referal  
CUST002890,DAVID LOPEZ,hannahmunoz@example.com,23-03-2026,Australia,Indiana,Education,SEO
CUST005513,Zoe Bennett,wpeters@example.com,2026-01-25,AUS,Hawaii,Retail,  EMAIL  
CUST009319,  Anthony Acevedo  ,josephwatson@example.org,01/14/2026,SG,Illinois,,email
CUST003220,Christopher Webster Jr.,edward22@example.org,,Brazil,,Media,referral
CUST000048,  DIANA MAY  ,ifrazier@example.com,16-06-2023,UK,Alaska,,Instagram
CUST002655,JENNIFER NORMAN,wilkersonkatherine@example.org,08/15/2024,FR,Wisconsin,Hospitality,Partner
CUST005115,  Albert Oliver  ,,29-05-2023,australia,Minnesota,Media,Organic Search
CUST005325,Dawn Smith,riverashane@example.com,21-11-2025,DE,Missouri,Healthcare,Banner
CUST008227,Tammy Fisher,burnettaustin@example.org,2025-02-27,US,Washington,Media,Facebook Ads
CUST005727,Kelly Mcfarland,andreacruz@example.com,03-09-2025,Germany,Idaho,Finance,Organic
CUST003925,  Brittany Rowe  ,tanyabennett@example.net,23-01-2024,india,New Mexico,Media,Google Ads
CUST001989,Michael Johnson,kaiserkelly@example.org,2025-08-06,Germany,Indiana,Healthcare,referral
CUST009902,Misty Gardner,baldwineric@example.org,2025-09-24,DE,Maryland,Retail,Display
CUST003572,Brooke Anderson,holmesamy@example.net,,US,California,Retail,Organic
CUST005199,Michelle Hampton,uprice@example.net,09/01/2023,england,North Carolina,Hospitality,referral
CUST002500,Dylan Guzman,smithamy@example.com,28-09-2025,U.A.E,Ohio,Education,paid search
CUST008475,James Cameron,millerrobert@example.org,23-01-2024,BR,New Jersey,Finance,Paid Search
CUST008633,Jeff Ramirez,,2026-04-26,england,Illinois,Education,Email Marketing
CUST007950,Nathaniel Moran,state@example.org,2025-05-12,australia,,,Affliate
CUST007508,Mr. Tyler Shaw Jr.,andrewbooker@example.org,14-09-2025,UAE,,Hospitality,  SEO  
CUST002388,Amy Lara,andrewjackson@example.org,17-05-2025,Singapore,Texas,Hospitality,AFFILIATE
CUST004629,Gary Meyers,robert90@example.org,2025-05-01,United Arab Emirates,Texas,,PAID SEARCH
CUST003603,Angela Davis,lynnoconnor@example.com,2023-04-20,AUS,Alaska,Healthcare,Social
CUST008532,  Brandon Nelson  ,lnorton@example.com,08/04/2025,Australia,Texas,Retail,affiliate
CUST008361,Veronica Kelly,iwood@example.net,2025-03-16,UAE,Vermont,Education,Partner
CUST007786,Mitchell Castro,anneblack@example.com,2026-02-22,USA,Arkansas,Manufacturing,DISPLAY
CUST005637,  Lisa Shaw  ,andrew82@example.net,2026-02-15,US,Kentucky,Manufacturing,Instagram
CUST007039,Robert Moon,mharrell@example.net,2024-01-08,IN,,Real Estate,Banner
CUST001778,Carmen Perez,tracy55@example.net,2025-09-24,United Arab Emirates,,Technology,SOCIAL
CUST001988,Kathryn White,martin27@example.net,2026-06-03,United Kingdom,Vermont,Hospitality,EMAIL
CUST009723,Michael Hampton Jr.,josechambers@example.com,2024-05-29,england,Louisiana,Hospitality,Banner
CUST009812,Edward Davis,steven70@example.org,26-01-2024,Germany,South Dakota,Logistics,REFERRAL
CUST001730,Lynn Morgan,gabriella69@example.org,2024-06-27,United Kingdom,Rhode Island,Hospitality,Affliate
CUST008825,Paul Richards,robertmcdowell@example.com,19 May 2025,United States,,Finance,social media
CUST000607,Lisa Morris,daniel81@example.org,01/20/2023,US,Florida,Hospitality,DISPLAY
CUST003830,MR. ROBERT COOPER JR.,rodneylin@example.com,2025-05-05,brazil,,Media,DISPLAY
CUST006000,John Lewis,fharris@example.org,31-10-2023,FR,,Manufacturing,Partner
CUST006538,Justin Sandoval,amymurphy@example.com,2025-07-18,Canada,Arkansas,Manufacturing,Affliate
CUST009308,Rachel Ellis,,2026-01-18,france,New Mexico,Logistics,Banner
CUST006799,Angela Kelly,sheri89@example.net,2023-02-15,france,Illinois,Healthcare,Email
CUST004733,Michael Lee,dixonrick@example.org,2024-07-16,australia,Vermont,Logistics,SOCIAL
CUST002286,Melissa Williams,daniel32@example.com,2025-07-10,U.A.E,,Media,Affliate
CUST001543,Joshua Harrington,kristy13@example.com,2024-02-10,U.K.,,Retail,Paid Search
CUST002218,Cory Michael,imitchell@example.net,2023-03-04,Canada,Wisconsin,Media,organic
CUST009700,Michelle Benitez,josephromero@example.org,03/06/2025,INDIA,,Technology,Organic Search
CUST002808,Albert Davis,summerellis@example.org,01-10-2024,brazil,,Finance,  Organic  
CUST007290,Mrs. Anna White,oolson@example.net,2023-02-14,france,Washington,Technology,ORGANIC
CUST006768,Nathan Mathews,reedchristopher@example.org,2025-08-20,Australia,Maine,,DISPLAY
CUST002429,Brittany Mcguire,taylordennis@example.com,05/08/2025,BR,Oregon,Hospitality,Google Ads
CUST001984,Andrew Price,wmoore@example.com,2026-01-27,United States,Wisconsin,Retail,Referral
CUST007223,Alexander Torres,heidimcdaniel@example.com,2024-01-27,United Arab Emirates,Montana,Education,Email
CUST003679,Kristin Lopez,karen64@example.com,04/19/2024,england,Indiana,Technology,DISPLAY
CUST000478,Peter Williams,bartonshannon@example.net,12/20/2025,UAE,,Healthcare,Facebook Ads
CUST002372,Adrian Martinez,pgarcia@example.net,2026-02-28,  Brazil  ,Iowa,Manufacturing,Social
CUST002612,Natalie Hernandez,dominicsimpson@example.com,2023-12-20,CA ,West Virginia,Education,Display
CUST007911,Angela Johns,taylorjessica@example.net,15-11-2025,France,,Real Estate,Paid Search
CUST004855,Alvin Smith,elizabeth70@example.com,02-03-2023,  UAE  ,Hawaii,Manufacturing,AFFILIATE
CUST007419,Diana Sandoval,nathan59@example.net,2026-01-18,  Germany  ,Wisconsin,Finance,Facebook Ads
CUST000199,Tim Stone PhD,mmiller@example.org,2023-11-23,USA,Ohio,Real Estate,display
CUST004207,Marissa Green,shelia43@example.com,22 Dec 2023,germany,Iowa,Retail,Partner
CUST009711,Mary Lambert,reesedavid@example.org,2025-06-12,Brazil,Massachusetts,Retail,PPC
CUST006138,  William Dickerson  ,christopher62@example.net,20 Oct 2023,canada,Illinois,Manufacturing,referral
CUST000838,Justin Moore,myerstroy@example.com,06/07/2026,singapore,South Carolina,Real Estate,SEO
CUST003524,Justin Gallagher,qellis@example.com,2025-05-15,AUS,Arkansas,Hospitality,  Affiliate  
CUST000026,Maria Brown,lauren13@example.org,04-10-2024,  United Arab Emirates  ,Illinois,Finance,Referral
CUST007387,Alexander Merritt,johnsonlawrence@example.org,03/14/2023,U.K.,New York,Healthcare,social
CUST008091,Samantha Peterson,teresa86@example.net,2025-05-26,DE,Maine,Manufacturing,Email
CUST005106,Karen Kidd,velazquezdarlene@example.com,2023-09-11,  SG  ,Tennessee,Hospitality,Partner
CUST008998,Maria Lopez,vargasjulie@example.org,2024-11-26,United Arab Emirates,,Hospitality,Organic
CUST006962,Donna Farmer,jasminegriffin@example.org,2024-05-14,Australia,Michigan,Real Estate,Organic Search
CUST001656,William Castillo,abbottchristopher@example.net,18-02-2025,United Arab Emirates,Massachusetts,Finance,REFERRAL
CUST005091,Steven Smith,umorales@example.com,01/10/2023,AUS,Massachusetts,Technology,referral
CUST008189,Mary Eaton,marvinpeters@example.net,2025-02-03,england,Ohio,Technology,Partner
CUST001641,Brittany Fleming,blevinsjoshua@example.com,04/16/2024,INDIA,Washington,Media,display
CUST007799,Rachel Butler,jgreen@example.org,17-09-2023,Australia,,Retail,referral
CUST001830,Jeremy Hernandez,wjefferson@example.com,11/02/2023,brazil,Alaska,Technology,Affiliate
CUST007112,Sharon Green,floydtravis@example.org,2026-02-05,Australia,Vermont,Manufacturing,Affiliate
CUST009380,Dylan Boyer,pyates@example.com,2023-01-06,Brazil,Colorado,Education,organic
CUST005996,Melissa Olsen,rjimenez@example.org,2023-12-18,United Arab Emirates,South Carolina,Real Estate,Referal
CUST000763,Kevin Barnes,jerry15@example.org,20-07-2025,IN,Connecticut,Media,Display Ads
CUST006605,Angelica Walter,sean97@example.org,2023-06-17,DE,,,Affliate
CUST009661,Ricky Hardin,xvazquez@example.net,03/04/2026,India,,Manufacturing,E-mail
CUST003829,Tamara Fleming,christopherjordan@example.com,21 Apr 2023,  DE  ,Idaho,Education,Display Ads
CUST004162,Joseph Fox,rogersmatthew@example.org,2023-02-27,Canada,,Retail,AFFILIATE
CUST001052,Mary Jones,franklinbrenda@example.com,2023-07-29,germany,North Carolina,Real Estate,REFERRAL
CUST003287,Nicholas Smith,jonesstephen@example.org,30 May 2024,FR,Utah,Finance,Facebook Ads
CUST006427,Elaine Wilkerson,perezchristopher@example.com,04 Feb 2023,UAE,,Education,Referral
CUST001524,Melanie Russell,eatkins@example.com,28-04-2024,USA,Kentucky,Manufacturing,affiliate
CUST004501,Brian Burke,valeriereed@example.org,2024-01-29,CA ,Oregon,Retail,social
CUST004478,Nicole Kaiser,banderson@example.net,18 Jan 2026,DE,,Media,DISPLAY
CUST002432,John Bishop,john02@example.com,2024-05-08,DE,Tennessee,Manufacturing,referral
CUST002427,Raven Richardson,martinlisa@example.net,2023-12-14,CA ,Louisiana,Hospitality,organic
CUST008650,Justin Cox,jwinters@example.com,,USA,,Technology,Referal
CUST002392,Crystal Yates,davidpearson@example.net,12-05-2025,United Arab Emirates,,Logistics,Referal
CUST006569,Michelle Werner,morrowcassandra@example.com,20 Oct 2023,Germany,Alaska,Healthcare,Affiliate
CUST008944,Shannon Craig,raymondbeasley@example.org,09 Jan 2025,DE,South Carolina,Healthcare,Google Ads
CUST009283,Todd Moore,oliverdominic@example.com,2024-07-10,AUS,West Virginia,Logistics,affiliate
CUST001554,Scott Torres,kevinacosta@example.net,2025-04-07,australia,Massachusetts,Logistics,Referral
CUST008380,Jackie Anderson,gobrien@example.net,2026-06-10,singapore,Montana,Logistics,affiliate
CUST000144,Theodore Jones Jr.,cameronhill@example.net,10/14/2023,france,,Retail,Instagram
CUST000870,Christopher Black,melaniejennings@example.com,2024-03-12,Canada,,Media,Email Marketing
CUST001062,Christopher Alexander,ywolf@example.com,2025-03-10,United Arab Emirates,Alaska,Manufacturing,Referal
CUST001032,Sherry Stevens,mclaughlinkeith@example.com,11-01-2024,United Arab Emirates,Minnesota,Education,Paid-Search
CUST004945,Matthew Berry,kimberlybryan@example.org,2024-06-07,US,Florida,Technology,referral
CUST000082,Justin Allen,fbrewer@example.com,2023-02-08,Singapore,Alaska,Logistics,AFFILIATE
CUST003311,Brittany Bartlett,daniel41@example.net,2024-02-06,India,Vermont,Manufacturing,Instagram
CUST002157,Richard Williams,mortonkenneth@example.net,2025-12-16,AUS,New York,Media,Display
CUST004208,Andrew Jenkins,suzanne53@example.com,2023-02-06,australia,Kentucky,Finance,display
CUST001298,John Smith,thomaswilliams@example.org,09-01-2024,UAE,Oregon,,REFERRAL
CUST001991,Renee Davis,,04 Dec 2023,australia,,Finance,Referal
CUST000831,  Ms. Brittany Gibson  ,kingtyler@example.net,20-06-2025,SG,Florida,,Partner
CUST006617,Dawn Murray,rgross@example.com,08-02-2026,France,West Virginia,Technology,PAID SEARCH
CUST003282,Michael Wilson,bbrady@example.org,2023-07-14,FR,Pennsylvania,Retail,referral
CUST005442,Eileen Alvarez,aprillopez@example.net,2024-12-01,SG,Minnesota,Real Estate,Email Marketing
CUST002351,Dr. Marie Silva MD,shelleyvelasquez@example.com,2024-12-04,england,,Education,Facebook Ads
CUST008843,Emily Evans,,02-01-2024,india,California,Technology,Affiliate
CUST008007,Nicholas Ferguson,amanda61@example.net,20-11-2024,france,Connecticut,Education,Affiliate
CUST005455,Michael Bender,moonryan@example.net,2024-01-02,Singapore,Tennessee,Education,paid search
CUST001400,Nicole Middleton DDS,codyarnold@example.net,2024-12-01,Brazil,,Real Estate,referral
CUST000791,Jimmy Flores,cordovaamy@example.net,09/06/2024,Brazil,Michigan,Hospitality,REFERRAL
CUST007015,Kenneth Estes,,05/14/2026,United states,Kansas,Logistics,Facebook Ads
CUST003077,Ms. Elizabeth Smith MD,shaun13@example.com,2023-09-22,U.S.A,Connecticut,Healthcare,Instagram
CUST002259,Jonathan Smith,davidkane@example.com,13-12-2025,england,Alabama,Finance,Affliate
CUST000664,Dawn Ellis,astephens@example.net,2023-12-15,AUS,New York,Education,paid search
CUST005382,April Mccullough,ydavenport@example.net,2024-02-09,UK,Indiana,Retail,Display
CUST006068,Elizabeth Meza ,,,Germany,Mississippi,Finance,Facebook Ads
CUST006800,Caroline Harris,rstephens@example.org,2025-12-08,SG,Florida,Real Estate,ORGANIC
CUST004899,Daniel Delacruz,douglas53@example.net,,CA ,Iowa,Education,social
CUST007623,Julie Francis MD,betty57@example.org,2025-03-28,Australia,New York,Real Estate,Organic Search
CUST009834,Bobby Adams,jerrydonaldson@example.com,2025-03-27,US,Kansas,,Facebook Ads
CUST004295,Bradley Richards,,2026-06-27,  U.A.E  ,Hawaii,Healthcare,REFERRAL
CUST005652,MADISON SIMON,vmolina@example.com,12/21/2025,INDIA,Hawaii,Manufacturing,REFERRAL
CUST009584,David Gordon,colemandaniel@example.org,2024-04-10,  USA  ,New York,Hospitality,Affliate
CUST000507,Ryan Howard,robertsgina@example.net,2024-11-15,Canada,Colorado,Logistics,Paid-Search
CUST005008,Jessica Pena,williamsmonica@example.com,,Singapore,Michigan,,  display  
CUST005826,Douglas Stout,jamesbest@example.com,2024-09-01,singapore,Delaware,Healthcare,ORGANIC
CUST005513,Zoe Bennett,wpeters@example.com,2026-01-25,AUS,Hawaii,Retail,  EMAIL  
CUST006507,Amanda Peterson,brownrichard@example.net,2024-08-18,United States,Utah,Media,display
CUST004134,Julie Holmes,michellejohnson@example.org,27-07-2025,Germany,Kentucky,Retail,SEO
CUST006965,Wendy Jacobs,fernandezmark@example.net,19 Jul 2023,Australia,New York,Logistics,Email
CUST009692,Gabrielle Pruitt,ashleyball@example.com,18 Jul 2025,CA ,New Hampshire,Hospitality,Display Ads
CUST009359,Brenda Gardner,jenniferfaulkner@example.net,2023-11-24,Singapore,Louisiana,Media,Paid Search
CUST000282,Sara Jones,duranrobert@example.net,02/26/2025,United Arab Emirates,,Media,  Banner  
CUST005842,Lisa Barry,john12@example.org,2024-11-21,AUS,Mississippi,Technology,social
CUST005816,Donald Arnold,maybernard@example.org,05/08/2025,Australia,Montana,,AFFILIATE
CUST004177,Christina Garcia,brownjustin@example.com,2025-03-02,U.A.E,Michigan,Media,Organic Search
CUST002749,Ronald Cooper,,2025-01-27,IN,Idaho,Real Estate,PPC
CUST000264,Jessica Gray,johnreed@example.com,28-05-2024,USA,Illinois,Manufacturing,Banner
CUST007570,Sheena Torres,laura21@example.com,17 Nov 2025,germany,,Education,Facebook Ads
CUST003101,Timothy Charles,danielle28@example.com,2023-08-11,U.K.,Iowa,Technology,Organic Search
CUST009289,  Stephen Buchanan  ,jacobhart@example.net,09-01-2023,germany,New Mexico,Hospitality,DISPLAY
CUST001677,Allison Alexander,carolynroberts@example.org,03/12/2024,  CA   ,,Retail,Email
CUST004739,Vickie Wallace,wnelson@example.net,2023-08-06,france,South Carolina,Media,Social
CUST008255,Peter Wiggins,marthacannon@example.org,2025-04-07,United Arab Emirates,Iowa,Logistics,Facebook Ads
CUST003919,Brian Hughes,heathnatalie@example.org,2026-04-02, India,Colorado,Logistics,ORGANIC
CUST003189,Scott Vargas,vanessajimenez@example.org,10/07/2023,United Arab Emirates,,Media,Affiliate
CUST006995,James Banks,jenniferclark@example.org,2024-10-04,  United Kingdom  ,Hawaii,Finance,REFERRAL
CUST006182,Deborah Smith,guzmanandrew@example.org,2024-08-29,  SG  ,South Carolina,Finance,paid search
CUST000702,Samantha Thompson,gjones@example.net,26-05-2024,france,Rhode Island,Technology,Email Marketing
CUST001365,Phillip Pineda,sandra49@example.org,28-11-2024,germany,Wisconsin,Retail,referral
CUST005424,Mark Pitts,edavis@example.com,2025-06-01,Canada,,Healthcare,Email Marketing
CUST008988,Mario Rivas,gabrielle17@example.net,09/21/2024,Singapore,New Mexico,,Affiliate
CUST007980,Erica Mullen,lisa28@example.com,16 Apr 2026,India,California,Finance,AFFILIATE
CUST007631,Michelle Black,jerryolson@example.org,,france,Colorado,Media,Paid Search
CUST000943,Jeremy Wood,hchapman@example.com,11/25/2025,BR,,,affiliate
CUST008219,  Jordan Porter  ,anthonybush@example.net,2023-10-16,brazil,Montana,Manufacturing,Affliate
CUST008136,Mark Coleman,,15-02-2024,india,Florida,Media,email
CUST003600,Travis Nguyen,lbrown@example.com,10/25/2025,australia,South Dakota,Healthcare,Affliate
CUST005074,Albert Williams,richard19@example.net,2026-05-19,United States,,Technology,Instagram
CUST008270,Jason Williams,angela48@example.net,,FR,Kansas,Technology,organic
CUST001879,Melissa Johnson,elizabeth77@example.com,2026-05-12,CA ,North Carolina,,SEO
CUST009683,Dylan Orozco,aguirreteresa@example.com,2026-05-09,BR,Oregon,Logistics,REFERRAL
CUST001301,Ronald Turner,patricia97@example.org,,UAE,Louisiana,Retail,Referal
CUST002748,Jennifer Decker,awilliams@example.com,2025-03-16,CA ,Alabama,Hospitality,Social
CUST004996,  Shawn Hawkins  ,danielgood@example.net,2024-04-03,Brazil,Oregon,,Paid-Search
CUST009109,  Monica Arroyo  ,tiffanybailey@example.org,07/29/2024,AUS,,Real Estate,DISPLAY
CUST006341,Katherine Smith,christinawilliams@example.com,2024-10-10,SG,South Carolina,Finance,Email
CUST000601,Joshua Rodriguez,jhall@example.net,09/01/2023,UK,Wisconsin,Finance,PPC
CUST004548,Kenneth Norris,lyonshannah@example.net,06/17/2023,BR,Pennsylvania,Real Estate,organic
CUST002411,  Kelly Hodge  ,cory21@example.org,2024-08-06,USA,Wisconsin,,Display Ads
CUST009881,Michele Brewer,gking@example.net,2024-02-21,australia,,Logistics,Instagram
CUST001868,Danielle Stein,terrywilliam@example.com,05/02/2025,U.S.A,West Virginia,Healthcare,Facebook Ads
CUST008004,David Smith,garrettlewis@example.net,2025-09-25,Germany,Michigan,Media,social
CUST000830,Denise Clarke,qkelly@example.net,2023-03-28,Brazil,Montana,Real Estate,  Referral  
CUST002580,Mrs. Krista Jones DDS,corey22@example.com,2026-07-31, India,Ohio,Healthcare,Email Marketing
CUST000204,Tiffany Watson,berryalyssa@example.com,2026-03-19,United Arab Emirates,,Technology,paid search
CUST005132,Angela Flores,kellerdana@example.org,02-06-2026,Brazil,Tennessee,,organic
CUST007292,Timothy Gutierrez,jeffreyestrada@example.com,2026-01-12,Singapore,Nevada,Media,Paid Search
CUST002679,Brett Young,kathy78@example.org,,USA,Michigan,Hospitality,Organic
CUST004098,  Marcus Porter  ,sandraclark@example.com,2024-12-18,Singapore,Illinois,Manufacturing,Paid-Search
CUST000661,  Michael Acosta  ,nicholasjames@example.org,2023-04-19,singapore,Michigan,Logistics,Email
CUST004123,Sean Johnson,xwarren@example.org,01/22/2024,United Kingdom,Ohio,Technology,Google Ads
CUST009247,  Mr. Curtis Mccall  ,deanmelissa@example.net,2024-11-13,CA ,Ohio,Media,Email
CUST005935,Sandra Griffin,conniebrandt@example.com,2025-06-22,SG,New Mexico,Retail,social media
CUST001380,Caitlin Williams,rhondajohnson@example.net,11/23/2025,Canada,Indiana,Finance,Organic Search
CUST003917,Ashley Parsons,lauren57@example.org,2025-02-10,CA ,,Hospitality,affiliate
CUST009348,Mary Smith,,2024-01-01,france,Mississippi,Finance,ORGANIC
CUST007459,Charles Sampson,qlove@example.com,2023-11-01,germany,Delaware,Real Estate,Referral
CUST007774,William Hansen,darryl49@example.com,2024-10-20,USA,Nebraska,Logistics,paid search
CUST009084,Jeffrey Cox,diaztravis@example.com,2023-05-13,germany,Florida,Retail,Referal
CUST008445,Debra Robinson,joyhughes@example.com,07/22/2026,SG,Louisiana,Hospitality,Partner
CUST005391,Michael Huang,michaellucas@example.org,06/13/2023,SG,,Real Estate,SEO
CUST009561,Thomas Johnson,awade@example.com,2026-02-22,brazil,,Logistics,Email
CUST009780,Michael Richardson,williamwilliams@example.com,,germany,Pennsylvania,Logistics,Display
CUST002246,James Meyers,kelsey70@example.net,2023-11-12,United Arab Emirates,South Carolina,Retail,social media
CUST002438,Roger Gutierrez DDS,sarawilliams@example.com,02/27/2023,  Germany  ,South Dakota,Media,referral
CUST006667,Tina Little,jacqueline12@example.net,16-03-2025,USA,South Dakota,Retail,Social
CUST006901,Lindsay Scott,xcox@example.org,2023-04-15,France,Georgia,Manufacturing,Paid Search
CUST007476,Kimberly Porter,ballwilliam@example.net,2023-06-25, India,Michigan,Finance,Display
CUST007199,Kevin Snow,ljones@example.com,2023-06-18,UK,Montana,,Paid-Search
CUST002827,Eric Smith,omorris@example.net,2023-03-29,Australia,New Mexico,,Paid-Search
CUST002321,Veronica Hill,jefferyanderson@example.net,10/20/2023,australia,New Hampshire,Healthcare,display
CUST009862,  Steven Fox  ,hayesnicole@example.com,2023-08-06,Canada,Wisconsin,Manufacturing,Social
CUST000804,Maxwell Roberts,traviswatts@example.org,13-07-2025,U.K.,,Logistics,paid search
CUST000897,Emily Cohen,michaeldavis@example.com,2025-01-07,australia,North Carolina,Media,Paid-Search
CUST005845,William Mclaughlin ,,2025-10-30,Singapore,Washington,Real Estate,Partner
CUST003630,  Jordan Taylor  ,ndavis@example.org,2025-05-14,AUS,Illinois,Retail,email
CUST001730,Lynn Morgan,gabriella69@example.org,2024-06-27,United Kingdom,Rhode Island,Hospitality,Affliate
CUST006780,Robert Riddle,michaelpalmer@example.org,2025-03-14,france,,Finance,Paid-Search
CUST008736,Timothy Williams,andrew43@example.net,06/02/2025,U.K.,Rhode Island,Healthcare,ORGANIC
CUST002857,Diane Walker,gonzalezmelissa@example.org,2025-01-21,brazil,Missouri,Real Estate,SOCIAL
CUST002812,Angela Patel,xclarke@example.com,2025-01-28,AUS,Utah,Retail,DISPLAY
CUST004637,Brenda Sanders,jamesmcclure@example.org,2026-02-13, India,California,Finance,Organic Search
CUST003265,Katherine Ramos,michael99@example.net,06-03-2023,australia,Colorado,Logistics,Banner
CUST006302,DR. BENJAMIN PATTERSON,baileymeghan@example.org,2025-09-15,Brazil,Oregon,Media,ORGANIC
CUST008503,Jared Harris,rbradley@example.com,2026-07-03,CA ,Kentucky,Retail,  PPC  
CUST007717,Kaitlin Mcfarland,beasleystacey@example.net,2024-08-25,IN,New York,Hospitality,email
CUST002657,William Owens,michelle01@example.org,2025-07-26,U.A.E,Indiana,Education,Display Ads
CUST006174,Sabrina Collier,garrettamanda@example.org,08/28/2023,france,Missouri,Hospitality,Email Marketing
CUST002542,Susan Hayes,murraysara@example.net,2023-12-04,US,North Dakota,Logistics,Email
CUST006183,Pamela Taylor,ngilbert@example.com,2025-04-07,United states,Kansas,Media,DISPLAY
CUST005133,Brian Alvarez,nathanhubbard@example.org,25-06-2026,singapore,Idaho,Logistics,paid search
CUST008813,Todd Jones,travispearson@example.org,2025-07-18,singapore,Oklahoma,Technology,referral
CUST007856,CATHERINE MITCHELL,cathy39@example.org,2025-12-27,Singapore,Oregon,Manufacturing,SEO
CUST003851,Jeffrey Weaver,jacob28@example.com,2025-03-28,BR,West Virginia,Manufacturing,affiliate
CUST002708,Jessica Allen,fernandezsusan@example.org,02/20/2023,AUS,,Education,PAID SEARCH
CUST001254,Lauren Garcia,hho@example.org,2024-06-05,FR,Georgia,Healthcare,display
CUST007095,Angela Romero,,2024-03-11,  FR  ,,Education,social
CUST006201,Kimberly Browning,lkim@example.com,2026-04-27,United States,Texas,Media,SEO
CUST004460,Crystal Miller,moraleslori@example.com,2023-09-05,  australia  ,Mississippi,,AFFILIATE
CUST003968,Sally Rowe,oconnorjeremy@example.org,2026-07-04,France,Nevada,,Email Marketing
CUST009445,Taylor Gates,bridget22@example.org,11/24/2024,Australia,,Technology,Paid-Search
CUST001959,Tiffany Coleman,qramirez@example.net,07/05/2023, India,Indiana,Logistics,Email
CUST008697,Jeffrey Smith,,26-07-2026,United states,Delaware,Technology,  AFFILIATE  
CUST008501,Wendy Cline ,,2026-07-19,IN,,Technology,Banner
CUST006172,Barbara Washington,ostevenson@example.org,2023-11-27,United Arab Emirates,Indiana,Hospitality,PAID SEARCH
CUST003392,CHRISTINA LESTER,ibarton@example.org,2024-08-20,INDIA,Minnesota,Logistics,Affiliate
CUST008166,Kelly Fuller,crystal38@example.net,28 Jun 2026,France,Alabama,Finance,Paid Search
CUST009015,Thomas Lee,cgill@example.org,12/10/2025,DE,,Education,  referral  
CUST008269,Jacob Turner,patrick88@example.org,24 Feb 2025,France,New York,Education,Referral
CUST001917,Robert Hall,larry88@example.org,12/28/2025,France,Virginia,Healthcare,Banner
CUST002921,Derrick Hampton,rlee@example.net,2024-09-09,UK,Kansas,Manufacturing,Facebook Ads
CUST009364,Kathryn Giles,mponce@example.com,08/23/2023,UAE,New Mexico,Finance,social
CUST005881,Ricky Peterson,foxanthony@example.org,2024-03-31,  australia  ,Michigan,Logistics,Display
CUST005475,Lacey Smith,jeffrey00@example.org,2025-11-13,FR,New Jersey,Healthcare,Email Marketing
CUST007334,George West,jodysoto@example.net,08-12-2024,U.A.E,,Hospitality,organic
CUST005486,David Williams,hperez@example.com,2025-03-14,australia,New Mexico,Technology,Social
CUST000957,Lisa Morales,henrysarah@example.com,30-07-2025,AUS,Nevada,Manufacturing,DISPLAY
CUST003410,Charles Holloway,edwinmiller@example.com,2023-03-27,DE,Minnesota,Media,Email Marketing
CUST006891,Edward Mays,,,Brazil,,Manufacturing,  display  
CUST009253,Sandra Brown,longbob@example.net,2024-12-25,brazil,Colorado,Logistics,Social
CUST003558,Joseph Harvey,brownpamela@example.com,2025-06-07,UAE,Nebraska,Healthcare,Affiliate
CUST007961,Antonio Richards,michelereeves@example.com,2025-01-21,UAE,Florida,,Display
CUST006364,Janet Gonzalez,monicapacheco@example.com,2023-05-06,United Arab Emirates,West Virginia,Hospitality,PPC
CUST002572,Sara Hoover,harrisstacey@example.net,2023-11-14,Australia,North Carolina,Logistics,Organic
CUST009693,  Wanda Dawson  ,uyoder@example.net,2025-04-24,United States,,Education,Partner
CUST001177,Charles Mendoza,lwhite@example.org,2026-03-31,United States,Illinois,Technology,EMAIL
CUST006243,Carly Hill,jimenezjasmine@example.net,07-04-2026,singapore,Wyoming,Healthcare,  Email Marketing  
CUST004136,Allison Stokes,elizabeth26@example.org,2025-06-03,UK,Idaho,Media,Email Marketing
CUST009493,Daniel Martin,johndavis@example.net,20-03-2026,United states,Arizona,Media,REFERRAL
CUST003525,Douglas Collins,qrhodes@example.org,2023-12-02,FR,Colorado,Technology,Organic
CUST002553,Erin Nichols,foleyjennifer@example.org,05-04-2023,SG,Maine,Retail,Instagram
CUST005740,Tyler Peters,jared29@example.com,2025-09-17,Canada,Colorado,Real Estate,  Email Marketing  
CUST004589,Gavin Hooper,mariavincent@example.org,11/26/2023,Singapore,,Logistics,display
CUST001929,James Sanford,susan90@example.net,12-08-2025,  singapore  ,Indiana,Logistics,Google Ads
CUST004025,Brittany Jefferson,karengould@example.net,2025-08-09,canada,Virginia,Logistics,Organic Search
CUST005936,  Gary Smith  ,kennethbright@example.org,2023-10-16,BR,,Manufacturing,  Partner  
CUST006451,Elizabeth Morrow,john12@example.org,09/12/2024,DE,Arizona,Media,Google Ads
CUST003405,Emma Russell,zyoung@example.com,18 Jan 2023,singapore,Massachusetts,Retail,Paid Search
CUST002250,Mr. Jackson Watson,dwhite@example.org,2025-11-12,england,Oregon,Finance,Email Marketing
CUST001286,Jack Hester,kimberlylopez@example.com,07/04/2025,Australia,Nevada,Logistics,Paid Search
CUST007993,Anthony Ramirez MD,eric35@example.net,2023-03-10,U.A.E,North Dakota,Finance,Instagram
CUST003003,Angela Parks,betty32@example.com,04-07-2024,India,,Logistics,Partner
CUST001375,Cathy Hunter,criley@example.net,2025-08-25,DE,Virginia,Technology,EMAIL
CUST004757,Wyatt Harrison,sgoodwin@example.org,2025-07-16,United Kingdom,Nebraska,Real Estate,referral
CUST004540,Alexander Foster,josephfisher@example.org,2024-12-06,DE,Florida,Real Estate,referral
CUST005541,Amber Byrd,penny89@example.org,2025-03-06,U.A.E,Wisconsin,Finance,social media
CUST000439,Carl Green,staceylam@example.net,2024-08-10,U.K.,Colorado,Real Estate,Banner
CUST002734,Amber York,dlowery@example.net,2024-05-24,India,Florida,Healthcare,  Paid-Search  
CUST000945,Kari Ellis,bensonstanley@example.org,2023-12-27,CA ,,Healthcare,Organic Search
CUST003309,Jacqueline Frank,matthewfisher@example.org,2024-03-14,SG,Utah,Logistics,E-mail
CUST005171,Shannon Foster,lesliehenderson@example.org,2025-04-20,canada,Illinois,Logistics,Organic Search
CUST000050,Jessica Joyce,cruzbarbara@example.com,2025-06-18,United states,Arizona,Manufacturing,  DISPLAY  
CUST005918,Whitney Taylor,oleon@example.org,2025-01-09,france,Utah,Media,Paid-Search
CUST009150,Jordan Fernandez,tgomez@example.net,2023-10-29,UAE,Wyoming,Healthcare,social media
CUST007914,Timothy Costa,mark68@example.net,2023-05-18,UAE,Louisiana,,affiliate
CUST000525,Daniel Velez,paul70@example.org,2024-03-05,Singapore,Tennessee,Finance,REFERRAL
CUST006275,Shelby Leonard,jacobhernandez@example.org,2025-09-18,France,South Dakota,,Referral
CUST004842,Zachary Ellis,wattsjason@example.net,19-06-2025,singapore,South Dakota,Real Estate,EMAIL
CUST007568,Kaitlin Smith,samantha02@example.com,17 Nov 2024,United states,Rhode Island,Hospitality,Display Ads
CUST005524,Destiny Atkinson,prestonjohn@example.com,2026-02-26,india,Nevada,Healthcare,Paid-Search
CUST007830,Amanda Flores,kathydavis@example.net,2025-12-02,AUS,Arkansas,Technology,Display
CUST005951,Jesus Castillo,petersonrichard@example.com,2025-08-13,Australia,Hawaii,Technology,display
CUST002371,Cody Lawson,duranlindsay@example.org,,england,Missouri,Real Estate,referral
CUST007228,  Dr. Travis Wright  ,bauertiffany@example.net,2024-05-26,U.S.A,Maine,,Organic
CUST009305,Louis Butler,tim39@example.org,20-01-2026,germany,Missouri,Technology,E-mail
CUST006960,  Amanda Smith  ,richard81@example.net,2024-08-13,  United Kingdom  ,Ohio,Retail,Organic
CUST006108,Laura Waters,ashleyvelez@example.com,2023-05-20,germany,Mississippi,Real Estate,social
CUST006584,Linda Bradshaw,michael89@example.org,11/24/2023,singapore,Georgia,Retail,Instagram
CUST004474,Tina Hobbs,debrabryant@example.org,2024-04-21,Brazil,Texas,Real Estate,email
CUST001995,Michelle Warren,smithjack@example.org,10-09-2024,Australia,Alaska,Manufacturing,Social
CUST004214,Melissa Williams,david38@example.org,29-08-2023,CA ,Alabama,Finance,Paid Search
CUST009466,Dalton Doyle,michellecortez@example.org,11 Sep 2024,brazil,Alabama,Real Estate,social media
CUST006239,  Carrie Williams  ,herbertbrown@example.com,05-02-2023,SG,North Dakota,Technology,Affiliate
CUST004703,Mary Douglas,prestonsusan@example.net,2024-06-01,India,Maryland,Retail,ORGANIC
CUST005217,Lori Nguyen,aleczavala@example.org,18-04-2025,UAE,New Hampshire,Hospitality,DISPLAY
CUST007495,Kimberly Rogers DDS,pweber@example.org,2024-08-23,United States,Missouri,Retail,ORGANIC
CUST008515,Bridget Donovan,lbridges@example.org,2024-02-27,U.K.,,Technology,SOCIAL
CUST002588,Johnny Taylor,johnsonsteven@example.net,21 Oct 2025,UAE,New Jersey,Healthcare,social media
CUST002562,  Bradley Aguirre  ,casey61@example.org,2025-12-27,BR,Connecticut,Education,Referral
CUST000378,Cindy Gates,christopherwright@example.com,26-06-2024,england,Montana,Logistics,Paid-Search
CUST004797,  Francisco Smith  ,molinajoseph@example.net,09/26/2025,BR,North Carolina,Hospitality,EMAIL
CUST003225,  Tonya Richardson  ,fgregory@example.com,20-01-2025,CA ,Arkansas,Finance,SEO
CUST005044,Sandra Christensen MD,jenna90@example.net,01/01/2023,USA,Michigan,Education,  Facebook Ads  
CUST009410,Alison Long,jacksondavid@example.com,2026-07-23,  Australia  ,Iowa,Finance,DISPLAY
CUST008134,Gloria Navarro,denisenixon@example.net,22 Jul 2023,UAE,West Virginia,Logistics,paid search
CUST007854,Jared Lee,katherineyang@example.net,2025-03-05,France,Idaho,,E-mail
CUST004641,Ronald Lara,bruceochoa@example.com,28-04-2024,UK,Maine,,SEO
CUST001021,Cole Carrillo,cclark@example.net,2025-12-22,France,Alaska,Healthcare,affiliate
CUST000272,Tracy Grant,paulscott@example.com,2024-07-29,Germany,Tennessee,Hospitality,social
CUST004968,Jacob Mendez,alexandria48@example.net,2023-09-20,AUS,Rhode Island,Finance,Referral
CUST006574,Erica Green,dustinbanks@example.org,11-03-2026,BR,Michigan,Logistics,Paid Search
CUST001463,SARA SMITH,ann15@example.com,29-09-2024,australia,Oregon,,PPC
CUST005266,Sarah Golden,jennifermoss@example.com,2025-06-10,United Arab Emirates,Virginia,Retail,Organic
CUST009295,Rachel Jackson,umartinez@example.net,04/14/2026,australia,Louisiana,Logistics,Organic
CUST001460,Nancy Cook,rachael29@example.net,2023-05-27,SG,Mississippi,Logistics,Google Ads
CUST007809,  Charles Berry  ,tmcgee@example.com,2024-07-13,Brazil,Idaho,Media,Social
CUST008821,Carol Melendez,davidpatel@example.com,16-07-2023,Brazil,North Carolina,Logistics,Email Marketing
CUST000100,Donald Shea,fwalters@example.org,2024-08-23,Germany,,Finance,affiliate
CUST005363,Shannon Harvey,sclark@example.net,2025-09-10,SG,Delaware,Media,paid search
CUST009924,Jill Holt,foxbilly@example.net,2024-03-05,U.S.A,Indiana,Real Estate,Organic
CUST001128,Rachel Martinez,brianna71@example.net,07-05-2023,DE,Minnesota,Manufacturing,REFERRAL
CUST005299,  Melissa Warren  ,dalehudson@example.org,2025-01-23,germany,,Finance,display
CUST009728,Drew Fernandez,banderson@example.com,,Singapore,Ohio,Manufacturing,Email Marketing
CUST008082,Bruce Zavala,reneedunlap@example.net,12 Sep 2024,SG,Michigan,Logistics,referral
CUST005627,  James Perry  ,nicolerandall@example.net,20-06-2025,USA,Wyoming,Healthcare,REFERRAL
CUST008216,Sean Hill,keyteresa@example.com,2023-11-18,Canada,Utah,Retail,email
CUST009740,Taylor Wallace,dbrewer@example.com,2026-01-11,Brazil,Delaware,Education,DISPLAY
CUST001349,Pamela Johnson,dodsoncarly@example.net,12/28/2023,australia,Colorado,Education,  Referral  
CUST003911,Tracey Calhoun,kimberlyyoung@example.com,08-09-2023,SG,Ohio,Healthcare,DISPLAY
CUST003996,Heather Myers,tharris@example.org,,United Arab Emirates,Hawaii,Retail,Paid Search
CUST000934,Jill Harris,zterry@example.net,07-01-2023,USA,Montana,Retail,AFFILIATE
CUST004490,  Lindsay Mclaughlin  ,shellyrobertson@example.net,2024-08-08,Brazil,South Dakota,Education,affiliate
CUST000274,Benjamin Ballard,timothybooth@example.com,2026-07-29,INDIA,Maryland,Healthcare,paid search
CUST005743,Lisa Cross,hillmelissa@example.net,04/12/2023,U.K.,Colorado,Hospitality,Partner
CUST003389,Timothy Francis,sabrinaperez@example.net,08/02/2025,AUS,New Mexico,Manufacturing,Organic
CUST001952,  Alyssa Davis  ,contrerasjames@example.org,2023-08-06,SG,Iowa,Finance,DISPLAY
CUST001527,  Jessica Martinez  ,melaniechang@example.net,,SG,Wisconsin,Media,SEO
CUST001308,Carla Tucker,marshalexis@example.org,03/19/2026,United Kingdom,Indiana,Manufacturing,Organic Search
CUST005963,Jessica Kennedy,mhester@example.org,18 Jan 2024,United states,Delaware,Media,REFERRAL
CUST007357,Kristine Butler ,,25 Jun 2024,germany,Mississippi,Media,EMAIL
CUST003726,Jean Graham,betty00@example.net,2023-08-15,germany,Ohio,Healthcare,PAID SEARCH
CUST004300,Jessica Petty,npowell@example.com,2025-04-10,United Arab Emirates,Ohio,Education,affiliate
CUST009534,Erin Mcclain,jessica08@example.net,2023-02-22,singapore,West Virginia,Technology,  AFFILIATE  
CUST004991,Johnny Joseph,hannahdrake@example.com,10/31/2025,SG,Illinois,Logistics,Display
CUST008743,Robert Chang,karen58@example.net,09/03/2023,United Arab Emirates,New Jersey,Real Estate,Affiliate
CUST008343,Jennifer Williams,hendersonkaren@example.net,08/06/2024,U.A.E,,Real Estate,E-mail
CUST007686,David Brooks,michellebell@example.com,18-05-2023,AUS,Nevada,Manufacturing,Display Ads
CUST009874,James Martinez,perezmichele@example.com,2024-05-06,  france  ,North Carolina,Hospitality,Banner
CUST004179,Justin Booker,jamesbauer@example.net,01/22/2025,  FR  ,New Mexico,Hospitality,ORGANIC
CUST009030,Lisa Gonzalez DDS,michaelarmstrong@example.net,2023-04-22,Singapore,Rhode Island,Media,EMAIL
CUST001736,  Jerry Waters  ,jennifer50@example.com,2025-02-24,France,,,Banner
CUST008522,Lisa Johnson,tina08@example.com,06/02/2024,brazil,Missouri,Logistics,Affiliate
CUST002550,Maureen Lee,vsmith@example.org,2024-10-04,BR,Delaware,Media,Referral
CUST003131,Leah Moore,lisa94@example.net,2026-04-03,US,Mississippi,Logistics,Organic Search
CUST008040,Cheryl Cummings,duanenewman@example.net,02/06/2026,France,Michigan,Education,affiliate
CUST003377,David Parker,madison11@example.net,2023-11-07,  canada  ,,Finance,PAID SEARCH
CUST005287,Paul Underwood,martineztammy@example.org,01-03-2026,United States,,Healthcare,affiliate
CUST002262,Tamara Carr,adam17@example.net,2023-02-23,Australia,Tennessee,Hospitality,PPC
CUST007376,Paul Lara,cheryl94@example.org,2023-10-13,india,New Hampshire,Hospitality,Banner
CUST006883,Nicole Moore,maria63@example.com,2023-11-09,australia,Illinois,Hospitality,  DISPLAY  
CUST005332,Jennifer Hart,dbird@example.org,09/13/2024,Singapore,Mississippi,Manufacturing,email
CUST003360,Sean Erickson,ybell@example.com,2023-08-12,United Arab Emirates,Arkansas,Technology,Email
CUST003140,Cheryl Brewer,heatherhouse@example.net,04/01/2024,U.A.E,Virginia,Retail,DISPLAY
CUST008893,Jessica Williams,wilsonyvonne@example.org,2024-10-30,Australia,North Carolina,Healthcare,  referral  
CUST006260,Stephanie Wright,alvarezangela@example.org,05/15/2026,INDIA,California,Education,Referral
CUST003727,Richard Rivera,garciajessica@example.org,2024-09-17,india,New York,Finance,social media
CUST000846,Zachary Morales,,,  Brazil  ,Pennsylvania,Logistics,Referral
CUST004609,Aaron King,lopeztonya@example.org,2024-12-11,UAE,Oklahoma,Technology,social media
CUST009090,Sydney Brown,gsherman@example.org,2023-09-06,United States,Nevada,,DISPLAY
CUST000794,Connie Howard,brian39@example.net,2024-04-19,germany,Iowa,Healthcare,Referal
CUST007022,  Dale Riley  ,jimmy82@example.com,11/05/2025,CA ,Montana,Technology,REFERRAL
CUST008265,Elizabeth Martin,jessicacooper@example.org,19-05-2024,SG,Delaware,Technology,Display Ads
CUST007573,Jacqueline Macdonald,yolanda73@example.net,2025-04-19,germany,California,Healthcare,Banner
CUST004593,Chloe Stevens,joshua55@example.net,03/16/2026,Australia,Delaware,Hospitality,Paid-Search
CUST001881,David Hernandez,benjaminbrown@example.org,,United States,Georgia,Education,Organic
CUST003459,Eric Norman,jamie16@example.com,17-01-2024,Canada,,Hospitality,AFFILIATE
CUST005186,Jodi Williams,joshuahernandez@example.org,09/22/2023,singapore,Oregon,Hospitality,organic
CUST004089,Barbara Calderon,michelegordon@example.net,2023-11-07,United States,Hawaii,Finance,Paid Search
CUST005853,Jeffrey Levy,deborah41@example.com,06/04/2024,BR,North Dakota,Finance,SOCIAL
CUST003772,Susan Weaver,dianachen@example.com,25-08-2023,Germany,Missouri,,display
CUST008876,James Berry,jennysanchez@example.net,22-09-2024,Brazil,Illinois,Retail,paid search
CUST008939,  Joy Stone  ,etaylor@example.net,02/17/2026,  germany  ,Oregon,Healthcare,social media
CUST008213,Amanda Brown,idorsey@example.com,2023-06-11,Singapore,California,,EMAIL
CUST004967,Emily Wilson,gonzaleskenneth@example.net,09-09-2024,canada,Iowa,Technology,paid search
CUST009920,GREGORY HOWARD,kellyevans@example.org,02 May 2025,brazil,,Healthcare,Affliate
CUST002590,Jamie Williams,pwilkerson@example.com,04-05-2023,france,,Logistics,Paid Search
CUST006378,Gregory Lee,michelle25@example.com,23-03-2023,INDIA,Vermont,,affiliate
CUST008814,Megan Jones,stephaniekeller@example.com,26-05-2024,singapore,,Real Estate,Organic Search
CUST006314,Adam Thomas ,,04/03/2025,U.K.,California,Retail,REFERRAL
CUST005125,Chelsea Harris,fhall@example.com,2023-03-19,brazil,Idaho,,Partner
CUST003742,Melanie Miller,ksmith@example.com,2024-12-08,SG,North Dakota,Education,email
CUST002496,Sarah Rodriguez,dsanchez@example.net,2023-11-22,IN,South Dakota,Healthcare,AFFILIATE
CUST007566,Anthony Gonzales,aatkinson@example.org,14-07-2023,Singapore,Wisconsin,Manufacturing,Email Marketing
CUST001093,  Jamie Love  ,yvaldez@example.net,2024-07-31,United Kingdom,Nevada,Manufacturing,PAID SEARCH
CUST003113,  Julie Casey  ,mitchellnicholas@example.com,22-05-2024,DE,Washington,Retail,REFERRAL
CUST000426,Kelly Carroll,jameswhitaker@example.org,2023-12-12,U.S.A,Kansas,Logistics,SOCIAL
CUST001993,Frank Perez,ubond@example.org,06/04/2025,england,,Healthcare,SEO
CUST001193,Michael Gutierrez,devon36@example.com,21 Jul 2024,UK,Oklahoma,,affiliate
CUST004683,Jason Bailey,vharris@example.com,2026-03-21,FR,New York,,E-mail
CUST000158,Kelsey Parker,randallgreene@example.org,04/17/2025,Singapore,Indiana,Real Estate,DISPLAY
CUST006104,Joseph Cummings,andrew33@example.com,27-10-2023,BR,Washington,,Partner
CUST006057,Richard Herman,markmassey@example.com,2026-01-04,Germany,New Mexico,Healthcare,Paid Search
CUST006868,Janice Singleton,jessicaspence@example.com,03-01-2026,US,Utah,Retail,Referal
CUST009591,Elizabeth Avila,maryfox@example.org,04/09/2023,  england  ,Massachusetts,Technology,DISPLAY
CUST008078,Charlene Gonzales,campbellthomas@example.org,2026-01-01,India,Michigan,Healthcare,Email
CUST005099,Philip Thompson,huffjon@example.com,2025-11-14,U.S.A,,Finance,display
CUST009851,Richard Silva,annettemoore@example.net,12-11-2025,  canada  ,Vermont,,SOCIAL
CUST009334,Natasha Lawson,hadkins@example.org,28-06-2023,FR,Louisiana,Real Estate,Banner
CUST006500,Dustin Norton,victoriarandall@example.net,2025-03-01,england,Oregon,Manufacturing,Affliate
CUST007527,Morgan Young,cynthia96@example.net,2025-07-24,U.A.E,Nevada,Media,Affliate
CUST002558,Angelica Cook,phoover@example.net,07/10/2025,india,New York,Logistics,SEO
CUST003154,Ashley Robertson,thomasellis@example.com,02-08-2024,IN,,Retail,social
CUST008167,Holly Spears,chall@example.net,2026-03-25,CA ,,Manufacturing,email
CUST008164,Jocelyn Farmer,blogan@example.net,07/25/2024,IN,Kentucky,Media,social media
CUST009251,Jeanette Stewart,,2025-08-13,brazil,Wyoming,Manufacturing,Partner
CUST009608,Gabriel Elliott,erin84@example.com,03/29/2024,Australia,Tennessee,Retail,organic
CUST009707,Benjamin Rogers,alvarezstacy@example.org,2023-06-21,SG,,Technology,Partner
CUST002425,Tina Hernandez,lucasteresa@example.com,06/15/2025,singapore,Maine,Retail,Affliate
CUST002878,Wayne Ortiz,,2023-12-28,FR,,Finance,SOCIAL
CUST009680,Sherry Lee,arich@example.net,2025-03-11,U.S.A,Illinois,Healthcare,email
CUST009507,  Autumn Heath  ,losborn@example.com,07-06-2026,  BR  ,Arkansas,Education,REFERRAL
CUST000010,Renee Morales,clarksherri@example.net,2024-09-21,Germany,,Hospitality,Instagram
CUST004409,Mr. Daniel Clark,jay37@example.org,2025-09-25,canada,Washington,Healthcare,Email
CUST009810,Teresa Powell,bob85@example.com,27-09-2025,  UK  ,Delaware,Media,REFERRAL
CUST003462,Gabriel Swanson,deborah34@example.org,2023-05-20,canada,Wyoming,Retail,REFERRAL
CUST007737,Christopher Mcintyre,larashane@example.com,09-05-2025,germany,Alaska,Media,Organic
CUST004250,  Larry Crosby  ,ryansmith@example.net,2025-12-17,AUS,California,Education,AFFILIATE
CUST003892,Roger Rodriguez,palmerchad@example.org,2025-02-09,United States,Illinois,Logistics,Social
CUST009742,  Andrea Gilmore  ,josephmiller@example.com,2023-03-03,U.A.E,Michigan,Hospitality,Affiliate
CUST008371,David Leach,michaeljackson@example.net,17-05-2024,Singapore,Tennessee,Manufacturing,PPC
CUST001756,Megan Carrillo,jackwilliams@example.org,08 Jul 2026,australia,West Virginia,Logistics,affiliate
CUST006645,Margaret Lewis,gloria48@example.net,2023-01-07,US,Massachusetts,Technology,Instagram
CUST004886,Amanda Robinson,cynthia42@example.net,2026-01-27,BR,South Dakota,Healthcare,Banner
CUST006816,Amanda Coleman,sweeneydarren@example.org,2026-03-31, India,Colorado,Hospitality,Google Ads
CUST009414,Alex Owens,nelsonsara@example.org,13-04-2023,FR,Texas,Education,SEO
CUST007558,  Brian Daniels  ,qpowell@example.org,13 Nov 2023,Canada,,Manufacturing,ORGANIC
CUST005976,Daniel Juarez ,,03-01-2023,germany,,Finance,AFFILIATE
CUST003802,  Kristi Boyd  ,galvandavid@example.org,14 Mar 2025,Germany,Vermont,Logistics,Social
CUST007957,Scott Horton,fbeltran@example.net,2025-11-03,  Canada  ,,Media,social
CUST007823,James Henderson,csanders@example.com,2023-04-18,Canada,,Finance,organic
CUST000403,Tracy Wilkerson,wmacias@example.net,13-02-2023,Canada,Missouri,Manufacturing,Paid Search
CUST007815,Linda Petersen,simpsonjames@example.org,2023-09-27,germany,Oregon,,social
CUST001835,Dana Wolfe,,2023-11-17,BR,Oregon,Retail,paid search
CUST004395,Natalie Harrison,zelliott@example.org,2023-07-04,australia,,Retail,AFFILIATE
CUST001965,Richard Hale,holmescolleen@example.org,2023-01-09,US,Nevada,Logistics,social media
CUST005752,Mrs. Karen Johnson,teresacooper@example.net,03/26/2024,U.S.A,,Retail,Referral
CUST002454,Derrick Chavez,ywells@example.org,2026-04-11,brazil,Hawaii,Technology,social media
CUST005548,Christina Hall,sbanks@example.org,2025-11-04,SG,South Dakota,Retail,affiliate
CUST007102,  Mark Gibson  ,stephaniefrancis@example.com,04/03/2026,Canada,New Mexico,Finance,social
CUST007107,  Patrick Valenzuela  ,zjacobs@example.org,,UAE,Louisiana,Manufacturing,SOCIAL
CUST001727,James Torres,jeremy79@example.net,2025-09-03,IN,New York,Healthcare,Social
CUST001542,Brandi Turner,jeremywillis@example.net,12 Sep 2025,UK,New Mexico,Technology,referral
CUST006687,John Morrow,gabrielleharvey@example.org,30-07-2025,Canada,Wyoming,Finance,REFERRAL
CUST005992,Megan Bright,,2024-07-22,australia,New York,Retail,email
CUST004555,  Daniel Wilson  ,johnsonmichelle@example.net,2025-03-12,canada,Indiana,Finance,Instagram
CUST009722,Walter Williams,davidgrimes@example.net,30 Dec 2025,france,Louisiana,Hospitality,Banner
CUST008138,Dana Webster,victoriacastro@example.com,2023-09-06,Brazil,Montana,Healthcare,affiliate
CUST000451,Alex Wagner,richardsondebra@example.org,02/28/2024,  Brazil  ,Missouri,Hospitality,AFFILIATE
CUST003675,John Burnett,qbeck@example.net,2024-02-16,U.S.A,Colorado,Manufacturing,SEO
CUST001017,Michael Wright,james92@example.net,2023-12-30,france,West Virginia,Technology,organic
CUST007285,JOHN STEWART MD,amberdavis@example.net,2025-12-16,AUS,Ohio,Technology,REFERRAL
CUST005931,  Joshua Jones  ,heathermaldonado@example.net,2025-12-11,DE,New York,Retail,PPC
CUST003879,Pamela Keith,gharris@example.net,2024-01-21,india,Wyoming,Logistics,affiliate
CUST006509,  Sharon Scott  ,sherry52@example.org,,Germany,Idaho,Hospitality,AFFILIATE
CUST008211,James Calderon,kathleensmith@example.org,2025-06-18,  singapore  ,Alaska,Hospitality,Email Marketing
CUST005348,Eugene Frederick Jr.,jennifer55@example.org,09-09-2024,france,North Dakota,Manufacturing,email
CUST004785,Amanda Coleman,idavis@example.com,2025-03-30,United Kingdom,,Education,PPC
CUST004955,Joseph Garcia,leblancdavid@example.net,2026-03-31,france,Minnesota,Finance,Affliate
CUST005467,Elizabeth Allen,fhudson@example.com,05-10-2025,U.S.A,Wyoming,Real Estate,Paid Search
CUST001232,Adam Logan,christiancontreras@example.net,2024-09-25,FR,Georgia,Finance,Affliate
CUST001758,MATTHEW HALL,jay04@example.org,07/04/2025,US,Indiana,Manufacturing,Referral
CUST001456,Maria Sanders,joshua09@example.org,2024-09-21,singapore,Virginia,,Google Ads
CUST005243,Caroline Collins,katherine69@example.com,2025-12-13,France,,Finance,affiliate
CUST008231,Jon Wood,nlewis@example.org,2025-11-06,canada,Montana,Media,SEO
CUST008903,Wayne Turner,riverarichard@example.org,2025-02-03,germany,New Jersey,Logistics,Instagram
CUST001076,Mary Quinn,gregorylopez@example.org,30-03-2024,U.A.E,Illinois,Healthcare,Display Ads
CUST008339,Catherine Thomas,zlittle@example.net,2025-01-31,India,New Mexico,Retail,referral
CUST004271,Gabriel Olson,xhardy@example.net,07-01-2024,Canada,Colorado,Logistics,Instagram
CUST009502,Bradley Farmer,qchavez@example.org,2024-06-22,UAE,Colorado,Real Estate,social media
CUST003697,Susan Thompson,stevengreen@example.net,01/19/2023,U.A.E,Oregon,Finance,Banner
CUST002967,Robert Roach,craigmurphy@example.net,09-01-2023,canada,Arizona,Manufacturing,Banner
CUST004840,Ricardo Smith,ewingnicole@example.net,03 Feb 2026,U.K.,Virginia,,  Organic Search  
CUST001219,Dr. Pamela Ramos,shelbybonilla@example.com,,Singapore,Arizona,Healthcare,Facebook Ads
CUST008419,David Frost,tarafigueroa@example.net,2023-06-08,brazil,California,Finance,PPC
CUST002916,Elizabeth Jimenez,margarethickman@example.org,07-06-2023,AUS,Michigan,Hospitality,Affiliate
CUST006824,Tara Dennis,robert14@example.org,2024-02-06,UAE,Virginia,Media,Paid Search
CUST009800,Mr. David Wilcox DDS,lori25@example.net,2024-10-02,India,North Carolina,Media,PPC
CUST007233,Jenna Murphy,eric52@example.com,2025-06-21,  United Arab Emirates  ,New Hampshire,Real Estate,organic
CUST007071,Debra Brown,figueroabrandon@example.org,2023-10-03,brazil,Tennessee,Retail,PPC
CUST005626,Lisa Conway,davisjoseph@example.com,29-08-2023,CA ,New Hampshire,Healthcare,EMAIL
CUST009604,Darren Day,krista07@example.com,07/11/2024,BR,Kentucky,Education,DISPLAY
CUST001452,Kristina Henry ,,2023-08-31,  india  ,Minnesota,Manufacturing,REFERRAL
CUST001316,Thomas Johnson,idavis@example.net,,  germany  ,Maryland,Healthcare,Referal
CUST005306,John Williams,hcox@example.net,2023-11-05, India,,Media,Paid Search
CUST007559,Lisa Bentley,aliciaphelps@example.com,2025-06-24,Brazil,South Carolina,Finance,  E-mail  
CUST004775,Russell Torres,karen85@example.com,2023-08-28,brazil,South Carolina,,REFERRAL
CUST008582,Katie Dixon,zimmermanjohnny@example.net,03-09-2024,australia,Vermont,Logistics,  Paid Search  
CUST004502,Heidi Murray,rushlaurie@example.org,12/13/2024,india,West Virginia,Real Estate,  Display  
CUST006075,Pamela Black ,,03/08/2024,  Singapore  ,,Manufacturing,  PPC  
CUST001268,Heather Jones,nathan51@example.org,2024-01-05,  US  ,,Healthcare,social media
CUST001264,Daniel Bowen,bandrade@example.net,2026-01-07,India,West Virginia,Technology,Email Marketing
CUST000247,William Daniels,ismall@example.net,03/30/2026,UK,New Jersey,Finance,Paid-Search
CUST004578,Jeffrey Barrera,david96@example.net,03/24/2024,germany,Alaska,Technology,Email Marketing
CUST009091,Katie Macdonald,kimberlythomas@example.com,, India,Utah,Retail,Google Ads
CUST003168,Joseph Harding,prodriguez@example.org,26-09-2024,SG,Ohio,Finance,Social
CUST006219,Matthew Adams,bradfordmichael@example.com,2026-04-19,SG,Mississippi,Manufacturing,email
CUST002163,Rodney Baker,qcharles@example.org,2023-03-30,UK,Alaska,Manufacturing,Facebook Ads
CUST004791,Geoffrey Williams,katherine73@example.net,11-08-2024,IN,Florida,Technology,DISPLAY
CUST000885,Tammy Black,ustafford@example.net,2025-04-19,singapore,,Healthcare,E-mail
CUST005848,David Jones,barrettkimberly@example.org,2024-02-28,IN,New Hampshire,Education,Google Ads
CUST000534,Carolyn Greer,,2025-08-03,U.A.E,South Carolina,Hospitality,Display Ads
CUST001771,Natalie Mitchell,georgestephen@example.com,10/10/2023,Singapore,,Healthcare,Google Ads
CUST009097,Steven Carpenter,,2024-05-25,United states,,Technology,Partner
CUST001737,Aaron Kelly,yhoffman@example.com,2024-04-19,india,Massachusetts,Real Estate,referral
CUST008318,Thomas Russell,kylenichols@example.com,2026-02-26,australia,Tennessee,Manufacturing,Display Ads
CUST009448,Robert Morales,wgriffin@example.com,2023-04-15,CA ,Texas,Logistics,ORGANIC
CUST008760,Michael Romero,,,United Kingdom,New Mexico,,Banner
CUST003464,Kevin Saunders,tuckerstacey@example.net,2023-03-04,australia,Kansas,Real Estate,Referal
CUST009082,Joshua Williams,oarnold@example.com,12/18/2024,U.K.,South Dakota,Manufacturing,Display Ads
CUST004914,Mark Hernandez,andrewpierce@example.net,2026-02-28,  germany  ,,Manufacturing,  ORGANIC  
CUST005886,Jessica Davis,farmerwilliam@example.net,11/02/2025,U.K.,,Media,display
CUST007215,Terri Jones,ballardadam@example.com,21 May 2024,US,Nebraska,Healthcare,Referal
CUST007650,Jamie Friedman,hornshirley@example.org,11/22/2024,Singapore,Delaware,Education,Display Ads
CUST002815,Christian Gonzalez,jerryjohnson@example.com,05/22/2026,U.A.E,,Retail,SEO
CUST001581,Jordan Duffy,smithlinda@example.com,2024-07-02,SG,Connecticut,Manufacturing,Affiliate
CUST008888,Melissa Maldonado,eric85@example.net,2025-10-22,United States,Oregon,Logistics,Paid Search
CUST003692,Nicholas Sanders,david61@example.net,2026-04-27,  brazil  ,South Dakota,Education,SOCIAL
CUST004334,Ryan Harris,hurstwendy@example.net,2023-05-19,Brazil,Montana,,organic
CUST007136,Jonathan Walton,umack@example.org,2023-10-23,FR,Wisconsin,Healthcare,Organic Search
CUST006707,Mr. Bradley Walker MD,debrapowell@example.org,2026-03-14,BR,Virginia,,E-mail
CUST008698,Sean Brown,caleblopez@example.org,2026-07-26,Australia,Missouri,,Affliate
CUST008953,Jeremy Clements,holmesalex@example.com,2023-10-02,Germany,Kentucky,Hospitality,Display
CUST008382,  Phyllis Harris  ,carolinetapia@example.net,2024-10-01,U.K.,California,Media,Referral
CUST006747,Emily Steele,caseykrause@example.net,2024-09-03,  brazil  ,South Dakota,Manufacturing,ORGANIC
CUST002041,  Daniel Henderson  ,david78@example.net,22-06-2024,UK,Minnesota,Finance,Banner
CUST006566,Marisa Murphy,amymathews@example.com,2025-05-16,france,Oklahoma,Healthcare,Organic
CUST001903,Sandy Nichols,olsonchristina@example.org,2023-05-31,United states,Minnesota,Hospitality,display
CUST004437,Michael Boyd,saragreen@example.org,20-11-2024,SG,New Hampshire,,social
CUST008810,Lauren Miller,berryamber@example.com,2025-02-06,SG,Maryland,Healthcare,  Referal  
CUST002869,Leslie Mcneil,trujillojohn@example.org,09/05/2023,DE,Georgia,Retail,Organic Search
CUST003886,Vincent Wilson,joyce34@example.net,2023-03-28,  IN  ,Virginia,Media,Display Ads
CUST003006,Jose Williams,wayne01@example.net,2023-12-17,BR,Vermont,Media,display
CUST009995,Christopher Spencer,paigefitzgerald@example.org,,england,Idaho,Finance,REFERRAL
CUST008947,Denise Dean,cmiller@example.net,11/14/2024,australia,New Jersey,Media,E-mail
CUST008387,  Joseph Barton  ,michele39@example.org,08/21/2024,canada,Illinois,Technology,Paid-Search
CUST008344,Deborah Allen,johnsonhannah@example.org,2026-03-04,United Arab Emirates,New York,Real Estate,Google Ads
CUST004937,  Willie Robinson  ,brownphillip@example.com,2023-02-08,India,,Healthcare,affiliate
CUST002006,Amy Dyer,peter91@example.org,2023-10-25,DE,Missouri,Media,Paid Search
CUST002316,  Tyrone Collins  ,sandovalwendy@example.org,28-04-2023,england,Hawaii,Manufacturing,PPC
CUST002333,Jeffrey Petty,cassandra33@example.net,2024-03-15,U.K.,Nebraska,Retail,Display
CUST002943,Terry Mills,jamesmason@example.net,2023-02-16,australia,Florida,Manufacturing,Affiliate
CUST009921,  Samantha Mathews  ,seth23@example.com,2026-02-25,germany,Hawaii,Real Estate,organic
CUST007053,Shawna Cannon,ocalderon@example.net,2023-01-08,SG,New Hampshire,Manufacturing,Paid Search
CUST000880,James Henderson,charles80@example.org,2023-06-12,U.A.E,Michigan,Logistics,Banner
CUST004503,  Todd Lopez  ,,05/04/2025,France,Tennessee,Retail,paid search
CUST004604,Veronica Case,jamie01@example.com,2025-11-30,India,South Dakota,Manufacturing,  ORGANIC  
CUST001453,Sean Wyatt,jessica39@example.net,2023-10-05,Canada,Illinois,Hospitality,Email Marketing
CUST004993,Jesse Wolfe,baileylauren@example.org,,USA,,Finance,ORGANIC
CUST008136,Mark Coleman ,,15-02-2024,india,Florida,Media,email
CUST003513,Steven Chandler,stephanie60@example.org,2025-05-23,FR,Idaho,Hospitality,PAID SEARCH
CUST002855,Jessica Williams,criddle@example.net,03/05/2023,Canada,Hawaii,Manufacturing,  ORGANIC  
CUST008880,Sarah Bolton,donnasanchez@example.com,2026-07-20,BR,,Manufacturing,Social
CUST009946,Joshua Moore,kgray@example.net,10/25/2024,Brazil,,Finance,Referal
CUST007616,Jennifer House,christianashley@example.org,2026-02-02,UAE,,Real Estate,Paid-Search
CUST004054,Christopher Harris,matthewnewton@example.org,2026-05-29,CA ,Alabama,Retail,Social
CUST001774,Angelica King,marvinhoward@example.com,23-02-2026,Brazil,New Hampshire,Hospitality,Affliate
CUST001055,Dan Johnson,vstevenson@example.org,17-12-2023,UK,Louisiana,Hospitality,DISPLAY
CUST007865,Alexis Lee,banksmary@example.net,12/23/2025,australia,Nebraska,Retail,Google Ads
CUST002187,Charles Martinez,pattersondebra@example.org,19 Sep 2023,UK,Vermont,Hospitality,Paid-Search
CUST001919,Emily Humphrey,barrettjoseph@example.org,2024-01-21,SG,Florida,Technology,Partner
,Steven Ward,osmith@example.org,2023-10-19,INDIA,Pennsylvania,Hospitality,Instagram
CUST004243,Lisa Kelley,jenniferjones@example.net,2024-09-15,U.S.A,,Manufacturing,email
CUST003636,Danny Finley,watsonjulia@example.com,2024-07-04,  Germany  ,Connecticut,Retail,Display
CUST007198,  Casey Mcdowell  ,wardjames@example.org,2026-01-23,canada,New Jersey,Logistics,EMAIL
CUST000984,Gary Brown,johnsonryan@example.org,16-02-2023,INDIA,,Education,email
CUST001088,Lawrence Joseph,andersonlaura@example.com,03/05/2025,US,Utah,,Partner
CUST001593,Natalie Love,olivia13@example.org,2026-01-06,england,Kentucky,Technology,Social
CUST008968,Timothy Flowers,cunninghambrian@example.org,03/14/2024,FR,Kentucky,Technology,Paid Search
CUST006149,Kayla Myers,donaldmarquez@example.net,06-04-2023,CA ,Louisiana,Hospitality,REFERRAL
CUST002592,Christopher Morton,wellsadam@example.com,2023-12-02,U.S.A,Maryland,Finance,Paid-Search
CUST000179,Richard Romero,stanleynancy@example.net,2023-07-25,United Kingdom,Florida,Logistics,REFERRAL
CUST006220,  Christine Bartlett  ,michael42@example.org,2024-07-26,france,Alaska,,DISPLAY
CUST001675,Christian Villarreal,,2025-06-25,DE,,Education,Organic Search
CUST009210,Eric Shields,chelseaturner@example.net,01/02/2026,Australia,South Carolina,Real Estate,SOCIAL
CUST001423,Amanda Campbell,hallkelsey@example.org,2025-05-01,canada,Arizona,Manufacturing,Affliate
CUST003714,Kelly Miller,bperez@example.com,2023-06-21,BR,Wisconsin,Healthcare,Google Ads
CUST008692,Angela Miller,trevinojessica@example.com,2024-02-28,Singapore,Indiana,Logistics,email
CUST001013,Bradley Wallace,jerry07@example.net,2024-08-14,  FR  ,South Carolina,Finance,Affiliate
CUST008001,Amy Caldwell,dorseymichael@example.net,2023-01-28,england,Missouri,Logistics,Affliate
CUST001735,Anna Christensen,christopher77@example.net,2024-09-30,canada,Washington,Logistics,Organic Search
CUST008675,Megan Price,charles31@example.net,2023-12-09,Germany,Delaware,Hospitality,Referral
CUST009423,Christine Hernandez,nvincent@example.net,,Canada,Idaho,Education,display
CUST000112,John Mcintyre,qhughes@example.net,2025-06-19,U.A.E,Georgia,Manufacturing,organic
CUST000332,Angie Grimes,rowejoel@example.net,2023-10-25,Brazil,Pennsylvania,Real Estate,Email
CUST003935,Grant Mason,rodrigueztammy@example.net,29-04-2024,Singapore,Virginia,Technology,Organic
CUST001419,Alicia Bowen,tdavis@example.com,2024-06-07,SG,,Media,Affiliate
CUST004013,Laurie Brown,cpowell@example.com,11/23/2024,Australia,New Jersey,Healthcare,Organic
CUST003423,Angela Price,butlerdavid@example.org,2024-11-16,brazil,Pennsylvania,Manufacturing,Google Ads
CUST002407,Benjamin Mosley,fostersarah@example.net,2024-12-21,singapore,,Logistics,AFFILIATE
CUST007696,Joseph Taylor,nunezamy@example.com,2023-05-17,BR,New Jersey,,Social
CUST009760,Sean Kemp II,helenburns@example.com,2026-01-20,  canada  ,Iowa,Retail,Email Marketing
CUST004626,Margaret Ruiz,lgallagher@example.com,2024-12-09,  DE  ,Arizona,Healthcare,Partner
CUST003540,Amanda Fernandez,karlmartin@example.org,2023-09-21,canada,Utah,Education,SEO
CUST007421,Jennifer Bradford,nathanielgould@example.com,2024-03-01, India,Delaware,Hospitality,REFERRAL
CUST005046,Micheal Waters,webbcandice@example.com,2023-02-09,USA,Kansas,Technology,Organic
CUST009687,Timothy Molina,mcintyregary@example.org,,Singapore,Wisconsin,Logistics,  display  
CUST009318,Brian Mitchell,silvaallison@example.net,2026-04-19,australia,Iowa,Manufacturing,REFERRAL
CUST008591,Ricky Smith,harrisjonathan@example.net,2023-09-23,Australia,Oregon,Hospitality,Display
CUST004653,Sue Fisher,anna34@example.net,2026-01-26,france,Florida,Retail,social
CUST002073,Tracy Walker,matthewfranklin@example.net,2023-06-25,brazil,,Education,Social
CUST001968,Patrick Walsh,millerjames@example.org,27-11-2025,INDIA,New Hampshire,Hospitality,Social
CUST009726,Courtney Hill,taylormichael@example.org,2025-10-13,United States,,Technology,Email Marketing
CUST001182,Linda Sparks,rosariodaniel@example.net,01/05/2026,Canada,Michigan,,Referral
CUST004709,Lauren Mitchell,danajohnson@example.com,02/15/2026,Germany,Connecticut,Logistics,Display
CUST005733,Jenna Rodriguez,cesar19@example.net,2024-03-30,france,Arkansas,Media,social media
CUST006428,Robert Houston,josephguerra@example.org,09/28/2024,UK,Nevada,Media,Instagram
CUST004282,Frederick Porter,kevinwood@example.org,2026-03-22,U.K.,Tennessee,Healthcare,display
CUST009343,David Anderson,kimberlyclark@example.net,2024-11-18,brazil,South Carolina,Finance,Social
CUST000919,Angelica Webb,jamesobrien@example.org,2025-08-06,CA ,Nebraska,Hospitality,REFERRAL
CUST009655,Brian Mays MD,jenniferodonnell@example.org,2025-10-04,germany,Idaho,Logistics,paid search
CUST009626,Jonathan Hernandez,scottcarpenter@example.net,12 Feb 2026,U.A.E,New Hampshire,Real Estate,SOCIAL
CUST005446,Wendy Brooks,brownmitchell@example.org,2023-11-04,germany,South Dakota,Real Estate,E-mail
CUST009310,  Darrell Palmer  ,rosemichael@example.org,2024-03-17,singapore,,Retail,email
CUST006596,Frank Snow,gardnerelizabeth@example.org,2023-07-26,UK,Arizona,Logistics,organic
CUST009638,Jonathan Phillips,dsoto@example.net,27-12-2025,DE,Hawaii,Logistics,Google Ads
CUST001639,Courtney Adams,stevenssamuel@example.net,20-03-2024,United Arab Emirates,Nevada,,display
CUST001442,Cody Benson,drivera@example.net,20 Oct 2023,Canada,New Jersey,Retail,DISPLAY
CUST007873,Carolyn Ramos,fowlerwilliam@example.org,2023-11-08,U.K.,Kentucky,Hospitality,Referal
CUST004175,Jeremy Hanson,bennettdavid@example.org,2023-03-31,UAE,Wyoming,Technology,Referal
CUST008567,  Eric Byrd  ,medinajanet@example.com,2025-03-17,United Arab Emirates,Mississippi,Real Estate,Paid-Search
CUST008273,Mary Parker,alexander91@example.com,2024-09-12,UK,Oklahoma,Real Estate,Affiliate
CUST005401,Shaun Phillips,tapiajenna@example.org,2025-07-02,SG,South Dakota,Retail,Banner
CUST006411,Gary Davis,marshallmichael@example.com,2024-05-30,singapore,West Virginia,Real Estate,Facebook Ads
CUST007360,Brian Gutierrez,megannguyen@example.org,2024-08-28,UK,,Real Estate,display
CUST002547,Sarah Whitaker,dmcdonald@example.com,2025-11-29,singapore,,Retail,E-mail
CUST002327,  Caitlin Curry  ,davidglover@example.com,2026-04-02,U.S.A,,Retail,social
CUST004564,Amy Cooper,umorris@example.org,2023-09-24,INDIA,North Dakota,Healthcare,referral
CUST004946,Kenneth Ruiz,robert21@example.org,02-03-2024,UK,Nevada,Healthcare,REFERRAL
CUST005052,Angela Nunez,asmith@example.org,2023-04-13, India,Kansas,Manufacturing,PPC
CUST009347,Adam Foster,smithhaley@example.net,31-10-2025,FR,Minnesota,Retail,PAID SEARCH
CUST001945,Billy Cunningham,jessedelacruz@example.org,01/29/2023,Singapore,,Logistics,Partner
CUST008333,Philip Graham,thomas76@example.org,2024-07-01,brazil,Kentucky,Hospitality,Display Ads
CUST005129,April Miranda,michael87@example.com,2026-03-25,Canada,Rhode Island,Retail,Organic Search
CUST004868,Maria Cardenas,pachecopatricia@example.net,2025-12-25,canada,Delaware,Hospitality,AFFILIATE
CUST001437,  Jeffrey Stanton  ,mccluretyler@example.net,2023-04-22,Brazil,North Dakota,Technology,ORGANIC
CUST007758,Tina Watson,fishersarah@example.com,2025-03-19,FR,Michigan,Logistics,Facebook Ads
CUST003480,Katherine Reynolds,sherryedwards@example.net,10-07-2023,United Kingdom,Connecticut,Retail,SOCIAL
CUST009828,Stephanie Park,randylyons@example.com,2026-01-08,USA,Nebraska,Logistics,DISPLAY
CUST007647,Christina Barnes,drakemonica@example.net,2023-06-11,  Australia  ,Minnesota,Healthcare,DISPLAY
CUST000329,Krystal Barton,hdunn@example.net,2025-09-30,United Arab Emirates,Delaware,Education,Social
CUST005940,Alexis Maxwell,cassidyward@example.com,12-08-2025,U.A.E,Michigan,Healthcare,Email
CUST002520,Frederick White,george52@example.net,2023-09-21,brazil,Massachusetts,Technology,Partner
CUST002287,Leah Alexander,antonio40@example.com,2023-10-14,brazil,Connecticut,Media,EMAIL
CUST007806,Anna Hoffman,bwhite@example.org,2024-08-21,United states,,Manufacturing,REFERRAL
CUST001634,Edward Oconnell,amassey@example.net,2024-03-03,canada,Oklahoma,Hospitality,Email Marketing
CUST005588,  Leah Bennett  ,paynekimberly@example.net,2024-02-13,UAE,Utah,Technology,PPC
CUST005081,Robert Cuevas,carly17@example.com,2023-08-12,United Kingdom,,,Affliate
CUST001354,Jeffrey Brown,christophersmith@example.com,2025-07-28,england,West Virginia,Healthcare,Organic
CUST004241,Andrew Munoz,pcrane@example.net,2024-05-17,CA ,Wyoming,Logistics,ORGANIC
CUST004751,  Daniel Fernandez  ,johnhanson@example.com,2026-07-18,canada,Florida,Healthcare,  paid search  
CUST004445,Melissa Harris,racheladams@example.org,02-03-2026,U.A.E,South Dakota,Real Estate,Social
CUST003937,Clinton Edwards,cabrerajennifer@example.net,28-03-2026, India,Iowa,Manufacturing,Google Ads
CUST007712,Peggy Roberts,fosterjacob@example.com,2025-08-14,Singapore,South Dakota,Real Estate,DISPLAY
CUST008046,Jennifer Carrillo,travis85@example.org,10-03-2024,Canada,,Logistics,social media
CUST005141,Kyle Hansen,ambergonzalez@example.net,06-10-2023,United states,Louisiana,,Email
CUST002602,  Kathryn Adams  ,,07/28/2026,brazil,Iowa,Finance,PPC
CUST001766,Debra Warner,sbrown@example.org,2024-10-13,U.S.A,,Retail,Affliate
CUST006894,Alexander Gonzalez,jessejenkins@example.com,07/03/2024,United Arab Emirates,North Carolina,Retail,EMAIL
CUST004618,Sandra Price,tsmith@example.net,25-07-2025,india,South Dakota,Finance,Partner
CUST007890,Madison Monroe,laura63@example.com,04/17/2023,US,Maine,Education,display
CUST008493,  Michael Brown  ,martinsharon@example.com,2025-07-26,CA ,Virginia,Healthcare,Referral
CUST008830,Allison Garcia,russellmichael@example.org,2024-07-31,United Arab Emirates,,,Organic Search
CUST008933,  Ashley Henderson  ,saguirre@example.net,07/23/2023,FR,New Mexico,Media,EMAIL
CUST006874,Raymond Vazquez ,,2026-06-13,Germany,,Healthcare,ORGANIC
CUST000267,Nicole Parsons,williamroberts@example.net,2023-06-04,   India  ,Oregon,Media,Display
CUST003337,Steven King,romerokimberly@example.com,2023-04-07,australia,Maine,Media,Affiliate
CUST006621,Christopher Garcia,kayla21@example.org,29-07-2024,Germany,Minnesota,Retail,Organic Search
CUST001310,Shawn Glover,stephaniereeves@example.org,2023-01-22,DE,,Retail,Instagram
CUST009673,Patricia Anderson,bhorton@example.org,01/12/2026,US,Arizona,Healthcare,  EMAIL  
CUST006057,Richard Herman,markmassey@example.com,2026-01-04,Germany,New Mexico,Healthcare,Paid Search
CUST009871,Thomas Allen,barkerrobert@example.com,2023-07-22,england,Minnesota,Finance,Paid Search
CUST005934,Jason Dixon,rebeccarhodes@example.net,2024-02-11,france,Tennessee,Logistics,email
CUST005033,Jessica Martinez,james25@example.com,08-11-2025,U.A.E,Michigan,Technology,SEO
CUST003345,Joshua Riley,ssmith@example.org,2023-01-16,BR,New Jersey,Real Estate,Social
CUST008299,Thomas Ingram,jenna71@example.com,31 Jan 2026,CA ,Missouri,Hospitality,affiliate
CUST001271,Jessica Li,,07-02-2024,U.K.,Arizona,Media,Instagram
CUST007682,Madeline Aguirre,watkinsalexander@example.org,2026-04-12,USA,Connecticut,Technology,Banner
CUST002959,Melanie White,chenmatthew@example.org,22-01-2025,france,,Media,SEO
CUST005582,Jeffrey Gray,russellterri@example.net,16-11-2025,australia,California,Retail,Referal
CUST006942,  Calvin Cooper  ,fischerdustin@example.net,04-10-2023,UK,,Hospitality,Facebook Ads
CUST001584,Adam Stone,heatherfarmer@example.org,11/11/2025,U.S.A,,Media,E-mail
CUST005540,Holly Hunter,sullivanrachel@example.org,2024-06-03,France,,Technology,Google Ads
CUST009653,Mary Hanna,ahess@example.com,02/12/2023,BR,Alabama,Real Estate,PPC
CUST007358,Kimberly Davis,barkerpamela@example.org,2026-07-25,singapore,,Retail,Referal
CUST005688,James Jenkins,vhill@example.com,2024-11-06,france,Connecticut,Technology,Referral
CUST003075,Barbara Berg,donaldthomas@example.org,12-08-2023,UK,Idaho,Finance,DISPLAY
CUST008507,Joseph Silva,taylornicole@example.net,2024-11-05,AUS,Pennsylvania,Real Estate,Paid Search
CUST005131,Jordan Walker ,,2024-03-26,AUS,,Education,Email
CUST008677,ROBERT KELLEY,isingh@example.com,09-12-2023,singapore,Maine,Healthcare,DISPLAY
CUST005772,Kimberly Stanton,cassandra71@example.com,2025-12-14,United Arab Emirates,Iowa,Manufacturing,EMAIL
CUST005854,Timothy Cook,knightdavid@example.net,2025-04-28,Canada,Florida,Real Estate,PPC
CUST002015,Sandra May,hdavis@example.com,2026-03-26,AUS,Georgia,Healthcare,PAID SEARCH
CUST006227,Kyle Good,brianna58@example.org,2026-01-26,United Arab Emirates,New York,Real Estate,paid search
CUST004400,Dennis House,cassandra59@example.com,2023-10-27,BR,New Jersey,Logistics,Google Ads
CUST003668,David Stanley,elizabeth65@example.com,11/17/2023,england,Hawaii,Retail,SOCIAL
CUST007779,Teresa Thompson,istokes@example.net,2023-06-27,india,Utah,Technology,EMAIL
CUST003827,Tracy Nash,thomas49@example.net,2025-05-18,FR,,Hospitality,Paid-Search
CUST003084,Jesse Oconnor,andreathompson@example.net,16 Jul 2023,Singapore,,,Instagram
CUST005398,Lisa Sparks,,2025-08-24,france,Nevada,Logistics,Referral
CUST006900,Victor Navarro,bassjoshua@example.com,2025-04-14,SG,Indiana,Healthcare,Partner
CUST000540,Laura Coleman,thomas31@example.com,28-07-2023,FR,Rhode Island,Manufacturing,SOCIAL
CUST006029,John Gregory,oconnellnathan@example.net,2025-01-29,UAE,South Carolina,,social media
CUST009182,Thomas Jones,jenniferdominguez@example.net,07/16/2026,United Arab Emirates,,Healthcare,Banner
CUST006745,Angela Berg,randy61@example.com,2025-11-08,U.A.E,Alaska,Media,Display
CUST009290,Meagan King,lbray@example.org,01/28/2024,DE,,,Banner
CUST008977,Jeffrey Davis,cortezjonathon@example.com,2025-05-04,BR,Iowa,Logistics,social
CUST004281,Jerome Ashley,allisonhogan@example.net,2024-12-25,France,California,Technology,EMAIL
CUST002546,Angela Landry,barbara09@example.net,2024-04-30,SG,Washington,Logistics,Social
CUST009918,Pamela Bean,deborah72@example.com,04/04/2025,australia,,Real Estate,social
CUST001823,Destiny Dunn,david16@example.org,2025-01-11,UAE,Arizona,Media,  Referral  
CUST007084,Kristen Velez,christine41@example.net,2026-05-17,Canada,Utah,Real Estate,email
CUST002604,Jeffrey Williams,,2025-02-09,Singapore,Wyoming,Hospitality,Paid-Search
CUST009430,Martha Valdez DVM,reneenewman@example.net,2025-02-18,DE,South Dakota,Technology,display
CUST004911,Jeffrey Hall,susan01@example.net,21-11-2023,  US  ,Louisiana,Real Estate,referral
CUST007209,Victoria Jones,sandovalemily@example.net,10-02-2025,UK,Colorado,Retail,display
CUST000858,Sandra Herring,tyler13@example.net,2024-06-19,United States,,,organic
CUST006162,Nicholas Nelson,porterwilliam@example.net,24 Jun 2026,U.K.,Georgia,Real Estate,Google Ads
CUST003602,Brooke Hess,andersonjesse@example.org,20 Oct 2024,australia,New York,Media,Email
CUST000397,Eric Taylor,jessicakim@example.net,09/16/2024,england,New York,Manufacturing,Partner
CUST000959,Charles Scott,moorestephanie@example.net,2024-06-11,USA,Hawaii,Manufacturing,referral
CUST009079,Thomas Carey,,20 Dec 2023,Brazil,North Dakota,,Paid Search
CUST009096,Lori Morrow,hansenryan@example.net,2024-12-02,DE,Georgia,Media,Affiliate
CUST000283,  Chris Robinson  ,,2025-11-22,DE,Texas,Real Estate,social media
CUST002224,Crystal Abbott,alexander18@example.org,2023-05-12,  CA   ,Virginia,Hospitality,REFERRAL
CUST003007,Traci Miller,brandinguyen@example.org,2023-05-17,IN,,Finance,PPC
CUST003744,Daniel Gray,gbrown@example.org,2023-01-17,france,Louisiana,Retail,Organic Search
CUST004869,Dr. David Luna,morrisamber@example.net,2025-12-15,India,,Manufacturing,Affliate
CUST004420,Nicole Ramirez,johnferrell@example.net,2023-02-26,BR,Massachusetts,Media,referral
CUST007652,Tammy Wilson,bryanespinoza@example.net,20-09-2025,australia,Maine,Healthcare,email
CUST008905,Teresa Sherman,brooksdebra@example.org,2024-04-18,USA,Illinois,Technology,Instagram
CUST005974,Alexander Hoover,hillmikayla@example.net,2023-05-19,Germany,Maine,Manufacturing,Facebook Ads
CUST005185,James Little,qbarnes@example.net,13-06-2026,  france  ,New Mexico,Finance,Google Ads
CUST006879,Jose Medina,colsen@example.com,04/25/2023,United states,Rhode Island,Manufacturing,PAID SEARCH
CUST001317,Lauren Watson,brian62@example.com,23-09-2025,UAE,Texas,Logistics,organic
CUST002293,Lisa Thompson,michael35@example.net,2026-06-18,UAE,Oregon,Technology,display
CUST008572,Amber Johnson,romeroricky@example.net,2023-03-24,U.A.E,Washington,Healthcare,SEO
CUST007618,Cole Hurley,michaelbeard@example.net,2023-09-22,Canada,,Healthcare,PAID SEARCH
CUST000837,James Gallagher,rkeller@example.net,25-03-2023,DE,Oregon,Finance,social media
CUST007412,Kathleen Davis,bowenmargaret@example.org,,Australia,Maine,Finance,referral
CUST001902,Andrea Townsend,tammy17@example.com,2024-04-10,SG,Delaware,Healthcare,Instagram
CUST009793,Justin Hughes,melissathomas@example.org,02-06-2025,brazil,South Dakota,Hospitality,Referal
CUST001198,Victor Padilla,squinn@example.com,2024-04-23,UAE,Mississippi,Retail,PPC
CUST007782,Travis Bowers ,,08-04-2025,France,Alabama,Media,Social
CUST003165,Jessica Washington,adamgolden@example.org,17 Jan 2025,Singapore,,Real Estate,REFERRAL
CUST004989,Jeremy Harris,zmartin@example.net,18-02-2024,BR,Massachusetts,Manufacturing,organic
CUST005322,William Nelson,tammy43@example.org,2025-09-03,CA ,Delaware,Real Estate,Organic Search
CUST001371,Erica Baker,scottsmith@example.org,01/20/2023,Germany,New Jersey,Technology,Email
CUST000589,DOMINIQUE PAUL,robert12@example.org,17-06-2025,Singapore,,Real Estate,SOCIAL
CUST007550,Jaime Taylor,dyeredward@example.org,2026-05-21,CA ,Illinois,Education,AFFILIATE
CUST009496,Brett Henry,paul97@example.net,2025-09-10,germany,,Real Estate,  Organic Search  
CUST009908,Stephanie Bartlett,nathan79@example.com,2025-08-27,AUS,Wisconsin,Real Estate,display
CUST005519,Gregory Moreno,lisawise@example.org,07/06/2023,France,Michigan,Retail,EMAIL
CUST005678,Gregory Burnett,yballard@example.net,2023-09-09,USA,,Technology,Referral
CUST005209,Ronald Reynolds,katherineramirez@example.com,06/17/2023,United Arab Emirates,Connecticut,Manufacturing,E-mail
CUST002903,  Isaiah Young  ,rogerslawrence@example.net,2023-08-25,IN,North Carolina,Technology,Paid-Search
CUST009596,Jessica Williams,trose@example.net,09/03/2025, India,Colorado,Technology,EMAIL
CUST005869,Sherry Johnson,farleygeorge@example.net,2024-07-16,  germany  ,Washington,Retail,Display
CUST008122,  Joseph Juarez  ,ocooley@example.net,2024-09-10,Germany,Kansas,,referral
CUST001095,AUDREY RICHARDSON,stephanie90@example.com,,Australia,Arkansas,Manufacturing,Partner
CUST007941,Mark Lewis,ncombs@example.net,2026-01-14,FR,Alaska,Education,E-mail
CUST001809,Joseph Crawford,reynoldsanthony@example.org,29-04-2024,india,Oklahoma,Education,social
CUST004551,Mr. Benjamin Mitchell,ntorres@example.org,25 Apr 2026,IN,Delaware,,email
CUST007861,Patricia Sullivan,jason93@example.net,2023-09-10,UK,,Logistics,DISPLAY
CUST006533,Jerry Braun,pattonstacy@example.org,2024-08-16, India,Alabama,Education,Partner
CUST007544,Amanda Mann,thompsonstephen@example.com,2023-09-08,Canada,Colorado,Real Estate,Referral
CUST003421,Erin Randall,otrujillo@example.net,2023-06-27,United Arab Emirates,Oklahoma,Technology,social media
CUST002219,Vanessa Fleming,hayesrachel@example.com,2023-03-22,DE,Wisconsin,Logistics,social
CUST009312,John Armstrong,barbara35@example.org,11 Jan 2026,  Singapore  ,,Media,Email
CUST000779,Brian Mendoza,karenhodges@example.com,22-10-2024,U.K.,Minnesota,Media,Paid Search
CUST005520,Wesley Burns,grossamber@example.org,2026-05-10,brazil,,Media,Banner
CUST004418,STEPHANIE JOHNSON,robertmoran@example.org,2023-10-07,Singapore,Rhode Island,Logistics,referral
CUST004473,Corey Franklin,michael83@example.com,04/18/2025,england,California,Education,SOCIAL
CUST003847,Stephanie Holder,shane05@example.org,19-11-2025,Australia,,Retail,social media
CUST009014,Todd Young,acraig@example.com,09 May 2025,AUS,Iowa,Retail,PPC
CUST000924,Nicole Villegas,colonbobby@example.org,2023-08-26,France,,Education,  social  
CUST008085,Kaitlin Scott,kimberlytownsend@example.org,2025-01-18,singapore,Kentucky,Logistics,referral
CUST000898,Jeremy Hughes,anna61@example.com,08/25/2023,Canada,Mississippi,Finance,Social
CUST000748,  Sheila Herrera  ,sandyjohnson@example.org,13-12-2023,BR,New York,Healthcare,Email Marketing
CUST007537,DAVID JOHNS,gonzaleskevin@example.com,03 Jul 2023,INDIA,Missouri,Media,display
CUST001906,KAREN MIDDLETON,anthony66@example.org,2025-05-24,australia,North Carolina,Media,Referal
CUST009215,Travis Hayes,kristopher88@example.net,2026-06-12,France,Connecticut,,Social
CUST004565,Francisco Kelley,chickman@example.org,06-08-2025,Canada,Iowa,Real Estate,DISPLAY
CUST000741,James Norris ,,04/27/2026,brazil,Michigan,Healthcare,Partner
CUST002565,  Brandy Baird  ,bakertommy@example.org,2023-03-26,canada,Nevada,Logistics,Referal
CUST008707,Kenneth Wright,goldenwilliam@example.org,2026-04-16,U.S.A,Indiana,Media,SOCIAL
CUST002713,Gary Jackson,angelatorres@example.org,,brazil,Pennsylvania,Real Estate,PAID SEARCH
CUST006971,  George Schmidt  ,millerjoy@example.net,2023-10-06, India,Tennessee,Media,Display
CUST005082,Dennis Allen,hernandezjacob@example.net,07-11-2024,singapore,,Healthcare,affiliate
CUST006072,Judith Martin,mking@example.com,14-02-2025,United states,North Carolina,,EMAIL
CUST005590,Daniel Torres,ggreen@example.org,02/29/2024,Australia,West Virginia,Retail,display
CUST003259,Robert Tanner,elizabethrichards@example.com,2025-04-25,DE,Delaware,Technology,Google Ads
CUST000556,Mr. James Kramer,ericahall@example.com,2024-03-08,France,Nebraska,Manufacturing,SEO
CUST000555,Kristine Carrillo,susan77@example.net,25-06-2023,UAE,Alaska,Retail,Email
CUST004782,Shaun Pruitt,eric38@example.net,,United Arab Emirates,,Media,Display
CUST008653,William Tanner,kristina70@example.org,2026-04-23,United Kingdom,Florida,Real Estate,Facebook Ads
CUST002408,Dana Thornton,joshua74@example.org,2026-02-28,india,Oregon,Manufacturing,Referal
CUST000709,Karen Lopez,xbridges@example.com,2025-05-06,FR,Georgia,Finance,PPC
CUST009368,Jacob Young,william00@example.org,2024-04-16,INDIA,Alabama,Education,display
CUST005177,Jennifer Brown,kyle61@example.com,01-03-2024,USA,North Carolina,Real Estate,Paid Search
CUST004700,Stephanie Blankenship,murphyjoshua@example.com,2023-04-09,U.S.A,,Education,display
CUST009784,Eric White,william22@example.org,06/27/2023,brazil,South Carolina,Real Estate,Referral
CUST007624,Rachel Mendoza,carolynlyons@example.net,2023-06-07,Singapore,Nevada,Media,Organic Search
CUST000078,Tamara Hampton,ugraham@example.net,2024-07-01,india,Louisiana,Retail,EMAIL
CUST002208,James Gallagher ,,2025-05-23,U.A.E,Louisiana,Manufacturing,Email
CUST008754,Daniel Reid,mburns@example.net,07/16/2026,BR,Kansas,Finance,display
CUST007032,Michelle Long,emilyhutchinson@example.org,18 May 2023,INDIA,Maryland,Hospitality,  Partner  
CUST004560,Mrs. Sandra Herrera,stephaniesmith@example.com,11/11/2025,BR,Connecticut,Logistics,Social
CUST006393,  Allen Hughes  ,corywilliams@example.net,24-03-2025,United states,Vermont,Manufacturing,Affiliate
CUST002522,  Thomas Rice  ,coxcarol@example.com,2025-09-14,Australia,New Hampshire,Technology,social media
CUST006661,Catherine Moore,tknight@example.com,04/03/2024,Germany,California,Education,paid search
CUST002346,Amy Clark,david25@example.com,2024-01-24,United Kingdom,Mississippi,Media,Referal
CUST002013,  Justin Zimmerman  ,justin20@example.net,2023-04-24,brazil,New Hampshire,,Affliate
CUST002752,Anna Herring,patricksmith@example.org,2025-01-11,canada,Nebraska,Healthcare,Google Ads
CUST007603,Victoria Hansen,heather40@example.net,2024-08-13,United Kingdom,New Jersey,Retail,SOCIAL
CUST003808,Maurice Cunningham,ginaconrad@example.org,12/22/2025,UK,Virginia,Manufacturing,display
CUST002832,  Samantha Gardner  ,banksmeredith@example.com,06/27/2024,USA,Ohio,Real Estate,email
CUST004541,Rachel Harris,ymorrison@example.org,2024-01-03,SG,South Dakota,Finance,SEO
CUST005579,Francisco Turner,jlewis@example.net,2023-03-06,BR,California,Finance,Display Ads
CUST003599,Jennifer Martinez,markfuentes@example.com,2024-10-18,IN,,Technology,Instagram
CUST003033,Gary Curry,elizabethjohnson@example.org,2024-09-21,U.K.,Montana,Retail,Paid-Search
CUST000152,Darrell Patterson,lynchdiane@example.net,2023-05-31,U.S.A,Louisiana,Manufacturing,Facebook Ads
CUST009856,Tara Brown,johngould@example.org,2023-07-25,england,Massachusetts,Retail,Social
CUST006304,Michael Green,ycarr@example.org,23-09-2024, India,Virginia,Manufacturing,affiliate
CUST003933,Dawn Austin,vpatterson@example.com,19-02-2025,  UAE  ,,Media,SOCIAL
CUST004205,Mary Gibbs,margaret78@example.com,12/29/2023,United States,Oklahoma,Real Estate,Paid Search
CUST002760,Karen Fisher,,22-03-2026,UAE,Rhode Island,Hospitality,DISPLAY
CUST000740,  Teresa Henry  ,upowell@example.org,2026-02-23,FR,Ohio,Logistics,display
CUST004744,Eric Roman,tonyamorris@example.net,2025-06-08,SG,Nebraska,Media,Email
CUST002160,Terry Moses,javiermitchell@example.org,10-05-2026,INDIA,New York,Manufacturing,affiliate
CUST001447,Robert Savage ,,2023-12-23,United Kingdom,Indiana,Technology,email
CUST005202,Elizabeth Weaver,james50@example.org,2024-07-28,  UK  ,New Mexico,Healthcare,SOCIAL
CUST006344,William Williams,amartinez@example.com,2024-08-12,canada,Rhode Island,Real Estate,Banner
CUST005683,Angela Martin,wayne44@example.net,2024-09-04,INDIA,Iowa,,REFERRAL
CUST009231,Kristy Miller,fwolfe@example.net,2025-02-05,UAE,Vermont,Education,EMAIL
CUST004254,Matthew Mejia,btorres@example.com,20-11-2025,SG,,,Banner
CUST004631,Michael Abbott,kmurphy@example.org,2026-05-20,BR,South Carolina,Logistics,SEO
CUST001915,Dr. Jason Johnson IV,jenniferkane@example.net,28-04-2023,  canada  ,,Manufacturing,organic
CUST008811,Michael Reeves,danielle70@example.org,2025-03-21,france,Kentucky,Media,display
CUST001635,Mrs. Charlotte Stone MD,tfrancis@example.com,14-03-2026,U.A.E,Kentucky,Education,Referral
CUST008644,Brenda Mason,riddlerebecca@example.com,2024-03-02,india,Wisconsin,Manufacturing,Organic Search
CUST005591,Terry Hobbs,ksalazar@example.org,2025-04-14,australia,Tennessee,Real Estate,Email Marketing
CUST004947,Sarah Mitchell,vincent12@example.net,2025-07-12,france,Rhode Island,Retail,Organic
CUST009547,Susan Avery,christopherjackson@example.org,04/17/2026,U.S.A,Wisconsin,Education,SEO
CUST005004,Brittany Cooper,katelyn72@example.org,22 Apr 2024,U.A.E,,Hospitality,Paid-Search
CUST002153,Melissa Alvarez,brownjoseph@example.com,,DE,Nevada,Manufacturing,Organic Search
CUST006815,Christopher Weaver,barbarahoward@example.org,2023-07-13,AUS,North Dakota,Hospitality,DISPLAY
CUST009243,  Barbara Robinson  ,sheltonjack@example.org,02/13/2025,Germany,Georgia,Manufacturing,Email
CUST006672,Juan Carter,brittanyreyes@example.com,05/30/2024,France,Michigan,Manufacturing,Referral
CUST004950,Heidi Anderson,angela06@example.org,2024-10-28,Australia,Alabama,Retail,E-mail
CUST005109,James Rodriguez,traceyhill@example.net,03/22/2025,brazil,Utah,Healthcare,Organic
CUST008562,  Deanna Lane  ,michellearmstrong@example.org,2026-07-30,brazil,Maryland,Hospitality,Affiliate
CUST009907,Jeremy Henderson,rbrown@example.com,03-07-2023,  United Arab Emirates  ,Washington,Hospitality,Display Ads
CUST007605,James Guerra,olopez@example.org,10/17/2025,germany,Kansas,Real Estate,affiliate
CUST008898,Jason White,melinda68@example.net,2023-08-24,Canada,Virginia,Real Estate,display
CUST008271,Kyle Velasquez,orogers@example.com,2024-11-01,  Germany  ,West Virginia,Finance,Referral
CUST004043,Joyce Peterson,owheeler@example.net,07/12/2024,UAE,South Carolina,,paid search
CUST002957,Lori Jackson,williampierce@example.com,09-10-2024,FR,Nebraska,Logistics,PPC
CUST008881,Gabriela Foster,kelly92@example.org,09/01/2024,INDIA,Florida,Real Estate,ORGANIC
CUST003070,Jennifer Johnson,esawyer@example.org,,SG,Texas,Real Estate,PPC
CUST001768,Laura Williams,chungnancy@example.net,16-03-2024,CA ,Maine,Technology,referral
CUST006389,Jeremiah Taylor,vcallahan@example.com,2023-12-09,India,Arizona,Logistics,Banner
CUST008768,Joshua Johnson,,2024-03-23,BR,New Hampshire,Logistics,display
CUST005922,Destiny Flores,catherinehernandez@example.net,2024-05-05,  Brazil  ,West Virginia,Healthcare,Referal
CUST005094,Ashley Powers,olewis@example.org,29-06-2023,australia,Texas,Healthcare,PPC
CUST004962,Steven Shaw,cooperhoward@example.com,2023-05-01,United states,Maine,Retail,SOCIAL
CUST007004,Christopher Hall,ydavis@example.com,2025-08-08,  CA   ,Iowa,Education,Facebook Ads
CUST003171,Tiffany Wilson,donald27@example.net,01-01-2025,USA,North Carolina,Finance,organic
CUST007245,Nicole Mcintosh,gillespieelizabeth@example.net,2023-03-23,CA ,Vermont,Hospitality,Social
CUST001934,Sandra Goodman,james14@example.org,2026-05-07,USA,,Media,Organic
CUST009688,Jennifer Hill,sgomez@example.com,2024-05-27,US,Montana,Healthcare,  social  
CUST002707,Jamie Walker,royscott@example.net,15-06-2023,United states,Louisiana,Technology,REFERRAL
CUST000942,Brent Dawson,dmiller@example.com,2024-12-07,australia,Florida,Education,Paid-Search
CUST001396,Diana Mejia,kennethpeterson@example.net,02-05-2023,  US  ,North Dakota,Media,display
CUST008086,Elizabeth Zimmerman DDS,michelle92@example.net,2025-05-15,DE,Alaska,Media,Display Ads
CUST009759,Patricia Miranda,stephenmartin@example.net,02/22/2025,United States,South Carolina,Finance,DISPLAY
CUST004838,Timothy Haynes,bryan25@example.com,23-06-2023,India,,Education,Display
CUST003624,Gregory Davenport,roy33@example.com,2023-12-19,United Arab Emirates,Virginia,Hospitality,Google Ads
CUST008118,Travis Hopkins,lisascott@example.net,2025-10-18,Brazil,Virginia,Hospitality,Facebook Ads
CUST008786,David Smith,donald89@example.org,2025-12-26,INDIA,,Logistics,Display
CUST003973,Steven Wall,tylerthompson@example.com,2024-12-24,AUS,,Technology,Display
CUST009672,  Robert Everett  ,amy08@example.org,05-02-2026,DE,,Education,display
CUST008984,Brian Le,julia59@example.com,06-12-2023,CA ,Iowa,Finance,Instagram
CUST007108,Sherry Salinas,eric42@example.com,2024-03-23,france,Massachusetts,Media,social media
CUST002106,Gabriel Nash,bowmanjoel@example.net,13-01-2025,brazil,Georgia,,Google Ads
CUST005203,Jennifer Garcia,jeffrey77@example.net,,singapore,North Dakota,Technology,email
CUST001275,Evan Reed,hawkinslawrence@example.net,02-06-2023,Germany,Arkansas,Finance,Banner
CUST000119,Catherine Thompson,pharvey@example.com,30-03-2026,Brazil,Pennsylvania,Retail,Display
CUST000139,Scott Thomas,amberlindsey@example.org,06-04-2024,CA ,Texas,Technology,Facebook Ads
CUST007931,Andrew Velazquez,douglasbutler@example.net,03/10/2026,  INDIA  ,California,Finance,Instagram
CUST004212,Samuel Flores,garrettvanessa@example.org,2024-04-05,  Brazil  ,Idaho,,Display Ads
CUST000697,Joel Jackson,cassandra28@example.org,2025-10-28,United States,Montana,Media,E-mail
CUST009807,Thomas Barrett,hsmith@example.net,2023-11-05,UAE,Utah,Education,Organic Search
CUST007746,Kayla Bush,reneepayne@example.net,14-07-2025,SG,Georgia,Retail,Affiliate
CUST008978,David Manning,mercadomaxwell@example.com,07-06-2024,england,Missouri,Logistics,affiliate
CUST001236,Lindsay Robinson,stephaniebonilla@example.net,30 Jul 2024,United Arab Emirates,Alabama,Education,organic
CUST000071,Marissa Webster,jamessmith@example.org,2024-11-03,United Kingdom,Kansas,Finance,  email  
CUST006521,Denise Ali,amyshepard@example.com,30-09-2024,  singapore  ,Minnesota,Healthcare,Referal
CUST003547,Kenneth Molina,scottmichael@example.com,28-11-2025,  Germany  ,Georgia,Media,E-mail
CUST006464,Lisa Miller,egriffith@example.org,2026-07-22,  india  ,Texas,Real Estate,Referral
CUST008758,Katherine Jones,stephaniemartin@example.org,,Canada,Massachusetts,Media,PAID SEARCH
CUST004304,Chad Garcia,ipoole@example.org,2024-10-09,  singapore  ,Kansas,Logistics,Referal
CUST000687,Felicia Small,meyerdonna@example.com,2023-07-17,Germany,Alaska,Media,affiliate
CUST008220,Dr. Ashley Pierce MD,iwatts@example.com,2023-07-06,brazil,Illinois,Logistics,Instagram
CUST004332,  Sarah Flores  ,stephaniewilson@example.org,2024-12-05,USA,New Hampshire,Manufacturing,SEO
CUST003484,Joshua Nelson,rasmussenjerry@example.com,2023-01-26,Brazil,Connecticut,,SOCIAL
CUST005301,Raymond Payne,bhickman@example.net,2023-01-30,  UK  ,,Technology,Display
CUST003364,  Miguel Newton  ,,30-09-2024,U.A.E,,Logistics,EMAIL
CUST001785,Andre Flores Jr.,ycallahan@example.net,2023-03-05,  India  ,Wyoming,Healthcare,Organic
CUST005512,Brian Burnett,rmitchell@example.net,2026-05-18,AUS,Nebraska,Technology,Email Marketing
CUST004771,CYNTHIA CLARK,dcollins@example.net,08-11-2024,australia,Maine,Retail,Social
CUST003913,David Smith,heather64@example.com,27-10-2024,Germany,Mississippi,Media,Email Marketing
CUST007216,Lisa Gomez,williamsbruce@example.com,2023-10-01,france,Oklahoma,Real Estate,EMAIL
CUST002737,Tracy Turner,bvasquez@example.com,2023-10-28,Australia,South Dakota,Education,Paid-Search
CUST008783,Nancy House,elliottryan@example.com,2025-07-12,France,,,SEO
CUST009571,Michael Mccoy,cohensamuel@example.com,2026-07-07,Germany,Kansas,Manufacturing,E-mail
CUST002712,Raymond Montoya,martinezrussell@example.com,2024-09-01,germany,New Hampshire,Real Estate,email
CUST009029,Lorraine Aguilar,donnadavis@example.net,2023-10-14,DE,Georgia,Hospitality,Paid-Search
CUST006607,Richard Soto,suareznatasha@example.com,2023-01-20, India,Nevada,Real Estate,SOCIAL
CUST001120,Kenneth Neal,catherine83@example.net,,Brazil,,Retail,organic
CUST007464,Allen Collins,victoriabonilla@example.net,23-07-2024,INDIA,Virginia,Finance,REFERRAL
CUST002136,Allison Branch,hendersonmichael@example.org,2026-03-22,U.K.,New Mexico,Hospitality,  Email  
CUST009356,Jacob Rivera,washingtonbecky@example.net,2024-10-01,INDIA,Iowa,Media,Partner
CUST008726,Lori Williams,,2025-10-20,UK,Arkansas,Finance,email
CUST000681,Gina Brooks,ashleyprice@example.net,2025-03-08, India,Delaware,Hospitality,Email
CUST006720,Tina Walton,james22@example.net,10 Dec 2023,UAE,Rhode Island,Finance,DISPLAY
CUST001704,Allison Flores,brettallen@example.com,2025-03-31,  France  ,,Finance,paid search
CUST005321,Miguel Campbell,teresawilson@example.com,31-07-2025,singapore,Texas,Hospitality,Referal
CUST007000,Jacob Wells,ldoyle@example.net,2025-05-21,Australia,Missouri,Hospitality,EMAIL
CUST004272,Damon Melendez,jason53@example.com,10-09-2025,AUS,Kansas,Education,Referral
CUST000213,Kelly Torres,marcusfletcher@example.com,,Germany,North Dakota,Technology,Social
CUST007797,Richard Gibbs,sandrawalsh@example.net,2026-04-05,United Kingdom,Rhode Island,Manufacturing,Display
CUST005603,Jeff Cunningham,hatfieldkenneth@example.net,2024-07-06,United States,Vermont,Finance,paid search
CUST003521,Andrew Jenkins,ksolomon@example.com,2023-11-17,BR,California,Finance,AFFILIATE
CUST006776,Matthew Mason,thomasjulie@example.net,2024-09-20,U.A.E,,Education,Paid-Search
CUST004325,Gabrielle Gonzalez,jeannewton@example.net,2024-02-09,germany,California,Education,SOCIAL
CUST006488,Anthony Powell,cfigueroa@example.net,26-04-2026,United Arab Emirates,Nebraska,Healthcare,email
CUST008020,Mitchell Sharp,dunncharles@example.net,05/25/2025,DE,Vermont,Real Estate,social media
CUST000095,Rachel Weber,ronaldstephens@example.net,06/17/2023,Australia,Georgia,Healthcare,PAID SEARCH
CUST007689,Brian Perez,woodkenneth@example.net,12/12/2024,U.S.A,,Hospitality,PPC
CUST001466,Nathaniel Wright,julierojas@example.com,08/17/2025,canada,Arkansas,Logistics,Affiliate
CUST001705,Jeffrey Williams,vhopkins@example.net,2024-01-05,Canada,Arizona,Finance,display
CUST004620,Ruth Hall,hestermatthew@example.com,2024-12-18,United States,West Virginia,Healthcare,Banner
CUST002805,  Daniel Pratt  ,lmccoy@example.net,2023-11-16,DE,Kentucky,Technology,Display
CUST008512,Jocelyn Vega,paigedean@example.org,21-12-2023,Singapore,Wisconsin,Manufacturing,Paid Search
CUST008029,Ronnie Rogers,zmiller@example.com,2024-10-04,Australia,,Technology,social
CUST005864,Robert Carr ,,2025-01-11,AUS,New Hampshire,Finance,ORGANIC
CUST005644,Lauren Sweeney,katherinewalters@example.net,2023-07-13,singapore,Indiana,Real Estate,REFERRAL
CUST002313,William Jackson,jameszachary@example.net,2023-05-20,france,Arkansas,Real Estate,Google Ads
CUST008946,  Natalie Berry  ,esimpson@example.net,2023-05-11,brazil,Kentucky,Logistics,Partner
CUST004191,Denise Bridges,jocelynstephens@example.com,2024-05-17,england,North Carolina,Technology,affiliate
CUST007328,Erica Beard,bryantstephanie@example.org,01/09/2026,India,Vermont,Manufacturing,Referal
CUST006078,Deborah Pierce,adunn@example.org,2024-12-14,england,Louisiana,Logistics,PPC
CUST005709,Vanessa Newton,samantha76@example.com,2025-03-14,brazil,,Finance,PAID SEARCH
CUST000623,Richard Weeks,michael66@example.org,17-03-2024,UK,Wyoming,Real Estate,Referal
CUST005990,Aaron Silva,bautistanathan@example.com,2024-06-10,UK,,Hospitality,social media
CUST009045,Robert Thomas,johnsmith@example.com,2025-10-18,Australia,South Dakota,Logistics,Affliate
CUST005316,Daniel Santiago,hendersonroberto@example.net,2024-04-04,U.K.,Nebraska,Manufacturing,Affliate
CUST000330,Joshua Ritter,wolfscott@example.org,02-03-2023,france,Nevada,Finance,social
CUST000516,Rhonda Benjamin,adamsanchez@example.org,2024-01-01,Germany,Virginia,Education,SOCIAL
CUST008694,Kimberly Garcia,johnrobinson@example.com,11/03/2023,singapore,Kentucky,Logistics,Paid-Search
CUST002166,Nicole Duncan,hlester@example.org,22-03-2026,DE,New Hampshire,Real Estate,Social
CUST009954,Nathaniel Snow,qmullins@example.com,,AUS,Florida,Logistics,Google Ads
CUST009861,  Kevin Mejia  ,david19@example.com,2026-05-23,Australia,Vermont,Retail,SEO
CUST004896,Jennifer Tucker ,,2025-06-25,UAE,Connecticut,Retail,Referral
CUST001413,Erika Bates,thompsonstephanie@example.net,03/18/2023,australia,,Education,E-mail
CUST001157,Douglas Bell,dwright@example.org,31 Jan 2023,Canada,Arizona,Media,Referral
CUST005438,Brittany Hooper,dylanyoung@example.net,2025-11-01,australia,Georgia,Finance,Organic Search
CUST007664,  Matthew Bradley  ,jessicamora@example.org,2024-10-15,Canada,Vermont,Technology,Affliate
CUST006451,Elizabeth Morrow,john12@example.org,09/12/2024,DE,Arizona,Media,Google Ads
CUST001191,Erica Myers,hbriggs@example.net,2023-12-30,France,Nevada,Education,Referal
CUST004419,Chris Johnson,kmiller@example.org,23-01-2024,U.K.,North Dakota,Education,email
CUST006375,Patrick Banks,scott98@example.com,,Australia,,Healthcare,referral
CUST006118,Rebecca Parks,jimmy04@example.org,2024-05-29,AUS,Utah,Real Estate,organic
CUST004509,Paul Robinson,williamsbradley@example.org,01/06/2023,  UK  ,Texas,Healthcare,Social
CUST005924,John Escobar,duane50@example.com,2024-08-27,France,Maryland,Technology,Referal
CUST002373,Kristin Castro,janicestuart@example.com,2023-10-21,United Arab Emirates,Texas,Logistics,DISPLAY
CUST006572,Karen Clark,thompsondanielle@example.com,01/04/2024,Canada,Kansas,Logistics,Referral
CUST005290,Darrell Owens,bobbywalls@example.net,06/03/2025,France,Mississippi,Technology,organic
CUST006510,  Eric Kaufman  ,joshua13@example.net,10/20/2024,CA ,Wyoming,Finance,Facebook Ads
CUST009973,Nancy Shaw,bryan86@example.org,2023-02-08,Canada,,Logistics,social media
CUST002898,Melissa Martinez,cbrown@example.com,04-07-2024,IN,,Retail,social media
CUST001135,Carmen Brown,,02/06/2024,USA,Utah,Education,Referal
CUST004147,Angela Vasquez,julie84@example.com,2024-11-05,United Arab Emirates,Louisiana,Media,Email
CUST002770,Deborah Simmons,tracy61@example.com,2025-11-24,CA ,Iowa,Media,Organic Search
CUST004821,Jonathan White,wwright@example.org,02-07-2025,U.A.E,Delaware,Finance,affiliate
CUST005393,Denise Poole,robert19@example.com,2023-02-09,england,Montana,Media,Social
CUST004236,John Harrell,laneamber@example.com,23-11-2023,singapore,Delaware,Finance,Facebook Ads
CUST000042,Jacob Tran,tanderson@example.com,07/19/2024,France,Arizona,Retail,referral
CUST003818,Amanda Brown,wesley24@example.net,2025-07-21,U.A.E,Arizona,Retail,Referal
CUST007968,Susan Warner,julia16@example.org,24-06-2026,canada,North Dakota,Technology,Partner
CUST002613,  Megan Landry  ,nsingh@example.org,2023-05-08,U.A.E,Missouri,Logistics,social media
CUST007013,Gilbert Lewis,joseph88@example.org,2024-03-20,UAE,New York,Logistics,organic
CUST005374,Ashlee Pratt,daniel99@example.com,2023-06-09,Brazil,Hawaii,Healthcare,organic
CUST008439,Michael Jones,nmiller@example.org,10/13/2023,United States,Idaho,Retail,Affiliate
CUST005330,Cynthia Russell,veronicajensen@example.org,2025-06-10,singapore,,Finance,Organic
CUST005572,Rachel Matthews,gentrykatherine@example.net,2025-06-30,INDIA,Alabama,Real Estate,PAID SEARCH
CUST004051,Linda Welch,cwebb@example.org,06/17/2024,U.S.A,Montana,Healthcare,Referral
CUST000780,  Kathy Henderson  ,brownmichael@example.com,11/23/2023,germany,,Real Estate,Display
CUST003579,Michael Webb,sperry@example.org,2024-10-26,Germany,Montana,Finance,E-mail
CUST002084,Adriana Ward,meganrose@example.com,2024-10-31,United States,Montana,Media,SEO
CUST001256,Alex Jones DVM,clarkrobert@example.com,2024-08-19,india,South Dakota,Technology,referral
CUST003969,  Bridget Hernandez  ,eross@example.com,2024-04-20,UK,Delaware,Education,  Email  
CUST007002,William Vaughn,hholt@example.net,2025-05-09,  AUS  ,New Hampshire,,display
CUST000864,Robert Martinez,miaprice@example.com,2025-01-07,Germany,Kentucky,Retail,email
CUST003333,Anna Wright,weberamber@example.org,24-01-2024,BR,Rhode Island,Manufacturing,Referal
CUST002207,Christopher Gill,epatterson@example.net,2023-11-22,DE,Texas,Logistics,Organic Search
CUST006353,Candice Anderson,xcabrera@example.com,2026-02-27,United Arab Emirates,Texas,Education,affiliate
CUST002460,Jose Lucas,colton31@example.org,2023-08-28,UAE,Tennessee,Education,Facebook Ads
CUST003092,Jeremy Williams,cflores@example.com,02 Jun 2023,U.A.E,Colorado,Technology,Banner
CUST004447,Shannon Glenn,bvelasquez@example.net,12 May 2026,United states,New York,Real Estate,display
CUST009544,  JULIA BAILEY  ,katelynsmith@example.org,17-06-2024,U.K.,Indiana,Technology,PPC
CUST001079,Edward Gray,caleb09@example.org,2024-01-06,australia,New Mexico,Retail,ORGANIC
CUST002867,James Hamilton,watsondavid@example.net,2024-02-18,UK,Tennessee,Technology,  Email Marketing  
CUST002631,Deborah Patel,alexander66@example.com,14 Dec 2025,AUS,Iowa,Healthcare,SEO
CUST004184,Melanie Sanchez,barnettrobert@example.net,2024-09-26,canada,Oregon,Education,affiliate
CUST005028,Steven Gutierrez,jessica54@example.org,2023-08-16,US,Texas,Retail,email
CUST000211,Jason Ortiz,martinezlogan@example.org,2023-11-06,United States,New Hampshire,Media,DISPLAY
CUST003064,Matthew Price,wkelley@example.com,2026-06-26, India,,Manufacturing,Affiliate
CUST009187,Robert Stark,pinedalisa@example.com,2025-04-20,canada,,Healthcare,EMAIL
CUST001239,Judy Brooks,amyjames@example.net,2024-07-06,USA,Vermont,Retail,Social
CUST005253,Adam Patterson,wintersjeffrey@example.com,2024-04-10,brazil,Oregon,Technology,Display Ads
CUST005511,Ashley Hodges,lauriehenderson@example.net,2023-02-02,United Kingdom,,Education,Display
CUST000091,Phillip Obrien,kimberlyjames@example.com,03/19/2023,AUS,Maryland,Real Estate,Instagram
CUST003768,William Gentry,benjaminjenkins@example.com,2026-01-23,United States,Kentucky,Healthcare,Google Ads
CUST009555,Steven Bailey,brian63@example.com,10/09/2023,U.A.E,Maryland,Healthcare,social media
CUST004568,Crystal Murphy,millerraven@example.com,2023-07-19,Canada,Hawaii,Media,Display
CUST006990,Eric Norman,stephenskelli@example.net,26-05-2024,U.S.A,Mississippi,Retail,SEO
CUST002304,Robert Jensen,campbellerika@example.com,2023-10-12,U.S.A,Michigan,Logistics,Google Ads
CUST000405,Dean Garcia,george62@example.net,2026-06-20,U.K.,California,Healthcare,social
CUST002152,Stacy Kim,christianrichards@example.net,26 Mar 2026,UK,Kansas,Media,display
CUST000136,Mrs. Stephanie Newman,sandersjames@example.org,02/02/2023,Germany,New Jersey,Media,Paid Search
CUST002862,Martin Gonzalez,schristensen@example.com,30-03-2025,United Arab Emirates,West Virginia,Retail,PPC
CUST003646,Natasha Rivas,jessicaboone@example.com,2026-03-05,  Singapore  ,Texas,Finance,social media
CUST003450,Jessica Foley,ischultz@example.com,01/06/2026,  Canada  ,Florida,Media,referral
CUST002217,Matthew Morgan,mollybruce@example.org,,United States,Delaware,Manufacturing,  REFERRAL  
CUST006300,Larry Patel,enelson@example.org,2024-10-12,United States,South Carolina,Hospitality,SEO
CUST001103,  Wanda Todd  ,ujones@example.com,2025-03-31,United Kingdom,Maine,Real Estate,display
CUST000039,Grant Watts,william40@example.org,2023-07-28,CA ,South Dakota,Retail,Referral
CUST009194,Lee Jenkins,tracysanchez@example.org,18-02-2026,INDIA,Ohio,Education,  social  
CUST003266,Craig King,brent20@example.org,01/18/2023,india,Wyoming,Finance,DISPLAY
CUST009270,Shelby Wilson,coreysims@example.org,13 May 2026,BR,Virginia,Logistics,EMAIL
CUST004056,Samuel Morgan,alanward@example.net,29-06-2025,United Arab Emirates,Iowa,Hospitality,Paid Search
CUST000164,Blake Harrell,jeffrey21@example.net,2023-05-09,Brazil,South Dakota,Logistics,Partner
CUST006194,Daniel Brown,snydercatherine@example.net,28-08-2023,United States,West Virginia,,Affiliate
CUST001141,Laura Robinson,sarah80@example.com,2026-07-25,Germany,South Carolina,Manufacturing,SEO
CUST004006,Gregory Archer,scottlindsey@example.com,2024-12-30,U.A.E,West Virginia,Media,Organic Search
CUST006518,Chelsea Mitchell,drew85@example.org,02-05-2024,Australia,Massachusetts,Technology,SEO
CUST000826,Benjamin Randall,xcrosby@example.org,30-07-2023,brazil,Alabama,Manufacturing,social media
CUST008277,Jessica Anderson DVM,brownlisa@example.com,29 Nov 2024,Canada,,Finance,  Email  
CUST009245,Timothy Potter,lsteele@example.org,10-04-2025,  U.S.A  ,Kansas,Finance,Organic Search
CUST006264,April Harris DDS,joshuagarcia@example.com,28-04-2024,Brazil,New Mexico,Healthcare,Referal
CUST004286,Scott Potter II,jeremy66@example.org,2024-02-06,United States,South Carolina,Real Estate,Affliate
CUST001170,Carolyn Williams,kellybowman@example.com,2024-04-11,United Arab Emirates,Florida,Retail,AFFILIATE
CUST008110,Julian Castaneda,hsmith@example.net,2024-02-05,United Kingdom,,Media,ORGANIC
CUST005729,  Alexis Hale  ,smithsarah@example.com,2025-02-14,england,Ohio,Finance,paid search
CUST006992,Cassandra Pittman,rmorgan@example.org,2026-05-15,UK,Wyoming,Logistics,Display Ads
CUST007905,Shannon Freeman,dreyes@example.org,02/10/2023,india,Texas,Finance,Affiliate
CUST000603,Karina Kim,amy73@example.net,2023-12-28,Canada,Idaho,Hospitality,Referral
CUST008824,  Damon Carter  ,lawrencestephanie@example.org,2026-04-27,france,,,AFFILIATE
CUST007117,Debra Garcia,scottrobinson@example.org,2023-05-31,AUS,Virginia,Real Estate,SEO
CUST005368,Jared Huynh,,04/06/2024,india,Alabama,Retail,SOCIAL
CUST001690,Juan Moore,bgiles@example.org,2024-12-06,Brazil,,Manufacturing,display
CUST002503,Nancy Green,tranrobert@example.org,2023-12-01,UK,Alabama,Logistics,SEO
CUST008594,Richard Rivera,virginialopez@example.net,2023-12-17,singapore,Maine,Retail,SOCIAL
CUST003470,Manuel Edwards,michelleherrera@example.com,2026-02-21,UK,Minnesota,Logistics,Referral
CUST005684,William Maldonado,ilivingston@example.org,2025-05-13, India,Connecticut,Manufacturing,PPC
CUST000674,Mario Wilson,laurenduarte@example.com,08-02-2025,UAE,Arizona,Real Estate,Instagram
CUST004401,Sherri Thompson,,07/29/2026,UAE,Utah,Logistics,Facebook Ads
CUST002144,Thomas Sparks,craigross@example.org,11/26/2025,FR,,Finance,Email
CUST009428,Allison Wells,kelleyamanda@example.net,13-08-2025,United Arab Emirates,Kansas,Education,affiliate
CUST007252,  Andrea Davis  ,abutler@example.com,2023-12-16,India,Louisiana,Hospitality,Partner
CUST002486,Robin Wright,howellstuart@example.com,2023-11-17,brazil,Nebraska,Logistics,PPC
CUST003536,Karen Weber,dware@example.com,2023-08-10,UK,Rhode Island,Healthcare,Paid Search
CUST004948,Kelsey Thompson DDS,bryan95@example.com,29-01-2025,BR,Wisconsin,Real Estate,social media
CUST006532,Carol Garcia,,03/06/2023,CA ,,Healthcare,Affliate
CUST004492,Terry Smith,jdavis@example.org,2025-06-21,France,Kansas,Healthcare,display
CUST006871,Emma Kerr,ehenry@example.org,2025-08-12,Australia,Vermont,Healthcare,Partner
CUST001796,Jessica Richardson,hsmith@example.net,2023-05-03,United States,Mississippi,Education,Facebook Ads
CUST004298,Scott Gutierrez,adammartinez@example.org,24 Jun 2023, India,,,organic
CUST009118,Andrew Lam ,,2025-09-02,US,Delaware,Technology,EMAIL
CUST000030,Rachel Mitchell,smoore@example.org,2026-07-13,Brazil,,Real Estate,Display Ads
CUST000732,Darlene Johnson,brownbrooke@example.org,2024-05-15,UAE,Rhode Island,Hospitality,Organic Search
CUST009592,Erica Dixon,zguzman@example.org,10/24/2025,France,Maine,Healthcare,social media
CUST000358,  Pamela Santos  ,collinssamuel@example.org,11/07/2024,australia,Arkansas,Media,Organic
CUST003748,Susan Chase,jasonrhodes@example.net,04-06-2025,U.K.,Ohio,Education,ORGANIC
CUST009031,Jason Estrada,grayanthony@example.org,03/15/2026,  United States  ,Montana,Technology,DISPLAY
CUST004150,Amy Paul,jamiebarr@example.org,2024-01-12,CA ,Florida,Manufacturing,Display Ads
CUST002621,  Anthony Brown  ,josephschneider@example.org,26-05-2026,BR,Florida,Real Estate,SOCIAL
CUST005357,Gregory Munoz,poncemichelle@example.org,23-10-2024,United Arab Emirates,Maine,Logistics,REFERRAL
CUST004408,Tara Madden,scottvelazquez@example.com,04/13/2023,india,New York,Education,DISPLAY
CUST003016,Christine Singh ,,02/12/2024,U.S.A,Arizona,Media,Affliate
CUST002864,Mrs. Jennifer Wright DDS,xlivingston@example.org,2026-05-28,Germany,Alabama,Manufacturing,Referal
CUST003483,Rebecca Warner,dwilliams@example.com,2023-03-26,U.K.,Florida,Media,Facebook Ads
CUST005220,Ryan Schultz,,,France,Virginia,Finance,Instagram
CUST003666,Michael Henderson,haneyjoshua@example.org,03-02-2025,United Arab Emirates,,Hospitality,EMAIL
CUST006586,Henry Diaz,martinmeghan@example.net,2026-01-31,CA ,Utah,Logistics,Email
CUST000819,Tiffany Bailey,melissanorman@example.net,2024-07-26,france,Kansas,Media,email
CUST007510,Heather Fernandez,thorntondouglas@example.net,30-12-2025,Germany,New Hampshire,Hospitality,Display Ads
CUST008751,Ryan Johns,cgonzalez@example.com,2023-07-26,India,Kansas,Logistics,Google Ads
CUST007632,Joel Bradley,hvelasquez@example.com,2026-02-28,IN,New Jersey,Education,PPC
CUST002534,Stacy Soto,vgreen@example.org,10 May 2023,brazil,South Carolina,Manufacturing,Affliate
CUST007644,Olivia Payne,ibauer@example.org,2025-04-03,Brazil,Mississippi,Logistics,ORGANIC
CUST001014,Jerry Reynolds,linda54@example.com,11/22/2025,CA ,Alaska,Retail,Facebook Ads
CUST008534,Michael Weeks,caindavid@example.net,2026-07-12,  India  ,New Hampshire,Healthcare,organic
CUST007250,Leslie Mckee,danielnicole@example.net,2026-01-17,Australia,Indiana,Retail,Referral
CUST000807,Anthony Flores,michaelbrown@example.com,03/03/2024,  germany  ,Nebraska,Technology,Facebook Ads
CUST004138,Mr. Thomas Weaver,pughcarol@example.org,2025-01-05,Germany,Washington,,Referal
CUST006737,Donald Espinoza,nancy01@example.org,2026-05-27,United states,Louisiana,Finance,Organic
CUST002315,Andrea Werner,williamperkins@example.org,27-06-2024,australia,,Technology,SEO
CUST008520,Troy Carter,davidmartin@example.net,2025-01-06,singapore,Delaware,Real Estate,display
CUST002734,Amber York,dlowery@example.net,2024-05-24,India,Florida,Healthcare,  Paid-Search  
CUST006062,Joel Williams,ohayes@example.com,04/22/2026,  singapore  ,Hawaii,Real Estate,Affliate
CUST005900,Stephanie Ross,,2024-10-18,Canada,Vermont,Hospitality,Referral
CUST009028,Julie Ramirez,mreed@example.net,2025-12-28,  SG  ,South Dakota,,AFFILIATE
CUST002245,Ryan Kaiser,valeriesmith@example.com,2026-06-26,BR,Ohio,Hospitality,Referal
CUST004537,Lindsey Mercer,molinaerin@example.net,2024-07-15,United States,Utah,Healthcare,organic
CUST000304,Erin Cook,kevinmorrison@example.net,2023-11-08,   India  ,,Finance,paid search
CUST008766,Allison Harrison,paulgreer@example.net,07/04/2026,Germany,Massachusetts,,EMAIL
CUST005986,Mason Stewart,andrewrandall@example.com,03-01-2024,United Arab Emirates,Oregon,Media,PAID SEARCH
CUST008066,Stephanie Castro,lisarussell@example.net,23-12-2024,germany,Minnesota,Hospitality,  REFERRAL  
CUST001430,Danny Hester,cwise@example.com,13 Apr 2025,UAE,New Mexico,Logistics,Social
CUST005452,Jasmine Drake,daniel56@example.org,2026-07-13,brazil,Hawaii,Finance,SOCIAL
CUST005492,Suzanne Smith,,2024-11-12,U.A.E,Connecticut,,Display
CUST004071,James Gray,patelamber@example.com,07/17/2023,UAE,,Retail,Paid-Search
CUST006060,Anthony Jones,kcarter@example.com,03/25/2024,BR,Arizona,Media,display
CUST006881,Patrick Walker,kelly19@example.com,11/30/2025,UK,,Healthcare,Referal
CUST001252,Miss Paula Lopez,kennethnichols@example.org,08/05/2025,United states,Washington,Retail,Display Ads
CUST006703,Timothy Hughes,rhawkins@example.com,15-07-2024,Brazil,Maryland,Manufacturing,Referral
CUST005137,Kevin Bass,timothyriggs@example.com,2024-10-29,IN,Oklahoma,Manufacturing,display
CUST009667,Linda Huff,victoriamartin@example.net,2024-10-06,france,Nevada,Real Estate,Display
CUST006936,Savannah Mcdonald,smithtimothy@example.net,,brazil,Connecticut,Healthcare,social media
CUST007973,Eric Murphy,carlmiller@example.net,2026-06-19,BR,,,social media
CUST008155,Cynthia Kaufman,paul76@example.net,13-12-2024,United Arab Emirates,Montana,Retail,REFERRAL
CUST006009,Barbara Thomas,daniel61@example.org,06/01/2024,SG,Connecticut,Finance,  AFFILIATE  
CUST000809,Pamela George,amybrennan@example.net,2025-09-28,brazil,Maryland,,DISPLAY
CUST005474,Dennis James,michellejackson@example.com,2023-03-31,france,Colorado,Media,Affliate
CUST002793,Diana Hartman,terrykirsten@example.net,28-07-2024,U.A.E,Utah,Media,DISPLAY
CUST006575,Debbie Hall,markthomas@example.com,2023-06-22,U.A.E,Wisconsin,Healthcare,Banner
CUST006516,Robert Perez,chadedwards@example.net,04/04/2026,BR,New Hampshire,Education,social media
CUST002209,Ariel Watson,amanda86@example.org,11-02-2023,Germany,Alabama,Hospitality,Display
CUST008140,Michael Nelson,carneyross@example.net,2023-02-18,UAE,Idaho,Finance,Google Ads
CUST001832,Jordan Hughes,xobrien@example.org,2023-08-15,Canada,Virginia,Media,Email Marketing
CUST002987,Zachary Vargas,amandaroberts@example.net,02/18/2025,Australia,Kansas,Manufacturing,REFERRAL
CUST002495,Dawn Bell,richard18@example.org,2023-10-08,USA,Rhode Island,Manufacturing,E-mail
CUST008462,Andrea Bolton,uschultz@example.org,2025-12-28,U.K.,Missouri,Healthcare,  Banner  
CUST008418,Edward Shepherd,billyrodriguez@example.com,09/11/2025,  UK  ,,Logistics,Referal
CUST001948,Stephanie Davis,cheryldavis@example.com,03/28/2026,AUS,,Manufacturing,paid search
CUST001802,Maxwell Richards,turnerlisa@example.com,11 Oct 2023,  Australia  ,Kansas,Education,Organic
CUST002349,Ryan White,alexanderberg@example.com,,US,Florida,Finance,Banner
CUST008710,Jessica Wilson,jessicawaters@example.com,2024-11-06,USA,New Mexico,,EMAIL
CUST005770,Michael Stevens,fhiggins@example.net,2026-04-23,United Arab Emirates,Alabama,Hospitality,referral
CUST009529,Scott Wilson,codypayne@example.net,10 Jul 2024,UAE,Idaho,Media,  SEO  
CUST000472,Justin Smith,connersylvia@example.net,18-05-2026,Singapore,Maryland,Logistics,E-mail
CUST004457,Christine Booker,robertsjoshua@example.net,2024-01-17,India,Kentucky,Education,Banner
CUST001162,  Kevin Barr  ,jamesgriffin@example.org,27 Oct 2025,U.K.,California,Hospitality,DISPLAY
CUST005461,Lauren Leon,byrdsherry@example.net,04/04/2024,singapore,Wisconsin,Hospitality,display
CUST003276,Adam Curry,deborah67@example.org,2024-08-18,france,Arizona,Hospitality,DISPLAY
CUST002751,Laura Sanchez,amberthompson@example.org,2025-06-22,BR,Maryland,Real Estate,Organic Search
CUST000631,Matthew Carrillo,vanessajensen@example.com,2025-05-09,France,South Carolina,Real Estate,DISPLAY
CUST002976,Andrea Robinson,christiecastillo@example.com,22 Apr 2024,Australia,North Carolina,Media,affiliate
CUST007827,Adam Campbell,leslieoliver@example.org,2026-06-13,FR,,,Google Ads
CUST001977,  Scott Grant  ,kristin09@example.net,2025-07-16,SG,North Dakota,Hospitality,Display
CUST007144,Laura Green,beckernicholas@example.org,2024-06-25,france,New Mexico,Hospitality,  Banner  
CUST000387,  Heather Stephens  ,kcooper@example.net,07-02-2026,england,Massachusetts,,Instagram
CUST001595,Debra Lam MD,donna90@example.net,2025-08-30,IN,,Media,social
CUST009520,Brandon Anderson,rjones@example.org,25 Jan 2023,SG,South Carolina,Hospitality,email
CUST004159,Mitchell Little,joel15@example.org,11/27/2024,SG,Ohio,Technology,Affiliate
CUST009208,Ashley Hudson,silvamichael@example.com,2024-02-04,UAE,Minnesota,Media,social media
CUST001094,Courtney Wilson,rodriguezmatthew@example.net,2023-09-21, India,Illinois,Retail,social media
CUST003964,Zachary Nelson,aray@example.org,09-09-2025,United states,Illinois,Technology,Google Ads
CUST000588,Sandra Walker,hendersonjohn@example.net,23-06-2023,FR,Vermont,Real Estate,Facebook Ads
CUST006343,  Amanda Moore  ,tdougherty@example.net,22-02-2026,INDIA,Rhode Island,Media,affiliate
CUST001905,Rebecca Miller,martinmatthew@example.net,06/01/2024,  France  ,Vermont,Media,REFERRAL
CUST003519,Holly Lynn,aknight@example.org,2026-02-25,france,Michigan,Manufacturing,AFFILIATE
CUST006779,Zachary Mccarthy ,,2025-02-24,United Kingdom,Nebraska,Retail,email
CUST001715,Julie Dennis,ramoswilliam@example.org,02/03/2025,brazil,Idaho,Technology,Organic
CUST006377,TAMMY SIMON,johnsonemily@example.org,18-08-2023,Singapore,Tennessee,,SOCIAL
CUST008262,Jeremy Fowler,gregory05@example.net,19-12-2023,germany,Arkansas,Healthcare,DISPLAY
CUST003038,Tina Mckee,petersdonald@example.net,2025-11-12,DE,Louisiana,Hospitality,Email Marketing
CUST005017,Michael Bennett,lwilliams@example.net,2026-07-25,BR,New Hampshire,Technology,Google Ads
CUST001366,Nicholas Howell,vpatton@example.org,2023-04-26,germany,Connecticut,Finance,Paid-Search
CUST007593,Brian Nelson,millerdominique@example.org,2024-11-14,United states,,Healthcare,REFERRAL
CUST002929,Abigail Solis,jamesrussell@example.net,12-07-2026,UK,Nevada,Healthcare,AFFILIATE
CUST001940,Tara Foley,courtneymadden@example.org,01-02-2024,DE,Georgia,Logistics,  affiliate  
CUST000835,Jeffrey Melendez,ycole@example.com,2023-08-17,DE,New Jersey,Technology,Email Marketing
CUST004306,Jennifer Bender,obass@example.org,2023-10-18,UK,Wyoming,Healthcare,  AFFILIATE  
CUST004097,Jason Morgan,sara85@example.net,28-08-2025,AUS,Kentucky,,Organic Search
CUST002639,  Scott Adams  ,thomas12@example.net,2024-03-16,SG,Arkansas,Manufacturing,  display  
CUST005523,Amanda Gomez,wcarter@example.com,2024-04-23,FR,Minnesota,,Display
CUST006196,Lisa Thompson,tracybutler@example.org,2023-05-19,U.A.E,,Technology,REFERRAL
CUST004287,Sandra Green,lebrent@example.org,2024-12-26,Singapore,Kansas,Manufacturing,Affliate
CUST005845,William Mclaughlin,vwarren@example.org,2025-10-30,Singapore,Washington,Real Estate,Partner
CUST007313,Sandra Hughes,julierice@example.org,11-04-2026,AUS,Mississippi,Hospitality,email
CUST003238,Elizabeth Cooper,susandavis@example.org,2025-08-04,India,,,referral
CUST002659,Sharon Wallace,ruizkimberly@example.net,03/11/2024,BR,Wisconsin,Technology,Display Ads
CUST007994,Madeline James,anthony92@example.net,2025-05-31,Germany,Wyoming,Hospitality,PPC
CUST005389,Abigail Andrews,katiegriffin@example.net,10/09/2024,SG,California,Media,organic
CUST001574,Brittany Mejia,kylegarcia@example.net,2024-01-15,UAE,Rhode Island,,SEO
CUST004190,Todd Stone,bmejia@example.com,2025-12-27,BR,Kansas,Logistics,PPC
CUST002964,Jessica Torres,pmorse@example.net,04/06/2025,england,Massachusetts,Manufacturing,paid search
CUST002828,Kevin Fernandez,marissa64@example.org,2025-08-08,  United Arab Emirates  ,West Virginia,Technology,  social media  
CUST003831,Kelly Montgomery,vshepard@example.com,2024-01-25,germany,Louisiana,Education,REFERRAL
CUST007577,Kathryn Stanton ,,2023-10-10,U.K.,Vermont,Real Estate,AFFILIATE
CUST004549,Nicole Miller,vbennett@example.org,2026-07-07,US,,Manufacturing,referral
CUST007855,Jennifer Harris,fcook@example.org,08-06-2023,UK,Delaware,Technology,PAID SEARCH
CUST008878,Bryan Davis,andrewdennis@example.com,06/26/2026,Australia,Hawaii,Finance,Referal
CUST006053,Misty Burke,alvarezscott@example.org,2025-07-19,germany,Maryland,Retail,Google Ads
CUST001478,Carly Jackson,olivia83@example.net,10/06/2024,U.A.E,Wisconsin,Education,paid search
CUST006861,LAUREN OWENS,rcrosby@example.com,2026-05-15,Germany,Kansas,Media,Display Ads
CUST007297,Christine Matthews,emily91@example.com,29-07-2024,UAE,Tennessee,Logistics,Affiliate
CUST004508,  Sonya Griffin  ,elizabeth10@example.net,,U.A.E,Indiana,Finance,DISPLAY
CUST001568,Kenneth Walters DDS,mccannkimberly@example.net,2023-09-01,United Arab Emirates,Hawaii,Education,Google Ads
CUST006641,Christina Richardson,andresgilmore@example.net,08-06-2023,  UAE  ,Alaska,Manufacturing,organic
CUST006480,Lisa Morrison,katelynsalazar@example.org,04/01/2026,U.S.A,Kansas,Manufacturing,SOCIAL
CUST005122,  Brittany Mckenzie  ,jasonsosa@example.org,2026-02-22,germany,Michigan,Technology,Email
CUST005385,Brandon Burgess,frank43@example.net,2023-06-01,FR,New York,,organic
CUST007608,Justin Hernandez,sgregory@example.com,2023-11-04,UK,Texas,Media,social media
CUST007805,Brian Silva,ubishop@example.org,2023-09-07,DE,Nebraska,Media,Partner
CUST007009,  Blake Salazar  ,johnsonerin@example.com,2023-11-27,France,,Real Estate,PPC
CUST008212,John Mueller,bradley56@example.net,03/15/2025,Brazil,Michigan,,affiliate
CUST005517,  Brittany Vega  ,alexlopez@example.net,26-09-2023,australia,Washington,,organic
CUST009508,Crystal Schmidt,joseburch@example.net,2026-07-26,BR,Nevada,Healthcare,Partner
CUST005233,Tony Thornton,nlewis@example.org,2024-12-07,CA ,Rhode Island,Education,display
CUST008133,Crystal Caldwell ,,09/16/2025,FR,Wyoming,Technology,E-mail
CUST003026,Andrea Freeman,xhorne@example.org,06 Dec 2023,SG,South Dakota,Healthcare,AFFILIATE
CUST005027,  Brian Lopez  ,justin58@example.net,2023-07-09, India,South Dakota,Retail,paid search
CUST001471,KRISTEN PAUL,christopher34@example.org,2025-04-14,UK,New Jersey,Retail,Email Marketing
CUST007672,Sherri Walker,monicaluna@example.org,2023-06-14,germany,New York,Logistics,Social
CUST005085,Andrew Ruiz,jrogers@example.org,2023-12-28,australia,Virginia,Hospitality,REFERRAL
CUST008518,Tasha Lee,,22 Dec 2024,CA ,Colorado,Media,SOCIAL
CUST008782,Larry Hill,gtorres@example.org,06/09/2026,SG,Florida,Hospitality,Email Marketing
CUST000393,Rita Waller,gregory01@example.org,2025-03-04,Australia,,Hospitality,organic
CUST000620,Andrew Kelly,josephpreston@example.org,30-11-2023,France,Iowa,Logistics,paid search
CUST001340,Alexander Moyer ,,28-01-2026,france,Mississippi,Logistics,SOCIAL
CUST004078,Robert Eaton,bmartin@example.net,2024-06-03,France,New Jersey,Real Estate,Social
CUST004249,Sabrina Brown,bhunt@example.net,04/14/2024, India,Delaware,Media,Affiliate
CUST002021,Wendy Perez,markbates@example.com,2025-10-04,BR,Tennessee,Technology,Google Ads
CUST004844,Gregory Wright,fostertracey@example.org,2025-08-14,AUS,Oregon,Manufacturing,affiliate
CUST004440,Brenda Williams,elizabethfry@example.org,23 Sep 2023,AUS,,Retail,Instagram
CUST004802,Nicole Mendoza ,,2024-04-01,england,New Hampshire,Finance,Affiliate
CUST003234,Kim Morales,jessicasmith@example.com,16-07-2026,India,Illinois,,EMAIL
CUST009695,Yvonne Zamora,farmermadeline@example.com,,India,Kentucky,Media,Display
CUST004752,Frank Brown,stewartnicole@example.com,2026-06-08,germany,Washington,Healthcare,Referal
CUST007721,Joseph Beck,staylor@example.net,20-04-2024,Singapore,West Virginia,,E-mail
CUST006905,Terri Hopkins,lmartinez@example.org,06 May 2026,United Arab Emirates,,Education,REFERRAL
CUST003592,Charles Thornton Jr.,xramos@example.com,2024-09-30,DE,Oregon,Education,Email Marketing
CUST003785,Anthony Hansen,williampearson@example.com,2023-03-19,england,West Virginia,Education,email
CUST005550,Kimberly Johnson,christophersanders@example.org,2023-03-26,USA,Nebraska,Real Estate,Google Ads
CUST009437,Richard Pena DDS,kyle65@example.org,23-03-2025,AUS,Michigan,,paid search
CUST009731,Laura Williams DVM,grichardson@example.com,21 Apr 2023,AUS,California,,Partner
CUST005016,Stephanie Pierce,ksimpson@example.com,2024-04-25,Canada,Connecticut,,Banner
CUST008486,Thomas Kim,michael71@example.net,25 Aug 2025,CA ,Michigan,Retail,Display
CUST006419,Randall King,robertnichols@example.net,23-08-2025,  singapore  ,Illinois,,AFFILIATE
CUST006559,Cynthia Payne,jonesronald@example.org,20-03-2025,Brazil,Texas,Technology,Referal
CUST004726,Brian Haley,kelly84@example.net,2025-02-19,INDIA,Virginia,Real Estate,Display Ads
CUST008505,Rose Wallace,michaelrivera@example.org,05/04/2023,France,North Dakota,Education,PAID SEARCH
CUST006326,Rachel Cochran,smithbryan@example.org,2023-04-05,France,,Finance,social
CUST007997,Sarah Clark,rlee@example.net,01/26/2026,BR,Wisconsin,Finance,paid search
CUST008447,Madison Ortiz,murphysarah@example.org,2025-02-26,SG,Mississippi,,Affiliate
CUST006958,Rachel Stafford,josephmorrison@example.com,03/23/2026,U.A.E,,Education,Instagram
CUST006446,Shari Jones,fernandezkristin@example.net,2026-03-08,United states,Utah,Logistics,Organic
CUST000686,Christine Johnson MD,smithsarah@example.net,2026-07-29,BR,Rhode Island,Finance,  social  
CUST003347,Bradley Johnson,laurengreen@example.net,2025-01-07,FR,New Hampshire,Technology,DISPLAY
CUST007094,Beth Shaw,roger61@example.net,2025-04-04,Brazil,Pennsylvania,Finance,affiliate
CUST003082,Ashley Roberts,john19@example.com,04 Oct 2025,United Kingdom,Wisconsin,Technology,Google Ads
CUST002135,Eric Bradshaw,meghangreen@example.org,06-03-2024,australia,West Virginia,Hospitality,Referral
CUST009562,Laura Rojas ,,2023-10-07,UK,,Real Estate,email
CUST000708,  Jennifer Flores  ,bsullivan@example.net,,Australia,Indiana,Finance,SEO
CUST004628,Darlene Burnett,jessica25@example.org,2025-12-13,U.A.E,Hawaii,Retail,Paid Search
CUST002334,Eric Munoz,shawnanderson@example.org,2025-06-13,SG,,Technology,EMAIL
CUST008334,Nicholas Yoder,mendozadaniel@example.org,08/19/2023,singapore,Missouri,Technology,SEO
CUST002398,Eric Gardner,tcrawford@example.net,2024-12-23,singapore,New Hampshire,Retail,E-mail
CUST005412,Leslie Kelly,burnettjames@example.org,2025-07-21,Singapore,Missouri,Media,Affiliate
CUST002045,Tanya Stein,kcontreras@example.org,23 Jun 2025,Canada,California,Manufacturing,REFERRAL
CUST004916,Clarence Miller,vmorris@example.org,2024-01-31,Canada,Kentucky,Retail,DISPLAY
CUST009095,Angela Buchanan,kristenwilson@example.net,2025-07-06,India,Hawaii,Hospitality,Display
CUST000672,Ryan Green,sara99@example.com,02/07/2024,United Arab Emirates,North Dakota,Technology,PAID SEARCH
CUST008867,Michael Hopkins,jkim@example.org,04-10-2023,australia,Missouri,Hospitality,display
CUST002854,Lisa Mcdonald,melissa88@example.org,2026-04-18,FR,Wisconsin,Retail,Paid-Search
CUST000435,  Margaret Hensley MD  ,jacob83@example.org,2023-06-04,France,Rhode Island,Technology,EMAIL
CUST007872,Heather Chase,feliciablack@example.net,2023-11-18,canada,Kentucky,Manufacturing,Affliate
CUST009735,Robert Sullivan,weberphillip@example.org,04/23/2025,Australia,,Education,Paid Search
CUST008718,Brian Lozano,chadwang@example.net,16-07-2026,  BR  ,Delaware,Healthcare,Email Marketing
CUST007811,Laura Johnson,,2025-03-13,Brazil,Indiana,Real Estate,display
CUST001942,Nicholas Le,zking@example.com,10/08/2024,CA ,,Finance,Referal
CUST004865,Patricia Williams,bairdaaron@example.com,2024-01-05,U.K.,North Dakota,Media,Organic Search
CUST008651,Jennifer Stanley,meltonrachel@example.org,22-07-2026,germany,Nebraska,Education,referral
CUST008203,Debbie Lowery,,13-11-2024,U.A.E,New Hampshire,Real Estate,PPC
CUST008201,Beth Hernandez,shernandez@example.org,2026-01-23,U.S.A,New Jersey,Manufacturing,ORGANIC
CUST000518,Raymond Tucker,thompsoncatherine@example.com,15-06-2026,Brazil,Florida,Logistics,Partner
CUST008702,Richard Smith,jeffhunt@example.com,29-05-2023,DE,Rhode Island,Finance,REFERRAL
CUST002600,  Jeffrey Gilmore  ,jessica86@example.com,2023-01-15,UAE,New Mexico,Finance,Facebook Ads
CUST007999,Richard Davenport,paige45@example.org,27-02-2024,INDIA,Nebraska,Real Estate,AFFILIATE
CUST006398,Matthew Patton,erojas@example.com,2024-09-03,United Kingdom,Delaware,Technology,DISPLAY
CUST008614,Bryan Bell,royhenry@example.org,2024-08-31,Germany,Virginia,Finance,referral
CUST000937,Daisy Schroeder,hbenitez@example.net,2024-04-29,United Kingdom,Arkansas,Logistics,Referal
CUST002274,  John Phillips  ,samuel83@example.com,2025-06-17,France,Georgia,Manufacturing,E-mail
CUST000633,Anthony Rush,mistywilkins@example.org,19 Oct 2025,Australia,Michigan,Logistics,Affliate
CUST007403,Travis Delgado,gabrielle80@example.com,04/19/2026,germany,,Healthcare,Affliate
CUST007724,Robyn Mathews,tiffanygriffith@example.org,09/19/2024,France,,,Affiliate
CUST000727,Seth Smith,ureyes@example.net,23 May 2026,France,Utah,Media,Display
CUST009719,Jessica Serrano,annaoconnor@example.net,07/20/2026,U.S.A,Wisconsin,Hospitality,PAID SEARCH
CUST005962,Kristin Serrano,christopher19@example.org,2025-07-04,brazil,New Hampshire,Manufacturing,social
CUST006481,Misty Rose,nspencer@example.net,11/16/2024,UAE,Washington,Education,social
CUST006471,Matthew Clark,nathan78@example.com,2024-03-19,UAE,Maine,Media,organic
CUST007185,Bradley Moyer,ronald27@example.com,2023-03-20,FR,,Media,PAID SEARCH
CUST002937,Elizabeth Hicks,berrytyrone@example.net,18-02-2026,UAE,Iowa,Media,Email Marketing
CUST004431,Shannon Strong,simmonsnatasha@example.net,29 May 2025,brazil,,Education,Email Marketing
CUST009250,Emily Vargas,groberts@example.com,2024-01-27,United states,Tennessee,Logistics,Affliate
CUST007732,Jenna Hill,,10/25/2025,Canada,New Mexico,Hospitality,Organic
CUST003271,Anne Jones,mariaortega@example.com,2023-10-17,france,,Finance,Banner
CUST001336,Spencer Chandler,acampos@example.org,2023-05-01, India,,Logistics,  Referal  
CUST000886,Brittany Farrell,jbrown@example.org,02-11-2023,U.A.E,Iowa,Healthcare,Paid-Search
CUST005686,Yvonne Mccullough,robertaanderson@example.com,2026-06-15,Singapore,,Education,ORGANIC
CUST007467,Anne Frank,robert98@example.org,2025-12-05,  United Arab Emirates  ,Nebraska,Retail,Social
CUST008378,Lori Juarez,millerandrew@example.net,30 Oct 2023,Brazil,North Dakota,Media,referral
CUST006491,Andrew Lewis,qramirez@example.com,2023-04-16,Brazil,Hawaii,Manufacturing,REFERRAL
CUST003134,Jermaine Butler,owhite@example.net,26-03-2026,india,Massachusetts,Media,E-mail
CUST004553,Susan Anthony,williamsjohn@example.net,12/04/2024,CA ,Washington,Manufacturing,Banner
CUST000875,Joseph Ayala,fwilcox@example.org,04-05-2024,canada,,,Organic Search
CUST007781,Shelly Mcdowell,kthomas@example.org,2023-09-23,Germany,Georgia,Finance,affiliate
CUST001227,Victoria Schroeder,mayermichael@example.com,2023-01-31,US,New Mexico,Real Estate,Affliate
CUST001112,Bruce Martinez,andrewberry@example.net,2026-06-13,  BR  ,New Mexico,Logistics,REFERRAL
CUST008025,Eric Schwartz,qlopez@example.net,04/24/2024,DE,West Virginia,Manufacturing,REFERRAL
CUST007996,  Margaret Spencer  ,davissteven@example.net,2023-03-08,Brazil,Oregon,Media,Display
CUST009399,Monica Brown,dawn32@example.org,2024-07-16,germany,Virginia,Media,Affiliate
CUST001202,Donna Moore,munozglenn@example.org,2024-03-27,DE,Alabama,Retail,email
CUST005589,John Flores,robertskeith@example.org,2025-05-06,UK,Illinois,Manufacturing,Organic Search
CUST008722,Christopher Meyer,dawn84@example.org,14-02-2025,  United Arab Emirates  ,New Jersey,Retail,Google Ads
CUST006366,Kathryn Castaneda,rriddle@example.org,2024-10-07,U.K.,Louisiana,Hospitality,  Facebook Ads  
CUST003854,Mark Li,timothy56@example.org,19-07-2026,DE,Illinois,Healthcare,SEO
CUST004595,  John Baker  ,kelly95@example.com,2024-01-18,United Kingdom,Tennessee,Finance,Referal
CUST008428,Melinda Johnson,zmorris@example.com,19-10-2024,Singapore,Colorado,Education,  Affiliate  
CUST005612,Zoe Mendoza,kerri63@example.org,10/28/2024,germany,Wisconsin,Education,Affiliate
CUST000781,Barbara Mckinney,shannon51@example.org,2026-05-28,FR,New Jersey,Media,Paid-Search
CUST000374,Amy Bates,joelgreen@example.com,29-07-2026,australia,Montana,Logistics,Referal
CUST004270,Timothy Mcguire,gina75@example.net,2025-01-30,AUS,,,  DISPLAY  
CUST005230,Eric Foster,stephaniedavis@example.org,04/11/2023,France,New Mexico,Retail,REFERRAL
CUST008720,Richard Garcia,matthewfry@example.net,09/23/2025,Canada,South Carolina,Education,Display Ads
CUST006634,Melissa Dean,harrisondebra@example.org,2023-01-05,IN,,Education,Referal
CUST001763,Angela Butler,evansaustin@example.org,07-02-2023,brazil,Maryland,,EMAIL
CUST006312,Tammy Larson,daniel93@example.net,2025-07-14,Germany,Hawaii,Media,REFERRAL
CUST001235,Wayne Davis,julielopez@example.net,05-08-2025,United Arab Emirates,Ohio,Logistics,Facebook Ads
CUST004677,John Molina,fstevenson@example.net,2025-05-27,canada,Nevada,Education,Affiliate
CUST009914,Teresa Wright,,2024-05-21,United Kingdom,Vermont,Logistics,email
CUST008792,Gabriela Smith,zmartin@example.net,12/30/2025,U.A.E,Indiana,Retail,Affiliate
CUST005419,Jeremiah Williams,sgross@example.net,30-11-2023,brazil,,Manufacturing,referral
CUST007802,Rebecca Rocha,fgraham@example.org,16-10-2025,U.S.A,,Finance,REFERRAL
CUST003359,Gavin Rasmussen,aaroncarter@example.net,,Brazil,Mississippi,Real Estate,EMAIL
CUST009517,John Wilson,sjones@example.net,05/22/2025,canada,Alaska,Hospitality,affiliate
CUST002048,  RACHEL MCDANIEL  ,bhall@example.org,2025-03-12,India,Ohio,Finance,Referral
CUST005292,Eric Hess,harrisjamie@example.com,2023-09-24,DE,,Retail,Affliate
CUST005015,Andrew Johnson,jason80@example.com,12/14/2024, India,,Media,Display
CUST004386,Jonathan Wade,willisnicole@example.net,2025-02-09,DE,,Education,Social
CUST009239,Tanya Miller,williamsryan@example.net,2023-06-27,UAE,Mississippi,Healthcare,DISPLAY
CUST002367,Luis Wilcox,reneehernandez@example.org,2025-03-15,IN,South Dakota,Education,Email
CUST009954,Nathaniel Snow,qmullins@example.com,,AUS,Florida,Logistics,Google Ads
CUST008159,Phyllis King,michaelhunt@example.com,,BR,South Dakota,Technology,  Referal  
CUST002114,  Alfred Leonard  ,taylormichael@example.net,03/04/2024,INDIA,Washington,Retail,PAID SEARCH
CUST002531,Dr. Jose Garcia,kellygina@example.org,2023-05-06,australia,Maine,Logistics,Email Marketing
CUST001874,Wendy Smith,antoniocarter@example.com,2024-07-16,  IN  ,Utah,Manufacturing,Organic
CUST001075,Abigail Jackson,esmith@example.net,2023-03-11,France,Nebraska,Logistics,Display Ads
CUST007986,Brittany Cervantes,garciabrenda@example.net,28-03-2023,SG,,Manufacturing,AFFILIATE
CUST003518,Morgan Torres,hernandezamy@example.org,22 Apr 2025,France,Colorado,Technology,social media
CUST001411,Mr. Christopher Evans,nancycontreras@example.com,2023-04-18,brazil,,Technology,organic
CUST009058,Larry Mcgee ,,2025-06-24,CA ,California,Hospitality,organic
CUST000988,Amy Lang,turnerconnie@example.org,17-09-2023,UK,Connecticut,Real Estate,Organic
CUST002647,Destiny Solis,kaiserrichard@example.org,2025-01-04,CA ,Minnesota,Education,Organic Search
CUST001008,Mark Ramirez,melissaschmitt@example.com,2024-01-04,France,,Media,affiliate
CUST001148,  Mrs. Katherine Simpson  ,markduran@example.com,2023-01-31,UK,North Carolina,Logistics,Social
CUST009127,Sara Ramirez,flawson@example.org,2024-10-19,FR,Kansas,Retail,social media
CUST000740,  Teresa Henry   ,,2026-02-23,FR,Ohio,Logistics,display
CUST007569,Dr. Cesar Nixon MD,,2024-12-29,United States,Nevada,Finance,social media
CUST002093,Janice Harvey,sthomas@example.org,2025-07-30,SG,Nevada,,Affliate
CUST000533,Kristy Smith,stacey37@example.net,2023-05-17,germany,New Mexico,Finance,SEO
CUST003756,Kevin Gillespie,samanthablack@example.net,13-07-2026,SG,South Dakota,,DISPLAY
CUST003492,Megan Krueger,charlessims@example.org,05-05-2023,Australia,Massachusetts,Real Estate,AFFILIATE
CUST006882,Jordan Little,amber67@example.org,2023-02-15,DE,Delaware,Retail,REFERRAL
CUST002317,Karen Smith,andreagilbert@example.net,25-01-2024,Brazil,Florida,Healthcare,  Instagram  
CUST001125,Jennifer Hernandez,mgray@example.org,2023-06-13,singapore,California,Education,SEO
CUST006611,Kristina Meyers,hnelson@example.org,2026-06-18,United States,Kansas,Healthcare,email
CUST002266,Stacey Rodriguez,,2025-11-22,  singapore  ,Arizona,Retail,Paid-Search
CUST000262,Michael Stanley,desireebailey@example.org,2023-10-17,United States,Ohio,Real Estate,PPC
CUST000372,Valerie Thomas,christopher38@example.com,23-02-2025,DE,Vermont,Real Estate,organic
CUST005866,Jillian Roach,rogersbrittany@example.com,2025-04-01,UK,,Retail,  display  
CUST000268,Kyle Chambers,joel28@example.org,2024-04-02,  BR  ,Nebraska,Logistics,AFFILIATE
CUST007707,Dr. Thomas Wells,franklinmichael@example.com,29-05-2026,INDIA,Oklahoma,Media,Email Marketing
CUST005901,John Larsen,ganderson@example.org,21-07-2026,UK,Michigan,Finance,ORGANIC
CUST009708,Cory Fuller,fparker@example.com,07/13/2025, India,Oklahoma,Technology,paid search
CUST007825,  Christy Turner  ,evanhenderson@example.net,2023-10-27,  Singapore  ,Kentucky,Education,Paid Search
CUST009433,Thomas Kennedy,wilcoxphillip@example.com,09/04/2023,canada,Wisconsin,Hospitality,display
CUST000995,Grant Wood,holmesdiane@example.org,25-04-2024,singapore,Arkansas,Media,Instagram
CUST008983,Natalie Gardner,tjones@example.net,08/15/2025,Brazil,,Finance,Email Marketing
CUST001683,Thomas Hernandez,jeffrey42@example.com,2025-12-19,Australia,Kentucky,Real Estate,Affiliate
CUST002930,Reginald Copeland,,20-10-2024,United Arab Emirates,New Hampshire,,Referal
CUST006030,Casey Mendoza,qjohnson@example.org,09-02-2026,U.A.E,Nevada,Retail,  REFERRAL  
CUST001600,Amy Diaz,oconnelldavid@example.org,14-06-2023,singapore,,Retail,Organic Search
CUST002772,Paul Bridges,natalie46@example.com,2023-02-02,USA,Florida,Media,affiliate
CUST005791,Sarah Davis,debrabarnett@example.net,2023-01-24,Canada,Mississippi,Hospitality,  DISPLAY  
CUST000749,Kaitlin Hardin,sanchezdeborah@example.org,18 Jul 2024,Brazil,,Hospitality,Banner
CUST001833,Russell Vega,kristinclark@example.com,2026-03-23,SG,Minnesota,Education,organic
CUST008302,Mitchell Kramer,lozanolindsay@example.com,2023-09-21,BR,Idaho,Education,Facebook Ads
CUST003534,Deanna Jennings,,2025-08-24, India,Washington,Finance,Referral
CUST003770,Juan Wright,fryedylan@example.net,15-07-2024,United Arab Emirates,Washington,Retail,PAID SEARCH
CUST002439,Kimberly Knapp,kristinaharrison@example.org,2025-10-28,BR,Michigan,Media,organic
CUST002676,Brandon Smith,wilkinsnicole@example.com,07-05-2026,United Arab Emirates,New York,,  Affliate  
CUST000688,Emily Mcclain,james44@example.net,2025-08-28,france,Massachusetts,Healthcare,Email Marketing
CUST000184,Ashley Singleton,mitchellkathryn@example.com,2023-12-26,United States,New Hampshire,Healthcare,display
CUST001680,Anthony Hughes,vincentkathleen@example.org,31-01-2026,DE,Oregon,Finance,Display
CUST002308,William Wu,aaronwallace@example.org,2024-05-29,Germany,Minnesota,Retail,Banner
CUST006725,  Patrick Owen  ,bishopcheryl@example.org,2025-07-31,  DE  ,Utah,Logistics,Partner
CUST002371,Cody Lawson,duranlindsay@example.org,,england,Missouri,Real Estate,referral
CUST001887,Jennifer Tucker,eddie23@example.net,2025-05-31,INDIA,Rhode Island,Real Estate,  Email Marketing  
CUST006540,Jordan Levy,christine14@example.net,2026-07-09,IN,,Logistics,Google Ads
CUST003103,  Christopher Washington  ,carolinecalderon@example.org,08-01-2023,U.A.E,,Education,REFERRAL
CUST006247,Jason Martin,brandonfuller@example.com,2023-03-13,UAE,Georgia,Healthcare,Display Ads
CUST001925,Jasmine Bryan,max69@example.com,06/06/2026,canada,,Real Estate,E-mail
CUST007683,Kevin Anderson,gbeck@example.org,2025-01-07,AUS,Ohio,Logistics,PAID SEARCH
CUST000514,Katelyn Rivera,emilyyoung@example.com,04/16/2024,SG,South Carolina,Retail,social
CUST000813,Karen Collins,don79@example.net,2025-02-03,CA ,,Real Estate,Email
CUST007050,Samantha Walters,gwalter@example.net,2026-04-10,UK,,Education,Display
CUST001208,Christopher Rodriguez,carlaavila@example.com,08 Aug 2024,INDIA,Illinois,Education,Banner
CUST001038,Jane Reese,randysmith@example.org,04/15/2025,BR,Virginia,Finance,PPC
CUST006104,Joseph Cummings,andrew33@example.com,27-10-2023,BR,Washington,,Partner
CUST006722,Michael Robinson,alecsmith@example.org,2025-01-15,australia,Arkansas,Technology,affiliate
CUST006939,Angela Lopez,chendricks@example.org,2026-02-05,United states,Oregon,Finance,affiliate
CUST008023,Deborah Hall,igross@example.net,20-03-2025,France,North Dakota,Media,referral
CUST007764,  PATRICIA SMITH  ,zhodges@example.net,2026-04-30,singapore,Connecticut,Technology,referral
CUST008882,Robert Jordan,edwin96@example.com,2024-02-15,FR,Iowa,Real Estate,DISPLAY
CUST005169,Samuel King,ycruz@example.org,2024-06-18,India,Maine,Logistics,display
CUST009999,Kayla Perez,jennifer99@example.com,27-01-2025,India,Arkansas,Manufacturing,Paid Search
CUST009068,John Turner,ayork@example.com,12/01/2024,Germany,Iowa,Hospitality,Referral
CUST001932,Dakota Reid,paullopez@example.net,2025-09-14,Singapore,Texas,Retail,E-mail
CUST006635,Chad Singleton,johngeorge@example.org,15-10-2025,France,Ohio,Healthcare,paid search
CUST006937,Richard Williams MD,eddie60@example.net,11-06-2026,United States,North Carolina,Technology,Display Ads
CUST002753,Tara Thomas,uhopkins@example.com,2026-05-23,India,Louisiana,Hospitality,ORGANIC
CUST003053,Andrea Oliver,wrightdrew@example.org,2024-02-09,USA,Kentucky,Retail,Paid-Search
CUST001978,Austin Adams,hebertmichelle@example.com,12/15/2023,  france  ,North Dakota,Manufacturing,Affliate
CUST002172,Christopher Macdonald,lacey96@example.net,02/06/2025,INDIA,,Retail,Referral
CUST000197,Matthew Mitchell,glennmartin@example.org,2025-09-08,India,Mississippi,Real Estate,E-mail
CUST004982,Karen Lee,lwright@example.com,03-07-2025,CA ,,Hospitality,referral
CUST001712,Rachel Rodriguez,browndominic@example.net,2026-07-16,U.K.,Colorado,Media,Paid-Search
CUST006963,Laura Johnson,hramirez@example.org,03/23/2024,U.K.,Arkansas,,  referral  
CUST004253,Michael Marshall,ghunter@example.org,10/05/2025,AUS,Oregon,Real Estate,Organic
CUST002729,Jeff Sampson,,2023-11-28,england,South Dakota,Hospitality,SEO
CUST000863,Teresa Vazquez,johnnycruz@example.net,2025-09-02,BR,Vermont,Hospitality,ORGANIC
CUST007473,Brendan Garcia,iking@example.net,2025-03-16,U.A.E,Arkansas,Logistics,Banner
CUST001489,Julie Miller,riosrichard@example.org,2024-03-28,United States,Hawaii,Healthcare,Google Ads
CUST008517,Tiffany Long,amandaherring@example.com,2023-07-26,Brazil,Mississippi,Hospitality,Partner
CUST000564,Scott Parsons,sbray@example.net,2023-01-04,Canada,New Jersey,Logistics,referral
CUST006204,Emily Taylor,robert70@example.com,2024-03-25,INDIA,Hawaii,Real Estate,SEO
CUST000550,Christopher Johnson,dianacantrell@example.org,20-05-2024,germany,Louisiana,Education,PAID SEARCH
CUST004364,Eduardo Colon,qbrown@example.net,2024-04-04,USA,Oklahoma,Healthcare,  Instagram  
CUST003683,Cameron Bass,murphychristine@example.org,14-07-2026,United Kingdom,,,Affliate
CUST000331,Ronald Potter,nancy07@example.com,01-10-2024,brazil,Minnesota,Media,SEO
CUST007538,Alexandra Lowery,charlesrobinson@example.net,29-12-2025,canada,New Mexico,Technology,SEO
CUST007357,Kristine Butler,turnerkayla@example.com,25 Jun 2024,germany,Mississippi,Media,EMAIL
CUST001797,Ashley Wells,samuel61@example.org,2023-01-22,United Arab Emirates,,Real Estate,Display Ads
CUST001028,Theodore Myers,andersonrobert@example.net,2025-12-21,singapore,California,Media,Affiliate
CUST008516,Meghan Taylor,kleinbrian@example.net,2023-07-06,canada,North Carolina,Real Estate,SEO
CUST009455,John Caldwell,kevin07@example.net,20-01-2024,Brazil,Kentucky,Manufacturing,Partner
CUST005268,  Steven Mullins  ,jthornton@example.net,03 Sep 2024,United Kingdom,,Education,REFERRAL
CUST004829,Amanda Wallace,pwilliams@example.org,02/22/2023,United Kingdom,,Technology,social
CUST008848,Karen Cummings,smills@example.org,2024-01-27,IN,South Carolina,Retail,Referal
CUST004120,Jeremy King,deborah24@example.org,2026-03-16,United Arab Emirates,Wyoming,Healthcare,  Affliate  
CUST005179,Olivia King,christopher83@example.org,02/10/2025,SG,North Carolina,Media,Affiliate
CUST000921,Carrie Villarreal,romanmatthew@example.org,2024-11-27,brazil,South Carolina,,social media
CUST001863,  Deborah Webb  ,robinsonrose@example.org,2024-07-31,DE,Utah,Retail,social media
CUST004441,  Tracey Parsons  ,thomaspedro@example.com,2025-08-12,DE,Idaho,Technology,Organic Search
CUST008809,Chelsea Lewis,changdeborah@example.com,2024-06-08,Singapore,Rhode Island,Logistics,Paid-Search
CUST000320,Michael Flynn,lloydamanda@example.com,2024-10-26,Singapore,Massachusetts,Manufacturing,SEO
CUST004884,Daniel Delacruz,lisa57@example.com,11-12-2023,Brazil,Massachusetts,Healthcare,EMAIL
CUST007231,Lauren Brown,loriwilliams@example.net,2023-04-15,DE,Nebraska,,Paid-Search
CUST003277,Hayden Miller,deleontammy@example.org,2024-08-24,United Arab Emirates,New Jersey,Finance,AFFILIATE
CUST005295,Stephanie Novak,nathan68@example.org,2024-11-04,U.K.,Mississippi,Healthcare,Email Marketing
CUST007172,Mrs. Catherine Martinez,marymarquez@example.org,30-09-2024,DE,Virginia,Technology,Display
CUST009704,David Martinez,ymurphy@example.com,2025-02-22,canada,Iowa,Finance,Instagram
CUST000857,Ann Hahn,joelduncan@example.net,2024-04-01,United States,Delaware,Real Estate,paid search
CUST004059,Becky Munoz,sandralane@example.com,05/26/2023,U.A.E,West Virginia,Media,Email
CUST001594,  Matthew Murphy  ,hbarnett@example.net,18 Nov 2023,Brazil,Oregon,Logistics,affiliate
CUST005685,Brian Sullivan,smithalyssa@example.org,19-11-2024,Australia,Texas,Technology,Referral
CUST003801,  Angela Ross  ,millercassandra@example.net,06-01-2024,U.S.A,,Healthcare,organic
CUST009816,Mark Morgan,debra99@example.org,23-03-2023,FR,Michigan,Hospitality,Referral
CUST005757,Jennifer Adams,xparker@example.net,2023-12-23,france,,Media,EMAIL
CUST000479,Brandy Porter,tranryan@example.net,05/23/2023,U.S.A,New Mexico,Retail,E-mail
CUST006616,Thomas Brown,wgomez@example.org,2024-12-26,UAE,,,ORGANIC
CUST002686,Christopher Williams,martintownsend@example.com,2025-10-21,UAE,Utah,Education,Affliate
CUST008390,Shawn Nelson,johnfisher@example.com,23-03-2024,BR,Arizona,Technology,social media
CUST007444,William Reyes,foconnor@example.com,2023-07-02,United Arab Emirates,Nevada,Education,Referal
CUST009792,Mike Hughes,deborah18@example.org,2023-01-04,US,Nevada,Hospitality,  Google Ads  
CUST008917,Cameron Best,robertsellen@example.net,2025-04-10,U.A.E,Vermont,Technology,REFERRAL
CUST001882,Jerry Hernandez,campbellmarvin@example.com,2024-12-31,AUS,Pennsylvania,Manufacturing,Organic Search
CUST000468,Margaret Hernandez,smithsarah@example.net,2025-09-12,  UK  ,New Mexico,Hospitality,SEO
CUST004812,  Sean Davis  ,,2025-08-07,IN,Maryland,Retail,Affiliate
CUST000895,James Thompson,ndavis@example.org,2024-08-06,UK,Missouri,Real Estate,Email
CUST007377,Cynthia Jones,heidijames@example.com,08/28/2025,United Arab Emirates,Michigan,Real Estate,organic
CUST008264,Lori Miller,hoodmelissa@example.com,11-10-2023,SG,Alaska,Education,Paid Search
CUST000716,Kelly Bishop,thomasharmon@example.net,11/06/2025,U.A.E,California,Media,E-mail
CUST001747,Jason Potter,dmorales@example.net,30-08-2024,IN,Nebraska,Education,SEO
CUST004240,ANNA MAY,oscar17@example.com,10/22/2025,U.S.A,,Real Estate,REFERRAL
CUST004129,  Jeffery Holt  ,vshields@example.org,05-01-2026,United states,Kansas,Finance,organic
CUST002926,Donald Smith,vmills@example.net,19-09-2025,U.A.E,,Media,Email Marketing
CUST003313,Stephanie Conway,fuentesvictoria@example.net,,france,Illinois,Education,Google Ads
CUST007958,Amanda Watson,katherine91@example.net,2024-04-05,france,,Real Estate,Display
CUST003159,Robert Levine,millerashley@example.com,2024-06-22,Brazil,New Hampshire,Finance,SOCIAL
CUST004544,  Daniel Hebert  ,lisafoster@example.net,2023-10-12,U.A.E,Indiana,Hospitality,Google Ads
CUST000059,Christopher Rubio,pwilliams@example.org,03-11-2024,france,New Jersey,Real Estate,E-mail
CUST007491,Nicole Anderson,bradleyhernandez@example.org,15-09-2025,INDIA,Wisconsin,Hospitality,PPC
CUST006397,Angela Santiago,erin44@example.org,2023-12-08,BR,Alaska,Healthcare,Referral
CUST007069,Nicholas Harris,christopher11@example.org,31 Dec 2024,FR,Hawaii,Logistics,paid search
CUST004569,Kurt Ramos,amycunningham@example.org,2026-03-21,France,Vermont,Media,REFERRAL
CUST009581,Lisa Wagner,adamsvanessa@example.net,2023-03-21,United Arab Emirates,Rhode Island,Media,SOCIAL
CUST001131,Michelle Sandoval,nicholasmoss@example.org,2023-03-01,brazil,Washington,Manufacturing,AFFILIATE
CUST006768,Nathan Mathews ,,2025-08-20,Australia,Maine,,DISPLAY
CUST008684,Logan Howard,gonzaleztracy@example.com,20-03-2023,US,Mississippi,Media,display
CUST009234,Miguel Figueroa,lance56@example.com,02/19/2024,Singapore,New Hampshire,Healthcare,organic
CUST003895,Susan Miller DVM,hannahwinters@example.org,04/10/2026,U.K.,,Technology,Paid Search
CUST004027,Christian Garza,lisajones@example.org,2025-05-14,DE,Louisiana,Hospitality,display
CUST004427,Ronald Kim,peterhowell@example.net,,United Kingdom,Montana,Technology,Affliate
CUST002410,Larry Woods,vanessacaldwell@example.net,06/27/2025,France,Tennessee,Real Estate,social
CUST009051,Andrew Jones,romerostacy@example.org,2024-06-05,SG,Illinois,Finance,Partner
CUST002381,Ronald Smith,jermaine84@example.org,2025-12-01,australia,Tennessee,Education,Display
CUST007789,Phyllis Johnson,kari72@example.org,2023-03-12,France,Hawaii,Finance,SEO
CUST004654,Shawn Snow,lwright@example.net,2026-07-09,UAE,Maine,Technology,Display Ads
CUST001477,Sherry Hines,fisherkim@example.net,2026-07-12,AUS,Montana,Manufacturing,SOCIAL
CUST002826,Andrea Sparks,melissaharrell@example.net,01/16/2024,france,Oregon,Healthcare,Email Marketing
CUST001393,Nathan Jones,stephanie67@example.net,2026-06-30,  brazil  ,Nevada,Real Estate,  Paid-Search  
CUST006083,Marie Richardson,christopher04@example.org,2026-01-31,UAE,New York,Healthcare,Partner
CUST001618,  Jeffrey Baker  ,kcastro@example.com,2026-08-01,INDIA,,Finance,Email
CUST009440,Andrew Fields,lambertbarbara@example.com,2023-03-27,Canada,Arizona,Finance,Facebook Ads
CUST007463,Jessica Mejia,williamtaylor@example.com,,U.K.,Massachusetts,,PPC
CUST005956,  Charles Collins  ,,2024-03-23,France,Oklahoma,Logistics,affiliate
CUST007054,Mark Crawford,janice00@example.net,01/28/2026,germany,South Dakota,,affiliate
CUST005710,Randy Turner,vblack@example.org,2023-09-24,Canada,Nebraska,Healthcare,SOCIAL
CUST003970,Michael Gonzalez,brownlauren@example.org,03-04-2025,FR,,Hospitality,Paid Search
CUST009831,Steven Moran,rberry@example.net,2025-08-29,Australia,Arkansas,Education,DISPLAY
CUST003505,Douglas Mills,qhoffman@example.com,2023-07-13,FR,Connecticut,Logistics,Organic
CUST008909,Heather Sanchez,mary15@example.com,08/29/2025,Canada,Washington,Media,Organic
CUST003170,Ronald Peters,stephanieleon@example.com,,United States,New Jersey,Logistics,social media
CUST002902,Jennifer Evans,zjohnson@example.com,2023-03-19,france,Alabama,Real Estate,PAID SEARCH
CUST008668,Frank Santana,brentjohnston@example.com,2025-11-15,UK,Illinois,Hospitality,  Referral  
CUST003178,Alexis Gilbert,edwin42@example.net,2024-01-11,france,Missouri,Logistics,Google Ads
CUST003526,Kaitlyn Young,jeremiahbaker@example.com,01-09-2023,Singapore,West Virginia,Media,PAID SEARCH
CUST007333,Elizabeth Medina,tyronewilliams@example.org,09/27/2024,Brazil,Idaho,Retail,E-mail
CUST007876,Tara Rubio,,28-10-2023,AUS,Indiana,Healthcare,Google Ads
CUST001095,AUDREY RICHARDSON,stephanie90@example.com,,Australia,Arkansas,Manufacturing,Partner
CUST004468,Michael Johnson,imcbride@example.com,2025-11-10,AUS,Nebraska,Media,Partner
CUST001218,Douglas Cox,jonesjennifer@example.com,2023-03-13,singapore,Kentucky,Healthcare,Paid Search
CUST006236,Christine Davis,garrettmiller@example.com,2024-07-21,england,Alabama,,display
CUST002202,  Sean Burns  ,bmorgan@example.net,05-08-2024,england,,Retail,email
CUST009716,Nancy Wood,garciaamy@example.net,2024-05-16,  singapore  ,,Manufacturing,email
CUST004488,  Erik Wyatt DDS  ,cameron42@example.org,, India,Georgia,Media,AFFILIATE
CUST006019,Katherine Owens,ashleymarissa@example.com,2025-03-06,canada,Pennsylvania,Manufacturing,Email Marketing
CUST005350,Alicia Hopkins,carriesimpson@example.net,2023-03-13,United States,,Manufacturing,Affiliate
CUST007804,Wendy Bass,garciarobert@example.com,08/26/2023,  France  ,Montana,Healthcare,social media
CUST007734,Patrick Davis MD,smithkimberly@example.com,2026-01-19,Singapore,Idaho,Media,Google Ads
CUST003477,Kelly Robinson DVM,jennifer60@example.org,04/05/2023,Germany,New Jersey,Hospitality,social media
CUST003877,Austin Soto,christophercollier@example.com,2026-01-23,france,New York,Education,Instagram
CUST006774,Michael Mcconnell,,01-10-2023,DE,Massachusetts,Healthcare,Organic
CUST000171,John Hernandez,hayeslisa@example.com,11 Dec 2023,AUS,Virginia,Real Estate,EMAIL
CUST001821,Jennifer Baker,ffuller@example.net,2025-03-23,india,Connecticut,Technology,paid search
CUST005303,Jonathan Barnes,gharris@example.org,,United Arab Emirates,Minnesota,Media,Organic
CUST009557,ERIC HUGHES,deanna81@example.net,2024-05-01,UK,South Dakota,Technology,Affiliate
CUST005794,Steven Pennington,leah30@example.com,2025-08-19,  U.A.E  ,California,Education,Paid Search
CUST007783,Krista Ward,jenniferanderson@example.org,27-05-2024,france,Arizona,Technology,REFERRAL
CUST007122,Christopher Hill,jrivas@example.com,2023-08-17,Australia,Illinois,,referral
CUST008553,Alexis Spencer,hensoncourtney@example.net,12/13/2025,Australia,West Virginia,Retail,EMAIL
CUST005506,Jeffrey Jackson,geoffrey53@example.net,2025-11-21,Singapore,Texas,Logistics,AFFILIATE
CUST003805,Monique Harper,plyons@example.com,2025-04-27,Singapore,Nebraska,Finance,referral
CUST000157,Donald Fischer,reeddaniel@example.net,07/28/2024,  U.A.E  ,Utah,Finance,PPC
CUST006469,Samantha Torres,mterry@example.net,03/14/2026,Australia,Illinois,Media,referral
CUST007422,Edgar Sanchez,dbrown@example.net,2023-03-09,India,Michigan,Finance,organic
CUST009755,Tyler Newton,zwilliams@example.com,2024-09-20,england,Pennsylvania,Healthcare,ORGANIC
CUST009254,Brian Garcia ,,2025-05-03,BR,Ohio,Retail,display
CUST000241,Cynthia Williams,danawilliams@example.com,2023-11-18,france,Michigan,Real Estate,Affliate
CUST002378,Cassandra Mullen,lbrown@example.net,2025-04-30,SG,Michigan,Education,Display Ads
CUST003175,Mrs. Lisa Reilly,rmichael@example.net,11/06/2025,AUS,Pennsylvania,Manufacturing,ORGANIC
CUST000293,Ruben Price,patrick21@example.net,2023-11-03,Singapore,West Virginia,Media,  Facebook Ads  
CUST005242,Ryan Scott ,,2023-05-04,UK,Alabama,,SEO
CUST009303,Crystal David,shannoneric@example.net,2025-06-13,singapore,Kansas,Hospitality,ORGANIC
CUST001913,Jessica Williams,brownkevin@example.org,01-09-2023,Australia,Vermont,Finance,Email
CUST004723,  Joseph Hurley  ,philip34@example.net,2024-08-28,UK,,Education,paid search
CUST005790,Erin Davis,adamsdanielle@example.net,13 Nov 2023,FR,Iowa,Healthcare,Email Marketing
CUST007345,Jonathan Joseph PhD,dawnthomas@example.org,02/02/2023,india,Arizona,Education,Affiliate
CUST009698,Brian Romero,chelseaadams@example.com,15-08-2024,DE,Delaware,Education,paid search
CUST001586,TRACI HARMON,michaelbuckley@example.org,29-06-2025,Canada,Alaska,Logistics,Affliate
CUST004814,Kevin Gilbert,eellis@example.net,30-09-2024,USA,Maryland,Finance,Paid-Search
CUST005483,  Karina Johnson  ,elizabeth51@example.org,08-05-2023,UK,Iowa,Retail,SEO
CUST009570,Amber Gomez,eenglish@example.net,2025-07-23,UAE,Colorado,Logistics,Email Marketing
CUST008426,Caleb Cruz,larsonmichael@example.com,20-12-2025,U.A.E,West Virginia,Retail,Display Ads
CUST004371,Patricia Roberts,johncervantes@example.com,2023-11-27,USA,Vermont,Retail,Organic
CUST005864,Robert Carr,martinjennifer@example.net,2025-01-11,AUS,New Hampshire,Finance,ORGANIC
CUST004732,  Kristy Meyers  ,ipierce@example.com,13 May 2026,France,,Healthcare,Email Marketing
CUST004938,Bailey Ewing,erika64@example.org,09/18/2024,  france  ,New Hampshire,Logistics,Partner
CUST007132,Matthew Hicks,richard53@example.net,2025-11-18,United Arab Emirates,Maryland,,Organic Search
CUST001206,Julie Edwards,kwilcox@example.org,15 Feb 2023,FR,Mississippi,Real Estate,PPC
CUST002513,Evelyn Lewis,scott04@example.com,11 Oct 2024,canada,Maryland,Media,Paid-Search
CUST001421,Mitchell Roberts,reneerivera@example.org,03/11/2025,Canada,Oklahoma,Retail,Email Marketing
CUST001377,Hannah Jones,ewilson@example.org,2025-01-27,canada,Indiana,Technology,Affliate
CUST000230,Katrina Burns,thomas05@example.com,2023-01-09,Germany,Utah,Hospitality,DISPLAY
CUST002950,Joshua Huff,preilly@example.org,2026-01-12,Australia,New Jersey,Media,Display Ads
CUST009460,  Samuel Romero  ,ibarnett@example.org,2026-07-08,United Kingdom,New Mexico,Healthcare,affiliate
CUST003986,Jacqueline Perkins,zmaynard@example.com,2025-01-24,CA ,Wyoming,Education,Display
CUST003263,Brittney Garcia,randyyoder@example.com,2023-11-28,canada,New Hampshire,,Partner
CUST004341,Mary Scott,kristopheranderson@example.org,03/22/2026,singapore,Nebraska,Manufacturing,Display
CUST001672,Kathleen Martinez,harrisondaniel@example.org,2024-06-13,Germany,,Healthcare,referral
CUST003509,Justin Mckinney,obrewer@example.com,2026-02-14,  United states  ,Florida,Hospitality,Display Ads
CUST006673,David Green,rmorgan@example.org,29-05-2025,canada,Alaska,Retail,E-mail
CUST008169,Victoria Brown,john29@example.org,2024-04-02,USA,Mississippi,Media,Social
CUST005765,Madison Daugherty,keith04@example.org,,U.S.A,Vermont,Manufacturing,affiliate
CUST001723,Christopher Vazquez,dmarshall@example.com,08-09-2024,France,Montana,Retail,Display Ads
CUST002634,FAITH SMITH,zball@example.net,2024-10-03,Canada,Indiana,Healthcare,Organic Search
CUST009099,Hannah Lawrence,ffrost@example.net,2025-04-14,FR,South Carolina,Hospitality,organic
CUST001127,Paula Thomas,joshuagarcia@example.org,08/15/2023,US,Missouri,Retail,social media
CUST008796,Vickie Keith,gfisher@example.org,2024-10-16,Brazil,South Dakota,Finance,DISPLAY
CUST009762,Shannon Herrera,jcarter@example.net,16-03-2023, India,,Technology,  Display Ads  
CUST001074,  Monica Davis  ,lisa43@example.net,02/01/2025,DE,Montana,,  display  
CUST001983,Bianca Bowen,tlewis@example.com,2024-05-16,BR,Colorado,Manufacturing,Google Ads
CUST000998,Kenneth Mccarty,robert21@example.com,2026-05-17,BR,Arizona,Media,Email
CUST009562,Laura Rojas,natalieschneider@example.net,2023-10-07,UK,,Real Estate,email
CUST003710,Michael Simmons,phillip76@example.org,13 Feb 2023,singapore,,Education,PAID SEARCH
CUST003939,Jeremy Marshall ,,2025-08-04,australia,South Dakota,,Organic
CUST008908,Devon Barnes,dgarcia@example.com,05 Nov 2024,FR,Florida,Healthcare,Instagram
CUST005380,Heather Velasquez,abrown@example.com,19-02-2025,france,Delaware,,  PAID SEARCH  
CUST006805,James Phillips,kmercado@example.com,2025-07-31,germany,Nevada,Retail,EMAIL
CUST009713,Brett Cortez,douglasharrison@example.com,2025-11-20,DE,New Mexico,Retail,Affliate
CUST006132,Ashley Turner,jessicamorgan@example.org,31-10-2025,DE,,Media,Facebook Ads
CUST008018,Michael Davis,glong@example.org,12-12-2024,IN,New Mexico,Retail,Referral
CUST009654,Tanya Powell,deborah20@example.com,2025-07-30,Canada,Arizona,Education,Email
CUST002564,Jennifer Baker,tabitha03@example.net,,United states,,Education,Affiliate
CUST002269,Martha Wiley,anna54@example.org,19 Aug 2024,UAE,,Finance,organic
CUST003763,TANNER ORTIZ,david85@example.net,2023-03-12,US,Wyoming,Finance,AFFILIATE
CUST003031,Brittany Garcia,pmiller@example.com,2024-08-19,FR,Tennessee,Finance,SEO
CUST002710,Michael Robinson,davidhaynes@example.com,,Brazil,Idaho,Hospitality,DISPLAY
CUST001876,Kevin Mcneil,underwoodjames@example.org,11-12-2025,Singapore,Montana,Real Estate,referral
CUST008236,Mr. Thomas Gomez,bjohnson@example.net,2024-05-06,australia,Kentucky,Technology,Google Ads
CUST007567,  Valerie Ruiz  ,ericadean@example.org,08/11/2024,Brazil,Maine,Hospitality,Instagram
CUST006266,Linda Reed,rwilliams@example.org,2026-01-20,canada,Nevada,Technology,REFERRAL
CUST007771,Antonio Kane,stacy41@example.net,2025-06-13,  United States  ,Mississippi,Healthcare,EMAIL
CUST008930,Doris Manning,davidsonroger@example.org,2025-05-16,AUS,Arkansas,Logistics,Google Ads
CUST009573,Dawn Chase ,,04 Nov 2025,United States,Colorado,Finance,paid search
CUST008818,Steven Davis,timothy90@example.com,26-01-2024,France,,Real Estate,Paid-Search
CUST003166,Jose Harris,wwhite@example.com,30-11-2025,england,Nevada,Real Estate,ORGANIC
CUST000994,Jeffrey Moyer,larry82@example.org,27-08-2025,France,New Mexico,Healthcare,REFERRAL
CUST003417,Brittany Welch,ysmith@example.org,,IN,Maine,Technology,Social
CUST006821,Seth Smith,davidford@example.org,2024-02-20,United States,Vermont,Education,Organic Search
CUST000389,Kaitlyn Howard,terrigarcia@example.net,,canada,Kansas,Media,Organic
CUST008037,Cynthia Cantrell,abigailhobbs@example.org,22-10-2024,Canada,Wisconsin,Real Estate,AFFILIATE
CUST007782,Travis Bowers,,08-04-2025,France,Alabama,Media,Social
CUST001068,Jeffrey Scott,william75@example.net,30-06-2023,australia,Arkansas,Hospitality,Organic
CUST008471,Kimberly Horton,james07@example.com,2023-09-03,Singapore,Oregon,Retail,Referral
CUST004374,Renee Harrison,comptonlaura@example.net,25-10-2025,singapore,Michigan,Hospitality,Google Ads
CUST001565,John Murray,james44@example.net,13 Apr 2026,India,West Virginia,Education,social
CUST005437,Jonathan Lewis,dallen@example.com,10/10/2025,UK,Hawaii,Retail,REFERRAL
CUST006130,Juan Williams,michael18@example.com,2023-04-16,UAE,Oregon,Education,Affliate
CUST004118,  Shane Baker  ,april66@example.net,2024-06-20,singapore,Kentucky,Technology,Social
CUST000650,JONATHAN JACOBS,jack67@example.com,2025-01-31,U.K.,Florida,Real Estate,Paid Search
CUST002583,Derek Wu,geraldgarcia@example.net,05/30/2023,germany,South Carolina,Logistics,  ORGANIC  
CUST003293,Mathew Olson,reyescarmen@example.com,04/22/2024,germany,California,Logistics,Organic Search
CUST006563,Crystal Alvarez,adrian91@example.org,06/01/2024, India,Louisiana,Real Estate,Organic
CUST006585,Martin Ramirez,mmorris@example.com,09 Sep 2023,brazil,South Carolina,Education,Display
CUST004329,Dean Barnes,ybridges@example.com,2026-05-31,U.A.E,Arizona,Real Estate,Paid Search
CUST009262,William Adkins,daniel65@example.org,13-07-2023,Singapore,,Technology,E-mail
CUST000925,Shelby Bartlett,jessicaerickson@example.net,2023-10-08,Australia,New York,Media,Affliate
CUST007788,Susan Giles,nvelez@example.com,02-02-2024,DE,Vermont,Education,Display Ads
CUST008959,Elizabeth Gonzales,amber81@example.com,07/26/2026,DE,North Carolina,Real Estate,SOCIAL
CUST004599,  Nicholas Morris  ,pbrooks@example.net,2025-11-01,Australia,Delaware,Finance,Organic Search
CUST004115,Kara David,edowns@example.net,2026-05-12,United Kingdom,Maine,Finance,SEO
CUST008405,Ashley Thomas,madison88@example.org,2024-07-21,U.K.,Idaho,Technology,Email
CUST008639,Hannah Glenn,jason91@example.org,2024-10-01,UAE,Wisconsin,Hospitality,Email Marketing
CUST000206,David Griffin,heather73@example.org,02/14/2025,AUS,Florida,Retail,Organic
CUST007504,Stacey Burke,hughesbrent@example.org,,U.S.A,Pennsylvania,Retail,social media
CUST009568,Kim Bryant,logannelson@example.org,03/14/2023,AUS,Idaho,Technology,REFERRAL
CUST008324,  Joanne Coleman  ,robert12@example.org,2026-01-01,Brazil,,Real Estate,SOCIAL
CUST006643,Scott Mckinney,ncrawford@example.com,2023-08-23,england,Maryland,,Display Ads
CUST005749,Robert Terry,morgan68@example.org,2025-11-03,FR,Vermont,Manufacturing,Affiliate
CUST002544,Shane Mills MD,millerjessica@example.net,2025-01-17,DE,Alaska,Manufacturing,SEO
CUST007560,Jennifer Bailey,ldalton@example.net,2025-10-24,australia,Connecticut,Finance,Affiliate
CUST008087,Diana Diaz,whitealicia@example.org,2024-03-10,france,Connecticut,Logistics,paid search
CUST004558,Justin Swanson,allisonwhitehead@example.org,,canada,Hawaii,Healthcare,Facebook Ads
CUST001624,Anthony Ellis,kayla23@example.net,2023-10-18,United states,Wyoming,Logistics,  Affliate  
CUST009616,Paul Wiggins,shannonaustin@example.org,31 Jul 2024,Brazil,Alaska,Healthcare,Organic
CUST006775,Joshua Taylor,erikstephenson@example.net,27-03-2026,US,Delaware,Education,Paid-Search
CUST006495,Jamie Harris,thomas26@example.net,2025-03-23,United Kingdom,Vermont,Logistics,Email Marketing
CUST004113,Julie Porter,jessicahorn@example.org,07-05-2026,brazil,Pennsylvania,Hospitality,Referal
CUST002618,Jonathan Malone,edward03@example.net,05/31/2026,Singapore,Kentucky,Technology,SEO
CUST001652,Patricia Romero,cjohnson@example.net,05-07-2026,IN,Delaware,Finance,email
CUST000395,Robert Oneill,johnsonbrenda@example.org,2025-05-26,Germany,Wyoming,Retail,E-mail
CUST003308,Nicole Williams ,,2024-10-15,US,Minnesota,Real Estate,Organic Search
CUST007449,Mary Barber,hmartinez@example.org,2026-01-06,SG,Mississippi,Media,ORGANIC
CUST004448,Jessica Johnson,sheila14@example.org,2025-12-25,Germany,Kansas,Retail,Organic Search
CUST002296,Richard Woodard,smason@example.net,09-01-2023,england,Florida,Retail,Affiliate
CUST009230,Robert Stafford,williamfuller@example.net,2024-09-26,CA ,California,Logistics,ORGANIC
CUST005076,Christine Fritz,david66@example.org,2025-05-08,BR,Iowa,Logistics,SEO
CUST001352,Jamie Sutton,tranbrett@example.com,09/17/2024,  UK  ,Vermont,Retail,Organic Search
CUST008626,  Donna Lee  ,toddkathryn@example.net,2025-06-18,Germany,Delaware,Manufacturing,Email
CUST001928,  Michael Anderson  ,halljohn@example.org,11/06/2024,United Arab Emirates,Washington,,Partner
CUST004054,Christopher Harris ,,2026-05-29,CA ,Alabama,Retail,Social
CUST005632,Anthony Salas,janicedixon@example.net,30 Sep 2024,Canada,Delaware,Hospitality,Partner
CUST000407,Jessica Brown,jamie36@example.net,,france,Oklahoma,Hospitality,DISPLAY
CUST002718,Lauren Thompson,michaellee@example.org,,United States,,Real Estate,REFERRAL
CUST004443,David Thornton,matthewprice@example.org,2026-06-22,FR,Alabama,Real Estate,  social  
CUST008229,Judy Cunningham,vpotter@example.org,2023-04-04,brazil,Vermont,Manufacturing,  paid search  
CUST004228,Joseph Atkinson,mkane@example.org,2023-06-02,Australia,Idaho,Healthcare,display
CUST005166,Sharon Miller ,,2023-06-30,U.K.,Missouri,Retail,REFERRAL
CUST008425,Jonathan Parker,mitchell06@example.org,2026-06-05,SG,New York,Retail,Display
CUST007456,David Grant,swallace@example.org,19-08-2024,United Arab Emirates,New Hampshire,Education,social media
CUST006045,  Lori Jones  ,orice@example.com,17-08-2023,U.K.,Louisiana,Finance,Instagram
CUST009483,Michael Rodriguez,hmyers@example.com,2025-08-08,england,Kentucky,Real Estate,Email Marketing
CUST006556,Hannah Peterson,zlawrence@example.org,2025-04-16,singapore,Missouri,Technology,SOCIAL
CUST000946,JUSTIN DORSEY,guzmanricky@example.org,01/25/2025,UK,Mississippi,Retail,referral
CUST004521,Timothy Parker,lopezmeghan@example.org,2023-10-19,United Arab Emirates,Ohio,Manufacturing,affiliate
CUST009100,Melissa Campbell,morenoscott@example.com,23 Apr 2025,United states,Illinois,Education,Email
CUST006106,  Brandy Freeman  ,hannahpage@example.com,2024-10-19,BR,Idaho,Logistics,paid search
CUST006873,Cheryl Simon,oyoung@example.net,2026-03-28,U.A.E,,Media,Partner
CUST000930,Jessica Carrillo,millerleroy@example.org,21-03-2026,england,Nevada,Education,Email
CUST006137,  LINDA CHASE  ,chowell@example.org,2025-08-23,U.A.E,Rhode Island,Technology,paid search
CUST000097,John Torres,gbender@example.net,2025-10-20,BR,New York,Technology,Google Ads
CUST007145,William Oneill,,04-07-2024,AUS,Florida,Hospitality,DISPLAY
CUST001846,Jesse Mckinney,fernandoobrien@example.org,05/10/2024,germany,California,Technology,PAID SEARCH
CUST004713,Tony Gonzalez,xwalker@example.com,02-05-2023,Singapore,North Carolina,,Email
CUST003990,Ann Cross,allisonlopez@example.org,2025-09-02,India,New Mexico,Logistics,email
CUST001056,  Richard Williams  ,swong@example.org,2023-11-04,US,,Logistics,display
CUST009268,Catherine Ward,alyssameyer@example.com,,germany,Alabama,Retail,PAID SEARCH
CUST009794,Bryan Miller,jacquelineberry@example.net,2025-10-24,INDIA,Iowa,Logistics,affiliate
CUST002024,Robert Bowers,wgarza@example.net,11-03-2024,FR,Utah,Hospitality,AFFILIATE
CUST004992,Gina Sims,samuelrobinson@example.net,2024-11-06,australia,Mississippi,Media,organic
CUST005438,Brittany Hooper,dylanyoung@example.net,2025-11-01,australia,Georgia,Finance,Organic Search
CUST004337,Megan Hardin,carloshernandez@example.org,06/10/2023,United Kingdom,Virginia,Education,Organic
CUST001374,Bethany Mccoy,monicadouglas@example.org,2023-07-11,INDIA,Delaware,Logistics,Paid Search
CUST001647,Greg Davis,gregory64@example.com,2024-10-27,UK,Colorado,Hospitality,Referral
CUST006318,Anthony Simmons,alyssa06@example.net,2024-07-03,france,Wyoming,Logistics,display
CUST001226,Donald Johnson,stacythomas@example.org,2023-07-07,BR,Massachusetts,,SEO
CUST009778,Felicia Macdonald,owensbeverly@example.org,,singapore,Nevada,Retail,REFERRAL
CUST000982,Donald Fisher,zstewart@example.org,16-07-2023,BR,Michigan,Manufacturing,Referral
CUST005226,Alejandro Jones,stevenscurtis@example.org,,Singapore,Florida,Logistics,referral
CUST009264,Anna Owens,reneedavis@example.org,2024-01-08,singapore,Missouri,Healthcare,Display Ads
CUST006071,Cassie Simpson,barrerajay@example.net,07-06-2025,germany,Arizona,Education,Referral
CUST000070,Julie Curry,cookemichael@example.net,,USA,California,Media,Banner
CUST003734,Ruth Flores,ddavenport@example.com,10-09-2024,brazil,Virginia,Education,  ORGANIC  
CUST001066,Jared Perry,,2023-02-22,SG,New York,,E-mail
CUST005580,Melissa Estrada,muellerphillip@example.com,05-03-2024,France,Massachusetts,Education,Paid-Search
CUST006697,Mrs. Anna Wilson MD,mary24@example.net,,United states,Colorado,Healthcare,Instagram
CUST001394,John Taylor,jenniferlawrence@example.net,21 Jan 2023,US,Colorado,Finance,affiliate
CUST001549,William Ruiz,haroldhodges@example.net,07/15/2023,U.A.E,Maryland,Logistics,social
CUST008274,  Nicholas Lee  ,rconrad@example.org,2025-07-16,india,South Dakota,Finance,email
CUST004479,Jennifer Rush,phillipmcclure@example.net,,INDIA,,Hospitality,REFERRAL
CUST000543,Jessica Diaz,victoria63@example.com,2023-03-23,france,Oklahoma,Finance,DISPLAY
CUST007402,Brittany Perez,allisonferguson@example.org,2026-04-22,United States,Montana,Hospitality,AFFILIATE
CUST002796,Nicole Leach,garciadebra@example.com,10-05-2026,AUS,Wyoming,Healthcare,Display Ads
CUST002282,  Jordan Hughes  ,thomaslinda@example.net,2025-09-28,france,New Hampshire,Logistics,social media
CUST009267,Wesley Wagner,ryanhale@example.com,2025-11-05,  U.A.E  ,,Education,Partner
CUST005371,Cheryl Chapman,mhouston@example.com,2026-05-17,U.S.A,Oregon,Technology,referral
CUST002853,CHRISTINE HARRIS,matthewbutler@example.org,02/11/2025,INDIA,,Hospitality,SOCIAL
CUST000178,Christopher Lewis,ilee@example.org,2025-02-22,UK,California,Logistics,PPC
CUST002189,Tara Jones,isabelwheeler@example.net,10/26/2025,United States,Wisconsin,Retail,DISPLAY
CUST003740,Sarah Rodriguez,kristenmayo@example.net,04/08/2026,BR,Iowa,Education,Email Marketing
CUST008312,Russell Barnes,muellersue@example.com,05/01/2025,Canada,Texas,Education,Affiliate
CUST008804,Ryan Wilson,daniel06@example.net,31-01-2025,india,Texas,Education,DISPLAY
CUST001350,Karen Anderson,garciatyler@example.org,24 Feb 2026,DE,Tennessee,,Facebook Ads
CUST005400,Felicia Atkinson,yrobinson@example.org,2025-10-07,france,Massachusetts,Media,Email
CUST009746,Ashley Wilcox,ihill@example.net,2024-02-19,  Canada  ,Iowa,Logistics,Google Ads
CUST009803,Amy Chandler,lewismelanie@example.org,2026-04-28,US,Maryland,Healthcare,Email Marketing
CUST002975,Laura Carter,lorihenderson@example.com,2023-04-25,India,Maryland,Retail,paid search
CUST003773,Jason Neal,emilyzuniga@example.com,16-01-2026,UK,Mississippi,Media,Email
CUST005578,Leah White,jonesshelby@example.com,15-02-2024,Australia,,Logistics,Email Marketing
CUST001623,Rebecca Daniel,michael55@example.org,19 Apr 2026,australia,Louisiana,Media,E-mail
CUST005717,Alan Lopez,lindsay41@example.com,01-10-2025,United states,Nevada,Logistics,Email Marketing
CUST006515,Doris Bush,brownmaria@example.org,2023-04-06,brazil,Utah,Real Estate,Facebook Ads
CUST002120,Laura Mcfarland,johnsonedward@example.net,2023-09-03,UK,Hawaii,Logistics,social media
CUST004688,Melissa Hernandez,maryfernandez@example.net,11-05-2024,U.A.E,Nevada,Technology,Affiliate
CUST001498,Jessica Hill,pbarker@example.net,16-10-2025,Canada,North Dakota,Healthcare,affiliate
CUST009744,Marie Rich,gregory71@example.com,05-10-2023,U.A.E,Texas,Retail,PPC
CUST009384,  Peter Sanchez  ,pdavis@example.net,2025-08-17,canada,Alaska,Technology,  E-mail  
CUST003429,Brandon Moss,dlewis@example.net,07 Jun 2024,Singapore,Michigan,Media,Google Ads
CUST009829,William White Jr.,hayesfrank@example.net,17-06-2023,france,Idaho,Real Estate,email
CUST001425,Jonathan Warner,vsmith@example.net,2026-02-25,  UAE  ,Rhode Island,Real Estate,email
CUST006277,Brian Lee,kellyperez@example.net,2024-06-09,Germany,North Dakota,Hospitality,social media
CUST001615,Nicholas Moyer,john76@example.com,2023-02-16,France,Arkansas,Education,Banner
CUST001086,Dr. Robin Smith,morgan57@example.org,2023-07-21,U.K.,Rhode Island,Hospitality,Organic
CUST004607,Melissa Johnson,albert14@example.com,25 Feb 2025,SG,Colorado,Real Estate,Email
CUST005304,Zachary Lee,cameronkim@example.org,07/16/2025,france,Illinois,,Organic Search
CUST005478,Kristin Boone,adam46@example.net,2025-12-16,U.A.E,Missouri,Manufacturing,paid search
CUST004959,Mr. Daniel Schmidt DDS,ybennett@example.net,2024-08-08,singapore,,Manufacturing,SEO
CUST007783,Krista Ward,jenniferanderson@example.org,27-05-2024,france,Arizona,Technology,REFERRAL
CUST002922,Selena Hodge,zmoore@example.org,2026-04-21, India,Arkansas,Healthcare,EMAIL
CUST009321,  Daniel Martinez  ,iwilson@example.net,23 Apr 2026,  US  ,Pennsylvania,Healthcare,paid search
CUST007367,  John Woods  ,thomasmarcia@example.com,2023-08-17,India,Ohio,Real Estate,Display
CUST003428,Monique Krueger,kyleanderson@example.org,2025-07-30,US,Pennsylvania,,PPC
CUST007067,MRS. TINA TRUJILLO,briana52@example.com,2025-02-16,france,California,Hospitality,PPC
CUST002196,Jane Neal,daniel71@example.com,20 Jun 2023,Singapore,Utah,Education,  DISPLAY  
CUST008142,  Robert Smith  ,tony92@example.org,26-11-2025,singapore,Iowa,Hospitality,Facebook Ads
CUST002435,Edward Jones,davisjennifer@example.org,2024-07-25,SG,,Logistics,Affliate
CUST008956,David Gillespie,brandon97@example.com,2025-09-04,CA ,Georgia,Manufacturing,Facebook Ads
CUST000845,Jeffrey Crawford,pittmanamanda@example.com,2024-12-04,United Kingdom,Kentucky,Technology,EMAIL
CUST004481,Dr. Larry Downs,hessadam@example.net,2026-02-06,BR,New York,Retail,social
,Tammy Young,theresacochran@example.com,15-01-2024,Germany,Alaska,Manufacturing,  Display Ads  
CUST000954,  Michelle Hoffman  ,schneiderchristopher@example.net,16-06-2025,singapore,Ohio,Real Estate,Partner
CUST004598,  Leroy Barrera DDS  ,gregory98@example.com,07-12-2023,France,Idaho,Retail,Facebook Ads
CUST008701,Devin Howard,mdavis@example.com,06/07/2024,Brazil,Nebraska,Manufacturing,REFERRAL
CUST000961,Deanna David,williamsjohn@example.net,28-01-2025,U.S.A,Pennsylvania,Logistics,Facebook Ads
CUST003262,Jeffery Jennings,manningjessica@example.com,2026-01-11,brazil,Iowa,Healthcare,Email
CUST006250,Debra Bryant,ureynolds@example.net,2026-06-13,Canada,South Dakota,Healthcare,  Partner  
CUST005525,Juan Torres,ingramsara@example.com,2023-05-15,United states,West Virginia,Healthcare,social
CUST008645,Kimberly Guerrero,ajones@example.com,2025-04-01,Australia,,Logistics,ORGANIC
CUST001012,Eric Oneal,selenabrooks@example.net,02/15/2025,US,Colorado,Hospitality,DISPLAY
CUST005121,Tyler Underwood,vzuniga@example.net,,United Kingdom,Florida,Media,Display
CUST002765,Jasmine Scott,martinmorgan@example.net,08-11-2023,Germany,Mississippi,Real Estate,PPC
CUST003810,Kara Wong,danielle96@example.com,07/29/2026,  brazil  ,Rhode Island,Education,SOCIAL
CUST005238,Sandra Poole,brownangela@example.org,05-04-2023,  United Arab Emirates  ,Arizona,Hospitality,E-mail
CUST001244,Maria Mueller,xsmith@example.org,2023-11-19,United Kingdom,North Carolina,Hospitality,affiliate
CUST005216,Donna Moore,paul77@example.org,16-03-2025,australia,,Hospitality,ORGANIC
CUST005049,Chad Brown,savagejeffrey@example.net,03/31/2024,US,Vermont,Hospitality,ORGANIC
CUST003978,Mr. Thomas Adams,scottvargas@example.net,2025-05-30,U.A.E,Tennessee,Manufacturing,Partner
CUST008777,Paul Gibbs,jacobwilliams@example.org,,France,Alaska,Technology,Display Ads
CUST009893,Kelsey Fletcher,pattersonlauren@example.org,25-04-2025,France,,Education,Display
CUST000896,Dominique Goodwin,davidhenry@example.com,2023-03-12,canada,West Virginia,Media,Referral
CUST004953,Linda Ortiz,aharding@example.net,2026-07-27,france,Texas,,display
CUST001197,Russell Arnold,osanchez@example.org,2024-02-20,United states,West Virginia,Hospitality,Organic
CUST002121,Monica Matthews,elizabeth14@example.org,02/29/2024,  germany  ,New Mexico,Real Estate,SEO
CUST001007,Dana Williams,melissaphillips@example.org,2025-08-10,US,Massachusetts,Logistics,Google Ads
CUST005837,Steven Romero,stephanie59@example.com,24-08-2024,U.S.A,Maryland,Manufacturing,display
CUST004724,Ryan Mullins,lorifields@example.org,2023-09-26,Brazil,Oklahoma,Media,  AFFILIATE  
CUST007520,Angela Greene,john28@example.com,2024-10-25,BR,Ohio,Hospitality,Partner
CUST005908,  Wayne Brown  ,samuel37@example.net,16-04-2026,brazil,Maryland,Hospitality,email
CUST002256,Diana Franklin,bcase@example.com,2023-10-22,  SG  ,Idaho,Real Estate,PPC
CUST000652,Christina Harris,,2023-09-12,Singapore,,Hospitality,Referal
CUST003227,Nathaniel Campbell,ikemp@example.net,2024-10-13,Canada,Nebraska,Media,Email
CUST004518,Ryan Doyle,dana10@example.net,2025-08-29,Brazil,Hawaii,Hospitality,social
CUST002965,John Stevens,yatkins@example.net,2024-02-10,United Arab Emirates,Iowa,Healthcare,Email
CUST007626,Thomas Banks,timothywhite@example.com,2023-12-19,INDIA,Washington,Technology,Banner
CUST001721,Raymond Rocha,carrolljessica@example.com,17-04-2025,United Arab Emirates,New Hampshire,,referral
CUST002064,Shannon Andrews,twagner@example.org,08 Jul 2025,CA ,Florida,Healthcare,Paid-Search
CUST009113,  James Austin  ,phenson@example.org,2026-03-22,U.A.E,Kansas,Manufacturing,DISPLAY
CUST004664,Peter Benton DVM,rebeccawolfe@example.org,13-03-2025,United Kingdom,Vermont,Manufacturing,display
CUST009289,  Stephen Buchanan   ,,09-01-2023,germany,New Mexico,Hospitality,DISPLAY
CUST006168,Madison Stephens,nicole65@example.org,2024-10-03,france,Oregon,Manufacturing,Organic Search
CUST009465,Gabrielle Garcia,jsmith@example.org,12/04/2023,USA,Kentucky,Retail,Affliate
CUST000291,Anthony Jones,rachel90@example.org,10/08/2024,India,Massachusetts,Logistics,display
CUST002391,Maria Sullivan,klewis@example.com,2024-11-24,U.S.A,,Manufacturing,Display
CUST004657,Kimberly Schmidt,vargaspamela@example.net,2023-05-10,england,,Retail,paid search
CUST002900,Mrs. Brittney Ayala,uhaney@example.org,2023-03-01,SG,Florida,,  referral  
CUST009730,Carla Howard,tonicordova@example.org,02-12-2024,Germany,,Logistics,Google Ads
CUST009146,  Austin Stephens  ,ahernandez@example.net,03-06-2024,france,Montana,Finance,social media
CUST001404,Audrey Gomez,garnerjeffrey@example.org,05/29/2024,UK,Massachusetts,Logistics,PPC
CUST001000,  Robin Aguirre  ,lharris@example.org,2024-03-23,Australia,Mississippi,Manufacturing,PAID SEARCH
CUST000575,Margaret Mcfarland,kwelch@example.com,19 Jan 2026,england,,Hospitality,Display
CUST000106,Emily Smith,hdavis@example.com,2023-12-20,Singapore,Delaware,Healthcare,AFFILIATE
CUST007879,Adrienne Hickman,wyatt39@example.net,2024-06-08,France,Texas,Technology,Referral
CUST009376,Jennifer Warner,samuelbell@example.org,06/30/2024,brazil,Alaska,Healthcare,Facebook Ads
CUST001589,Brett Bailey,christophermcneil@example.org,2024-09-04,BR,New Mexico,Logistics,paid search
CUST009539,Riley Peters,martineztodd@example.org,2024-07-06,CA ,,Logistics,email
CUST009361,Kara Williams,mguerra@example.com,08/13/2023,BR,Maryland,Hospitality,Google Ads
CUST000860,Brian Lewis,scott49@example.org,2023-11-09,australia,New York,Finance,SOCIAL
CUST008034,Daniel Perkins,trevormedina@example.org,2023-12-30,SG,Missouri,Healthcare,ORGANIC
CUST009657,Cameron Barajas,penanicholas@example.org,2023-11-12,Australia,,Hospitality,Facebook Ads
CUST006032,Heather Powers,twong@example.org,02-05-2023,FR,,Manufacturing,  Display  
CUST000493,  Michael Lopez  ,jillwilson@example.org,2023-02-17,australia,Nevada,Healthcare,Facebook Ads
CUST005298,  Olivia Anderson  ,campbelllisa@example.org,10-12-2023,singapore,Kansas,Logistics,referral
CUST001274,Tamara Williams,jonescody@example.com,11/01/2025,AUS,Washington,Media,Google Ads
CUST008105,Joseph Kidd,scott41@example.com,2023-07-16,CA ,West Virginia,Education,social
CUST001078,William Savage,nsims@example.org,2023-01-17,  US  ,South Dakota,Media,Facebook Ads
CUST001681,  Alicia Holloway  ,ppineda@example.com,2025-09-07,DE,,Retail,SEO
CUST002840,Sarah Collins,,02/17/2024,FR,Wyoming,Technology,PAID SEARCH
CUST007076,Corey Benson,markwhite@example.com,,Brazil,Utah,Real Estate,Affiliate
CUST000692,James Miller,mwhite@example.net,2026-06-08,US,South Dakota,,organic
CUST006782,Nicole Simmons,prodriguez@example.org,2023-11-07,Australia,New Jersey,Education,Affiliate
CUST000319,Sonya Cole,tprice@example.org,16-03-2026,United Kingdom,,Real Estate,Paid-Search
CUST002322,Dr. Cameron Liu II,blakefrank@example.org,2025-08-15,UK,,Education,affiliate
CUST006568,Daisy Meyer,reyesamber@example.net,29-01-2025,england,Florida,Hospitality,Display
CUST000731,Sandra Smith,foxgina@example.com,2023-02-17,canada,Iowa,Education,organic
CUST006399,  ELAINE FISHER  ,mindy83@example.org,2023-12-10,France,Montana,Logistics,SEO
CUST005379,Rebecca Hartman,victorcoleman@example.net,2026-07-03,FR,South Carolina,Education,DISPLAY
CUST005643,Taylor Williams,pcastro@example.org,07/08/2026,brazil,Michigan,Technology,AFFILIATE
CUST000201,JEREMY ACOSTA,christina64@example.net,2023-04-26,DE,Arkansas,,Social
CUST004090,Dr. Phillip Anderson,jeanette39@example.org,,DE,Illinois,Media,Partner
CUST009288,Mark Case,dennis12@example.org,25-05-2024,United Kingdom,Vermont,Education,Organic Search
CUST003335,Christopher Garner,,2023-03-26,FR,North Dakota,Technology,Paid Search
CUST003386,Henry Robinson,patelnicholas@example.com,2024-10-31,france,New York,Real Estate,Facebook Ads
CUST003375,Beverly Jenkins,welchrose@example.net,2026-06-20,  United Arab Emirates  ,Wisconsin,Finance,Instagram
CUST009293,  Rachel Russell  ,samantha43@example.com,20-12-2024,U.K.,,Healthcare,Affiliate
CUST003800,Bryce Thompson,dennis53@example.com,05/22/2026,U.K.,Utah,Finance,Paid-Search
CUST000396,Joseph Diaz,brookssheri@example.com,2025-05-21,france,,Education,Organic
CUST008578,Joshua Pope,joneschris@example.org,2023-12-15,United States,,Technology,SEO
CUST003257,Cody Lynch,higginskelly@example.org,05/14/2026,SG,West Virginia,,Email
CUST006863,Annette Mckee,jamiesanders@example.com,2024-11-22,United Kingdom,,Media,Email Marketing
CUST007612,Caitlin Perez,hubbardsamuel@example.com,2024-12-26,United States,,Education,Paid-Search
CUST008543,Barry Browning,jasminemyers@example.org,11/11/2025,Germany,Pennsylvania,Media,AFFILIATE
CUST004621,Casey Kelly,ymontgomery@example.com,2025-02-10,INDIA,Virginia,,Facebook Ads
CUST004798,Mary Cook,huffdavid@example.org,04 Jun 2025,CA ,Indiana,Media,ORGANIC
CUST009444,Jacob Arnold,troy82@example.net,2023-11-27,India,Washington,Retail,Affiliate
CUST009962,Ryan Glass,gallagherrobert@example.net,2024-09-05,U.A.E,Oregon,Healthcare,ORGANIC
CUST004806,James Taylor,timothy75@example.org,2024-03-06,brazil,Vermont,Logistics,Referal
CUST003571,Ashley Conner,robin48@example.com,2023-02-09,INDIA,Kansas,Manufacturing,affiliate
CUST009453,Carlos Gomez,robinsonkimberly@example.com,08 Feb 2025,australia,North Dakota,Technology,social media
CUST007967,Mr. Thomas Smith DVM,edavis@example.org,2025-01-26,U.A.E,Nevada,Manufacturing,SEO
CUST008442,Amanda Schultz,hamiltonangel@example.com,2024-05-07,IN,Iowa,Education,Paid-Search
CUST002896,  Charles Nixon  ,mkeller@example.net,31-12-2024,  france  ,North Dakota,,AFFILIATE
CUST000246,Tonya Howe,smithashley@example.org,2023-09-10,  singapore  ,Michigan,Hospitality,Banner
CUST001034,James Hopkins,longsonya@example.org,2025-02-05,BR,Hawaii,Logistics,Paid Search
CUST004002,Craig Davis,xcarter@example.net,04/28/2023,DE,Texas,Retail,affiliate
CUST007378,Juan Dillon,foleypatricia@example.org,17-08-2023,canada,South Dakota,Retail,Paid Search
CUST005545,Casey Hernandez,abigailforbes@example.com,2025-08-20,UAE,Michigan,,SOCIAL
CUST006902,Angelica Johnson,glennruben@example.com,2024-08-01,France,Wisconsin,Education,Organic Search
CUST005032,Michael Tucker,collinsjose@example.com,14 Dec 2025,UK,Alabama,,Email
CUST002280,Roger Wheeler ,,09/26/2025,canada,New York,Hospitality,Facebook Ads
CUST000235,Michele Stone,whitney78@example.com,2023-01-27,United States,Massachusetts,Finance,Partner
CUST005087,Bryan Rose,moralesjessica@example.org,03 Aug 2024,Germany,Connecticut,Technology,Display Ads
CUST008529,Lauren Montoya,marshkristina@example.org,2024-05-15,singapore,Alaska,Retail,Email Marketing
CUST008527,Samuel Serrano,austinbrown@example.com,2023-04-08,UAE,Kansas,Real Estate,ORGANIC
CUST005055,Krista Horton,gnixon@example.org,12/27/2025,AUS,,,SEO
CUST000350,Brian Goodwin,bbell@example.com,2024-12-25,USA,,Education,Email
CUST006335,Patrick Santana,richardelizabeth@example.org,24-01-2026,france,Massachusetts,Technology,AFFILIATE
CUST008196,Mark Collins,tatedustin@example.net,21-06-2025,U.A.E,Maine,Healthcare,Banner
CUST009468,Olivia Diaz,johnsonlisa@example.com,04-05-2025,Singapore,,Real Estate,Social
CUST008656,Shawn Wagner MD,dharris@example.com,01/23/2023,AUS,Iowa,,Referral
CUST006566,Marisa Murphy,amymathews@example.com,2025-05-16,france,Oklahoma,Healthcare,Organic
CUST004099,Jennifer Johnston,tracymurray@example.net,02/11/2025,AUS,New York,Finance,EMAIL
CUST007833,Brittany Meyers,brenda03@example.org,,SG,Georgia,Media,Organic
CUST007098,Susan Hull DDS,xpham@example.com,2024-11-18,  INDIA  ,Hawaii,Education,Partner
CUST000958,Alexander Rice,hscott@example.org,2026-04-22,FR,Ohio,,Email Marketing
CUST003787,Jill Jackson,bryanlee@example.org,2025-08-10,INDIA,Vermont,Manufacturing,AFFILIATE
CUST006888,Brian Adams,jennifer99@example.org,07-04-2025,Canada,Virginia,Logistics,SEO
CUST001035,Mark Carter,wolfejennifer@example.org,08-01-2024,IN,New York,Real Estate,Email Marketing
CUST004321,Dr. April Mendoza,cummingsandrea@example.com,2026-01-04,india,Oregon,,Paid-Search
CUST007755,Jorge Carter,henry37@example.com,2024-11-16,Germany,New Hampshire,Finance,Email
CUST006292,James Hall,coxpatrick@example.com,2026-06-17,India,Utah,Logistics,Referral
CUST000408,Monica Baker,kenneth10@example.com,2023-03-24,United Kingdom,Oregon,Finance,Email
CUST008135,Brandi Jones,isabel78@example.org,31-03-2026,Singapore,Maine,Logistics,Partner
CUST002578,Matthew Cole,adrianchang@example.org,2024-01-25,Australia,Alaska,Technology,email
CUST004221,Timothy Morrow,campbellsergio@example.org,2023-01-22,UAE,Arizona,Manufacturing,Google Ads
CUST002216,Heidi Goodwin,brandon64@example.com,30-11-2023,AUS,Tennessee,Technology,EMAIL
CUST005145,Sarah Stark,estradakimberly@example.org,2026-03-08,germany,Texas,Retail,email
CUST006562,Desiree Everett,graysierra@example.org,2024-06-12,U.A.E,,Technology,  Referal  
CUST007197,Mr. Aaron Boyer,sarah25@example.org,2023-02-26,UK,Wisconsin,Education,Email Marketing
CUST008457,Robin Morse,victor69@example.com,2023-02-06,France,North Dakota,Manufacturing,referral
CUST009684,Tyler Ward,esalazar@example.org,24-12-2023,UK,,Finance,Partner
CUST006484,Gary Henry,timothyproctor@example.org,2023-12-19,United Kingdom,Washington,Finance,Organic
CUST003585,Victoria Nelson,frank98@example.net,31-07-2023,United states,Kansas,Hospitality,Google Ads
CUST009923,Scott Luna,sherri52@example.com,03/02/2024,france,Montana,Logistics,Referal
CUST008251,Christina Smith,sarahmartin@example.com,2025-03-11,USA,Maine,Real Estate,  SOCIAL  
CUST009142,James Bonilla,,2025-08-29,USA,,,Partner
CUST008596,Lisa Lyons,rileydavid@example.net,25-02-2026,United Kingdom,Oklahoma,Manufacturing,display
CUST004987,Christopher Herring,ckelly@example.net,2025-03-15,U.A.E,Hawaii,,SEO
CUST001339,David Kim,jeremiah26@example.net,2023-01-20,  United Kingdom  ,,Finance,  social  
CUST001611,Laurie Chambers,scottchambers@example.com,01/13/2023,canada,Alabama,Finance,SEO
CUST003705,  Stephen Levy   ,,2024-01-19,United Kingdom,Illinois,,Organic Search
CUST004121,JEREMY JACKSON,hansenjoshua@example.net,2024-10-12,BR,North Dakota,Technology,Referral
,Kathleen Stephenson,rweber@example.org,21-05-2026,Australia,Arizona,Education,Display
CUST008856,Victoria Ellis,joshuapennington@example.org,2024-09-18,BR,Montana,Hospitality,affiliate
CUST005583,Cheryl Miller,zsullivan@example.net,2026-01-16,UAE,Hawaii,Healthcare,Display
CUST002412,Betty Vazquez,daltonkathleen@example.com,2023-10-14,india,Massachusetts,Hospitality,display
CUST008373,  Monica Miller  ,scottunderwood@example.org,2025-04-28,UAE,Alaska,Retail,Affiliate
CUST006142,Brian Rodriguez,amberquinn@example.com,04-02-2025,england,Arkansas,Retail,referral
CUST001434,Shelby Adams,karinorton@example.net,2025-06-18,Germany,New York,Finance,EMAIL
CUST009766,Bruce Franco,jesusjames@example.org,2023-04-17,brazil,Nebraska,Media,  REFERRAL  
CUST008252,Alex Curtis,gjackson@example.org,27-08-2023,  DE  ,Nebraska,Education,display
CUST004424,Julie Smith,david30@example.org,12-08-2024,france,New Hampshire,Media,SOCIAL
CUST000126,Jeremiah Riley,christopherphillips@example.net,12/25/2023,UAE,Nebraska,Logistics,Paid-Search
CUST003226,  Kimberly Vasquez  ,michaeltorres@example.com,2025-09-21,Germany,Iowa,Technology,Paid-Search
CUST008851,Jimmy Brewer,joeortiz@example.org,2025-12-29,USA,Louisiana,Technology,organic
CUST008613,  Antonio Aguirre  ,patriciamoore@example.org,25-01-2025,U.A.E,Colorado,Retail,Display
CUST002910,Linda Jones,vjohnson@example.net,06/12/2024,FR,Massachusetts,Retail,Display
CUST008263,Thomas Miller,gwilson@example.org,2024-09-24,IN,North Carolina,,affiliate
CUST004644,Terry Johnson,sarahwashington@example.net,2026-02-22,canada,Nebraska,Finance,social media
CUST008411,Tara Stephenson,wrightcraig@example.net,20-09-2025,england,Nebraska,Education,Display Ads
CUST000360,Michael Miles,tylerreed@example.net,10-06-2025,brazil,Washington,Manufacturing,referral
CUST006258,  Michael Cox  ,zachary45@example.org,2024-07-24,australia,Massachusetts,Manufacturing,affiliate
CUST002402,John Miller,derrick63@example.com,2024-03-04,U.A.E,Indiana,Real Estate,Organic Search
CUST006633,Sarah Matthews ,,29 Aug 2023,UK,Connecticut,Technology,Referral
CUST003183,Andrew Morales,,2023-09-08,U.S.A,,Retail,REFERRAL
CUST008551,Richard Ramsey,tthomas@example.com,21-11-2025,india,Delaware,Real Estate,AFFILIATE
CUST001410,Amanda Watts,pwelch@example.net,03/20/2026,United Kingdom,Minnesota,Education,Affiliate
CUST001826,Emily Robinson,nharris@example.org,2023-07-20,Australia,Hawaii,Manufacturing,SEO
CUST006035,Thomas Gilbert,victor05@example.net,25-01-2026,USA,Idaho,Hospitality,Partner
CUST005957,Andrew Mcdaniel,longscott@example.net,2024-02-03,INDIA,Louisiana,Technology,Facebook Ads
CUST005360,Marie Mcknight,justinellison@example.com,2025-07-09,CA ,Arkansas,,E-mail
CUST001745,Keith Carroll,sharpjennifer@example.com,2023-07-30,brazil,California,Media,REFERRAL
CUST005593,Samuel Morris,mlawson@example.org,2025-08-27,IN,Arizona,Media,Referral
CUST003799,John Berg,cynthia27@example.net,,Canada,North Dakota,Real Estate,Referral
CUST003507,Rebecca Scott,gmcdonald@example.net,07/31/2025,  australia  ,South Carolina,Education,display
CUST007654,KRISTY HARRIS,tamara59@example.net,12-11-2024,FR,Mississippi,Retail,Organic
CUST007409,Nathan Wright,romerowilliam@example.net,2024-09-27,canada,Louisiana,Retail,Affiliate
CUST002309,Courtney Walton,whiteryan@example.org,23-06-2025,United Arab Emirates,Connecticut,Manufacturing,referral
CUST004038,Charles Williams,laurasmith@example.org,10/25/2025,Singapore,Montana,Manufacturing,Partner
CUST000712,Jessica White,,2023-10-31,brazil,Minnesota,Technology,  display  
CUST004291,Matthew Miller,joseph33@example.net,16-07-2025,australia,,Logistics,Referral
CUST009351,David Gonzalez,joneslori@example.net,2023-06-12,brazil,Alabama,Healthcare,Partner
CUST006633,Sarah Matthews,lawsonemily@example.com,29 Aug 2023,UK,Connecticut,Technology,Referral
CUST002865,James Singh,allen57@example.net,04-03-2023,IN,New Hampshire,Finance,SOCIAL
CUST004094,Zoe Davis,tina65@example.org,2024-06-07,UK,Georgia,Finance,DISPLAY
CUST009335,James Shaffer,mary10@example.org,11 Sep 2024,INDIA,Tennessee,Finance,  Facebook Ads  
CUST002784,Melanie Ramos,lmyers@example.org,29 Jan 2025,USA,Wisconsin,Finance,Referal
CUST004128,Joseph Welch,sharris@example.com,01/02/2024,France,New Jersey,Technology,AFFILIATE
CUST001407,Lori Sanchez,,2024-10-18,United Arab Emirates,Illinois,Healthcare,Affliate
CUST000018,Sandra Parker,allenashley@example.org,10/05/2024,germany,Colorado,,organic
CUST009281,  Ricky Morgan  ,westryan@example.net,2024-12-09,DE,,Logistics,ORGANIC
CUST001482,Gregory Ruiz,ehale@example.net,2025-12-10,BR,Missouri,Media,Organic Search
CUST002695,Matthew Morris,ebrown@example.net,09/20/2025,France,Rhode Island,Healthcare,  Facebook Ads  
CUST002678,George Garner,taylorkaylee@example.com,2026-06-24,UAE,New York,Manufacturing,AFFILIATE
CUST001129,Sharon Arnold,mosleygeorge@example.com,20-02-2023,BR,Idaho,Real Estate,Banner
CUST000431,Jason Smith,wellsdavid@example.org,01-09-2025,France,Rhode Island,Retail,Referral
CUST007663,Abigail Garrett,jonesdeborah@example.net,10-04-2023,United Arab Emirates,New York,Finance,PPC
CUST002085,Chad Rivera,ubutler@example.net,2023-11-22,INDIA,North Carolina,Manufacturing,Organic Search
CUST005484,Alyssa Foster,brianhancock@example.net,2025-05-20,australia,Georgia,Technology,Paid-Search
CUST003247,  Zachary Taylor  ,contrerasmaria@example.com,09-02-2026,IN,Nevada,Real Estate,Instagram
CUST003515,Brenda Cameron,jameschaney@example.net,2025-02-08,australia,Iowa,Logistics,PPC
CUST005563,Judy Russell,,2025-04-27,australia,Tennessee,Finance,  Referal  
CUST006644,  Terry Gonzalez  ,burgesskevin@example.org,,FR,,Hospitality,Display
CUST008314,Jesus Rodriguez,maria63@example.com,2024-05-10,  CA   ,New York,Logistics,display
CUST007817,Steven Wade,davidanderson@example.net,16 Jan 2026,Canada,New Hampshire,Media,Affliate
CUST002732,Debra Lee,brownhayley@example.com,20-04-2025,england,Minnesota,Real Estate,  social media  
CUST001687,Daniel Lee,stacydaniel@example.net,2023-12-27,singapore,Mississippi,Healthcare,social media
CUST001467,Dustin Ramirez,robert34@example.org,12/11/2023,India,,Healthcare,Referral
CUST007878,Michael Cox,lhartman@example.org,03/05/2024,CA ,Washington,Education,  Organic Search  
CUST007183,James Meyer,joan88@example.net,2025-01-26,France,Illinois,Logistics,Google Ads
CUST009758,Richard Adams,brandon82@example.org,11/22/2024,CA ,South Dakota,Retail,referral
CUST000530,Bailey Hall,jennifer77@example.com,2024-02-26,canada,Indiana,Healthcare,Affliate
CUST008890,Michael Robinson,rileynicole@example.org,25-07-2024,France,Kansas,Logistics,SEO
CUST007066,Jason Sutton,,26-06-2023,brazil,Tennessee,Hospitality,social
CUST005625,Dr. Nicholas Wilkinson,lindaperez@example.com,2024-09-29,United states,Nevada,Retail,Affiliate
CUST001257,Rhonda White,bergerdonna@example.net,2025-10-05,United Arab Emirates,Rhode Island,Real Estate,email
CUST003278,David Castro,baueremily@example.net,2024-12-24,SG,Massachusetts,Real Estate,  REFERRAL  
CUST002842,Dr. Stacey Holt,egutierrez@example.net,2026-02-17,US,California,Technology,PAID SEARCH
CUST000969,  Dr. Christine Wagner PhD  ,cynthia74@example.org,2025-05-14,AUS,,Healthcare,affiliate
CUST002456,Brandi Valdez,edwardmitchell@example.org,2026-02-14,UK,Massachusetts,Technology,Organic Search
CUST003956,Eric Chang,theresamack@example.org,2025-04-26,United Kingdom,Alabama,,paid search
CUST007796,Rodney Patton,nicolerandolph@example.net,2024-10-13,Canada,Maryland,Hospitality,  email  
CUST002743,  Shannon Walsh  ,jillian19@example.com,2023-01-21,U.A.E,Hawaii,Logistics,Display
CUST004913,Heather Cannon,kshelton@example.org,29-08-2025,United states,Virginia,Technology,DISPLAY
CUST007638,  Danielle Chambers  ,lindsey19@example.com,26-11-2023,AUS,Kentucky,Technology,Display Ads
CUST008304,Emily Ford,ydyer@example.com,02/11/2023,US,Georgia,Manufacturing,referral
CUST003497,Melissa Thomas,angelawong@example.net,2024-07-03,SG,,Real Estate,affiliate
CUST005213,Martha Johnson,margarethart@example.net,2023-11-08,France,Arkansas,,Affiliate
CUST008332,Tyler Rivera,sampsonashley@example.com,2024-12-30,US,Mississippi,Healthcare,  display  
CUST002685,Cody Ramos,pittmanwesley@example.com,11/01/2024,CA ,Virginia,Retail,AFFILIATE
CUST002268,Joel Pacheco,erin07@example.com,19-09-2025,australia,Vermont,Hospitality,Banner
CUST007834,Melissa Davis,renee59@example.net,2023-03-22, India,West Virginia,Hospitality,PAID SEARCH
CUST002920,Jacqueline Torres,peter58@example.com,2024-05-24,canada,Utah,Education,SOCIAL
CUST008827,Susan Carr,,07-01-2025,INDIA,New York,,E-mail
CUST000222,Taylor Griffith,kathrynjimenez@example.net,2024-03-22,singapore,New Jersey,Logistics,Banner
CUST004340,Shannon Dickerson,elizabethestes@example.com,2026-03-14,U.K.,,Hospitality,Paid Search
CUST008564,Jennifer Carter,christian16@example.org,2025-01-31,australia,Arkansas,Retail,Affliate
CUST006696,BRANDON WONG,thomas08@example.org,2023-01-14,Australia,,Finance,REFERRAL
CUST003474,Tonya Turner,turnersteven@example.com,2025-10-20,U.K.,,Retail,EMAIL
CUST000088,Nicole Garcia,andrewstaylor@example.com,09-05-2026,INDIA,Michigan,Manufacturing,PAID SEARCH
CUST004976,Frank Bradley,joshuafrost@example.com,2023-06-27,AUS,Nebraska,Real Estate,organic
CUST001734,Lisa Li,tracyharrison@example.org,2026-05-09,FR,Massachusetts,Hospitality,REFERRAL
CUST009101,Mark Roberson,stephanie26@example.com,05-04-2025,singapore,,Finance,email
CUST006944,Thomas Simmons,tjones@example.net,2023-01-17,France,Idaho,Logistics,Partner
CUST005469,Sarah Kennedy,fmartin@example.net,2026-07-08,brazil,Vermont,,affiliate
CUST005026,Samantha Baker,seth65@example.org,19 Sep 2025,CA ,Kentucky,,email
CUST000862,  MIKE UNDERWOOD  ,brewerrebecca@example.org,2023-03-20,United Kingdom,West Virginia,Retail,display
CUST002001,Jennifer Jackson,shellyobrien@example.net,2024-12-08,BR,,Finance,E-mail
CUST005493,Kimberly Munoz,mmanning@example.org,2024-01-21,brazil,New York,Finance,PPC
CUST000094,Julie Johnson,jasmine71@example.net,2023-06-21,U.K.,,Retail,SEO
CUST001174,  Diana Scott  ,medinatiffany@example.net,04-10-2024,brazil,Connecticut,Healthcare,Affiliate
CUST002814,Mitchell Hayes,xwright@example.com,2025-03-09,singapore,Virginia,Media,DISPLAY
CUST009887,Brian Farrell,ogolden@example.org,06/01/2026,FR,Maryland,Retail,Email Marketing
CUST005890,Nancy Garcia,qgomez@example.org,27-10-2025,Singapore,Idaho,Finance,E-mail
CUST000812,Kristin Norris,butlersabrina@example.org,04/29/2025,england,,,social
CUST008546,Todd Moore,wanda26@example.net,2023-05-07,UAE,,Media,Google Ads
CUST002201,Jessica Jenkins,,2026-03-14,BR,Maryland,Real Estate,Email Marketing
CUST005913,James Mcclain,william97@example.net,15-12-2025,canada,Utah,Healthcare,REFERRAL
CUST002970,  Jordan Clark  ,collinskyle@example.com,2025-04-11,UAE,,Real Estate,Referal
CUST004498,Timothy Garcia,maria33@example.net,16-02-2024,U.A.E,Arkansas,Media,SOCIAL
CUST003314,Andrew Horton,mhall@example.com,2024-10-26,Germany,Minnesota,Manufacturing,referral
CUST006512,Cynthia Miller,lsilva@example.org,04-02-2024,Canada,,Technology,Partner
CUST008222,Thomas Hensley,kennethjennings@example.org,2025-08-21,germany,Rhode Island,Healthcare,EMAIL
CUST009415,Sarah Solis,tristan86@example.org,2023-07-25,FR,,Finance,PPC
CUST001096,Cheryl Price,,,Germany,Florida,Healthcare,Email
CUST008131,Michelle Washington,kimberly02@example.com,14-07-2026,France,Wisconsin,Media,Instagram
CUST002887,Deborah Lambert,afoster@example.com,10/11/2024,INDIA,Utah,,Banner
CUST001416,Deborah Stewart,blamb@example.com,07 Feb 2024,Singapore,Kentucky,Finance,Organic Search
CUST009408,Jack Short,ufoster@example.net,16-01-2023,UK,California,Retail,Social
CUST000400,Amanda Guzman,daniellegarcia@example.com,2025-09-06,BR,Georgia,Hospitality,social media
CUST006517,Renee Aguilar,ktaylor@example.org,2025-12-11,United Arab Emirates,,Technology,social media
CUST002982,Elizabeth Norton,yfletcher@example.org,2024-09-04,USA,,Logistics,EMAIL
CUST005491,Tiffany Price,dawn01@example.net,,U.K.,Connecticut,Media,SOCIAL
CUST002469,Corey Smith,williamsfrank@example.com,29-01-2026,US,Ohio,Healthcare,Instagram
CUST008566,  James Turner  ,rachel17@example.net,2026-01-05,France,,Finance,EMAIL
CUST006573,Brenda Lutz,gabrielcasey@example.org,01/10/2024,Australia,Nevada,Retail,paid search
CUST001090,Tony Graves,grahamjennifer@example.org,2026-04-30,Singapore,Massachusetts,Hospitality,Referral
CUST003654,Garrett Davila,krystal74@example.org,11/21/2023,Brazil,Iowa,Media,Referral
CUST002444,Thomas Daugherty,gibsonbrandon@example.com,2023-05-29,Canada,,Technology,Referal
CUST007165,Erin Harrington,jrasmussen@example.org,07/15/2023,India,,Healthcare,AFFILIATE
CUST006622,Traci Kelley,colemandawn@example.org,2023-02-09,france,Wisconsin,Healthcare,Partner
CUST009003,Scott Davis,levimosley@example.net,02/19/2025,United states,Nevada,Manufacturing,REFERRAL
CUST005161,Jeffrey Bean,vduarte@example.net,2023-12-01,BR,Washington,Education,PPC
CUST002698,Daniel Brown,gregoryschneider@example.com,2023-05-08,germany,,Real Estate,Email Marketing
CUST000362,Austin Joseph,crawfordwilliam@example.org,28-10-2023,england,New York,Education,Referal
CUST002630,Christina Strong,fjones@example.org,16 Feb 2026,Singapore,Alaska,Logistics,Referal
CUST002199,Alexander Douglas,lindsay48@example.net,06/09/2025,U.A.E,Kentucky,Manufacturing,Display
CUST007828,Ariel Montgomery,robertojones@example.com,03/11/2026,DE,,,Social
CUST004370,Douglas Rose,hickmanerin@example.org,2026-05-01,SG,Colorado,Manufacturing,  Paid-Search  
CUST009431,Victoria Gonzalez,monique69@example.net,22-05-2024,Brazil,,Technology,PPC
CUST001603,Courtney Smith,alicia29@example.net,2024-03-27,Singapore,North Dakota,Finance,PAID SEARCH
CUST002519,Kimberly Gardner,christinapeters@example.net,2026-07-16,AUS,Utah,Logistics,Display Ads
CUST002741,Kimberly Kaufman,holly72@example.com,10-10-2025,SG,Idaho,Hospitality,EMAIL
CUST004783,Patrick Boone,murraylauren@example.net,2024-08-14,Brazil,,Education,SOCIAL
CUST003391,Brandon Harris,charles30@example.org,07/03/2026,France,Minnesota,Manufacturing,Referral
CUST009650,Anthony Jones,rubencurtis@example.org,2026-06-08, India,Rhode Island,Finance,social
CUST002846,Lisa Caldwell,carriewilson@example.com,,Australia,Arkansas,Media,Affliate
CUST010000,William Bowen,amy25@example.org,2023-07-31,INDIA,Missouri,Healthcare,Affiliate
CUST007035,James Lewis,,10-06-2025, India,Colorado,Retail,EMAIL
CUST005178,  Eduardo James  ,wcampbell@example.net,2025-09-02,SG,North Carolina,,Referral
CUST006838,  Darius Tapia  ,vicki70@example.org,07-09-2023,AUS,New Mexico,Retail,display
CUST006321,Roy Garza,salvarez@example.org,2023-03-23,U.A.E,New Mexico,Hospitality,referral
CUST002190,Amanda Weaver,clinesteven@example.net,03-02-2025,SG,Georgia,Hospitality,E-mail
CUST006704,Kimberly Buck,velazquezalexa@example.org,04/15/2024,  australia  ,North Dakota,,social media
CUST006826,Jordan Burns,smiththomas@example.net,01-07-2026,France,Idaho,Media,organic
CUST005058,Sean Henderson,xbarnes@example.org,2023-08-11,CA ,Ohio,Logistics,display
CUST001497,Kim Foster,christopherdavis@example.net,,India,Georgia,Logistics,Display
CUST003866,Mark Wheeler,briananderson@example.net,05-05-2024,germany,Arkansas,Manufacturing,Facebook Ads
CUST000764,Jason Gonzalez,charlesrichards@example.org,31-12-2025,Australia,Nevada,Logistics,affiliate
CUST009774,Sheila Anthony,kjohnson@example.com,2025-08-07,singapore,,Healthcare,Email
CUST005568,  Joseph Hart DDS  ,tamara83@example.com,08 Jul 2026,IN,California,Retail,Affliate
CUST007581,Diane Ramirez,hwilliams@example.org,28-03-2025,  Singapore  ,Pennsylvania,Retail,  Organic Search  
CUST003835,James Wright,rodriguezmary@example.net,2023-07-30,Australia,Maine,Retail,referral
CUST001682,Jasmine Kent,feliciasalazar@example.com,07/24/2023,  IN  ,South Dakota,Logistics,Paid-Search
CUST002754,Thomas Goodman,wellsryan@example.org,04/03/2024,Germany,Montana,Real Estate,Google Ads
CUST006897,Lisa Richard,owashington@example.org,28-10-2023,United States,Indiana,Hospitality,Referral
CUST004406,Traci Bell,jasmineballard@example.net,,SG,,Healthcare,Paid-Search
CUST001436,Jessica Jones,katherinemartin@example.net,2023-04-17,United states,Delaware,Finance,DISPLAY
CUST003976,Alexandra Gonzalez,oliviagonzalez@example.org,2026-06-10,Brazil,,Media,  Partner  
CUST000440,Daniel Savage,vfrench@example.com,,United Kingdom,Kentucky,Technology,EMAIL
CUST003660,Elizabeth Buchanan,marcfoster@example.com,05/24/2023,United Kingdom,,Real Estate,  Social  
CUST004984,Mary Forbes,sarah00@example.net,2023-08-04,Australia,Tennessee,Real Estate,ORGANIC
CUST006224,Jacob West,cjarvis@example.net,30 Jun 2026,Canada,Missouri,Finance,organic
CUST002236,Christopher Smith,holtpaul@example.com,2024-07-26,United States,Missouri,Education,DISPLAY
CUST009473,Paul Cruz,david06@example.org,2025-01-01,Singapore,Maine,Education,SEO
CUST009532,  Martha Clay  ,donaldhorton@example.com,2024-10-19,USA,Virginia,Technology,email
CUST001761,Sarah Harvey,arroyosarah@example.com,27 Apr 2025,australia,New Hampshire,Media,display
CUST003367,Jon Bowers DVM,christina43@example.com,2025-01-19,CA ,North Carolina,Education,Social
CUST005154,Thomas Holmes,woodslindsay@example.com,21-09-2024,CA ,Idaho,Media,PAID SEARCH
CUST001367,Tiffany Randolph,michele87@example.com,2025-02-25,canada,,Retail,Organic
CUST006014,Miss Jeanette Marshall,jacobkelley@example.net,2023-01-11,United States,Illinois,Education,social media
CUST003012,Patrick Smith,brownjames@example.org,20-04-2023,France,North Carolina,Manufacturing,Paid-Search
CUST005642,Michael Brown,kimberlysimon@example.org,2026-07-26,  United states  ,Connecticut,Logistics,email
CUST005319,Thomas Allen,martinezjessica@example.net,, India,North Dakota,Logistics,email
CUST008205,  Karen Maddox  ,rebekahbeard@example.net,14-09-2025,FR,Florida,Hospitality,PAID SEARCH
CUST008514,Tyler Nelson,nalexander@example.org,23 Jul 2026,France,Vermont,Manufacturing,Facebook Ads
CUST003914,Jennifer Roach,zachary74@example.org,11/24/2024,canada,Montana,Media,Affliate
CUST008419,David Frost,tarafigueroa@example.net,2023-06-08,brazil,California,Finance,PPC
CUST004453,Misty Parker,george85@example.org,2023-07-13,Australia,South Dakota,Technology,PPC
CUST005383,Justin Schultz,jennaschaefer@example.com,2024-08-16,BR,Maine,Media,Affiliate
CUST000448,Shawn Collins,reyesbrianna@example.org,2023-09-24,BR,California,Technology,ORGANIC
CUST002953,Shelley Klein,jbrown@example.com,2024-02-10,FR,New Jersey,Finance,ORGANIC
CUST003840,Stephen Santos,ajones@example.net,2024-03-08,  Canada  ,Tennessee,Manufacturing,paid search
CUST001379,Lawrence Ward,xmerritt@example.com,2024-09-09,france,Maine,Real Estate,Display Ads
CUST005426,Gloria Stone,angela40@example.com,12/01/2023,USA,South Carolina,,DISPLAY
CUST002665,  David Parrish  ,laurentaylor@example.com,08/07/2024,DE,Idaho,Hospitality,Email
CUST000424,Debra Butler,lopezjason@example.com,2025-01-09,CA ,West Virginia,Finance,Display
CUST008667,Sandy Hall,simskathryn@example.com,16-04-2023,India,Massachusetts,Retail,email
CUST003698,  Scott Mayer  ,,2024-11-14,United states,Kentucky,Real Estate,email
CUST005693,Amanda Baker,maciasmichael@example.net,12/15/2023,  Brazil  ,Arkansas,Logistics,Display Ads
CUST008417,William Ramirez,martincarter@example.com,2025-12-29,SG,New Jersey,Technology,Email
CUST009658,Debra Palmer,randall74@example.com,2024-04-08,Singapore,,Hospitality,Organic Search
CUST009394,Terry Gillespie,stephanieperez@example.net,05/31/2024,canada,South Dakota,Media,Referal
CUST003767,Logan Mercado,jenniferedwards@example.com,2025-08-16,United Arab Emirates,Vermont,Retail,REFERRAL
CUST008995,Danielle Wells,jackie05@example.com,2025-10-05,DE,Idaho,Education,organic
CUST005093,Mrs. Katherine Andrade,murraypaul@example.org,01/12/2025,UK,Tennessee,Healthcare,EMAIL
CUST002038,Deborah Waller,,2023-06-18,U.K.,Massachusetts,Manufacturing,Display Ads
CUST001877,Katherine Adams,christina81@example.net,04-02-2023,Germany,Maine,Technology,  Organic Search  
CUST003371,Heather Evans,stewartthomas@example.org,15 Jun 2026,DE,,Hospitality,Banner
CUST008350,Kelly Harper,dorothyallen@example.net,2023-02-01,UK,Hawaii,Real Estate,social media
CUST003074,Regina Garcia MD,adrianrussell@example.org,2023-01-30,Australia,,Education,Display
CUST005377,Christy Evans,yrivera@example.org,30-07-2025,DE,South Carolina,,organic
CUST006382,Lynn Martinez,morganbeth@example.com,,UK,Iowa,Education,Affliate
CUST000653,  Sharon Clay  ,csullivan@example.net,28-12-2025,France,West Virginia,Media,Email
CUST001015,David Brewer,rachel48@example.net,2025-02-07, India,Ohio,Retail,Display
CUST009424,Kristine Hatfield,gmarsh@example.org,05/28/2024,United states,,Finance,organic
CUST000750,Summer Hoover,bryantgeorge@example.net,,United States,California,Manufacturing,paid search
CUST003463,John Vasquez,michelle92@example.org,02-01-2024,singapore,Washington,Education,Partner
CUST005925,Ryan Williams,brookemckenzie@example.org,2023-10-11,Brazil,Tennessee,Healthcare,EMAIL
CUST000486,Paul Skinner,natalie60@example.net,28 Nov 2025,U.A.E,Connecticut,Media,REFERRAL
CUST008356,Danielle Sanchez,julie26@example.org,25-08-2023,United Arab Emirates,Wyoming,Real Estate,Organic Search
CUST000677,Toni Collier,markmorgan@example.net,19-04-2023,DE,New Mexico,Retail,Instagram
CUST006385,Patty Thompson,emoore@example.org,04 Apr 2026,United Arab Emirates,,Hospitality,Display
CUST001491,Anthony Coleman,munozleah@example.com,2023-03-12,AUS,North Carolina,Education,email
CUST000794,Connie Howard ,,2024-04-19,germany,Iowa,Healthcare,Referal
CUST004716,Andrew Green PhD,carolynjones@example.com,05/15/2023,Germany,Washington,,  REFERRAL  
CUST006204,Emily Taylor,robert70@example.com,2024-03-25,INDIA,Hawaii,Real Estate,SEO
CUST004990,  Michelle Garza  ,glambert@example.net,2024-06-06,Germany,North Carolina,Hospitality,REFERRAL
CUST004878,Scott Hernandez,jeffreyramsey@example.com,2024-08-28,india,West Virginia,Retail,email
CUST001943,James Wilkinson,cody79@example.org,22-02-2023,USA,,Education,  SEO  
CUST002966,Cheryl Gomez MD ,,08/21/2025,UK,Wyoming,Technology,Email
CUST003782,Susan Reyes,arnoldjames@example.org,2025-01-23,Australia,,Media,display
CUST005968,Lisa Sweeney,oruiz@example.org,2023-11-27,singapore,Vermont,Finance,Instagram
CUST009114,Bonnie Thompson,justinmayo@example.net,2023-10-27, India,New Jersey,Education,email
CUST007416,Maria Ford,jbeck@example.org,03/27/2024,United Arab Emirates,,Technology,display
CUST001607,Nathan Evans,kingangela@example.com,08-12-2024,Germany,Indiana,Education,ORGANIC
CUST005222,Shannon Miller,melissaponce@example.com,11-04-2025,Canada,Hawaii,Technology,SEO
CUST009866,Joshua Randolph,wrightjacob@example.org,21-07-2024,United States,New York,,ORGANIC
CUST001530,Jeremy Cobb,ashley90@example.org,2023-03-19,United Kingdom,Georgia,Real Estate,Email Marketing
CUST003920,Carol Goodman,pattonmatthew@example.net,2023-08-21,Germany,South Dakota,Real Estate,Social
CUST009441,Monica Quinn,barnesstephanie@example.net,2023-07-07,Australia,Vermont,Manufacturing,SOCIAL
CUST002627,Teresa Fuller,michael04@example.net,2026-01-26,singapore,Montana,Technology,referral
CUST003198,Dennis Walker,fbutler@example.org,2023-12-16,AUS,Wyoming,Retail,Affiliate
CUST006274,Jordan Garcia,aanderson@example.com,2023-07-20,Canada,Arkansas,Media,Display Ads
CUST001037,David Hunter,ojohnson@example.net,10/21/2025,CA ,Utah,Real Estate,referral
CUST003240,Olivia Lopez,rodriguezjohn@example.com,27 Mar 2023,Australia,Oregon,Finance,Affiliate
CUST009523,Emily Anderson,hamiltonteresa@example.net,2025-02-25,UK,Connecticut,Real Estate,paid search
CUST006359,Kenneth Brown,rachelwest@example.net,01-12-2025,CA ,,Hospitality,email
CUST003620,Jennifer Snow,paul49@example.org,2026-07-30,germany,Nevada,Media,display
CUST002159,  Jeffrey Martinez  ,jreyes@example.net,2025-11-01,Brazil,Maine,Education,Display Ads
CUST004940,Patrick Cox,morganwatts@example.com,2026-02-16,Singapore,West Virginia,Media,Paid-Search
CUST005676,Cheryl Wiley,bakerlisa@example.org,2026-06-30,AUS,Alaska,Healthcare,DISPLAY
CUST008151,Amanda Cooper,jennynelson@example.org,2026-02-20,Germany,Arizona,Technology,SOCIAL
CUST008990,Jennifer Rodriguez,joseph17@example.org,2023-09-21,UK,Florida,Technology,referral
CUST008945,Shannon Osborn,collinsjoseph@example.org,03/05/2023,singapore,,Education,SOCIAL
CUST008759,Joseph Jones,wrightdavid@example.org,2024-07-03,United Arab Emirates,Delaware,Media,Affliate
CUST005001,Richard Moss,kelly05@example.net,2024-11-09,DE,Wisconsin,Education,  referral  
CUST009567,Faith Ramsey,doylesarah@example.org,02-12-2023, India,California,Retail,ORGANIC
CUST009854,Daniel Monroe,devans@example.com,2025-01-25,  Australia  ,Kansas,Hospitality,EMAIL
CUST007397,Michael Knox,danielbaker@example.org,2024-06-18,UK,Georgia,Education,SOCIAL
CUST007240,Michelle Lewis,karenvang@example.com,2026-04-07,singapore,,Education,  paid search  
CUST008957,Sheila Ramos,juliegrant@example.org,07/01/2025,FR,Wisconsin,Hospitality,Organic
CUST002141,Steven Parker,woodbrittany@example.com,18-05-2025,FR,Mississippi,Media,social
CUST001744,Alexander Hamilton,randall59@example.org,2026-03-17,US,Tennessee,Logistics,Display
CUST009447,Karen Humphrey,lfigueroa@example.org,2024-10-02,US,Arkansas,Manufacturing,Facebook Ads
CUST006505,Selena Holt,daniel53@example.net,2024-08-25,germany,Missouri,Technology,Affliate
CUST002980,Christopher Underwood,gregorydavis@example.net,2023-05-12,canada,Mississippi,Finance,Instagram
CUST005945,Nathan Cline,wbrown@example.net,13-03-2023,singapore,North Dakota,Manufacturing,Affiliate
CUST000506,James Wilson,maychristine@example.net,2026-03-17,india,,Real Estate,Display Ads
CUST008233,Misty Martinez,nicholasvargas@example.org,06-10-2024,INDIA,Maine,Finance,SEO
CUST004888,Louis Thompson,dpatrick@example.com,2023-05-27,australia,Vermont,Retail,Display
CUST008679,Samuel Scott,ruizmark@example.com,2024-07-17,United Arab Emirates,North Carolina,Retail,Referral
CUST008940,RYAN JONES,morrisjoshua@example.org,27-02-2023,england,Nevada,Technology,Email
CUST004114,Gerald Romero,cwebster@example.net,19-01-2024,SG,Michigan,Logistics,display
CUST004809,John Tanner,chelseasuarez@example.net,2024-11-28,BR,,,Social
CUST006915,Christopher Lowery,ilee@example.net,2023-08-16,United Kingdom,New York,Logistics,PAID SEARCH
CUST009625,Raymond Good,rebecca74@example.org,04/23/2024,SG,North Dakota,Logistics,Display Ads
CUST002949,Elizabeth Thomas,vmorrow@example.net,05 Jun 2025,FR,,Media,affiliate
CUST001599,Robert Freeman,qalvarado@example.com,2025-12-30,U.S.A,Wisconsin,Manufacturing,E-mail
CUST002463,Sophia Dawson,mollystephens@example.net,21-01-2024,england,New York,Manufacturing,SOCIAL
CUST005770,Michael Stevens,fhiggins@example.net,2026-04-23,United Arab Emirates,Alabama,Hospitality,referral
CUST004981,PAMELA NGUYEN,jgordon@example.org,2024-11-25, India,,Logistics,social
CUST008154,Angel Brown,kristine67@example.net,2024-03-29,United Kingdom,Minnesota,Technology,E-mail
CUST004358,Sarah Cole,sbryant@example.net,2024-10-02,India,North Dakota,Retail,paid search
CUST003065,Mrs. Mary Singh DVM,taylormichael@example.com,2025-03-25, India,Washington,,Paid Search
CUST001246,Christian Brooks,matthew96@example.org,2023-07-03,singapore,Oklahoma,Manufacturing,Email
CUST006542,Mary Peterson,gibsonaustin@example.com,05/07/2025,brazil,Mississippi,Technology,paid search
CUST006968,Patricia Jenkins,smithcourtney@example.net,2025-05-14,U.K.,West Virginia,Education,social
CUST001947,Brent Scott,rmartinez@example.net,06-02-2024,Singapore,Pennsylvania,Real Estate,Banner
CUST008500,Steven Davenport,shane31@example.org,08-06-2024,US,Arizona,Finance,  E-mail  
CUST006723,Timothy Golden,angela90@example.org,2024-07-12,germany,Maryland,Healthcare,ORGANIC
CUST000648,Richard Rodriguez,anthonyodom@example.net,2025-06-06,singapore,Louisiana,Technology,Referal
CUST001630,Christina Davis,jphelps@example.net,2025-08-30,United states,Michigan,Real Estate,Email Marketing
CUST004226,Nathaniel Rodriguez,smallmichael@example.net,2024-02-23,UK,Utah,Technology,Paid-Search
CUST007752,Matthew Murphy,geraldcortez@example.net,06/17/2024, India,Utah,Education,DISPLAY
CUST001432,Charles Jensen,kmills@example.org,2023-01-13,france,Arkansas,Finance,AFFILIATE
CUST008725,Kara Davis,jennifer42@example.net,05/11/2026,France,Florida,Retail,Google Ads
CUST006837,Joshua Sanchez,jennifer41@example.net,2025-07-10,singapore,Maryland,,referral
CUST000370,Jason Hall,cynthia05@example.org,2026-07-02,INDIA,Wisconsin,Technology,Organic
CUST006501,Mike Freeman,jbryant@example.org,24-09-2023,Canada,Georgia,Healthcare,display
CUST003542,Richard Olsen,davenportstephanie@example.com,2023-11-21,australia,Oregon,Retail,PAID SEARCH
CUST009560,Tammy Dawson,vthomas@example.net,12-10-2023,U.A.E,North Dakota,Technology,Paid-Search
CUST004269,Carmen Anderson,christophernewman@example.net,2025-02-27,BR,Nevada,,  AFFILIATE  
CUST004988,James Smith,emily56@example.com,07-04-2023,U.S.A,Delaware,Manufacturing,display
CUST001808,Travis Hicks,wlucas@example.net,05-05-2023,IN,Hawaii,Finance,email
CUST005168,Abigail Williams,prestonbenjamin@example.com,2025-04-11,  INDIA  ,,Education,paid search
CUST004446,Matthew Martinez,ryan84@example.net,22-07-2025,FR,Utah,Media,Affiliate
CUST009429,Julia Allen,,01/19/2024,india,Massachusetts,Education,Banner
CUST003176,Ashley Diaz,zbailey@example.com,2023-04-18,U.A.E,,Manufacturing,REFERRAL
CUST007512,Kristina Harrington,torreschristian@example.org,26-12-2025,Brazil,New York,Technology,email
CUST003858,David Hines,markmorgan@example.com,2023-04-30,Canada,,Real Estate,  Email  
CUST005527,Norman Perez,qrobinson@example.org,04/03/2026,SG,New York,Technology,Google Ads
CUST008376,  Jennifer Hall  ,nsmith@example.com,2026-02-06,australia,Maine,Media,Email
CUST003680,Kimberly Carlson,garciakenneth@example.net,2025-02-23,england,,Retail,SEO
CUST008535,Tina Lawson,dwebster@example.org,2024-03-07,germany,Connecticut,,SEO
CUST003094,Alex Ramirez,nsharp@example.net,04/03/2025,Canada,Hawaii,Logistics,Facebook Ads
CUST005530,Alex West,edwardray@example.net,2024-03-06,singapore,,Logistics,Affliate
CUST003606,Jose Banks,robert06@example.org,2026-04-25,India,West Virginia,Real Estate,Social
CUST003960,STACY ROBERTSON,william92@example.net,2024-03-15,United states,Vermont,Finance,SEO
CUST007677,Patrick Zimmerman,gpowell@example.net,01/04/2026,  US  ,,Manufacturing,affiliate
CUST003029,David Clark,omartinez@example.net,28-03-2025,  DE  ,Oklahoma,Logistics,social media
CUST002796,Nicole Leach,garciadebra@example.com,10-05-2026,AUS,Wyoming,Healthcare,Display Ads
CUST000318,Joel Salinas,,,CA ,Alaska,Education,PPC
CUST007852,Katelyn Smith,adam30@example.net,2023-10-01,canada,West Virginia,Manufacturing,Google Ads
CUST005702,Mark Todd,justinthomas@example.net,09 Jul 2024,Germany,Kentucky,Retail,Paid Search
CUST001401,Kyle Williams,,07-11-2025,U.A.E,Mississippi,Retail,Organic
CUST002766,Jamie Juarez,chansen@example.com,2024-11-15,germany,Vermont,Technology,Social
CUST005777,Jillian Elliott,bowmananthony@example.com,03/07/2026,France,Illinois,Healthcare,social media
CUST009122,Ralph Perry,aprilperez@example.net,01/20/2025,Singapore,Texas,Manufacturing,Facebook Ads
CUST006392,Taylor Miller,tsherman@example.net,2024-07-21,U.K.,Massachusetts,Education,social
CUST000879,Judith Smith,monicamccann@example.com,16-07-2026,AUS,Utah,Retail,PPC
CUST005564,Margaret Mccarthy,lgrant@example.org,2024-06-25,england,Nevada,Finance,Display Ads
CUST007807,Benjamin Collins,hardindavid@example.com,2026-07-30,United Kingdom,Indiana,Finance,AFFILIATE
CUST004647,Raymond Bowen,wintersdonald@example.net,18 Apr 2024,Singapore,Indiana,Hospitality,PAID SEARCH
CUST007601,David Smith,angel96@example.org,06/24/2024,Canada,Rhode Island,Media,Display
CUST002054,Kimberly West,mcdanielrichard@example.org,2025-03-09,canada,Washington,Logistics,Partner
CUST004676,Joanne Stevenson,angela69@example.com,28-05-2026,United States,Oklahoma,Retail,Social
CUST005120,Lisa Dixon,longlauren@example.org,07-12-2025,India,Wisconsin,,Email Marketing
CUST009196,Eddie Hart,vincentcraig@example.net,2025-02-28,Australia,Missouri,Finance,Paid Search
CUST000280,Roy Porter,jonathan77@example.com,02/10/2026,singapore,Hawaii,Healthcare,Email Marketing
CUST001172,Mackenzie Compton,christopher84@example.net,2026-05-13,USA,,Education,Paid Search
CUST002810,Mariah Cole,samanthacarter@example.com,25-02-2025,DE,,Media,Referal
CUST007479,Brandon Contreras,frederickvelez@example.net,2023-05-09,england,Nebraska,Media,SEO
CUST004352,Monica Williams,baileytodd@example.com,2024-02-07,SG,North Carolina,Retail,AFFILIATE
CUST001570,Sabrina Owens,debrajones@example.net,06/13/2023,australia,Oregon,Retail,Google Ads
CUST009391,Daniel Wade,michaeltorres@example.org,2023-01-04,Germany,,,ORGANIC
CUST009896,Ashley Stafford,leecaitlin@example.net,02-04-2025,  UAE  ,Hawaii,Real Estate,AFFILIATE
CUST009689,Mark Williams,lisathompson@example.net,2026-05-13,India,,Logistics,Paid Search
CUST005464,Matthew Jarvis,jose43@example.com,29-10-2025,United Kingdom,Florida,Logistics,ORGANIC
CUST002055,Matthew Giles,holdendominic@example.net,2023-07-29,australia,Montana,Real Estate,paid search
CUST006860,Danielle Cobb,danielguerrero@example.net,2025-01-12,U.S.A,,Technology,Organic Search
CUST007393,Kevin Lopez,vsalazar@example.org,09/04/2025,United Arab Emirates,,,Organic Search
CUST006623,Kayla Arnold,brandon99@example.net,20 Dec 2023,Germany,Delaware,Healthcare,DISPLAY
CUST006096,ANTHONY CAIN,alutz@example.net,2024-07-03,  FR  ,Illinois,Hospitality,Social
CUST006056,Mark Howard,qvazquez@example.org,,UAE,Mississippi,Media,PPC
CUST009767,Jacob Walker,harpersteven@example.net,25-05-2023,U.K.,West Virginia,Manufacturing,  E-mail  
CUST009140,Brian Ramirez,darylreyes@example.com,2024-02-20,CA ,Alaska,Education,Display Ads
CUST001664,  Miguel Simpson  ,williamspatrick@example.net,2025-02-17,U.K.,Delaware,Technology,Google Ads
CUST000977,Donald Mason,andreakeller@example.net,06/06/2023,United Kingdom,Utah,Manufacturing,Affiliate
CUST000696,Michael Ortega,shawn01@example.com,2024-05-27,France,Delaware,Finance,ORGANIC
CUST007269,Jerry Lee,jonathan45@example.org,2025-01-02,CA ,Virginia,Real Estate,Email Marketing
CUST009316,Mr. Justin Flores,katherine43@example.org,2024-06-11,CA ,Georgia,Real Estate,DISPLAY
CUST006239,  Carrie Williams  ,herbertbrown@example.com,05-02-2023,SG,North Dakota,Technology,Affiliate
CUST004688,Melissa Hernandez,maryfernandez@example.net,11-05-2024,U.A.E,Nevada,Technology,Affiliate
CUST001628,Robert Huang,susanmorris@example.org,2025-09-11,france,Illinois,Education,Social
CUST001709,Tamara Miller,michelle10@example.org,27-10-2024,US,Wisconsin,Manufacturing,PPC
CUST006068,Elizabeth Meza,lthomas@example.org,,Germany,Mississippi,Finance,Facebook Ads
CUST003449,Erin Nelson,reedbrenda@example.com,2023-02-21,USA,Arizona,,Referral
CUST002489,  Brittany Myers  ,heather68@example.com,2024-11-15,FR,Wisconsin,Real Estate,Google Ads
CUST002773,Jasmine Hall,richardsonkenneth@example.net,12/31/2025,U.K.,Colorado,Real Estate,Affliate
CUST009306,Ashley Howell,,29-07-2023,IN,Kansas,Manufacturing,Referral
CUST006319,Brittany Blair,bill17@example.org,24-07-2023,france,Illinois,Education,Partner
CUST008640,Sara Walker,trujillolori@example.org,2024-10-24,BR,West Virginia,Finance,referral
CUST009183,Donna Morris,elliottkatie@example.org,01/07/2024,US,Idaho,Real Estate,Paid-Search
CUST000583,  Joyce Curry  ,omills@example.net,12-04-2025,Australia,Maryland,Retail,Display
CUST002571,Craig May,jshaffer@example.org,2026-07-07,france,Connecticut,Real Estate,SEO
CUST006610,  Laura Lawson MD  ,lutzwhitney@example.org,11-11-2024,  U.K.  ,South Dakota,,DISPLAY
CUST006347,Paul Lewis,adrianasweeney@example.org,2024-04-18,UAE,Georgia,,Affiliate
CUST006041,Jody Allen,mcintyretroy@example.com,2025-10-06,US,Tennessee,,Partner
CUST004137,Alyssa Powell,wcook@example.com,08/28/2025,INDIA,Arkansas,Media,Display Ads
CUST004707,Gregory Ross,jrobertson@example.org,13-07-2025,singapore,Oregon,Logistics,Referral
CUST008288,Daniel Wilson,emason@example.net,2026-06-25,  Singapore  ,New Mexico,Real Estate,AFFILIATE
CUST007382,Amanda Chavez,joshuasmith@example.com,01 Jan 2025,brazil,California,Logistics,Organic Search
CUST000363,Carol Moore,shannonemily@example.org,2024-12-06,US,,Media,PPC
CUST003871,Katherine Dixon,ujones@example.com,12/17/2024,United Arab Emirates,Mississippi,Media,Referral
CUST006975,David Baxter,laura79@example.net,2025-10-26,Australia,,Technology,Referral
CUST005795,  Wendy Salazar  ,adamsdiana@example.net,16-07-2025,India,,Hospitality,AFFILIATE
CUST005909,Paul Garcia,desireewhite@example.net,03/12/2026,United Arab Emirates,Alaska,Logistics,Email
CUST004615,Heather Richardson ,,2023-05-23,france,Massachusetts,Education,Organic Search
CUST002374,Lorraine Leblanc,amanda46@example.com,2023-11-26,brazil,,Finance,Organic
CUST009300,Kathy Bradley,richard00@example.org,10-05-2024,BR,Idaho,Manufacturing,Email
CUST004015,Paul Acosta,whale@example.net,2024-08-25,United Arab Emirates,Nebraska,Education,organic
CUST002653,Amber Davis,antonio03@example.com,19-07-2026,U.K.,New Mexico,Logistics,DISPLAY
CUST009369,Courtney Bond,wyork@example.org,05/06/2025,U.K.,New Hampshire,Real Estate,social media
CUST003987,  Michael Johnson  ,alexander66@example.net,05-05-2023,FR,Tennessee,Retail,referral
CUST009001,Christina Mann,rosshannah@example.com,10 Mar 2023,Australia,,Retail,Paid Search
CUST004520,Christina Davidson,toddgutierrez@example.com,2026-05-16,australia,California,Logistics,Instagram
CUST000446,Madeline Powell,creyes@example.net,10/03/2025,SG,Illinois,Logistics,ORGANIC
CUST007082,Tiffany Ball,pedro98@example.org,10/23/2023,CA ,Florida,Finance,Paid-Search
CUST000023,Austin Johnson,chad34@example.net,04/12/2025,  BR  ,New York,Real Estate,social
CUST008617,Brett Davis,crystalcarroll@example.com,2025-06-22,Germany,Wyoming,Technology,Paid-Search
CUST005809,Raymond Fields,kenneth24@example.net,11/11/2025,BR,Rhode Island,Hospitality,Email
CUST006916,Joseph Castaneda,dawn73@example.org,2023-09-05,Australia,Virginia,Retail,Organic
CUST002485,Jacqueline Perkins,walterssarah@example.net,2025-06-27,FR,,Manufacturing,REFERRAL
CUST005847,Terri Garcia,lparker@example.net,2026-02-15, India,,Finance,PAID SEARCH
CUST007293,Ashley Schwartz,ericcisneros@example.org,2024-07-28,Australia,Arkansas,Media,Affiliate
CUST009941,Maria Miller,alex99@example.org,12/01/2023,  INDIA  ,Idaho,Retail,Organic Search
CUST008912,Joseph Henderson,nicholas16@example.org,2023-05-21,U.A.E,,Healthcare,Instagram
CUST007249,Angelica Peters,,2025-08-02,SG,,Retail,ORGANIC
CUST009219,Eric Lopez,gregoryanderson@example.net,22-06-2024,Germany,Connecticut,Manufacturing,REFERRAL
CUST003762,Joseph Hughes Jr.,jamesdawson@example.com,19-02-2026,BR,Maine,Hospitality,Display
CUST005668,James Gibbs,jordansusan@example.org,24 Jul 2025,brazil,New York,Technology,Organic Search
CUST000113,Andrew Shaw MD,sawyerscott@example.net,08-09-2023,canada,New Jersey,Manufacturing,social
CUST002306,Norman Wise,gary03@example.org,2023-08-13,england,Nebraska,Technology,Email Marketing
CUST006686,Wendy Wilson,kristin46@example.com,2024-09-24,Brazil,North Carolina,Media,Affliate
CUST004357,Hannah Fleming,jennifer35@example.com,02 Nov 2023,Canada,Maine,Logistics,affiliate
CUST009761,Anthony Burgess,wdaniels@example.net,2026-02-02,United Arab Emirates,,Hospitality,Referal
CUST007300,Stacey Baker,bwarren@example.net,2023-11-07,United States,New Hampshire,Finance,Partner
CUST004638,Kathleen Crawford,lthomas@example.net,2024-03-24,Singapore,Missouri,Finance,Affiliate
CUST005720,  Kenneth Weiss  ,sheliaedwards@example.com,28-08-2023,  Canada  ,Maine,Retail,Referal
CUST000040,Donald Smith ,,11-01-2025,SG,New Hampshire,Logistics,Facebook Ads
CUST007315,Rebecca Campbell,charles21@example.org,2024-02-27,singapore,Kansas,Technology,Partner
CUST006926,Matthew West,greenmichelle@example.net,08/14/2025,france,New Mexico,Retail,Banner
CUST005049,Chad Brown,savagejeffrey@example.net,03/31/2024,US,Vermont,Hospitality,ORGANIC
CUST007635,Jeffery Moore,vwalter@example.org,2024-02-14,india,Rhode Island,Hospitality,referral
CUST000207,Jodi Roach,zosborn@example.net,2023-06-01,Australia,Massachusetts,Retail,organic
CUST005738,Heather Sweeney,stanley28@example.net,2025-08-16,Singapore,Iowa,Manufacturing,Affiliate
CUST006728,Chelsea Anderson,smiller@example.org,2023-09-11,DE,Missouri,Hospitality,Paid Search
CUST007484,ETHAN HURST,garystewart@example.net,2023-02-12,Singapore,South Dakota,Hospitality,Banner
CUST003856,Daniel Schmidt,irobinson@example.com,2023-11-03,singapore,Iowa,Real Estate,Email
CUST007077,Travis Hughes,sotomadison@example.net,2025-12-01,SG,Maine,Manufacturing,affiliate
CUST005176,Ashley Williams,kimberlymoore@example.org,2025-06-12,USA,Delaware,Healthcare,Organic Search
CUST009499,James Fry,bgarcia@example.net,2026-01-10,canada,Tennessee,Retail,Organic Search
CUST000269,Antonio Fry,conniesimmons@example.com,2023-11-23,UK,Arkansas,Media,Display Ads
CUST006296,Stacy Moore,scottmcneil@example.com,2024-03-01,US,Nevada,Real Estate,Banner
CUST002725,Shannon Burke,stephaniewilson@example.org,07/17/2026,Singapore,,Hospitality,Display
CUST007141,Deanna Carter,joseph54@example.com,2025-12-25,CA ,New Mexico,Technology,Display
CUST000667,Scott Estrada,mark10@example.org,05/05/2026,Singapore,Nebraska,Finance,Email Marketing
CUST003117,Richard Moore,underwooddeborah@example.com,25-08-2023,United states,,Logistics,Referal
CUST001461,Teresa Powell ,,2024-06-07, India,Georgia,Manufacturing,Affiliate
CUST003390,Sara Gay,fgutierrez@example.com,2023-11-26,Germany,Maryland,Retail,Email Marketing
CUST005939,  Jamie Cox  ,shawngill@example.com,2024-06-08,CA ,Utah,Retail,Instagram
CUST000089,Anthony Everett,ewilson@example.com,09/27/2024,UAE,New York,Media,Referral
CUST008575,Matthew Cabrera,stephanielewis@example.org,12/17/2023,AUS,Washington,Manufacturing,REFERRAL
CUST007281,Erik Luna,amypowell@example.com,,FR,Oregon,Finance,display
CUST009224,Heather Kennedy,frazierjames@example.org,2024-12-17,australia,Mississippi,Healthcare,Paid Search
CUST009456,Danielle Lewis,garciastephanie@example.com,31-07-2026,Australia,Maryland,Healthcare,Paid-Search
CUST007868,Calvin Quinn,cassandra19@example.net,2026-05-21,Singapore,Pennsylvania,Finance,E-mail
CUST005187,Joshua Martinez,melaniearmstrong@example.com,13 Nov 2023,U.A.E,New Hampshire,Finance,Paid Search
CUST005608,Adam Cole,,2024-10-10,United Arab Emirates,,,display
CUST003253,Jessica Rhodes,mezastephanie@example.org,2026-02-06,UK,Louisiana,Healthcare,social
CUST009808,Tammy Baker,ghurst@example.org,09/21/2025,Brazil,Nevada,Logistics,AFFILIATE
CUST004044,Suzanne Bailey,freemandonald@example.com,,BR,Colorado,,Email Marketing
CUST006006,Neil Mitchell,gabriel53@example.net,09-03-2024,  United States  ,Oregon,,Facebook Ads
CUST008050,Stacy Brown,alex64@example.org,2026-04-12,india,Oregon,Healthcare,  Display Ads  
CUST003203,Donna Taylor,burgessdonald@example.com,2024-05-28,  Canada  ,Rhode Island,Technology,Display
CUST008083,Amanda Cox,matthew80@example.org,2026-03-31,Brazil,Kentucky,Real Estate,Google Ads
CUST009317,Jason Wright,hensleykeith@example.com,2026-06-06,brazil,Kansas,Media,Instagram
CUST001564,Brenda Carrillo,susan57@example.net,2026-02-01,Germany,,Real Estate,email
CUST000678,Rebecca Brewer,dmoore@example.net,2023-05-18,india,Michigan,Education,Referral
CUST004793,CAROLINE KING,ycervantes@example.org,2026-06-17,india,Oklahoma,Finance,referral
CUST004377,Omar Banks,brianjohnson@example.org,27-01-2024,BR,Idaho,Education,Partner
CUST008360,Michelle Pineda,jessica24@example.org,12 Jan 2026,France,Hawaii,Manufacturing,Referal
CUST000415,Karen Miller,shawrachel@example.net,2024-06-15,United Kingdom,Utah,Retail,SOCIAL
CUST006028,Daniel Campbell,marissa21@example.com,2025-12-11,United states,Kansas,Education,Facebook Ads
CUST004233,Andrew Jones,morriskevin@example.net,11/27/2023,Australia,Arizona,Real Estate,  Affiliate  
CUST003564,Bernard Figueroa,vincent19@example.net,,BR,New Jersey,Healthcare,PPC
CUST006336,Deborah Warren,heather59@example.com,2025-07-08,U.A.E,,,referral
CUST008296,Jessica Perez,murphyjeffrey@example.org,09-02-2024,germany,Wisconsin,Logistics,AFFILIATE
CUST007787,Kent Barnes,brandytaylor@example.net,17-11-2025,australia,South Carolina,Real Estate,Affliate
CUST009056,Rachel Smith,lhouston@example.org,2023-06-06,U.S.A,Montana,Retail,Social
CUST000967,David Frazier,megan39@example.net,12-11-2024,AUS,Maine,Finance,social media
CUST004580,Julie Lindsey,nicolewade@example.net,2025-08-18,brazil,Alabama,Finance,Email
CUST005447,Nicole Mcneil,marywang@example.com,05-07-2023,United Arab Emirates,New Hampshire,,Display Ads
CUST002667,Harold Bryant,bestrada@example.com,2025-03-06,Brazil,,,E-mail
CUST002919,Joseph Cruz,archerjames@example.net,2024-12-20,US,Kentucky,Media,SOCIAL
CUST006732,Deborah Vaughn,mark27@example.com,2023-06-15,Germany,Arizona,Manufacturing,  DISPLAY  
CUST007436,Andrew Archer,jaredrobinson@example.net,2025-10-08,USA,,Logistics,Email
CUST009105,Jennifer Figueroa,christopher32@example.com,2024-03-06,AUS,Michigan,Real Estate,REFERRAL
CUST000671,ANTHONY DUNCAN,webbhaley@example.net,2025-09-27,Canada,Maine,Media,ORGANIC
CUST006261,Kyle Walker,nwarner@example.com,2026-06-02,UK,Michigan,Retail,PPC
CUST004545,Doris Smith,christopherwashington@example.org,02-04-2024,Australia,Kansas,Retail,organic
CUST009705,Kimberly Reyes,walkerdarren@example.net,07-05-2026,DE,Louisiana,Manufacturing,Affiliate
CUST004391,Helen Diaz,tylerwheeler@example.net,2026-01-08,United Arab Emirates,Minnesota,Media,Email
CUST008510,Bryan Serrano,claire19@example.org,01 Sep 2024,  singapore  ,North Carolina,,referral
CUST007029,Katrina Griffith,alexander39@example.net,01/17/2024,U.S.A,Maryland,Technology,organic
CUST001926,David Chase,mannjonathan@example.net,10/05/2023,United Arab Emirates,New York,Education,AFFILIATE
CUST005387,Elizabeth Valdez,lisa19@example.net,2023-04-17,brazil,Oregon,Hospitality,Facebook Ads
CUST002430,Cindy Rich MD,jamesortiz@example.com,06-12-2024,U.S.A,California,,Organic Search
CUST002484,Troy Olson,cdavis@example.com,2025-10-22,UAE,Wisconsin,Finance,SEO
CUST001114,Calvin Nguyen,richardhaynes@example.com,2025-06-15, India,Oklahoma,Finance,Social
CUST004738,Robin Hansen,kathrynbaxter@example.org,02/28/2023,brazil,Georgia,Hospitality,Affiliate
CUST008872,  Hannah Bennett  ,jessicawest@example.net,21 Mar 2025,canada,Ohio,,SOCIAL
CUST007295,Meagan Reynolds,joshuaherman@example.net,23-05-2023,INDIA,Indiana,Hospitality,Instagram
CUST007930,MELINDA MILLER,anne54@example.net,03/28/2026,DE,Oklahoma,Real Estate,Display Ads
CUST002416,Omar Kelly,kimberlyharris@example.com,2023-10-07,  Brazil  ,Michigan,Retail,Organic Search
CUST008284,Melissa Rodriguez,amandamclean@example.org,01/02/2023,INDIA,Louisiana,Manufacturing,SOCIAL
CUST004513,James Wong,hfoley@example.com,2024-03-10,France,,Hospitality,Partner
CUST002194,  Steven Davis  ,brianna50@example.org,2024-01-22,canada,Delaware,Healthcare,E-mail
CUST000619,Ethan Ingram,samantha88@example.net,04-09-2025,AUS,,Logistics,Display Ads
CUST000024,Carlos Walls,esanchez@example.com,2024-06-30,United Kingdom,Illinois,Retail,Organic
CUST004803,James Blair,melissa74@example.org,2025-02-03, India,Georgia,Healthcare,  Display  
CUST002227,Melissa Alvarez,shannonmueller@example.org,06/24/2023,singapore,Alabama,Hospitality,Affiliate
CUST003105,Jared Munoz,agarrison@example.com,2023-01-03,United Arab Emirates,Iowa,Media,Email
CUST000287,Angela Chung,scunningham@example.org,23 Jun 2024,germany,Maryland,Education,Paid-Search
CUST005721,Stephanie Smith,taylorthomas@example.org,,SG,New Hampshire,Logistics,Banner
CUST005135,Beth Perez,rebeccagrant@example.org,2024-05-21,DE,North Dakota,Real Estate,  Display  
CUST007398,Crystal Smith,gibbslaura@example.org,,AUS,Rhode Island,Media,  SEO  
CUST000962,Jordan Gordon,adamslucas@example.net,2026-04-30,UAE,Nebraska,Healthcare,  Paid Search  
CUST000270,Teresa Powers,heather62@example.com,2025-07-20,India,Missouri,Real Estate,DISPLAY
CUST008528,Sara Lee,dawnjarvis@example.net,07/14/2026,CA ,,Finance,REFERRAL
CUST008414,Ashley Ramirez,jmorse@example.com,02/14/2023,Australia,Vermont,Real Estate,referral
CUST009153,Robin Keith,scottnancy@example.net,2026-01-10,SG,Alabama,Healthcare,Email Marketing
CUST008586,Casey Stewart,samantha59@example.net,05-02-2025,UAE,West Virginia,Retail,AFFILIATE
CUST009772,Mitchell Johnson,lisasmith@example.org,20-03-2023,U.K.,Virginia,Real Estate,referral
CUST009093,Kimberly Munoz,,2024-05-06,India,,Healthcare,display
CUST009556,William Mcmahon,owallace@example.com,2026-07-02,United states,Iowa,Finance,SEO
CUST006874,Raymond Vazquez,ryanhart@example.com,2026-06-13,Germany,,Healthcare,ORGANIC
CUST006021,Sheri Brooks,christopher49@example.com,28-01-2024,Australia,Virginia,Media,Banner
CUST005079,Maxwell Armstrong,spencercarly@example.net,11/29/2025,australia,Alabama,Logistics,paid search
CUST001382,  Jane Cuevas  ,friedmansusan@example.org,2025-03-16,  BR  ,Oregon,Logistics,social
CUST005417,Julie Ryan,davidvaldez@example.net,2025-09-26,france,California,Education,Referal
CUST003222,Alicia Taylor,kristen66@example.org,29-10-2024,canada,Kentucky,Retail,EMAIL
CUST005340,Miguel Morgan,mparks@example.org,31-07-2026,france,New York,Real Estate,affiliate
CUST009606,Shannon Harris,ywilliams@example.com,2025-12-24,U.A.E,,Finance,SEO
CUST007547,Tom Hughes,ogilbert@example.net,2023-03-07,BR,Ohio,,referral
CUST007943,Megan Hughes,timbaker@example.net,20-01-2023,FR,Oregon,Finance,Email
CUST008593,Anthony Moran,uanthony@example.com,2024-12-01,United Arab Emirates,Colorado,Media,Partner
CUST000719,Linda Torres,bryan79@example.org,07/18/2025,Canada,,Manufacturing,Display
CUST007637,Erica Parker,perezmichelle@example.com,04-04-2025,Brazil,South Dakota,Education,Affliate
CUST008757,Alison Rivera,brobinson@example.net,,BR,Arkansas,Finance,Email Marketing
CUST008147,Matthew Vasquez,russellemily@example.com,05-08-2023,USA,Tennessee,Logistics,Organic Search
CUST002297,Tina Bates,kristopher53@example.org,07/26/2023,United Kingdom,Alabama,Education,AFFILIATE
CUST009751,Jason Chen,eduardorose@example.net,05/20/2023,U.A.E,Illinois,Education,email
CUST008962,John Becker,imoore@example.com,,Singapore,Minnesota,Technology,Google Ads
CUST000141,Jason Wilson,alvarezkimberly@example.net,25-01-2024,United states,Pennsylvania,Manufacturing,social media
CUST003078,Taylor Reed,mckenziesonya@example.com,,england,Illinois,,Affiliate
CUST001073,Dawn Turner,uwillis@example.com,2026-06-10,Canada,,Retail,  referral  
CUST002129,Jordan Mcdowell,kimberly12@example.com,2023-10-14,IN,Idaho,Retail,referral
CUST007995,Spencer Ray,qsolomon@example.org,2025-07-30,DE,Georgia,Logistics,Paid Search
CUST004853,Gary Walker,walkerkimberly@example.com,05/18/2024,Germany,Oklahoma,Manufacturing,Referal
CUST004438,  Debra Smith  ,olsonbridget@example.com,2025-01-24,germany,Minnesota,Logistics,EMAIL
CUST001156,  Courtney Simmons  ,hicksdawn@example.com,11-02-2025, India,Delaware,Media,social
CUST004867,Lindsay Ponce,john48@example.net,2023-05-11,brazil,Wisconsin,Manufacturing,Facebook Ads
CUST003037,  Michael Hampton  ,hahnjoshua@example.net,2023-05-04,UAE,Nevada,Retail,E-mail
CUST002247,Raymond Wolf,mbarnes@example.com,10-02-2026,AUS,Oklahoma,,  SOCIAL  
CUST008967,Charles Holder,walshtimothy@example.org,30 Sep 2024,Canada,Oklahoma,Education,Organic
CUST000476,Amber Martin,lydianewton@example.com,27-03-2023,France,Connecticut,Technology,social media
CUST005284,Michael Hayden,charles50@example.org,2026-05-15,Brazil,,,ORGANIC
CUST003644,  Christian Shelton  ,morakristin@example.net,02/07/2023,  DE  ,Wisconsin,Technology,display
CUST007137,April Gillespie,milleralexander@example.org,2025-08-23,USA,New Mexico,Logistics,organic
CUST009702,Frank Grant,meghansnyder@example.org,07/03/2026,US,Virginia,Finance,  PAID SEARCH  
CUST006200,Nicole Hodges,michaelbutler@example.com,26-01-2026,FR,Wyoming,Media,Organic Search
CUST000488,Ryan Vaughn,james80@example.com,2023-11-10,U.S.A,New Hampshire,Education,EMAIL
CUST005518,Jennifer Wall,herreratamara@example.net,02-12-2024,france,North Dakota,Hospitality,Partner
CUST001621,Richard Phelps,bentleylisa@example.net,09/17/2025,United states,West Virginia,Hospitality,Paid Search
CUST009894,  Kendra Ewing  ,nromero@example.net,09-10-2023,australia,Washington,,email
CUST008016,Christine Miller,ypark@example.net,2023-06-14,UK,Virginia,Finance,Referal
CUST006551,Cody Parker,seangoodman@example.org,2025-04-27,CA ,Wyoming,Healthcare,REFERRAL
CUST005311,Deborah Morris,hendersonkimberly@example.net,2025-11-15,US,New Hampshire,Retail,Facebook Ads
CUST007452,  Michael Nguyen  ,xhale@example.net,2025-03-23,US,Nevada,Finance,display
CUST002535,Laurie Johnson,rodriguezamanda@example.net,2026-02-13,SG,Michigan,Finance,Paid-Search
CUST000693,Melissa Jensen,martin38@example.org,2024-02-06,FR,Wisconsin,Real Estate,Affliate
CUST008015,Samantha Williams,julie52@example.com,2025-07-18,United Arab Emirates,Indiana,Manufacturing,Affiliate
CUST007607,Angela Gallagher,leahmyers@example.net,2024-06-06,U.K.,Virginia,,AFFILIATE
CUST008385,  Paula Ho  ,bhoffman@example.net,01 Jun 2025,  U.K.  ,Alaska,Healthcare,PAID SEARCH
CUST006579,Justin Mann,stuartkhan@example.net,27-08-2024,CA ,Massachusetts,Healthcare,Organic Search
CUST008424,Alicia Johnson,andersonchristopher@example.com,14-02-2025,India,Illinois,Finance,Google Ads
CUST000438,Karen Shepard,william28@example.org,03/05/2026, India,Maine,Technology,SOCIAL
CUST006767,Jennifer Thomas,sullivanjose@example.com,2023-02-19,SG,Michigan,Hospitality,email
CUST007922,  Melissa Campos  ,hrice@example.org,2024-03-28,U.A.E,Arizona,,Google Ads
CUST006394,Alexandra Sanchez,owright@example.net,08/23/2025,BR,,Hospitality,E-mail
CUST009406,Anthony Flores,ypowell@example.org,10/13/2024,Canada,West Virginia,Retail,PAID SEARCH
CUST004019,Scott Lee,rodrigueznancy@example.org,,CA ,California,Technology,paid search
CUST003372,Amy Chapman,schneiderbrandon@example.com,07/08/2024,brazil,West Virginia,Manufacturing,ORGANIC
CUST004674,Geoffrey Joyce,davidescobar@example.org,2023-05-18,france,,Finance,Paid Search
CUST005229,Daniel Clark,stanleyanthony@example.org,12/07/2025,Australia,,Media,AFFILIATE
CUST006664,Kathy Robles,hendersonalexis@example.org,04/22/2024,United States,Virginia,Finance,DISPLAY
CUST004828,Michael Boone,kara00@example.org,10/16/2025,CA ,West Virginia,Healthcare,Instagram
CUST006290,Kevin Miller,jameslee@example.com,24 Oct 2024,United Kingdom,Florida,Finance,Display
CUST008621,Craig Moore,evansdavid@example.org,2026-04-23,SG,,Logistics,Instagram
CUST005355,Kyle Ramos,kelly29@example.net,09/12/2024,Singapore,Hawaii,Healthcare,organic
CUST003942,Rachel Eaton,daniellewebb@example.net,2025-10-06,USA,Ohio,Manufacturing,Organic
CUST002689,Michelle Hahn,jessicarasmussen@example.com,05-05-2023,Australia,New Mexico,Education,PAID SEARCH
CUST006076,Michael Carpenter,alyssadiaz@example.org,2026-07-11,France,Georgia,Manufacturing,social media
CUST008292,April Stephenson,butlerashley@example.org,2026-05-14,United states,Mississippi,Hospitality,Referral
CUST008729,Bob Baxter,sandra41@example.org,2024-04-27,UAE,Mississippi,Media,  PPC  
CUST005952,John Gray,pkirk@example.net,2024-07-29,United States,North Dakota,,Organic Search
CUST000782,James White,rodriguezjoshua@example.net,2023-08-01,U.K.,Georgia,Finance,Partner
CUST007716,Christine Wolfe DDS,petersdavid@example.org,05/23/2024,france,Indiana,Healthcare,SOCIAL
CUST007404,Sabrina Blankenship,parkerjeffrey@example.com,2026-04-24,UAE,Maine,Education,ORGANIC
CUST000974,JILL WALKER,changerin@example.net,05-06-2023,CA ,Minnesota,Retail,Partner
CUST000821,Kimberly Beltran,glasssamantha@example.net,2025-10-30,england,New Mexico,Healthcare,Partner
CUST004879,Jason Mcdaniel,hbaldwin@example.com,2024-01-09,SG,Montana,Real Estate,Google Ads
CUST006578,Lucas Hamilton,robertschultz@example.org,2025-03-26,FR,Virginia,Real Estate,Banner
CUST006742,Edward Sanders,linda32@example.org,2024-09-22,U.K.,West Virginia,Retail,Referral
CUST007738,James Beard,elizabeth57@example.net,03-07-2024,U.K.,,Hospitality,SOCIAL
CUST003894,Scott Ross,freyterri@example.net,2024-09-28,canada,Vermont,Healthcare,Affiliate
CUST005272,Susan Hughes MD,dhansen@example.org,13-11-2023,australia,Tennessee,Logistics,social media
CUST006778,Danielle Parks ,,03-12-2023,SG,California,Healthcare,Email
CUST000131,Manuel Hahn,rose31@example.net,2024-05-21,Brazil,New Jersey,Media,REFERRAL
CUST006646,Samantha Larson,jennifercarlson@example.com,17-01-2026,CA ,Minnesota,Manufacturing,PPC
CUST000376,Christopher Owens,wmartinez@example.org,2026-05-01,DE,New Hampshire,Healthcare,Display
CUST005553,JORDAN SMITH,wrightchristopher@example.com,16-12-2024,IN,Ohio,Real Estate,E-mail
CUST003988,Margaret Saunders,olucas@example.com,02 Nov 2023,brazil,New York,Hospitality,Facebook Ads
CUST000121,Jeremy Reed,danielle64@example.com,06-09-2025,france,Maryland,Education,email
CUST007043,Thomas Williams,matthewking@example.org,01/09/2023,AUS,Nevada,Logistics,PPC
,Jesse Brown,christine57@example.net,2024-01-18,SG,,Manufacturing,REFERRAL
CUST001145,James Evans,imcclain@example.com,2023-11-14,Brazil,Connecticut,,EMAIL
CUST000833,Brittany Howell,wolfdonna@example.net,2026-01-25,AUS,Wyoming,Finance,ORGANIC
CUST005516,Adam Meyer,kathy14@example.org,2024-08-20,france,North Dakota,Finance,Instagram
CUST003268,Margaret Gilmore,brookeshaw@example.com,2024-02-27,AUS,Wisconsin,Education,Facebook Ads
CUST009645,Pamela Taylor,sanfordmark@example.org,2025-11-06,DE,,Media,  AFFILIATE  
CUST004067,Tiffany Thomas,jholloway@example.com,07/22/2025,USA,Maryland,Media,Paid-Search
CUST008443,Kevin Davis,fwiley@example.com,2026-07-06,United Kingdom,Oregon,Manufacturing,email
CUST000520,Kevin Sullivan,rebeccaarnold@example.net,2024-07-03,brazil,Ohio,Real Estate,Banner
CUST009572,Jonathan Watson,,05/25/2024,Canada,Louisiana,Manufacturing,Referral
CUST003934,Veronica Walton,skirby@example.com,25-01-2023,India,Nevada,Technology,paid search
CUST000223,Mr. Alexander Landry MD,jasongomez@example.org,05/11/2023,australia,Maine,Retail,DISPLAY
CUST002866,Terry Black,riveralisa@example.com,2024-02-10,SG,Kansas,Real Estate,Google Ads
CUST004735,Jordan Rich,tmartinez@example.net,2023-07-23,  U.K.  ,Colorado,Logistics,organic
CUST007021,Mark Ford,scottnicolas@example.org,,canada,New Mexico,Healthcare,organic
CUST003629,  Justin Hull  ,,22-09-2023,DE,New Jersey,Hospitality,referral
CUST007386,William Anderson,lgarcia@example.net,2024-06-28,  U.A.E  ,Hawaii,Education,Display Ads
CUST007099,Mary Austin,ngonzalez@example.com,04/16/2024,brazil,Kentucky,Healthcare,SOCIAL
CUST005398,Lisa Sparks,,2025-08-24,france,Nevada,Logistics,Referral
CUST009171,Rebecca Matthews,adamserica@example.org,2025-07-23,INDIA,,Media,Paid Search
CUST004009,  David Hunt  ,zramirez@example.net,19 Jan 2025,U.S.A,South Dakota,Logistics,  SEO  
CUST004530,Felicia Schultz,ashleysparks@example.com,2023-03-11,DE,Missouri,Technology,  Partner  
CUST007776,William Beltran,tamara68@example.org,2025-03-18,United states,South Carolina,Finance,  SOCIAL  
CUST005317,Francisco Bowman,treid@example.org,2024-03-14,germany,South Dakota,Real Estate,AFFILIATE
CUST000225,Jamie Williams,hudsonjames@example.net,31-07-2026,SG,Maine,Media,Email Marketing
CUST003796,Michelle Campos,david00@example.com,2025-12-29,USA,Illinois,Manufacturing,affiliate
CUST003290,Krystal Watkins,nmcintosh@example.com,14-05-2023,Australia,Oklahoma,Real Estate,SOCIAL
CUST009967,Ann Johnson,justin57@example.org,2025-09-13,SG,Ohio,Education,REFERRAL
CUST001022,Kenneth Anderson,porterdonna@example.com,2024-11-27,INDIA,Michigan,Media,Display
CUST003413,Robert Schultz,travis28@example.net,02/20/2023,UK,New Jersey,Healthcare,Partner
CUST000351,Matthew Wright,kimberly04@example.org,2025-04-27,United states,North Dakota,Technology,  SOCIAL  
CUST009416,Melissa Wright,flynndavid@example.net,2024-06-15,Singapore,Maryland,Finance,E-mail
CUST007629,Daniel Lopez,torresjeremy@example.org,02 Nov 2023,France,Oregon,Retail,AFFILIATE
CUST000576,Greg Edwards,jennifer96@example.com,2024-12-22,BR,New Hampshire,Healthcare,referral
CUST005849,Corey Jones,samantha20@example.com,08/23/2025,UAE,Oregon,Real Estate,Referal
CUST009073,Lisa Collins,john40@example.org,2024-10-09,U.A.E,Kansas,Education,E-mail
CUST006488,Anthony Powell,cfigueroa@example.net,26-04-2026,United Arab Emirates,Nebraska,Healthcare,email
CUST002361,Joseph Riggs,johnsonedwin@example.net,2023-12-20,   India  ,Idaho,Real Estate,Organic
CUST000511,  Theresa Torres  ,jason82@example.org,29 Jun 2025,UK,Idaho,Healthcare,Social
CUST009542,Ashley Mack,scott77@example.com,2023-04-27,france,Maine,Healthcare,  PPC  
CUST006601,Frank Davenport,cfreeman@example.com,18-12-2023,  Germany  ,Oklahoma,,Partner
CUST009461,Cassandra Harrison,michaelmorales@example.net,06/07/2025,  BR  ,Minnesota,Technology,  DISPLAY  
CUST001697,Lisa Moore,rgraves@example.net,2023-12-18,United states,Kansas,,social media
CUST009102,Ruben Francis,youngcameron@example.net,2024-05-08,U.K.,Washington,,PPC
CUST000762,Joshua Moore,washingtondarren@example.org,13-05-2025,UK,Washington,Retail,SEO
CUST007302,Mary Galloway,,2026-05-10,BR,Colorado,Healthcare,Organic
CUST005278,Robert Mitchell,dstephenson@example.net,2024-10-12,Australia,Massachusetts,Logistics,social media
CUST003896,Jonathan Farmer,austin01@example.org,2023-01-10,france,Washington,Media,Facebook Ads
CUST004750,Jessica Wright,julie56@example.org,2023-12-27,AUS,Vermont,Media,Affliate
CUST009218,Richard Mayo,zpaul@example.com,10-12-2025,  U.K.  ,,,REFERRAL
CUST003543,MRS. CRISTINA STARK,psalazar@example.org,2025-06-25,U.A.E,Illinois,Manufacturing,SOCIAL
CUST000964,Justin Glover,ashley71@example.net,12/15/2023,U.A.E,North Carolina,Education,PAID SEARCH
CUST009043,Pamela Thomas,michaelbeck@example.org,07 Mar 2026,CA ,Tennessee,Healthcare,Referral
CUST003123,George Odonnell,morganwarner@example.org,20 Nov 2023,singapore,Indiana,Healthcare,  display  
CUST006909,Jackson Perry,snyderricardo@example.net,10/21/2024,United Arab Emirates,Virginia,Media,display
CUST006146,Kelly Lee ,,19-10-2023,england,New York,Technology,ORGANIC
CUST004231,  Lauren Lopez  ,mccarthyjeremy@example.org,2025-04-30,Australia,Louisiana,,Affiliate
CUST007080,Jennifer Schwartz,mariaturner@example.net,21-05-2023,SG,,Manufacturing,Paid-Search
CUST006105,Charles Adams,mark22@example.com,2026-07-29,Singapore,Mississippi,Real Estate,PPC
CUST000940,Lori Ferguson,michaelmitchell@example.net,2025-12-09,australia,Oregon,Real Estate,Paid-Search
CUST008124,Miss Kim Murphy,amycruz@example.com,2023-08-14,Brazil,Oregon,,Display Ads
CUST005501,Austin Phillips,michael80@example.org,2024-05-10,Brazil,Georgia,,email
CUST005423,Jay Weeks,staffordmarissa@example.com,,england,Colorado,Manufacturing,Referal
CUST006640,  Jason Perez  ,valerie42@example.org,12-10-2025,australia,Nebraska,Real Estate,Referral
CUST004153,Leslie Pratt,linda02@example.net,2025-01-12,CA ,New Jersey,Hospitality,Banner
CUST000239,Tina Ballard,bobby15@example.com,2023-09-25,singapore,Tennessee,Logistics,Paid-Search
CUST002357,Mr. Cory Hanna PhD,holtrobert@example.com,,SG,West Virginia,Retail,Display Ads
CUST001119,Tony Smith,brandon84@example.net,2023-10-19,U.K.,Ohio,Finance,referral
CUST008328,Caroline Lloyd,barbarahamilton@example.net,20-05-2023, India,Idaho,Logistics,ORGANIC
CUST005882,Amber Franklin,bradleygarrett@example.org,03/05/2026,  U.A.E  ,Mississippi,Logistics,display
CUST008259,Andrew Reid,onealsamantha@example.org,2025-07-19,Brazil,Alaska,Technology,Affliate
CUST006346,Mitchell Wilson,,2024-06-27,U.S.A,Hawaii,Logistics,ORGANIC
CUST004768,Kenneth Rosales,mthompson@example.net,2024-11-28,england,South Dakota,Finance,Partner
CUST008618,Teresa Jordan,brooke12@example.org,01/31/2023,DE,Alabama,Manufacturing,E-mail
CUST001290,Dominic Davis,bdennis@example.org,10/24/2024,AUS,,Retail,REFERRAL
CUST008379,Matthew Fox,luisochoa@example.org,2025-06-07,BR,Georgia,Technology,Affiliate
CUST003351,Victoria Johnston,andrew45@example.org,2025-06-06,AUS,Tennessee,Media,Referal
CUST005075,Tamara Murphy MD,ljackson@example.com,2024-02-18,germany,Arkansas,Healthcare,REFERRAL
CUST002960,Kimberly Moore,yboone@example.org,,germany,North Carolina,Manufacturing,Referal
CUST009260,GEORGE DUNN,kristie44@example.net,2024-03-01,Germany,,Media,Banner
CUST002691,Jennifer Powers,salinaszachary@example.net,2025-12-31,U.S.A,Montana,Technology,Facebook Ads
CUST005542,Beverly Mitchell,ldrake@example.net,2023-01-04,United Arab Emirates,North Dakota,Media,Social
CUST008745,Carlos Singh,curtis50@example.net,2026-03-04,canada,Nebraska,Hospitality,email
CUST004346,Angela Mills,despinoza@example.com,2024-04-17,SG,Nevada,Hospitality,  Display Ads  
CUST000535,Deborah Ramsey,,2025-06-15,england,Iowa,Technology,  AFFILIATE  
CUST002925,Dr. Travis Morris DDS,pamela51@example.org,2026-07-12,france,Kentucky,Education,EMAIL
CUST006011,Tanya Taylor,ili@example.org,2024-06-21,US,Missouri,Retail,Email Marketing
CUST008364,Bradley Ayers,joseph94@example.com,2026-03-06,england,Louisiana,Technology,  referral  
CUST005457,Brittany Thomas,lthomas@example.net,2024-12-14,Australia,Washington,Manufacturing,organic
CUST007844,James Clayton,choisandra@example.com,2025-10-14,FR,Idaho,Media,Referal
CUST001039,Erin Goodman,fmurray@example.net,2025-11-30,Brazil,,Education,Email Marketing
CUST009913,Robert Smith,nblack@example.com,13-08-2024,U.K.,Illinois,,REFERRAL
CUST001353,Michael Dunn,kimpenny@example.com,2024-02-24,canada,Minnesota,Manufacturing,affiliate
CUST006706,Courtney Campbell,brian57@example.org,11/16/2024,brazil,Maryland,Manufacturing,referral
CUST005659,Angela Weaver,martinezhenry@example.org,16-04-2026,FR,Wisconsin,Manufacturing,social
CUST003815,Rebecca Foster,hgray@example.net,23-11-2025,  U.K.  ,Utah,Healthcare,Organic
CUST001534,Jackson Romero,kwoods@example.com,2023-04-30,brazil,Tennessee,Healthcare,Partner
CUST009014,Todd Young,acraig@example.com,09 May 2025,AUS,Iowa,Retail,PPC
CUST000593,Erin Bridges,brianrowe@example.org,2025-10-25,Brazil,,Retail,Instagram
CUST004084,Erica Hawkins,csmith@example.org,2025-08-03,australia,Utah,Manufacturing,DISPLAY
CUST005080,Ronald Cervantes,zwise@example.org,2025-08-16,  germany  ,South Dakota,Logistics,organic
CUST006525,  James Rodriguez  ,trevinodillon@example.net,06/06/2023,  canada  ,,Healthcare,SEO
CUST000635,Nicole Dunn,heatherbarnett@example.com,10/19/2025,singapore,Pennsylvania,Healthcare,ORGANIC
CUST002428,George West ,,,Australia,Florida,Media,ORGANIC
CUST005910,  Dustin Wheeler  ,ymedina@example.com,10/04/2024,United Arab Emirates,Hawaii,Hospitality,affiliate
CUST001188,Tamara Huang,gregorymoreno@example.net,04-03-2026,United states,Idaho,Hospitality,Paid Search
CUST007480,Maria Bishop,cynthia10@example.com,2023-04-23,england,,Hospitality,Referral
CUST009426,Jennifer Young,blackanthony@example.net,07-09-2023,USA,Kansas,Media,organic
CUST000492,Michele Holland,kimberlybrandt@example.com,02/08/2023,US,New Hampshire,Manufacturing,  Social  
CUST004333,Theresa Henderson,nvance@example.org,2026-07-30,england,,Manufacturing,affiliate
CUST008955,Mr. Nathan Garrett,,2024-02-03,france,,Technology,E-mail
CUST002039,  Timothy Harris  ,irodriguez@example.org,2025-05-12,BR,New Jersey,Healthcare,SEO
CUST008363,Alexander Mccormick,cherylrussell@example.com,2023-03-07,United States,,Hospitality,  AFFILIATE  
CUST009763,Timothy Huber,davidtravis@example.net,10-10-2024,Brazil,Kansas,Hospitality,Social
CUST002557,Lori Stephens,odavis@example.com,2025-01-29,IN,New Hampshire,Media,Display
CUST006970,Claudia Henry,marshallrodney@example.org,27-08-2025,india,Virginia,Finance,Social
CUST002473,Jennifer Smith,jasminbrown@example.com,29-06-2025,brazil,Illinois,Healthcare,Instagram
CUST000027,Brenda White,ewright@example.com,2024-11-07,brazil,,Real Estate,Display
CUST006461,Gregory Williams,sstewart@example.net,12/07/2024,India,,Healthcare,EMAIL
CUST002873,Mary Scott,,01-06-2026,United States,Massachusetts,Logistics,Referal
CUST000058,Janet Ross,,2026-04-23,Australia,,Education,Affliate
CUST009889,Curtis Johnston,katrinawoodard@example.com,15 Jul 2024,FR,,Hospitality,REFERRAL
CUST002833,Aaron Wells,,02-06-2025,INDIA,Nebraska,Hospitality,Affiliate
CUST006344,William Williams,amartinez@example.com,2024-08-12,canada,Rhode Island,Real Estate,Banner
CUST007215,Terri Jones,ballardadam@example.com,21 May 2024,US,Nebraska,Healthcare,Referal
CUST001334,Sandra Jones,christianerik@example.org,2026-02-15,  india  ,Texas,Technology,EMAIL
CUST006523,Jim Moreno,rogersoscar@example.org,08/01/2024,India,Alaska,Finance,SEO
CUST005347,Sherry Lee,mcooper@example.net,11/26/2024,  BR  ,Oklahoma,Healthcare,ORGANIC
CUST007405,Eric Briggs,olewis@example.net,28 Jul 2024,CA ,Wyoming,Finance,SOCIAL
CUST005654,Joseph Fowler,ckelly@example.com,29-06-2023,United Arab Emirates,Arkansas,Real Estate,affiliate
CUST002669,Sherry Thomas,brian16@example.com,15-02-2025,BR,,Technology,Email Marketing
CUST007001,Dakota Hayes,garciadavid@example.org,07/23/2026,Germany,,,Affiliate
CUST002396,Benjamin Wilkinson,tom64@example.com,14-05-2025,Canada,Oregon,Finance,Social
CUST006193,Dr. Sierra Gibson,lisa75@example.com,16-03-2026,  United Arab Emirates  ,Delaware,Real Estate,Email
CUST001807,Corey Barber,peter93@example.net,12-01-2026,DE,Florida,Real Estate,Banner
CUST004924,Patricia Patel,nmorris@example.net,2026-03-18,germany,California,Technology,Display
CUST008000,Robert Cameron,rebeccalee@example.com,05/20/2023,U.A.E,Minnesota,Retail,Affliate
CUST002778,Alison Sullivan,kelleyderek@example.net,,United States,,Retail,Organic Search
CUST003687,  Brenda Gallagher  ,elizabeth69@example.net,08/14/2024,UK,Arkansas,Education,  Instagram  
CUST008080,James Palmer,madison34@example.com,2024-02-02,SG,Iowa,Logistics,  Display  
CUST008011,Edward Smith,,,australia,,Manufacturing,Instagram
CUST009371,Samantha Watson,georgedamon@example.com,2024-12-24,INDIA,Washington,Media,PAID SEARCH
CUST009613,Tracy Garcia,alisonfisher@example.org,2025-04-28,UK,,Education,display
CUST009594,Andrea Whitney,hsmith@example.com,2025-04-10,india,Alaska,Healthcare,affiliate
CUST006169,Christine Carter,latoyahansen@example.com,10-11-2025,AUS,Colorado,Real Estate,Display Ads
CUST003193,Melissa Gonzalez,lukefisher@example.net,2023-11-24,Germany,Indiana,Healthcare,PAID SEARCH
CUST002332,Heidi Brown,kimberly44@example.net,2025-11-30, India,Arizona,,display
CUST001058,Courtney Salas,isaiah01@example.com,10-05-2026,CA ,,Manufacturing,email
CUST003885,Mary Strong,kevin01@example.net,2023-01-31,USA,Rhode Island,Education,referral
CUST004737,Ronald Sullivan,lsnyder@example.org,2025-08-28,Canada,Virginia,Manufacturing,social
CUST005734,Ryan Shelton,shawnanderson@example.net,17-10-2024,india,,,Banner
CUST009117,Sarah Olson,hartamanda@example.org,2024-03-08,USA,Hawaii,Finance,referral
CUST007348,Andrew Weber,joseph08@example.net,2023-09-20,FR,Indiana,Logistics,Affliate
CUST004736,Autumn Walker,jonesterry@example.com,2026-05-27,USA,Arkansas,Technology,affiliate
CUST000051,April Frost,michaeljones@example.net,2026-03-24,Brazil,Michigan,Real Estate,AFFILIATE
CUST000645,ELLEN THORNTON,russellstout@example.org,2023-08-29,australia,Tennessee,Media,SEO
CUST006956,Emily Wade,maytony@example.net,2025-09-06,U.S.A,Texas,Technology,  ORGANIC  
CUST007929,Steven Martin,williamnguyen@example.com,27-01-2023,france,Pennsylvania,Media,  Email  
CUST004065,Jason Holder,rcochran@example.com,2025-01-14,AUS,Mississippi,Real Estate,Display Ads
CUST003779,Jade Rogers,moralesstephen@example.net,12 Oct 2025,BR,,Finance,Facebook Ads
CUST001743,Tyler Martinez,angela52@example.com,2025-02-07,australia,Washington,Technology,Partner
CUST009201,Richard Davila,matthew28@example.org,2024-02-21,Singapore,Indiana,Hospitality,affiliate
CUST003941,Ann Mccall,glenn35@example.net,2023-06-23,BR,Minnesota,,DISPLAY
CUST006020,Tyler Bailey,kstein@example.net,12/04/2023,australia,West Virginia,Education,Referal
CUST000655,Jennifer Moss,oblack@example.org,25 Jan 2025,France,Illinois,Real Estate,Display
CUST007356,Lisa Miller,ohowe@example.net,,DE,New Hampshire,Education,email
CUST004296,Susan Nelson,robertsjustin@example.org,2025-10-29,france,Indiana,Retail,affiliate
CUST009269,Evelyn Bailey,phillipalvarez@example.org,03/15/2026,  FR  ,Massachusetts,,REFERRAL
CUST000217,Pamela Butler,jimenezcourtney@example.com,10/19/2024,CA ,Tennessee,Retail,SEO
CUST002894,Nathan Dillon,brandonallen@example.org,09-11-2025,DE,Alaska,Media,SEO
CUST004212,Samuel Flores,garrettvanessa@example.org,2024-04-05,  Brazil  ,Idaho,,Display Ads
CUST004696,Ryan West,robert19@example.net,2024-12-22,Singapore,Michigan,Retail,DISPLAY
CUST006833,Stephanie Miller,tara55@example.net,,UK,North Dakota,Retail,Partner
CUST007438,Angela Gordon,wspencer@example.org,2026-04-11,U.A.E,West Virginia,Healthcare,  Referal  
CUST001411,Mr. Christopher Evans,nancycontreras@example.com,2023-04-18,brazil,,Technology,organic
CUST007498,Taylor Obrien DVM,kristen21@example.org,2025-08-24,U.A.E,Arizona,Hospitality,REFERRAL
CUST007889,Stephen Banks,longrobert@example.org,30-06-2025,Brazil,Minnesota,,Organic
CUST000784,Oscar Smith,bryanwiggins@example.org,2025-01-29,brazil,North Dakota,Healthcare,DISPLAY
CUST002477,Pamela Brown,ssanders@example.com,2025-08-31,Canada,,Technology,Display
CUST004092,Stephanie Morales,rjohnson@example.net,2026-02-23,INDIA,Minnesota,Healthcare,REFERRAL
CUST006870,Raven House,mwatson@example.com,2024-09-28,INDIA,New Hampshire,Retail,social
CUST008009,Alexandra Johnson,ohahn@example.net,2025-01-25,DE,Arkansas,Real Estate,EMAIL
CUST004168,Michelle Beck,vgonzales@example.com,2026-02-20,australia,New Hampshire,Manufacturing,referral
CUST003821,  Ann Estes  ,lauren18@example.com,23-02-2025,India,Nebraska,Healthcare,social
CUST000401,Blake Reed,gary15@example.com,,france,Alabama,Technology,SEO
CUST000466,Jessica Brown,alexander89@example.net,2024-03-08,United Kingdom,Oregon,Hospitality,Banner
CUST008602,William Guerrero,smithdiana@example.net,07/11/2023,australia,South Carolina,Healthcare,Email Marketing
CUST002097,Ryan Smith,claire06@example.net,2026-02-25,United States,Alabama,Finance,Referal
CUST006327,Chase Taylor,jacksonrandy@example.org,01/24/2024,United Arab Emirates,South Carolina,Hospitality,PPC
CUST009330,Linda Alvarado,ilopez@example.org,2023-11-25,BR,Indiana,Healthcare,paid search
CUST002285,Catherine Santana,monica00@example.org,2025-02-16,UAE,Nebraska,Manufacturing,EMAIL
CUST001126,Joseph Sutton,ojones@example.org,24-05-2024,brazil,Mississippi,Logistics,Banner
CUST007067,MRS. TINA TRUJILLO ,,2025-02-16,france,California,Hospitality,PPC
CUST009813,Daniel Rodriguez,danielle71@example.org,04/18/2026,France,,Technology,DISPLAY
CUST004755,Jean Martin,dcarpenter@example.net,2026-07-21,INDIA,Kentucky,Finance,SOCIAL
CUST008374,Madison Anderson,millersherri@example.org,2023-05-30,DE,Ohio,Hospitality,PAID SEARCH
CUST002168,Stephanie Torres ,,2026-03-20,india,,Manufacturing,Display
CUST000473,Kristina Pena,xclements@example.org,,UK,,Retail,social
CUST005852,Jacob Boyd,cdunn@example.com,07/01/2024,  CA   ,Nebraska,Logistics,Referral
CUST002401,Curtis Chapman,kproctor@example.com,12-10-2023,US,South Carolina,Technology,email
CUST007924,Sarah Anderson,fharrison@example.net,13-07-2023,IN,California,,paid search
CUST006450,  Samuel Cooper  ,sarahhendricks@example.net,19 Jul 2025,Brazil,Illinois,Technology,Affiliate
CUST008738,Cindy Bell,justinlee@example.com,12-09-2023,Brazil,Kentucky,Logistics,  Affiliate  
CUST008053,Michelle Martinez,burtonmegan@example.org,02-06-2024,Germany,North Carolina,Manufacturing,EMAIL
CUST008491,Ashley Weber,tonyabriggs@example.net,2023-10-04,india,Nevada,Healthcare,Affliate
CUST004312,Jacqueline Jones,jlevy@example.com,2023-08-12,germany,,Hospitality,Display Ads
CUST000618,Duane Smith,victoriaturner@example.com,2025-05-17,U.K.,Iowa,Media,PPC
CUST001801,Eric Francis,dsmith@example.net,18 Feb 2026,Brazil,Alabama,,Facebook Ads
CUST008695,Charles Quinn,adkinserin@example.net,2026-05-29,India,Delaware,Media,affiliate
CUST005285,David Miller,etran@example.net,11/12/2024,FR,Wisconsin,Healthcare,Referral
CUST005833,Jack Hawkins,qduncan@example.org,04/17/2024,  USA  ,New Jersey,Retail,SOCIAL
CUST000073,Tracey Higgins,tamirodriguez@example.org,2025-09-07,U.A.E,Maryland,Logistics,Display
CUST009081,Carmen Hall,christine02@example.net,24-02-2025,United states,California,Healthcare,PAID SEARCH
CUST003523,Paige Welch,jason76@example.net,2025-07-19, India,Kentucky,Manufacturing,Email Marketing
CUST008401,Sherri Lewis,esmith@example.com,01/06/2024,Australia,Colorado,Education,social media
CUST002870,Alexander Baker,haleysaunders@example.com,02-03-2026,U.S.A,Wisconsin,Education,PPC
CUST008820,GARY WALLACE,sarasalinas@example.org,27-02-2025,IN,Vermont,Retail,referral
CUST001124,Debra Schultz,jenniferelliott@example.net,2023-05-14,France,,Real Estate,DISPLAY
CUST008065,Jeffrey Griffin,millerkelly@example.org,2025-02-19,United states,Maryland,Finance,REFERRAL
CUST000555,Kristine Carrillo ,,25-06-2023,UAE,Alaska,Retail,Email
CUST003090,Amber Evans,aprilowen@example.com,24 Mar 2023,Singapore,,Technology,PPC
CUST001511,Zachary Johnson,angela73@example.com,2026-02-28,SG,,Real Estate,Organic Search
CUST004018,Brian Walker,leslie00@example.org,2024-08-19,United Arab Emirates,Pennsylvania,Finance,Google Ads
CUST009545,Emily Hobbs,thompsongary@example.org,2024-07-31,brazil,Arkansas,Healthcare,affiliate
CUST000877,Lindsay Carney,jessica36@example.org,31-01-2024,singapore,,Healthcare,Email
CUST001276,Michael Gibson,cameronsharon@example.org,2023-05-10,  france  ,Alaska,Logistics,Email
CUST002065,Kenneth Snyder,gibbsamanda@example.net,2025-03-06,brazil,,Technology,Paid-Search
CUST001825,Luke Duncan,sarah53@example.org,20-01-2025,Canada,Alaska,Healthcare,ORGANIC
CUST006545,Larry Preston,jacksonjeremy@example.com,07/24/2024,Canada,Wyoming,Hospitality,Partner
CUST008849,Paige James,james83@example.com,2025-02-22,canada,Iowa,Technology,DISPLAY
CUST008762,  Kristin Harmon  ,michael36@example.net,2025-04-21,SG,North Carolina,Technology,Referal
CUST008044,Diane Lowe,mccormickjohn@example.net,2024-03-01,canada,New Jersey,Real Estate,Facebook Ads
CUST005594,Grant Hughes,panderson@example.org,2023-01-02,France,Missouri,Finance,Google Ads
CUST005679,  Christine Taylor  ,garciamelissa@example.org,2025-05-17,UAE,,Retail,Instagram
CUST008711,Jason Bush,bgonzales@example.org,09/14/2023,england,Maine,Logistics,ORGANIC
CUST005477,  Matthew Jones  ,lfriedman@example.org,2026-04-25,  UK  ,,,Referral
CUST004079,Alexander Williams,latoyaturner@example.com,18-05-2026,Germany,Maryland,Real Estate,  Email Marketing  
CUST009853,Taylor Leonard,claudia53@example.org,27-04-2026,brazil,Kentucky,Media,Display
CUST008352,  Matthew Williams  ,wking@example.org,2023-10-18,UAE,Missouri,Hospitality,Email
CUST005658,EDWARD BAUER,,12/12/2025,CA ,Connecticut,Logistics,PPC
CUST000970,Mrs. Julia Greene,sloandennis@example.org,2024-02-19,  england  ,Rhode Island,Media,Paid Search
CUST002984,Arthur Smith,vaughanpriscilla@example.org,24-04-2024,DE,North Carolina,Manufacturing,  REFERRAL  
CUST003448,Jessica Allen,vross@example.com,30-11-2023,canada,Connecticut,Real Estate,Partner
CUST009600,Aimee Reyes,vandrade@example.net,2025-11-06,germany,Rhode Island,Retail,referral
CUST003160,Noah Boyd,ernestjones@example.org,15-07-2026,IN,Washington,Retail,PPC
CUST000035,Eugene Walton,smithchristine@example.net,,IN,Connecticut,Retail,E-mail
CUST009069,Lisa Anderson,agutierrez@example.org,2024-05-31,U.K.,,Logistics,Affliate
CUST001234,Wayne Russell,mcneilsherry@example.org,2023-06-11,US,South Dakota,Healthcare,DISPLAY
CUST004145,Adrienne Carter,christine72@example.net,2025-10-29,BR,Arkansas,Manufacturing,E-mail
CUST009055,Sergio Bell,alexanderadams@example.net,01 Jan 2025, India,Florida,Education,Instagram
CUST000752,Erika Daugherty,marcoconnell@example.org,2025-06-19,Canada,,Logistics,ORGANIC
CUST002518,Cynthia Maxwell,cynthiaford@example.org,2026-04-15,Australia,Nevada,Retail,  Email Marketing  
CUST001187,Brian Garcia,michael95@example.org,2024-01-23,United Arab Emirates,,Logistics,Social
CUST004904,Alexis Adkins,steven98@example.org,2023-11-22,AUS,Mississippi,Media,  email  
CUST006844,Kenneth Boyer,benitezlawrence@example.com,14-01-2026,Brazil,,Healthcare,PAID SEARCH
CUST006987,Wayne Garcia,diana42@example.com,2025-05-15,France,Alabama,Education,Partner
CUST008581,Anthony Lowery,morganherrera@example.com,28 Sep 2023,AUS,Maine,Real Estate,display
CUST009485,Edward Spencer,andrew82@example.net,2024-12-05,india,Pennsylvania,Education,PAID SEARCH
CUST006953,Eric Wilson,christophermccormick@example.com,08/17/2024,UAE,Alaska,Healthcare,Instagram
CUST002117,Sherry Contreras,jack86@example.org,2025-09-28,UAE,Wisconsin,Hospitality,SEO
CUST006134,Jeffrey Smith,john70@example.com,2023-10-06,Canada,,Real Estate,Banner
CUST006002,Theresa Jones,,13-05-2024,U.K.,Minnesota,Real Estate,Display
CUST000753,Christopher Brown,donald62@example.net,06/07/2025,AUS,Mississippi,Education,AFFILIATE
CUST001676,James Arroyo,perezcourtney@example.com,2023-06-15,Australia,Texas,Media,PAID SEARCH
CUST008885,Reginald Mullins,zsmith@example.net,2023-11-10,  FR  ,Illinois,Healthcare,  Email  
CUST005539,Alicia Gardner,jeffrey30@example.org,2023-05-07,France,Maryland,Technology,Referal
CUST005673,Joel Chandler,kayla91@example.org,2024-01-06,USA,Pennsylvania,Real Estate,Referal
CUST000261,Jason Mack,ybrooks@example.com,,France,Missouri,Manufacturing,  social media  
CUST005651,Kristina Hart,crystal98@example.com,08-01-2026,France,Montana,Healthcare,ORGANIC
CUST006348,Paula Shaffer,usimmons@example.com,03/24/2023,Australia,Wisconsin,Manufacturing,Social
CUST007619,  Daniel Trujillo  ,ericksongeorge@example.com,29 Dec 2024,singapore,Missouri,Technology,  REFERRAL  
CUST005933,Pamela Larson,anthony00@example.net,2025-10-15,US,Pennsylvania,Retail,Email Marketing
CUST007693,Alan Terrell,dennis90@example.com,15 Aug 2025,Singapore,Alaska,Media,Referral
CUST003136,Brian Kim,rachel22@example.org,2023-06-09,BR,,Manufacturing,Display
CUST005674,Michelle Silva,juliadavid@example.net,2023-12-17,india,Maine,Hospitality,PAID SEARCH
CUST003096,Megan Allen,rachelthompson@example.com,2023-05-04,england,North Carolina,Real Estate,AFFILIATE
CUST005144,Sonya Smith,robin55@example.net,2023-05-14,Singapore,North Carolina,Healthcare,display
CUST004999,Scott Osborne,hendersonfernando@example.net,19-11-2023,canada,Montana,Logistics,Display Ads
CUST001200,Bob Jones,lhernandez@example.com,28 Aug 2024,U.K.,West Virginia,Technology,Facebook Ads
CUST005174,  Keith Guzman  ,john50@example.com,15 Aug 2025,UK,California,Education,Partner
CUST004080,Kathleen Rodgers,lisa61@example.net,09-06-2025,US,North Dakota,Manufacturing,Email Marketing
CUST001283,Savannah Neal,bonillabrian@example.org,02/27/2023,canada,Texas,Retail,Email
CUST003310,  Laurie Blake  ,hernandezmelissa@example.net,09/06/2025,IN,Indiana,Healthcare,Display
CUST007196,Mario Padilla,myersterri@example.com,07-11-2023,Canada,Vermont,Education,Referral
CUST000552,Molly Hansen,michael43@example.net,22-10-2025,FR,Illinois,Manufacturing,SEO
CUST001433,Darlene Collins,mary05@example.net,31-10-2024,CA ,Oregon,Logistics,Banner
CUST001057,Erin Allen,knoxelizabeth@example.org,30 Jun 2026,BR,Utah,Finance,Email Marketing
CUST003052,Justin Keith,zfrost@example.net,01/16/2024,United Kingdom,,Hospitality,Referral
CUST000947,Amanda Hernandez ,,2023-09-28,DE,New York,,AFFILIATE
CUST000789,David Lopez,wadetiffany@example.org,2024-01-10,Germany,Mississippi,Healthcare,Display Ads
CUST007500,Juan Rogers,nwebster@example.com,2026-03-05,U.A.E,California,Education,Organic Search
CUST003455,Shaun Dunn,sloanpaul@example.com,,india,Kentucky,Education,Referral
CUST008671,Jared Williams,williamcooper@example.net,29-03-2025,INDIA,Nevada,Logistics,PPC
CUST003541,Dana French,christinahickman@example.com,2026-08-01,Singapore,Louisiana,Media,social media
CUST000573,Christina Johnston,tiffanymitchell@example.com,2026-01-05,england,Utah,Technology,Affiliate
CUST000187,Raven Taylor,samantha72@example.net,08-05-2025,germany,,Finance,Facebook Ads
CUST009540,Darrell Harrell,fosterkenneth@example.net,04-08-2025,france,Nebraska,Manufacturing,REFERRAL
CUST000624,Matthew Guzman,walterscrystal@example.org,2023-11-09,BR,,Technology,Organic
CUST001207,Chloe Rodriguez,coxkimberly@example.com,2026-03-25,U.A.E,Alaska,Logistics,E-mail
CUST009576,Zachary Gross,zmason@example.net,23 Jan 2024,canada,Arizona,Real Estate,Referal
CUST001348,Erin Todd,youngcharles@example.net,03/31/2024,australia,South Carolina,Media,Paid Search
CUST005104,Cole Schaefer,pottskaren@example.com,11/11/2024,Canada,,Logistics,organic
CUST006127,Jeremy Miller,monica33@example.net,2025-12-21,canada,South Dakota,Hospitality,Affliate
CUST000926,Annette Holland,lori13@example.com,10-11-2025,United Kingdom,Nebraska,Education,SEO
CUST004392,Sharon Delgado,gsmith@example.org,01-11-2024,Singapore,,Manufacturing,email
CUST008802,Alejandra Hall,aliciabeltran@example.net,2023-01-17,france,Washington,Technology,PAID SEARCH
CUST002651,Nicholas Brennan,dbrown@example.org,2023-03-23,Germany,Hawaii,Education,display
CUST005431,Amanda Smith,qhall@example.net,19 May 2025,singapore,Florida,Healthcare,email
CUST000101,Gary Santiago,marksteele@example.com,10 Nov 2024,Canada,Texas,Manufacturing,AFFILIATE
CUST002971,Meredith Goodwin,tiffanymcguire@example.org,11/22/2025,BR,Illinois,Healthcare,Display
CUST001537,Richard Mccormick,michaelstevens@example.net,2023-09-20,UK,Alabama,Real Estate,Email Marketing
CUST005818,Jenny Franco,robertburns@example.org,2025-10-31,  FR  ,Nevada,Media,SOCIAL
CUST000037,  Joshua Turner  ,contrerasangela@example.net,12/17/2024,DE,Connecticut,Technology,Google Ads
CUST003317,Tyler Williams,tdominguez@example.com,2024-10-09,FR,Pennsylvania,Finance,REFERRAL
CUST003219,Shawn Morgan,brownwilliam@example.net,30-08-2025,DE,Arizona,Real Estate,  E-mail  
CUST000510,Travis Spencer,davidsmith@example.net,2023-02-23,SG,Montana,Media,Email Marketing
CUST009580,John Moody,martin51@example.com,2023-12-04,United Kingdom,Nevada,Retail,SOCIAL
CUST007454,Christina Webster,jamesnovak@example.net,2024-11-03,Brazil,North Dakota,Education,Email Marketing
CUST004028,Carla Taylor,blake03@example.com,2025-05-09,india,Utah,Logistics,Display
CUST007381,Todd Garcia,kwilson@example.org,16-09-2024,UK,Delaware,Retail,organic
CUST009990,William Ortiz,rdavis@example.org,2025-06-15,singapore,Maine,Education,  Google Ads  
CUST008308,Jimmy Escobar,garzajames@example.com,10-02-2024,United states,Nevada,Finance,Display
CUST007055,Amy Santos ,,2023-07-02,Australia,South Carolina,,  paid search  
CUST006305,  Sara Johnson  ,matthewhiggins@example.com,2025-01-31,singapore,Minnesota,Healthcare,DISPLAY
CUST004597,Jacob Martin,martinezrenee@example.com,2023-07-22,brazil,Wisconsin,Finance,Affliate
CUST004077,Timothy Lewis,hdavis@example.net,2025-08-29,United Kingdom,Mississippi,Media,Paid-Search
CUST000579,Kara Brown,fwarren@example.org,12/24/2025,US,Kentucky,Technology,Organic
CUST008372,Gabrielle Martinez,kathryn41@example.org,05/21/2023,United Arab Emirates,Virginia,Manufacturing,EMAIL
CUST005064,  Gary Thompson  ,geraldandrews@example.net,2024-01-02,brazil,,,Affliate
CUST004407,Amanda Hampton,erin59@example.com,2023-12-17,U.K.,Hawaii,Logistics,Partner
CUST009768,  Michael Green  ,mason04@example.com,2024-11-26,Brazil,Wyoming,Education,social media
CUST004804,Brian Smith,nblack@example.net,05 Jan 2025,Canada,South Dakota,Technology,SEO
CUST002587,Tyler Silva,morganthomas@example.com,2023-08-14,australia,Alaska,,affiliate
CUST001765,Tara Thompson,millerjimmy@example.net,14-12-2025,United Arab Emirates,Vermont,Manufacturing,Facebook Ads
CUST008423,Amber Johnson ,,04-12-2023,australia,New Jersey,Retail,REFERRAL
CUST008298,David Watson,brandon31@example.org,2024-07-29,United Kingdom,Wyoming,Media,PAID SEARCH
CUST003172,Christina Deleon,smithrebecca@example.org,31 Jul 2023,singapore,,Finance,Organic Search
CUST005251,Luis Mcknight,carterjonathan@example.com,19-02-2023,germany,Washington,Media,Paid-Search
CUST007214,Karen Welch,wrightjulie@example.com,2023-11-06,canada,Alaska,Media,paid search
CUST002248,Joseph Bradley,mmoore@example.com,10/09/2024,IN,Alabama,Education,Banner
CUST003971,Pamela Burke,jamesvasquez@example.org,2024-07-22,UK,Indiana,Hospitality,ORGANIC
CUST008067,Charles Garrett,jensenjacob@example.org,13 Jan 2024,United Kingdom,Virginia,Manufacturing,SEO
CUST001167,Jennifer Cohen,martinkaren@example.com,20-11-2025,england,,Manufacturing,SOCIAL
CUST009302,Mr. Michael Jensen MD,,2024-09-30,FR,,Technology,E-mail
CUST002790,William Guzman,rodriguezmichael@example.net,2025-06-27,singapore,South Carolina,Logistics,Affliate
CUST006252,Scott Garcia,jonathan96@example.net,2024-02-16,U.K.,Vermont,Real Estate,Display
CUST006743,Amanda Sexton,kenneth96@example.net,2023-01-13,IN,,Logistics,Referral
CUST005237,Tammy Brown,melissa43@example.com,11-06-2025,U.A.E,Ohio,Technology,DISPLAY
CUST002601,  Raven Odonnell  ,dmartinez@example.com,30-01-2026,UK,Arkansas,,Paid Search
CUST008487,Mrs. Carmen Williams,chad38@example.com,2025-02-10,IN,Massachusetts,Media,PPC
CUST003280,Marvin Cox ,,2023-08-08,Canada,Montana,Manufacturing,social media
CUST008922,  Karen Avila   ,,2025-12-31,UAE,North Dakota,Real Estate,SOCIAL
CUST005586,Ricky Baker,cruzjames@example.org,2023-04-19,UAE,Nebraska,,Social
CUST005803,Pamela Schultz,brewermarcus@example.com,,United States,Pennsylvania,Manufacturing,affiliate
CUST008533,Lauren Williams,klewis@example.org,24-09-2024,USA,Florida,Real Estate,Referal
CUST006448,Jennifer Thomas,yjenkins@example.org,12-06-2025,SG,,Education,REFERRAL
CUST000587,  KIMBERLY LOPEZ  ,kfoster@example.net,2025-11-21,IN,West Virginia,Real Estate,REFERRAL
CUST001461,Teresa Powell,,2024-06-07, India,Georgia,Manufacturing,Affiliate
CUST007229,Angela Stewart,bryanrichards@example.org,,  U.A.E  ,Arizona,Real Estate,Affiliate
CUST006606,Joshua Gomez,matthew78@example.net,03-04-2025,U.K.,New Mexico,Healthcare,Partner
CUST009985,Allison Pugh,,06/30/2023,France,Illinois,,Display Ads
CUST009328,Katie Johns,ellisvalerie@example.com,2023-07-31,singapore,South Carolina,Media,EMAIL
CUST006576,Susan Green,brianleon@example.com,2023-08-01,France,,Technology,display
CUST005223,Karen Jimenez,fcalhoun@example.org,2023-09-01,United Arab Emirates,Maine,Education,Email Marketing
CUST003931,Seth Ali,sjohnson@example.com,,Germany,Idaho,Education,PPC
CUST009116,Dwayne Heath,bsmith@example.org,06 Jan 2024,United states,Hawaii,Education,ORGANIC
CUST000720,William Lamb,mitchellchristopher@example.net,06/02/2023,Australia,California,Real Estate,Referal
CUST007385,Brandon Howard,melissahartman@example.com,2023-02-16,UAE,Illinois,Technology,Google Ads
CUST004742,Glenn Gilmore,lopezrichard@example.net,19-01-2026,Singapore,Nebraska,Finance,ORGANIC
CUST001033,Michelle Evans,robertwhite@example.net,2024-09-14,France,Washington,Media,  Partner  
CUST008687,Brittney Allen,bentleyjamie@example.com,14-01-2026,INDIA,North Carolina,,REFERRAL
CUST009603,Elaine Thomas,melanie22@example.org,2023-03-14,AUS,Hawaii,Logistics,Organic
CUST000827,Mrs. Ashley Kim DDS,wilsonralph@example.net,2024-06-07,United states,,Logistics,SEO
CUST005054,  Emily Crane  ,duanemclean@example.com,21-03-2025,FR,Connecticut,Technology,SEO
CUST003725,Alexandra Clark,kingjoshua@example.com,2024-02-01,UK,California,Retail,email
CUST001361,Patrick Clark,jenny20@example.org,2023-04-15,CA ,Vermont,Retail,Banner
CUST004802,Nicole Mendoza,carol66@example.org,2024-04-01,england,New Hampshire,Finance,Affiliate
CUST008704,Vanessa Gonzales,harperashley@example.com,07 Mar 2025,  IN  ,Indiana,Healthcare,paid search
CUST007932,  Veronica Bowen   ,,2024-05-28,United Arab Emirates,Colorado,Media,display
CUST000392,Kevin Warner,stacey92@example.net,2024-10-29,Germany,Illinois,Real Estate,email
CUST001973,Andrew Williams,nina65@example.net,2023-11-12,india,Michigan,Healthcare,Google Ads
CUST001787,Olivia Miller,amy13@example.net,2024-05-06,AUS,Virginia,Technology,AFFILIATE
CUST009022,Stephen Williams,jonathanbennett@example.com,15-05-2025,SG,South Carolina,Media,Email Marketing
CUST007105,Dr. Vincent Lopez MD,kimberly05@example.com,07/28/2025,Australia,Rhode Island,Hospitality,Referral
CUST000839,Pamela Mitchell,johnsonbrandon@example.com,2024-06-23,U.A.E,Minnesota,Media,email
CUST006109,  Michael Foster  ,hendersonamy@example.org,2023-02-27,germany,Wyoming,Technology,  Referal  
CUST003228,Shane Gonzalez,william48@example.net,14 Nov 2025,germany,Iowa,Hospitality,Referal
CUST007414,Colin Cummings,,20-03-2025,england,Massachusetts,Technology,Facebook Ads
CUST004584,Dr. Tyler Harvey PhD,jasonhardy@example.net,2025-03-15,U.S.A,New Mexico,Real Estate,  PPC  
CUST002747,Anita Hudson,brookefrench@example.net,2024-10-22,SG,Vermont,,DISPLAY
CUST004912,Johnny Duncan,richardgonzalez@example.net,2024-04-18,FR,Missouri,Logistics,Paid-Search
CUST003649,Tony Key,collinsstacy@example.com,,Australia,Colorado,Technology,Paid Search
CUST001602,Mrs. Sharon Wagner,gwilkins@example.org,2025-09-05,UAE,,Media,email
CUST009138,Kayla Hunter,hensleyryan@example.org,30 Sep 2023,australia,,Hospitality,Affiliate
CUST000315,Monica Bailey,stanley38@example.com,18-03-2024,France,Minnesota,Media,Google Ads
CUST003060,Karen Hicks,bjames@example.org,27 Apr 2026,BR,Rhode Island,Manufacturing,Instagram
CUST008629,Melissa Patel,debbie74@example.com,12-12-2025,  U.K.  ,Arizona,Technology,REFERRAL
CUST004433,Jennifer Dixon,amanda74@example.net,2023-03-23,BR,,,Display Ads
CUST001755,Gabriel Green,santosshannon@example.com,2025-03-28,brazil,Rhode Island,Education,Google Ads
CUST009739,Kathleen Thompson,crobinson@example.com,02-05-2023,BR,Delaware,Real Estate,Affliate
CUST000815,Calvin Anderson,colemankathryn@example.org,2024-06-10,U.K.,California,Finance,Banner
CUST007324,Darrell Myers,baxterashley@example.org,2023-10-18,brazil,Florida,Education,Google Ads
CUST007859,Diane Stevens,cruzamy@example.org,2023-09-09,Australia,Kansas,Manufacturing,DISPLAY
CUST008812,Sydney Thompson,jeffreyhughes@example.org,2024-02-25,singapore,Oklahoma,,Social
CUST001347,George Green,pamela02@example.org,2023-01-03,england,Oklahoma,Manufacturing,Social
CUST009824,Kathryn Mccann,david60@example.org,12-01-2025,U.A.E,Georgia,Logistics,Organic Search
CUST007042,Cathy Wade,brittany12@example.org,2023-09-22,SG,Indiana,Education,email
CUST005183,Emily Morgan,penny39@example.org,14-09-2024,BR,Tennessee,Technology,Google Ads
CUST005156,Shawn Mccall,saunderssierra@example.org,09-02-2026,India,Oregon,Real Estate,Email Marketing
CUST005037,Joshua Fowler,,2024-01-18, India,Alabama,Media,DISPLAY
CUST005078,Barbara Bauer,leslie40@example.com,2024-09-20,United states,Wisconsin,Hospitality,  Referal  
CUST003682,Ryan Garcia,vsanders@example.net,2026-01-08,DE,Georgia,Media,referral
CUST003044,Joe Oliver,bmayo@example.com,2024-06-29,Germany,Utah,,Instagram
CUST001931,Barbara Wood,hgray@example.net,03/15/2025,Australia,Louisiana,Retail,Facebook Ads
CUST005315,David Mccullough,amber72@example.com,2023-10-12,India,Arkansas,Technology,social
CUST003967,Jacqueline Ramos,alejandrolozano@example.org,2025-03-09,DE,,Manufacturing,E-mail
CUST005972,  Elizabeth Caldwell  ,rachael81@example.org,09-12-2023,canada,Texas,Healthcare,Partner
CUST005596,Richard Mitchell,raymondgibson@example.com,05-05-2025,singapore,New York,Retail,Affiliate
CUST003961,Katherine Torres,rgrimes@example.org,09/21/2024,FR,South Carolina,Technology,Referral
CUST004352,Monica Williams,baileytodd@example.com,2024-02-07,SG,North Carolina,Retail,AFFILIATE
CUST009252,Joshua Summers,shannondawson@example.org,,Brazil,Texas,,organic
CUST005895,Andrew Serrano,clarkamber@example.org,2026-01-09,  U.K.  ,Delaware,Education,Display Ads
CUST007725,Gabrielle Hall,adriana96@example.org,12/09/2023,INDIA,Alaska,Real Estate,Google Ads
CUST000793,Monique Mccullough,ericawilson@example.org,2024-01-09,Singapore,Montana,Media,Email Marketing
CUST009940,Holly Bell,vanessa41@example.org,2023-01-10,France,Alabama,Media,email
CUST005820,Catherine Turner,calebreynolds@example.net,2024-11-13, India,Hawaii,Education,Referral
CUST005153,Marissa Johnson,cochranbeverly@example.org,2024-08-14,  Canada  ,Alabama,Education,ORGANIC
CUST000566,Chelsea Baker,thomas95@example.com,,CA ,Idaho,Finance,REFERRAL
CUST004388,Katherine Olson,kimberly49@example.com,21-06-2026,england,Kentucky,Technology,organic
CUST001445,Christina Watkins,crossjoshua@example.com,2025-11-10,France,Oregon,Healthcare,PAID SEARCH
CUST005224,James Wiggins,candicecline@example.com,,INDIA,Massachusetts,Education,display
CUST001864,Bobby Stevens PhD,melissa49@example.net,2025-06-15,BR,Oklahoma,Media,Display Ads
CUST009997,Angela Brown,ureed@example.net,2026-07-03,  india  ,Connecticut,Hospitality,Email
CUST008981,Tammie Nunez,wilsonmark@example.net,2025-11-13,Australia,,Media,referral
CUST003326,Jason Miles,,04-09-2024,DE,Texas,Logistics,DISPLAY
CUST008039,  Michelle Green  ,qolson@example.com,03/27/2025,US,Nebraska,Healthcare,REFERRAL
CUST005259,Michael Munoz Jr.,angelahall@example.net,29-01-2025,France,Delaware,Healthcare,social media
CUST007089,Jennifer Welch,adamhernandez@example.org,2023-07-27,Brazil,Hawaii,Manufacturing,social
CUST004350,Tanya Stokes,brewerkristy@example.net,2025-08-10,United States,Iowa,Manufacturing,Referral
CUST006795,Zachary Robinson,montoyaveronica@example.org,2023-08-03,U.S.A,Indiana,Hospitality,Organic Search
CUST003419,Deborah Blevins,mschwartz@example.com,2023-06-04,SG,Arizona,,organic
CUST008587,  Mackenzie Carlson MD  ,melissareed@example.com,2025-10-15,AUS,Arizona,Technology,social media
CUST006535,Rebecca Clark,mrobinson@example.net,19-06-2023,france,,,affiliate
CUST002044,ZACHARY YOUNG,evelyncollier@example.com,2026-04-10,AUS,New Mexico,Technology,Referral
CUST004973,Joshua Hart,frivera@example.net,14-12-2025,Canada,,Manufacturing,REFERRAL
CUST008665,Kelly Werner,willisjames@example.org,07/27/2023,UAE,New Hampshire,Education,REFERRAL
CUST001130,Patrick Faulkner,iwoods@example.com,2026-02-14,brazil,Alabama,Manufacturing,Organic Search
CUST006853,Carla Chavez,nhunter@example.com,21 Jun 2024,Germany,Arkansas,Real Estate,  Referral  
CUST006095,Allison Blackburn,achapman@example.com,02/18/2026,US,Kansas,Retail,Referral
CUST002787,Justin Barnes MD,kendrahall@example.org,2023-03-27,SG,New Jersey,,referral
CUST002914,Timothy Perez,smithcharles@example.net,2023-12-20,australia,New Hampshire,Logistics,Organic Search
CUST002029,Danny Smith,yburke@example.org,13-03-2023,BR,Arkansas,Real Estate,SOCIAL
CUST005735,Melissa Parker,eileenortiz@example.com,16-11-2024,  INDIA  ,,,  Instagram  
CUST001230,Cathy Brown,wpeterson@example.com,25-08-2023,Brazil,Hawaii,Technology,Display Ads
CUST000963,Allen Schultz,adamstabitha@example.net,2023-10-01,canada,,Retail,DISPLAY
CUST001295,Morgan Davis,sstevenson@example.org,2023-05-17,INDIA,Hawaii,Manufacturing,PPC
CUST006878,Dr. Terri Chapman,matthew76@example.net,03/01/2025,Australia,Wisconsin,Finance,Affliate
CUST008060,Philip Greene,jeffrey21@example.org,2026-01-12,australia,Michigan,Hospitality,  Paid Search  
CUST003397,Joseph Blevins,kelleyjennifer@example.org,2024-10-13,Brazil,Washington,Hospitality,  Paid-Search  
CUST004112,Katherine Smith,maldonadokyle@example.net,2026-02-28,IN,Connecticut,Retail,social
CUST002952,Crystal Shelton,johnsonlisa@example.com,2023-08-31,canada,Massachusetts,Technology,PAID SEARCH
CUST003828,Eric Smith,brandywalls@example.org,11/19/2024,DE,New Mexico,Healthcare,REFERRAL
CUST004761,Nicholas Pruitt,joshua54@example.org,04/03/2023,United states,Ohio,Technology,Organic
CUST008682,  Stephanie Young  ,ljimenez@example.org,12-07-2026,UK,,Education,affiliate
CUST007541,Andrea Bradford,xbowman@example.org,10-07-2024,france,Florida,Manufacturing,AFFILIATE
CUST006257,Aaron Baker,snguyen@example.com,2025-09-12, India,Kentucky,Logistics,Paid-Search
CUST001728,Travis Moore,gomezdaniel@example.com,10/03/2024, India,Virginia,Finance,REFERRAL
CUST001889,Jacqueline Smith,gingram@example.org,,india,Indiana,Logistics,referral
CUST008854,Luke Chavez,matthew67@example.net,09/10/2023,  india  ,Arkansas,Manufacturing,organic
CUST006957,Gabriel Ewing,reedmonique@example.com,2026-01-22,United States,Pennsylvania,Healthcare,PAID SEARCH
CUST007613,Katherine Lopez,daniel86@example.com,2025-07-26,BR,Washington,Manufacturing,display
CUST008819,Charles Wood,pamelawright@example.org,2023-10-05,DE,Illinois,,Referal
CUST007579,Heather Perez,carpenterdaniel@example.net,2026-01-05,U.A.E,Oregon,,Partner
CUST001175,Melissa Bautista,molly98@example.org,04/19/2026,canada,New Hampshire,Healthcare,Banner
CUST007157,Yvonne Garcia,lisa19@example.org,2025-01-15,germany,Alabama,Logistics,paid search
CUST006093,Kevin Robinson,brandon33@example.com,03/29/2026,DE,North Carolina,Education,SEO
CUST007792,Patrick Parks,justin10@example.org,11-08-2024,FR,South Carolina,Finance,Partner
CUST002108,Todd Adams,burnsdeanna@example.net,2026-02-01,UAE,West Virginia,Logistics,PPC
CUST005503,  Jerry Taylor  ,james10@example.net,2024-04-13,DE,Alaska,Education,REFERRAL
CUST004807,JENNIFER ROBERTS,robinsonjoy@example.com,2023-08-19,France,Illinois,Hospitality,affiliate
CUST003586,Tonya Holland,christina67@example.com,2026-06-21,UK,Colorado,Real Estate,Paid Search
CUST008921,Michelle Nunez,hamiltonivan@example.com,2023-11-25,france,Montana,Logistics,AFFILIATE
CUST006997,Samantha Koch,matthew41@example.org,2024-01-27,UK,Wisconsin,Retail,organic
CUST008655,Charles Martinez,william99@example.org,2026-03-03,U.A.E,California,Manufacturing,SEO
CUST009916,Brian Johnson,alejandroporter@example.org,2024-06-05,United States,Ohio,,paid search
CUST002436,EILEEN IBARRA,gonzalesnatasha@example.com,,UK,Kentucky,Education,Instagram
CUST006618,Albert Gomez,cjones@example.org,2024-04-29,United Kingdom,Utah,Hospitality,Organic Search
CUST006818,Bryan Tucker,gibbsrobert@example.org,2025-06-24,U.A.E,,,Organic
CUST008914,Michael Mcintyre,russellperez@example.net,29-07-2024,U.K.,,Hospitality,Email Marketing
CUST005739,Matthew Holland,claychristopher@example.net,2026-01-22,Germany,Alaska,,  referral  
CUST007507,Mathew Garcia,lopezaaron@example.com,14 Jun 2025,australia,New Jersey,Finance,AFFILIATE
CUST008693,Wendy Shaffer PhD,martinmegan@example.org,2024-11-24,India,New Jersey,Retail,Facebook Ads
CUST008536,Karen Decker,angelagreen@example.com,2024-12-04,Canada,,Healthcare,Display
CUST005624,Brianna Henderson,fcherry@example.net,2024-04-19,U.K.,,Education,REFERRAL
CUST001165,  Autumn Graham  ,gbarnes@example.org,05/31/2025,brazil,Hawaii,Education,Display
CUST003233,Alexander Ramsey,luis05@example.net,2025-01-23,BR,Arizona,Retail,organic
CUST001398,Charles Cervantes,russellramirez@example.net,09/08/2023,U.K.,Massachusetts,Logistics,AFFILIATE
CUST003083,Philip Hodges,spearsjose@example.com,18-03-2026,FR,Oklahoma,Real Estate,Affiliate
CUST000060,John Schmidt,stephanie79@example.net,2023-07-25,Singapore,North Carolina,Logistics,DISPLAY
CUST000399,Elizabeth Thompson,rushstacy@example.com,2025-11-20,Australia,Wyoming,Finance,Paid-Search
CUST007275,  Tyler White  ,zgreen@example.net,03-02-2026,france,Pennsylvania,Education,SEO
CUST006919,Paula Pugh,thomas90@example.com,16-02-2023,Singapore,Kentucky,Education,Instagram
CUST007760,Jessica Macdonald,toneill@example.com,08/12/2024,AUS,Hawaii,Manufacturing,Paid Search
CUST009944,Jeffrey Turner,lisa50@example.org,2024-02-23,Brazil,Georgia,Technology,display
CUST007709,Dennis Henry,martinezjoshua@example.net,01/14/2024,U.A.E,,Education,AFFILIATE
CUST007236,Samantha Collins,devin22@example.org,2023-12-01,BR,,Hospitality,referral
CUST004162,Joseph Fox,rogersmatthew@example.org,2023-02-27,Canada,,Retail,AFFILIATE
CUST002423,Kathy Steele,iharrington@example.org,03-02-2024, India,Arizona,Hospitality,PPC
CUST004833,Jade Robles,znorris@example.com,01/31/2024,U.K.,Nebraska,Education,display
CUST003453,Holly Williams,suarezstacy@example.com,,BR,Washington,Education,Google Ads
CUST005256,Michael Harrell,katherine18@example.org,23-09-2023,germany,Alabama,Media,PPC
CUST003972,Beverly Patel MD,xmoore@example.net,2023-01-11,United states,Iowa,Real Estate,EMAIL
CUST006231,Thomas Farmer,michael96@example.net,2026-07-08,Singapore,Delaware,Finance,Affiliate
CUST003655,Willie Cole,christine99@example.net,2023-03-07,SG,New Hampshire,,SEO
CUST006982,Alexa Morse,kristen11@example.org,21-01-2024,BR,Louisiana,Logistics,Display
CUST004021,JANICE ROCHA,harpercathy@example.net,2024-11-28,france,Delaware,Logistics,Referral
CUST005873,Michael Tanner,juliadavis@example.com,2023-02-10,  France  ,New Jersey,Manufacturing,referral
CUST008899,Chase Hampton,sandra38@example.com,2023-05-16,germany,Missouri,Healthcare,Email
CUST003202,Natalie Smith,mcrawford@example.net,2025-12-14,CA ,New Hampshire,Healthcare,Referal
CUST007761,Carrie Leonard,mark19@example.com,05-11-2025,France,Virginia,Media,Referal
CUST008072,Danielle Burgess,kelsey97@example.org,2024-03-29,  brazil  ,New Jersey,Media,REFERRAL
CUST004856,Jacqueline Hart,rpreston@example.com,2024-10-13,  UK  ,,Hospitality,PAID SEARCH
CUST005930,Jason Brown,william24@example.net,2023-02-18,Singapore,Kansas,,Email
CUST007156,Deanna Rodriguez,marquezjill@example.com,2026-04-09,AUS,,Manufacturing,AFFILIATE
CUST005397,Marvin Castillo,christopher05@example.org,21-07-2024,SG,Nevada,Hospitality,Instagram
CUST001228,Daniel Johnson,onelson@example.org,2026-03-06,singapore,Colorado,Healthcare,PPC
CUST002528,Andrew Wells,lisahawkins@example.com,2026-04-09,  Australia  ,Idaho,Healthcare,Banner
CUST009346,Susan Ramos,adamalvarez@example.org,2024-07-06,FR,,Healthcare,AFFILIATE
CUST007003,Gregory Huffman,jaredsmith@example.org,30-01-2024,germany,,Media,Organic
CUST006873,Cheryl Simon,oyoung@example.net,2026-03-28,U.A.E,,Media,Partner
CUST008764,Ryan Hudson,bobfernandez@example.org,2024-06-17,U.S.A,New Mexico,,Paid Search
CUST004693,Trevor Nguyen,matthew33@example.net,2023-01-15,US,New York,Healthcare,Instagram
CUST006261,Kyle Walker,nwarner@example.com,2026-06-02,UK,Michigan,Retail,PPC
CUST005454,William Chapman,hmartinez@example.org,2026-03-13,U.S.A,New Hampshire,,Display
CUST000775,Seth Sims,daltonchad@example.net,2026-01-31,U.A.E,Michigan,Manufacturing,affiliate
CUST002242,Clarence Wood,sherry96@example.com,02/19/2025,singapore,,Manufacturing,Google Ads
CUST008700,Travis Lopez,vegajonathan@example.org,2025-12-11,SG,Vermont,Manufacturing,Facebook Ads
CUST009494,Kevin Dunn,osnow@example.net,11-10-2024,BR,Wyoming,Real Estate,Referal
CUST002128,Amanda Armstrong,njames@example.net,2025-08-06,Germany,,Education,Paid Search
CUST003013,George Holland,renee05@example.org,2023-06-09,BR,Hawaii,Logistics,DISPLAY
CUST001572,Ronald Smith,marcushernandez@example.org,2025-09-02,france,Pennsylvania,Hospitality,Organic Search
CUST002972,William Wilson,xfuentes@example.net,2024-05-31,Germany,Rhode Island,Technology,Paid-Search
CUST009221,Colleen Carter,wileychad@example.net,12/27/2025,england,Maryland,Technology,referral
CUST006245,  Danny Preston  ,francojoanne@example.com,31-01-2026,france,Oregon,Technology,Organic
CUST007475,Brenda Pham,cwilliamson@example.com,04/25/2025,United Kingdom,Illinois,Logistics,Referral
CUST002164,Anthony Murray,danieljenkins@example.org,2023-04-21,  germany  ,Texas,Real Estate,  Display Ads  
CUST003451,Gary Harris,claire11@example.net,20-06-2025,  UK  ,Vermont,Education,organic
CUST002555,Kiara Harris,ctaylor@example.org,2024-02-21,BR,Indiana,Hospitality,Affliate
CUST001776,Kimberly Collier,melissaberry@example.org,2025-09-01,  canada  ,Vermont,Education,Organic Search
CUST007482,Helen Brooks,sheilagreen@example.com,2024-06-08,australia,North Dakota,Education,PAID SEARCH
CUST008395,Jeffrey Foley,zbass@example.com,2023-09-14,brazil,Texas,Hospitality,REFERRAL
CUST002320,Christina Smith,jillnavarro@example.org,22-11-2023,AUS,Arizona,Real Estate,PPC
CUST002881,Andrea Hall,hendersonlisa@example.com,2026-03-14,Germany,Nevada,Manufacturing,social
CUST003384,David Hall,audreylopez@example.com,03-02-2025,IN,Maine,Technology,Banner
CUST006979,Samantha Bryant,lauracherry@example.net,06/16/2023,canada,,Finance,Display Ads
CUST003179,Holly Deleon,susanwhite@example.org,04/04/2024,France,,Hospitality,Instagram
CUST009665,Rodney Fields,mcaldwell@example.org,2024-03-27,Brazil,,Hospitality,AFFILIATE
CUST000975,Robert Garrett,jimsnyder@example.com,2026-02-05,Canada,Arizona,Manufacturing,affiliate
CUST001137,Michele Brady,virginiaguerrero@example.net,18-12-2024,U.K.,Utah,,Email Marketing
CUST008582,Katie Dixon ,,03-09-2024,australia,Vermont,Logistics,  Paid Search  
CUST000385,Lisa Holland,jjenkins@example.com,12/19/2023,INDIA,Arkansas,,Affiliate
CUST003838,Gabriela King,delacruztammy@example.org,29 Aug 2024,france,,Real Estate,Affliate
CUST000063,Cynthia Rogers,taylorjesse@example.net,21 Mar 2025,Canada,Georgia,Finance,Referral
CUST003055,Antonio Woods,tuckersheila@example.net,2025-07-08,Singapore,Connecticut,,Social
CUST008994,Gregory Bennett,jyu@example.com,,France,Arkansas,Logistics,Display Ads
CUST003570,Angela Guzman,mckeesteven@example.com,2023-08-27,england,Maryland,Education,Organic Search
CUST003883,Stephanie Ward,michaelarmstrong@example.net,20 Jul 2025,FR,Oregon,Media,affiliate
CUST001722,Robert Wood,kathryn58@example.net,,australia,Illinois,Hospitality,PAID SEARCH
CUST003071,  Edward Duarte  ,daniel30@example.com,23-01-2024,brazil,North Carolina,Media,Instagram
CUST005631,Peter Ramirez,lgibson@example.com,2026-02-03,USA,Kentucky,Retail,affiliate
CUST001867,Dr. Jared Crane MD,daniel28@example.org,2025-04-04,UAE,Iowa,,Banner
CUST002505,Olivia Powell,deanna05@example.com,2023-09-24,brazil,Maine,Education,Email
CUST002909,Veronica Hale,igoodman@example.net,2025-08-22,UK,Louisiana,Finance,paid search
CUST000513,Wendy Murray,robertscarlos@example.org,2025-08-15,BR,Illinois,Hospitality,  Email Marketing  
CUST004381,Sarah Rivera,samuelschroeder@example.com,2025-04-03,  France  ,Ohio,Finance,Paid-Search
CUST001508,Kathryn Patel,,2026-02-11,  Canada  ,Texas,Real Estate,SOCIAL
CUST008370,  Brian Dillon  ,warddebbie@example.net,05/20/2023,India,Ohio,Real Estate,Facebook Ads
CUST009275,Rebecca Strickland,jacksonjennifer@example.org,2025-12-14,Germany,South Dakota,Hospitality,DISPLAY
CUST001356,Angela Martinez,justinedwards@example.net,2025-04-25,US,Tennessee,Retail,Email Marketing
CUST003496,Billy Meyer,christopher67@example.org,09-04-2025,  australia  ,North Carolina,Technology,REFERRAL
CUST008559,Eric Figueroa,tcole@example.org,2025-04-15,france,,Education,SOCIAL
CUST003618,Albert Black,chungjeffrey@example.com,,Australia,Rhode Island,Hospitality,Affliate
CUST006249,James Hayes,butlerbradley@example.org,01/31/2024,singapore,Connecticut,Healthcare,  display  
CUST008310,Vanessa Fisher,wjones@example.com,2026-06-16,Germany,Vermont,Manufacturing,AFFILIATE
CUST003097,Andres Miller,kylecortez@example.com,24-03-2025,Singapore,Kansas,Hospitality,PPC
CUST005143,Laura Foster,megan54@example.org,2025-09-02,INDIA,New Hampshire,Finance,paid search
CUST003208,Jeffrey Wallace,hudsongwendolyn@example.com,05/21/2023,brazil,Tennessee,Logistics,email
CUST004863,Jennifer Davis,felicia15@example.org,01/02/2023,SG,Vermont,Retail,Organic
CUST001935,Jeffery Smith,willismichael@example.net,16 Jan 2025,U.A.E,Iowa,Logistics,E-mail
CUST003870,Christine Ramirez,markellis@example.org,2025-04-23,FR,South Dakota,Technology,Organic Search
CUST008620,Lawrence King Jr.,robert85@example.org,2023-03-24,U.S.A,Nevada,Manufacturing,E-mail
CUST005711,Andrea Wood,xgarcia@example.net,10-03-2025,france,,Manufacturing,Organic
CUST005573,Jessica Jenkins,briannasmith@example.net,04/09/2025,Canada,,Finance,ORGANIC
CUST004536,  Kimberly Todd  ,nbender@example.org,2024-10-01,U.A.E,,,Affiliate
CUST003152,Monica Johnson,danielle04@example.org,09-10-2025,Canada,Louisiana,Retail,Email
CUST008508,Luis Garcia,tonya10@example.org,2025-03-04,United States,Texas,Finance,organic
CUST006557,Steven Yang,,2024-03-08,FR,Arizona,Retail,Affliate
CUST001415,Alyssa Adams,pamelapatton@example.org,2025-04-20,United States,Oklahoma,Education,Banner
CUST003323,Amy Nunez,jackyoung@example.com,2026-03-10,Germany,,Finance,PAID SEARCH
CUST005018,Jonathan Smith,claytara@example.net,11-02-2026,england,Oklahoma,Finance,Google Ads
CUST004230,Denise Campbell,tanya65@example.com,2024-05-15,IN,Arkansas,Healthcare,Instagram
CUST009938,Jennifer Mason,melissa57@example.com,2024-07-11,Germany,Kentucky,Logistics,Organic
CUST009273,Mark Allen,tiffanyjohnson@example.org,29-03-2024,UAE,Delaware,Finance,Referral
CUST008538,Alan Rodriguez,ehunt@example.org,2025-10-18,INDIA,New Mexico,Finance,REFERRAL
CUST006081,Stephen Evans,yjones@example.net,2023-06-12,United states,West Virginia,Hospitality,Organic
CUST005351,Raymond Perez,brittanyparker@example.net,05/01/2026,BR,New Jersey,Logistics,Google Ads
CUST004132,Brandon White,egraham@example.net,2023-09-16,INDIA,Delaware,Healthcare,ORGANIC
CUST005108,Melinda Fowler,rray@example.net,2023-05-06,United Kingdom,Massachusetts,,Organic
CUST006763,Jason Gonzalez,ehopkins@example.org,21-03-2023,Germany,Illinois,Technology,affiliate
CUST005522,Michael Brown ,,08 Jun 2026,Singapore,,Retail,referral
CUST002851,Lori Steele,kelleramanda@example.org,2025-09-01,australia,Georgia,Manufacturing,Affiliate
CUST000034,Taylor Harris,john62@example.net,02/10/2023,brazil,Tennessee,Logistics,Organic
CUST004355,Andre Jenkins,melanie70@example.org,02/02/2025,Australia,Arkansas,Technology,Referral
CUST004557,Christopher Hernandez,hensonchristopher@example.org,2023-04-17,IN,Connecticut,Retail,SEO
CUST001637,Ronald Park,colinlowery@example.net,2023-09-21,Canada,Virginia,Real Estate,Paid Search
CUST000011,Jonathan Wilkerson,ithomas@example.org,2026-05-27,UAE,West Virginia,Technology,referral
CUST007248,Amanda Galvan,hartrichard@example.net,2025-05-19,Canada,Missouri,Hospitality,Email
CUST008041,Eric Reyes,vincent80@example.com,2026-07-12,  SG  ,Oregon,,Email Marketing
CUST001531,Allison Beard,jennifer42@example.net,11 Dec 2024,CA ,South Dakota,Education,Instagram
CUST003589,Andrew Mata,reynoldsmegan@example.com,05/17/2024,United States,California,Retail,Paid Search
CUST004130,Scott Taylor,ygonzalez@example.net,17 Apr 2023,U.S.A,,Education,Paid Search
CUST003472,Anne Ortiz,moorerachael@example.net,08/29/2025,USA,Wyoming,Logistics,Organic
CUST001186,Matthew Perez,tmcdaniel@example.org,2025-12-02,United Kingdom,New York,Healthcare,E-mail
CUST004679,Gregory Elliott,hendersondean@example.org,06/03/2023,DE,Delaware,Finance,referral
CUST000992,Kurt Jones,rebeccamartinez@example.net,25-01-2025,australia,Kentucky,Finance,SEO
CUST004069,Nicole Spencer,brandon34@example.com,11/03/2025,BR,,Education,affiliate
CUST004805,Ryan Anderson,adam39@example.org,01/21/2024,BR,,Media,Affiliate
CUST001515,Kathryn Patel,michelesimpson@example.com,10/28/2023,U.A.E,Maine,Hospitality,AFFILIATE
CUST006679,Amy Campbell,melaniejackson@example.org,2026-01-29,UAE,Pennsylvania,Education,ORGANIC
CUST006694,John Wise,imullen@example.org,02/08/2026,United States,,Media,PAID SEARCH
CUST006283,Timothy Cunningham,whunter@example.org,2025-01-19,FR,Nevada,Education,Organic Search
CUST002877,Jacqueline Martinez,swilliams@example.com,2024-04-05,U.A.E,Missouri,Retail,email
CUST002813,DAVID ROSS,mary88@example.org,12/13/2024,US,Delaware,Technology,Referral
CUST000266,Kirk Griffin,sanchezbradley@example.com,2025-08-05,singapore,Iowa,Finance,AFFILIATE
CUST007945,Rodney Mccoy,hosborn@example.net,20 Jul 2025,france,Michigan,Media,Referal
CUST001279,Travis Jones,hailey64@example.net,25-12-2024,Brazil,Hawaii,Education,SOCIAL
CUST008943,Jean Matthews,gedwards@example.net,2023-09-10,brazil,Maine,Technology,Social
CUST000286,Brent Hernandez,christineking@example.com,07/28/2025,SG,Louisiana,Real Estate,Affiliate
CUST001121,Amanda Johnson,kevinwall@example.org,03/15/2024,US,Rhode Island,Technology,affiliate
CUST007966,Maria Morrison,adrianhawkins@example.org,,Singapore,Ohio,Education,PAID SEARCH
CUST006508,Gregory Moreno,sarah39@example.net,2023-03-02,UK,Hawaii,Finance,SEO
CUST007735,Jennifer Cruz DVM,qgonzalez@example.org,2023-11-05,BR,Maryland,,Organic
CUST005333,Jonathan May,hansenlarry@example.com,2024-02-18,India,Tennessee,Real Estate,Organic Search
CUST000227,Jennifer Norton,angela52@example.org,2026-06-25,United states,Rhode Island,Manufacturing,Instagram
CUST006602,Amanda Gallegos,sheltondanielle@example.net,06-10-2023,FR,,Education,PPC
CUST008246,Melissa Lawrence,aprilyoung@example.com,23-04-2024,India,,Healthcare,PAID SEARCH
CUST001047,Taylor Foster,nmartinez@example.org,,U.S.A,,Healthcare,Paid-Search
CUST006808,Kara Johnson,travisjones@example.org,2026-03-29,U.A.E,Missouri,Technology,PAID SEARCH
CUST002481,Eric Waters,dudleyjames@example.net,2023-04-21,canada,North Carolina,Technology,Affliate
CUST002804,Joy Reid,virginiafisher@example.net,07/30/2023, India,Kentucky,,email
CUST009873,Samantha Hamilton,jbrowning@example.net,2023-10-07,  FR  ,Indiana,Technology,AFFILIATE
CUST006148,Kent Savage,dmacias@example.com,10-12-2023,UK,Kansas,Real Estate,Banner
CUST006453,Joanne Lewis,isaac37@example.net,18-11-2024,france,Kansas,Media,  Facebook Ads  
CUST000597,Dawn Little,michaelwilliams@example.net,2026-04-16,Germany,Indiana,,Display Ads
CUST002137,Johnny Brown,ramosjennifer@example.org,2024-08-06,australia,Nevada,Technology,Referal
CUST007656,Susan Gonzalez,isaacperry@example.org,22 Jul 2023,Singapore,Minnesota,Education,Facebook Ads
CUST006129,Bridget Sanders,ashleynewman@example.net,17-09-2024,germany,Kentucky,Hospitality,REFERRAL
CUST009488,Danielle Smith,carolynhenderson@example.org,2023-04-14,U.K.,New Hampshire,Logistics,referral
CUST001873,Ashlee Miller,hernandezroy@example.org,2023-08-01,Canada,Vermont,,Email
CUST001116,Paul Sheppard,whitecarol@example.org,09/04/2025,INDIA,Alabama,Retail,PPC
CUST004385,Matthew Romero,rogerssara@example.com,,france,,Manufacturing,DISPLAY
CUST006867,Lauren Stephens,taylorrichard@example.net,02-12-2024,UAE,,Retail,Email Marketing
CUST001320,Barbara Richards,mileszachary@example.net,02/07/2024,IN,West Virginia,Retail,Partner
CUST001784,Daniel Patterson,lreid@example.org,2024-11-27, India,Utah,Real Estate,display
CUST000464,Nicholas Jarvis,dalepruitt@example.com,08-04-2023,France,Oregon,Technology,  PPC  
CUST001229,Donald Miller,hsavage@example.org,2023-02-27,singapore,Texas,Logistics,Banner
CUST000605,Jordan Parsons,bgross@example.net,2024-07-31,INDIA,Mississippi,Real Estate,social
CUST001250,Frank Davis,,2024-04-17,BR,,Media,AFFILIATE
CUST007765,Leslie Valencia,ygarza@example.net,2024-03-10,india,Nevada,Technology,Referal
CUST002336,Ronald Cooper,joseph21@example.net,2023-12-17, India,North Carolina,Retail,Referal
CUST002923,Amy Beard,zmiller@example.org,2026-02-21,singapore,Alabama,Hospitality,organic
CUST002312,Joseph Cook,crossnicole@example.net,01/12/2024,canada,West Virginia,Manufacturing,E-mail
CUST004571,Steven Horn,joneschristine@example.org,04/04/2025,BR,Mississippi,Education,ORGANIC
CUST009818,Ashley Gonzalez,xscott@example.org,04/17/2023,france,Wisconsin,Technology,Paid Search
CUST003426,Gary Wolf,melody89@example.com,2025-01-29,germany,Washington,Healthcare,Banner
CUST002727,SHARON DAVIDSON,rachelpeterson@example.org,2025-06-21,france,,Logistics,Display Ads
CUST001168,Jennifer Nelson,adamarmstrong@example.net,2024-01-11,United states,Vermont,Healthcare,email
CUST009063,Damon Anderson,nataliehall@example.org,26-04-2026,Australia,Arkansas,Healthcare,Partner
CUST004246,Matthew Phelps,,,BR,Kentucky,Retail,Paid-Search
CUST003020,William Hogan,johnharper@example.com,2024-12-25,United states,Nebraska,Logistics,Organic
CUST006086,Michael Ingram,ismith@example.com,2025-04-10,Germany,Colorado,Media,Email
CUST004510,  Mark Taylor  ,ebrewer@example.com,2025-08-28,india,Michigan,Education,  Display Ads  
CUST005050,Lisa Marks,charlesgomez@example.net,2024-08-10,  IN  ,Kansas,Logistics,social
CUST009388,  Elizabeth Taylor  ,,17-12-2024,singapore,New York,,DISPLAY
CUST005664,Angela Hughes,gregoryrivera@example.net,2024-08-06,SG,Arizona,Manufacturing,paid search
CUST005265,Patrick Heath,hernandeztravis@example.net,2024-01-25,U.K.,,Technology,REFERRAL
CUST007906,Sheri Cruz,pattersonsarah@example.net,2023-08-24,France,Arkansas,Media,email
CUST007501,Tracy Anderson,crystalcohen@example.net,,  United Arab Emirates  ,California,Education,email
CUST009041,Stephanie Smith,sheena50@example.net,2024-08-15,france,,Manufacturing,social media
CUST004093,Anna Harris DDS,jamie58@example.net,13 Feb 2024,AUS,Louisiana,Healthcare,REFERRAL
CUST005157,Allison Moran,patrickherman@example.com,06/06/2024,Brazil,South Carolina,Education,Banner
CUST004245,Lori Reilly,maria59@example.org,2026-05-25,SG,Mississippi,Hospitality,Banner
CUST001622,Maureen Johnson,andrewbautista@example.org,2025-12-03,  DE  ,Maine,Manufacturing,social
CUST000040,Donald Smith,danagreen@example.net,11-01-2025,SG,New Hampshire,Logistics,Facebook Ads
CUST006809,Brian Smith,andreagonzales@example.org,2023-09-18,france,North Dakota,Media,DISPLAY
CUST007669,Johnny Freeman,barry18@example.net,26-02-2026,United Kingdom,Maryland,Technology,Referral
CUST003334,Sara Mcguire,,2025-09-13,INDIA,,Technology,Display Ads
CUST007435,Chris Li,barbarabarrett@example.org,30 Sep 2023,france,Wisconsin,Education,Referal
CUST001501,Natalie Miller,ysanford@example.org,2023-01-08,brazil,Oregon,,social
CUST001133,Kathryn Hill,tmeyer@example.org,08/25/2024,england,,Healthcare,Organic Search
CUST003672,  Joyce Garcia  ,krobinson@example.com,10/27/2024,france,Wisconsin,Retail,Referal
CUST000153,Donald Farmer,michael22@example.net,01-06-2025,SG,,Real Estate,REFERRAL
CUST005228,Joseph Garcia,wwalker@example.com,2024-08-26,BR,,Retail,Affliate
CUST003806,Anthony Villegas,johnsonmaria@example.org,26-07-2025,  singapore  ,Arkansas,Finance,Referal
CUST000568,Brett Nelson,angelachase@example.org,2025-12-17,canada,,Education,display
CUST001872,Samuel Mitchell,matthewharper@example.net,2026-02-21,FR,Missouri,Technology,affiliate
CUST000519,Christina Gross,lunapatricia@example.net,2025-08-21,Brazil,South Dakota,Media,Instagram
CUST003049,Justin Robles,christopher01@example.com,16-03-2025,United Kingdom,New York,Media,  referral  
CUST002847,Samantha Smith,alex30@example.net,03-06-2025,UK,,Technology,Google Ads
CUST000120,Joel King,elizabeth74@example.net,22 Jun 2025,australia,,Healthcare,Facebook Ads
CUST009449,Lisa Phillips,,07/25/2025,United States,Missouri,Real Estate,Referal
CUST002739,Hunter Williamson,martintanner@example.net,2024-01-29,FR,Texas,Education,Display Ads
CUST006407,Richard Hughes,smithcarlos@example.net,2023-11-13,United Arab Emirates,Utah,Education,referral
CUST009325,Tiffany Rose,iwaller@example.com,06/08/2024,  United Kingdom  ,Colorado,Education,SEO
CUST003149,Jacob Camacho,neilsummers@example.org,12-11-2024,Australia,California,Logistics,Referal
CUST004008,  Robert Romero  ,wesleyfoster@example.net,03 Sep 2023,  canada  ,Massachusetts,Technology,Paid Search
CUST009053,Erik Walker,connor16@example.org,2024-03-28,INDIA,Washington,Healthcare,Google Ads
CUST005344,William Mcknight,john94@example.net,07/05/2024,France,Nebraska,Finance,ORGANIC
CUST001782,Robert Johnson,phillipsjamie@example.net,23-12-2025,CA ,California,Retail,Display
CUST002478,Nicole Mahoney,gregorypeters@example.org,22-12-2024,england,,Real Estate,Affiliate
CUST009516,Jonathon Scott,ebrown@example.net,2024-12-21,France,,Finance,PPC
CUST000612,Anne Hardy,hlopez@example.net,27-02-2025,australia,Kansas,Real Estate,Organic Search
CUST004384,David Bailey,,2026-07-31,United States,South Dakota,Logistics,DISPLAY
CUST003302,Veronica Richardson,shane26@example.org,2026-07-27,germany,Nebraska,Media,EMAIL
CUST007267,Kelly Murphy,brian22@example.com,10/01/2023,Germany,Washington,Healthcare,Instagram
CUST006085,Jason Wilcox,johnhayes@example.org,11 Sep 2023,germany,,Finance,paid search
CUST006199,Edward Christensen,ndiaz@example.com,2023-09-08,AUS,Nevada,Technology,Organic
CUST006311,Anthony Hunt,,02/28/2023,United Kingdom,North Dakota,Media,Facebook Ads
CUST009845,Shawn Williams,wjackson@example.com,10-01-2024,US,Maryland,Education,PPC
CUST003669,William Castillo,cardenasjessica@example.com,2024-05-29,U.A.E,Kansas,Technology,organic
CUST005874,Amy White,laceycruz@example.net,2025-11-20,Canada,,Hospitality,referral
CUST009338,Louis Hill,rodriguezdeborah@example.org,2024-02-23,UAE,California,Retail,EMAIL
CUST001190,Mary Cantu ,,2023-11-13,FR,Wyoming,Healthcare,organic
CUST009888,Taylor Martinez,millerangela@example.org,2025-01-02,BR,Pennsylvania,Education,Email
CUST008997,Renee Larsen,stephenbrown@example.com,07/15/2024,australia,Virginia,Media,Organic
CUST004635,Michael Harris,pbrooks@example.com,2023-06-21,U.K.,Hawaii,Finance,Social
CUST009791,Danny Carpenter,higginsdonna@example.com,2025-02-12,France,New York,Hospitality,social
CUST004417,Kelly Williams,gabriellechavez@example.com,2023-09-29,DE,Rhode Island,Healthcare,PAID SEARCH
CUST008456,Lori Thompson,buchananlisa@example.com,2024-08-16,CA ,Idaho,Real Estate,SOCIAL
CUST002290,Mrs. Megan Robinson,kendra03@example.net,04/24/2023,Germany,,Media,  referral  
CUST008680,Kristen Anderson,ortizdustin@example.org,2025-08-05,India,Maine,Media,Organic Search
CUST002286,Melissa Williams,daniel32@example.com,2025-07-10,U.A.E,,Media,Affliate
CUST002428,George West,jessica23@example.org,,Australia,Florida,Media,ORGANIC
CUST009026,Daniel Martin,andreagarcia@example.net,21-07-2023,AUS,,Healthcare,Display
CUST006287,Scott Christensen,,27-02-2023,Australia,Wyoming,Hospitality,SOCIAL
CUST006479,Jessica Wilson,prios@example.net,2026-05-02,FR,Rhode Island,Technology,Affiliate
CUST005394,Melissa Hogan,cortezbrian@example.com,04-02-2025,UK,Kansas,Real Estate,Email
CUST006979,Samantha Bryant,lauracherry@example.net,06/16/2023,canada,,Finance,Display Ads
CUST008432,Gregory Russell,lindagarrett@example.com,25 Jan 2025,US,Kansas,Hospitality,Google Ads
CUST005988,Alexis Avila,patricia36@example.org,01/04/2023,U.K.,South Carolina,Retail,affiliate
CUST004394,Jeffrey Davis,nbrown@example.org,2023-03-30,Brazil,,Technology,display
CUST008706,Sarah Gregory,brookssandra@example.com,2026-04-06,USA,,Logistics,Instagram
CUST006215,William Duncan,joneschristopher@example.net,27-02-2023,Canada,Maryland,Healthcare,ORGANIC
CUST007928,Marissa Sellers,yevans@example.org,03-01-2026,United states,Maryland,Technology,  Social  
CUST008021,Julie Lucas,hamptonkaren@example.net,2025-01-12,US,Louisiana,Logistics,social
CUST007794,Cody Blair,dylan09@example.net,2024-03-30,SG,Indiana,Healthcare,Affliate
CUST006368,Dawn James MD,williamharris@example.net,2025-12-26,UK,North Carolina,Manufacturing,Google Ads
CUST005376,  Cheryl Harris  ,xandrews@example.org,24 Apr 2026,U.S.A,California,Finance,  Banner  
CUST006323,Anthony Williams,pwalsh@example.com,2024-07-05,france,New Mexico,Manufacturing,Display Ads
CUST008064,Mr. Matthew Wheeler,rodriguezjoshua@example.org,06-09-2024,SG,Washington,Real Estate,Affliate
CUST009669,Heather Bradford,gharvey@example.net,2024-03-22,IN,New Hampshire,Media,Email
CUST003433,April Gallagher,ericbrooks@example.org,10/05/2023, India,Nevada,Real Estate,REFERRAL
CUST009736,Ruben Mcdowell,ricky39@example.net,2023-05-17,DE,Nebraska,Hospitality,REFERRAL
CUST000669,  Edwin Richardson  ,wwilkins@example.com,21-04-2026,U.A.E,Oklahoma,Manufacturing,email
CUST003454,Rachel Roberson,angelavalencia@example.net,2026-05-07,brazil,New York,,Paid Search
CUST002897,  Lawrence Marsh  ,urivera@example.org,2023-04-07,singapore,Michigan,Retail,Instagram
CUST005514,Anthony Green,brian14@example.org,, India,Oregon,Media,Referal
CUST002018,Renee Walker,kimberlyjordan@example.net,2025-11-19,  brazil  ,Oklahoma,Healthcare,Display
CUST008573,Rebekah Hall,cynthia14@example.org,24 May 2025,USA,New Jersey,Healthcare,display
CUST008237,  Daniel Hensley  ,angela67@example.net,10 Mar 2023,CA ,Florida,Finance,affiliate
CUST001223,  Sarah Walker  ,wcaldwell@example.com,23-03-2025,singapore,New Jersey,,paid search
CUST000022,George Chapman,briannasmith@example.net,22 Jan 2026,INDIA,South Dakota,Finance,referral
CUST002560,Mary Massey,thomaswhite@example.org,2025-11-22,United states,Hawaii,Manufacturing,organic
CUST008963,Angela Johnson,dmurphy@example.net,2025-07-12, India,Michigan,Hospitality,Display
CUST003261,Jean Casey,lisa73@example.org,2024-03-28,IN,North Carolina,Technology,DISPLAY
CUST001476,Roy King,carolyn76@example.com,2023-10-08,INDIA,,Media,Email Marketing
CUST008964,Samantha Noble,,06-09-2023,AUS,Arkansas,Technology,organic
CUST008182,Christopher Perez,hilljean@example.org,10/12/2023,Australia,Georgia,Healthcare,Referral
CUST001089,Victoria Owens DVM,olsonamber@example.org,16-04-2026,AUS,Indiana,Retail,Paid Search
CUST003927,Crystal Richardson,dunlapmark@example.net,2026-04-28,AUS,South Dakota,Retail,PAID SEARCH
CUST000744,Michael Mosley,tom73@example.org,18 Jan 2025,SG,Arizona,Retail,E-mail
CUST008095,Sara Price,aparrish@example.org,13-11-2023,canada,Utah,Healthcare,social media
CUST000057,Angel Riggs,gibsonolivia@example.net,2024-10-21,DE,Illinois,Healthcare,  Instagram  
CUST002198,  Maria Garcia  ,mark90@example.com,2024-08-19,United states,New York,Manufacturing,E-mail
CUST009662,Jenny Frye,jason25@example.com,2025-02-16,  India  ,,Hospitality,Affliate
CUST000167,Olivia Cole,michelle52@example.com,2025-01-05,IN,California,Hospitality,social
CUST009659,Alexander Hayes,carrolljesse@example.org,13 Jun 2023,United States,Michigan,Education,Google Ads
CUST007886,Jonathan Barker,pwest@example.net,2025-09-26,United Arab Emirates,Mississippi,Media,Partner
CUST002295,Alec Duncan,jonespaul@example.com,04-01-2026,Canada,New Mexico,Logistics,  SEO  
CUST002419,Benjamin Mccarthy,jaime56@example.com,2026-03-22,  france  ,Iowa,Media,REFERRAL
CUST007772,Jennifer Glover,,15-05-2025,canada,Colorado,Logistics,paid search
CUST009615,Brandon Lynch,lynn42@example.com,08/10/2025,france,Vermont,Manufacturing,display
CUST006044,Julia Arnold,michelle80@example.com,06/10/2024,FR,Tennessee,Media,Display
CUST000926,Annette Holland ,,10-11-2025,United Kingdom,Nebraska,Education,SEO
CUST007110,Terri Brown,vmorris@example.com,22 Mar 2023,Canada,Vermont,Education,Display
CUST009280,Derrick Taylor,phillip89@example.net,11 Jun 2024,UK,Indiana,Media,email
CUST001304,Sherry Shelton,harcher@example.org,01-10-2025,AUS,,Hospitality,Banner
CUST006293,Nathan Thompson,ernest29@example.org,2025-04-27,australia,Massachusetts,Technology,Organic Search
CUST007350,Anna Crawford,ana77@example.org,02/25/2024,U.S.A,Georgia,Manufacturing,REFERRAL
CUST005300,Alexander Barber,tylergreen@example.org,2023-09-21,UAE,Wyoming,,affiliate
CUST009259,Jessica Melton,carl66@example.org,27-09-2024,INDIA,,Retail,Email Marketing
CUST003093,Jennifer Castro,briana80@example.org,07-11-2024,United States,Minnesota,Manufacturing,PAID SEARCH
CUST004834,Sherri Braun,xoconnor@example.net,2023-11-25,australia,New Jersey,Media,Organic
CUST002019,Amy Dean ,,,singapore,South Dakota,Technology,Google Ads
CUST002551,Rachel Miller,susanpatel@example.net,2026-07-20,SG,,Hospitality,Banner
CUST009286,Brittany Blackwell,rhondamyers@example.org,2023-12-24,Canada,,Retail,Referal
CUST000662,Mary Hernandez,haroldjoseph@example.com,2024-05-24,USA,Maryland,Real Estate,Paid Search
CUST008431,  Nicole Vasquez  ,wangadam@example.net,2026-06-26,United Arab Emirates,Michigan,Technology,Facebook Ads
CUST007218,Anthony Francis,lindsay41@example.com,2023-10-14,AUS,Colorado,,Google Ads
CUST009163,Eric Young DDS,brittany12@example.org,2026-07-06,United Kingdom,Oklahoma,Media,  Organic Search  
CUST004526,Mary Douglas,rpowell@example.net,05/25/2025,USA,Alaska,,PAID SEARCH
CUST002173,Nicholas Myers,dbeck@example.com,2026-04-22,United states,Arizona,Media,referral
CUST005031,Kristopher Galvan,larrythompson@example.com,,canada,Texas,Manufacturing,affiliate
CUST007522,Janet Clark,austincampbell@example.net,2026-04-29,USA,,Technology,ORGANIC
CUST003708,Heather Burns,kathryn19@example.net,2025-07-18,U.A.E,Georgia,Finance,E-mail
CUST000482,James Cooper,shawn22@example.com,01-12-2025,  france  ,Rhode Island,Education,Social
CUST003867,Tyler Johnston,bensonjohn@example.net,2024-11-02,Canada,New York,Manufacturing,Email
CUST004367,Ryan Hopkins,qsandoval@example.net,11/29/2023,singapore,Utah,Retail,Display
CUST005953,Christina Carter,rebeccacarroll@example.org,2023-05-27,United States,Montana,,Affliate
CUST005840,Elizabeth Brown DDS,timothyreed@example.net,06-07-2025,United Kingdom,,Real Estate,referral
CUST006668,Tristan Marshall,,18 Mar 2024,  Germany  ,Mississippi,Retail,AFFILIATE
CUST006203,Nicholas Perkins,michelle11@example.com,07/12/2025,Canada,Pennsylvania,Logistics,DISPLAY
CUST009042,Joanne Rice,solomonbrian@example.com,23 Jan 2023,germany,Idaho,Retail,paid search
CUST002466,Kathleen Little,usanchez@example.net,04/15/2023,FR,Massachusetts,Retail,PAID SEARCH
CUST009015,Thomas Lee,cgill@example.org,12/10/2025,DE,,Education,  referral  
CUST006777,Nathan Cantrell,scott55@example.com,18 Feb 2025,australia,New Hampshire,Manufacturing,Affliate
CUST004893,Laura Adams,kimberlyestrada@example.com,2025-01-29,United States,Connecticut,Manufacturing,PPC
CUST002681,  James Hernandez  ,ryan54@example.com,08/15/2024,Brazil,Wyoming,,  organic  
CUST000193,Mrs. Alexis Kramer,john19@example.net,2024-09-15,  Brazil  ,Wisconsin,,SOCIAL
CUST003783,  Crystal Navarro  ,yangeric@example.com,11/21/2023,Canada,Tennessee,,  Display  
CUST009284,Elizabeth Ritter,laura40@example.net,2025-08-22,france,New York,Healthcare,AFFILIATE
CUST008860,Tyler Taylor,lisa94@example.com,2023-11-26,CA ,,Education,REFERRAL
CUST001092,  Ann Holt  ,sarahmiranda@example.net,2025-06-15,Germany,California,Education,referral
CUST006716,Laura Henry,lindahenson@example.org,2025-10-18,Singapore,Mississippi,Healthcare,Organic Search
CUST002617,Kelly Miller,batesangela@example.com,2025-12-15,Germany,Vermont,Finance,Email
CUST004616,Melissa Lewis,mpark@example.net,2023-11-06,BR,Hawaii,,Facebook Ads
CUST002400,  Amanda Hodge  ,johnsonjohn@example.com,2025-04-26,United States,Vermont,Logistics,referral
CUST009823,Brittany Brennan,webbbrett@example.org,31-01-2025,IN,Georgia,Healthcare,email
CUST008156,Lisa Brown,singhjason@example.org,2025-10-06,brazil,Kansas,Media,DISPLAY
CUST003789,Kristen Valenzuela,robert65@example.net,2026-01-21,United States,Pennsylvania,Real Estate,Instagram
CUST001424,Caleb Bowers,vanderson@example.com,02-02-2025,FR,Colorado,Education,Referral
CUST004918,Alexis Dixon MD,crystal58@example.net,2025-03-28,  Singapore  ,,Retail,AFFILIATE
CUST009685,Megan Shaw,troyflores@example.com,01 Feb 2023,france,Nevada,Education,organic
CUST006226,Daniel Diaz,jacksonamber@example.net,2024-11-21,IN,Indiana,Manufacturing,display
CUST009155,Connor Watts,denise84@example.org,2024-04-18,france,Michigan,Healthcare,organic
CUST000849,Phillip White,burtonzachary@example.org,2024-11-21,SG,Oregon,Hospitality,REFERRAL
CUST000538,Stephanie Hampton,xboyd@example.org,17-07-2023,UK,Vermont,Real Estate,Paid-Search
CUST004505,Daniel Adams,,04-02-2023,FR,Pennsylvania,Hospitality,Email Marketing
CUST005719,Michael Ford,ashleyguerrero@example.org,2023-03-31,USA,South Dakota,Logistics,paid search
CUST007092,Derek Roach,hatkinson@example.org,2025-11-18,canada,,Finance,REFERRAL
CUST005959,Ethan Hernandez,zavalaanthony@example.net,2025-09-20,India,Illinois,Logistics,PPC
CUST006026,John Molina,danielcox@example.com,03/05/2025,United States,Florida,Technology,Paid-Search
CUST005318,Jonathan Peters,seanthompson@example.net,2024-02-08,england,Wyoming,Retail,PAID SEARCH
CUST005286,Mrs. Michelle Martinez,wileycynthia@example.org,21-11-2024,UAE,North Carolina,Real Estate,SOCIAL
CUST007064,Kathryn Taylor,dhenry@example.com,2026-06-02,canada,Connecticut,Hospitality,Affliate
CUST002652,Michael Garcia,lpierce@example.net,2024-08-02,AUS,,Technology,referral
CUST005868,Christopher Sanchez,zgarrett@example.com,2025-08-13,UK,,Logistics,Google Ads
CUST003795,Joseph Pope,williamzhang@example.com,10-07-2023,Canada,,Logistics,Banner
CUST007679,Frederick Powell,tammyabbott@example.org,2023-12-14,U.K.,,Real Estate,Instagram
CUST004376,Austin Vargas,bowmananthony@example.org,09-10-2024,United States,New York,Hospitality,display
CUST009480,Isaac Cuevas,rrichardson@example.net,,United Kingdom,Vermont,Healthcare,social
CUST003129,Douglas Hahn,suzannebrowning@example.com,2025-09-07,United States,Mississippi,Technology,Referral
CUST000032,Jordan York,larsonemma@example.org,2026-01-27,Singapore,Montana,,Display Ads
CUST004712,Austin Smith,efoster@example.com,22-12-2024,canada,Iowa,Logistics,Referal
CUST001261,  Beth Hill  ,stephaniebailey@example.net,2023-12-16,U.K.,,Manufacturing,referral
CUST007962,Yvette Ingram,amber54@example.com,20-08-2024,Canada,Colorado,Media,Email
CUST008162,Kelly Greer,lozanoanthony@example.net,,singapore,New Jersey,,social media
CUST009912,James Johnson,mark38@example.com,02/24/2026, India,Utah,Manufacturing,  Paid Search  
CUST002622,Kimberly Davis,samanthadelgado@example.net,2026-06-06, India,New Hampshire,Logistics,Referral
CUST002234,Brittany Rodriguez,kjohnson@example.net,27-10-2025,FR,Indiana,Retail,Partner
CUST005682,Sarah Walsh,nicholsheather@example.net,08/18/2025,DE,Nevada,Media,EMAIL
CUST007751,Janet Romero,jesseyoung@example.com,17 Oct 2025,germany,Connecticut,,Facebook Ads
CUST005782,Hannah Sellers,jacksonjoel@example.net,2023-01-10,  Singapore  ,Kentucky,Healthcare,Instagram
CUST007585,Jonathan Jones,paigewilliams@example.com,09/14/2023,India,Oklahoma,Technology,Display Ads
CUST007641,Jill Barajas,uhill@example.org,2023-06-23,United Kingdom,Colorado,Healthcare,SEO
CUST004576,Kimberly Miller,amysandoval@example.org,,Australia,Oregon,Logistics,display
CUST000743,Paige Roberts,gregorywilliams@example.com,10-06-2023,Brazil,Texas,Media,social media
CUST009870,Lynn Johnson,mark04@example.org,2025-05-22,India,Connecticut,Healthcare,Referral
CUST004068,Cody Fowler,markjones@example.com,2024-06-26,United Kingdom,North Dakota,Real Estate,DISPLAY
CUST000069,James Lewis,matthew64@example.com,,INDIA,Kentucky,Retail,Facebook Ads
CUST005807,Rebecca Davis,tina20@example.org,2026-05-10,FR,Oklahoma,Retail,SOCIAL
CUST009637,Stephanie Lawson,jennifer55@example.net,11/15/2024,DE,Ohio,Media,Google Ads
CUST008296,Jessica Perez,murphyjeffrey@example.org,09-02-2024,germany,Wisconsin,Logistics,AFFILIATE
CUST005788,April Banks,nwaller@example.org,2023-01-08,India,Washington,Education,Email Marketing
CUST008886,Austin Caldwell,perrymoore@example.net,05 Jan 2023,UAE,Indiana,Finance,Organic
CUST001861,Daniel Williams,mckayjames@example.net,2025-09-11,United Kingdom,,Retail,Affiliate
CUST000567,Mr. Michael Watson PhD,shannon92@example.net,2023-04-18,  england  ,Utah,Hospitality,Display Ads
CUST007210,Michael Espinoza,david35@example.net,27-01-2025,india,Mississippi,Technology,EMAIL
CUST009976,Jamie Kemp,pruittjared@example.org,2025-01-20,INDIA,South Dakota,Real Estate,Instagram
CUST008657,Susan Branch,agonzales@example.net,06/01/2023,U.K.,,,SEO
CUST007509,James Escobar,jbrown@example.net,2026-01-12,germany,New York,Logistics,Facebook Ads
CUST001777,Rodney Gilmore,stonebarbara@example.com,09/18/2024,germany,,Logistics,REFERRAL
CUST003776,Scott Lee DDS,bakermadison@example.org,2024-11-25,France,Alaska,Manufacturing,Referral
CUST004303,Michelle Castro,staffordcorey@example.org,04/30/2025,India,,Hospitality,Organic
CUST008321,Chad Cline,holtrichard@example.com,2024-08-13,CA ,,Finance,Social
CUST009634,Peter Smith,sanchezdonna@example.net,2024-03-17,United Arab Emirates,New Mexico,Real Estate,Paid-Search
CUST002823,Joseph Williams,paula31@example.com,2024-12-25,UAE,Illinois,Education,Social
CUST000419,Ashley Hernandez,buckleyanna@example.org,2024-12-01,U.K.,,Technology,Google Ads
CUST008554,Aaron Harris,rmonroe@example.org,2025-03-14,FR,Nevada,Media,Partner
CUST003366,James Medina,hicksrachel@example.net,2024-10-25,  INDIA  ,Rhode Island,Manufacturing,affiliate
CUST006427,Elaine Wilkerson,perezchristopher@example.com,04 Feb 2023,UAE,,Education,Referral
CUST002273,David Williams,kim96@example.org,26-08-2025,India,Utah,Healthcare,SOCIAL
CUST007301,Aaron Brown,cantrellrichard@example.com,13 Feb 2024,SG,Kentucky,Media,AFFILIATE
CUST005789,Donald Page,brittanykelley@example.com,2023-10-19,United states,Arizona,,display
CUST001029,Steven Clark,kylemeyers@example.net,2024-11-22,UAE,New Mexico,Manufacturing,PAID SEARCH
CUST008048,Madeline Williams,lsmith@example.org,2024-08-14,CA ,Louisiana,,Email Marketing
CUST001936,Michael Hill,rstuart@example.org,2024-11-12,UAE,,Real Estate,Organic Search
CUST007543,Kristen West ,,01/01/2024,germany,Maryland,Real Estate,Banner
CUST006209,Robert Griffith,holly62@example.com,05/13/2026,  US  ,Missouri,Technology,Organic Search
CUST003239,Austin Stout,kelsey33@example.com,07/18/2025,India,South Carolina,Media,Organic
CUST002874,Justin Jacobs,sara38@example.org,10/22/2024,U.A.E,Delaware,Technology,Partner
CUST008463,Patricia Clark,vickiturner@example.com,05-02-2026,United Arab Emirates,Nevada,Education,Display Ads
CUST007047,Mrs. Jennifer Costa,natasha55@example.org,2024-12-06,France,Georgia,Logistics,Organic
CUST004456,Ruth Moore,anna00@example.com,10/12/2023,U.S.A,Vermont,Real Estate,Social
CUST001225,James Brown,wendy73@example.net,2024-10-14,CA ,West Virginia,Manufacturing,paid search
CUST009191,  Ryan Bauer  ,tammysimon@example.org,02/05/2026,United Arab Emirates,Washington,Real Estate,PPC
CUST000103,  Jennifer Robertson  ,sandovalamy@example.com,12/23/2024,brazil,,Logistics,Email
CUST009815,Joseph Brown,brandy56@example.net,2026-03-20,USA,Arkansas,Manufacturing,Facebook Ads
CUST001649,Larry Hendrix,flemingcody@example.org,04 Mar 2025,australia,North Dakota,Technology,referral
CUST001958,  Stephanie Vargas  ,olivia29@example.net,2024-12-29,singapore,Texas,Hospitality,EMAIL
CUST006783,Charles Melendez,hsweeney@example.com,2023-10-11,germany,,Finance,Referral
CUST004708,Valerie Mueller,,2024-09-23,canada,Alabama,Manufacturing,Paid-Search
CUST003201,Connie Holder,johnsonmichael@example.net,31-03-2023,United States,Indiana,Logistics,SOCIAL
CUST001844,Christopher Nelson,masonpatricia@example.com,12/24/2023,france,,Hospitality,referral
CUST009550,Allison Ramsey,emma28@example.com,27-06-2026,U.A.E,Alabama,Finance,social media
CUST002606,Katrina Nelson,gordondavid@example.net,09-08-2025,FR,North Dakota,Manufacturing,Banner
CUST006255,  Guy Owens  ,donnagallagher@example.com,05/28/2026,SG,New York,Media,Instagram
CUST004011,Brian Wilkins,paul38@example.com,30-05-2025,Canada,California,Manufacturing,  social media  
CUST004413,Valerie House,jay71@example.com,2025-10-01,Germany,Minnesota,Logistics,Display Ads
CUST003706,Edward Nichols,thompsonluis@example.net,2024-03-31,australia,South Carolina,Real Estate,Organic Search
CUST007344,Mary Hernandez,frankyoung@example.net,2023-05-07,SG,,Real Estate,Affliate
CUST006251,Robert Price,darrenhorton@example.net,2023-11-10,england,Michigan,Logistics,ORGANIC
CUST008281,Joseph Sanchez,dmurphy@example.net,2025-06-28,CA ,,Technology,REFERRAL
CUST002838,  Tracy Thomas  ,martha99@example.net,2024-06-25,US,California,Healthcare,Banner
CUST008476,Christopher Stone,oware@example.net,2023-02-08,canada,Tennessee,Real Estate,organic
CUST009651,Rachel Clark,brendawagner@example.com,2026-03-04,  United States  ,,Manufacturing,Organic Search
CUST000905,Jordan Santiago,matthew23@example.org,2023-11-23,United States,Colorado,Retail,email
CUST007455,Marcus Joseph,kimwu@example.org,2025-11-10,Germany,New Jersey,Education,SEO
CUST007727,Joshua Stein,,2024-08-29,France,,Logistics,PAID SEARCH
CUST003147,Jane Christian,catherine46@example.net,02/20/2024,AUS,Florida,Real Estate,DISPLAY
CUST001345,Seth Donaldson,fergusonjohn@example.net,2024-07-22,U.A.E,South Carolina,Real Estate,Paid-Search
CUST009883,Terri Johnson,brittany35@example.net,22-08-2025,AUS,Mississippi,Manufacturing,SEO
CUST002476,Henry Norris,nkirby@example.org,2024-10-22,DE,Texas,Finance,  display  
CUST006173,  Michael Hall  ,kruegerjade@example.com,2024-11-19,France,Delaware,Finance,Affiliate
CUST004317,Roy Dunn,eblack@example.net,03/09/2023,U.A.E,Arizona,Retail,Paid-Search
CUST005917,Travis Price,millsyolanda@example.com,29-07-2026,  Canada  ,Rhode Island,Media,Display Ads
CUST004660,Frank Allen,johnsoncharles@example.com,13-02-2026,United Kingdom,Hawaii,Healthcare,organic
CUST004625,Edward Shaw,marcbrooks@example.com,2023-07-30,United Arab Emirates,Hawaii,Hospitality,EMAIL
CUST009199,Ryan Jacobson,jamescooley@example.net,06/16/2025,UAE,Iowa,Hospitality,paid search
CUST002986,Jasmine Preston,lisa37@example.com,2023-05-24,france,Maine,Logistics,Referal
CUST007611,Alexandra Anderson,milleranna@example.net,03/16/2023,U.A.E,Arkansas,Hospitality,social media
CUST006198,Austin Best,megan09@example.net,2025-04-30,england,Oregon,Hospitality,  SEO  
CUST009926,  Amanda Reed  ,allensarah@example.net,2023-09-29,France,,Logistics,DISPLAY
CUST008119,Timothy Acosta,josephbaker@example.org,05/05/2025,canada,New Jersey,Retail,Google Ads
CUST003196,Todd Nash,thompsondawn@example.org,2023-08-17,INDIA,Michigan,Healthcare,social media
CUST009007,Jeffery Gregory,johnsrichard@example.com,2025-05-06,canada,California,Manufacturing,Affliate
CUST006462,Jordan Martin,scottwatson@example.com,06/21/2025,Singapore,New Jersey,Healthcare,Organic Search
CUST004705,Judith Bass,eboyer@example.net,28 Feb 2026,Germany,Kansas,,affiliate
CUST007810,Raven Malone,lindaleonard@example.org,2023-11-06,United Kingdom,North Dakota,Education,SEO
CUST007363,Felicia Cooke,,04 Feb 2023,DE,,Finance,Organic
CUST008345,Tara Gonzales,hartbenjamin@example.org,2025-03-22,India,Florida,,organic
CUST001968,Patrick Walsh,millerjames@example.org,27-11-2025,INDIA,New Hampshire,Hospitality,Social
CUST006434,Danielle Mclaughlin,thomassutton@example.com,01-01-2024,CA ,Illinois,Retail,Organic Search
CUST008416,  Margaret Williams  ,thomaseverett@example.net,2024-12-05,U.K.,Maryland,Media,social
CUST002596,Jamie Johnson,robertgarrett@example.com,02-04-2025,canada,Connecticut,Real Estate,Referal
CUST000778,Holly Thompson,castrokim@example.org,07/06/2023,Australia,Michigan,Finance,Banner
CUST002032,Mark Jones,brian62@example.net,2024-04-07,india,North Dakota,Retail,social media
CUST004816,Timothy Alvarado,andrew73@example.com,,AUS,Ohio,Manufacturing,Google Ads
CUST005114,Thomas Wilson,christine89@example.net,,SG,New Hampshire,Education,Affliate
CUST008459,Deborah Bennett,gina00@example.net,18 Sep 2023,CA ,South Dakota,Real Estate,Banner
CUST009177,Frank Black,,2024-08-22,Germany,Indiana,Media,email
CUST002579,Michael Norris,cory32@example.com,01/07/2025,Australia,Mississippi,,Affiliate
CUST009403,Rebecca Perkins,josephfletcher@example.net,2025-09-22,england,Montana,Manufacturing,Email
CUST005112,Maurice Shaw,eric53@example.org,18 Feb 2025,Brazil,Texas,Logistics,PAID SEARCH
CUST007359,Kelsey Gould,samantha23@example.org,2024-11-22,france,Missouri,Real Estate,affiliate
CUST004883,Charles Nelson,gcruz@example.org,2024-11-01,France,Nebraska,Media,Email
CUST007406,Jill Williams,jameswalker@example.org,13 Apr 2025,USA,Wisconsin,Education,paid search
CUST003929,Susan Johnson,jonesrobert@example.net,11-01-2023,UK,,Media,email
CUST002404,Jason Clark,jimmy15@example.net,09 Aug 2023,Germany,,,DISPLAY
CUST007349,Todd Wright,john42@example.com,2024-03-04,england,Rhode Island,Education,Email
CUST006762,Xavier Jones,anita77@example.com,2024-08-24,SG,Maryland,Education,affiliate
CUST005151,Patrick Johnson,tracybarber@example.org,2025-03-28,United Arab Emirates,Kentucky,,DISPLAY
CUST007383,Marissa Welch,fitzgeraldanna@example.net,2023-05-01,Australia,Iowa,Technology,Email
CUST007866,Samantha Ward,thomasmckenzie@example.com,2025-07-25,United Kingdom,,Healthcare,Organic
CUST001960,  Rebecca Houston  ,richardbennett@example.net,2026-03-27,UAE,New Jersey,Retail,referral
CUST001869,Keith Evans,franciscoolson@example.net,2023-11-02,CA ,California,Technology,REFERRAL
CUST002258,Deborah Anderson,erin57@example.org,2023-06-12,United States,Massachusetts,Education,Email
CUST000853,Michael Young,daniellee@example.org,2025-06-07,FR,Maryland,,affiliate
CUST009495,James Sanford,matthewgarcia@example.net,07-06-2023,Singapore,Maine,Retail,PAID SEARCH
CUST000231,Jason Parker,carlsonjoseph@example.net,2023-10-02,australia,Wyoming,Retail,email
CUST005184,Kristina Cameron,pcastro@example.com,2023-08-16,U.A.E,Wisconsin,Hospitality,Google Ads
CUST003848,Michael Franco,lisafernandez@example.com,2026-04-03,Singapore,Colorado,Hospitality,PPC
CUST003471,Sandra Craig ,,05/24/2024,AUS,Mississippi,Manufacturing,Referral
CUST004405,  Gabrielle Richardson  ,martinnicholas@example.net,2024-04-21,U.S.A,Colorado,Hospitality,affiliate
CUST001857,Alexander Robinson,andrew65@example.net,2025-12-01,BR,New Jersey,Education,Banner
CUST002171,Catherine Lopez,evansrichard@example.net,2026-06-28,UK,Texas,Real Estate,affiliate
CUST001988,Kathryn White,martin27@example.net,2026-06-03,United Kingdom,Vermont,Hospitality,EMAIL
CUST005559,Ruth Price DDS,sheltonjoshua@example.com,01/05/2025,DE,,Retail,Organic
CUST004529,Kathy Koch,rebecca08@example.com,,brazil,Michigan,Technology,Affiliate
CUST001760,Tammie Castillo,laura31@example.net,17-04-2025,Singapore,Connecticut,Media,Display
CUST009185,Shannon Miller,kimcarolyn@example.net,2024-03-25,SG,Virginia,Finance,Banner
CUST008042,John White,andersonvirginia@example.net,2025-11-23,INDIA,,Technology,Social
CUST005279,Samantha Brown,fsmith@example.net,2024-12-09,USA,North Dakota,Media,affiliate
CUST003148,William Stark,ashley01@example.org,2024-11-15,Canada,Georgia,Manufacturing,Organic Search
CUST009032,Joseph Everett,cody50@example.org,01-02-2026,CA ,Massachusetts,Logistics,referral
CUST000602,Steven Quinn,norrismichael@example.org,2024-12-12,brazil,Kentucky,Retail,Email
CUST001183,Angela Taylor,tochoa@example.com,23-03-2023,United Arab Emirates,,Technology,PAID SEARCH
CUST004658,Elizabeth Morrison,cruzjessica@example.net,2023-10-24,  Germany  ,Pennsylvania,Technology,Email Marketing
CUST003210,Lisa Ford,lindseycunningham@example.org,2024-04-08,United Kingdom,Florida,Logistics,Referal
CUST007374,Mia Kelley,masonmichael@example.net,2024-10-03,Australia,Minnesota,Finance,social media
CUST004897,Shane Phillips,williamwright@example.com,24-06-2026,Australia,Oklahoma,Hospitality,Affliate
CUST007316,James Bell,katherinewilliams@example.com,2023-12-20,United Kingdom,Georgia,Education,DISPLAY
CUST009844,April Christensen,dylankeith@example.net,09/02/2023,Singapore,Minnesota,Healthcare,Affiliate
CUST002597,Carlos Ortiz ,,2025-12-07,germany,Oklahoma,Hospitality,  AFFILIATE  
CUST000933,Mikayla Edwards,alan48@example.net,2024-11-21,england,,Technology,email
CUST000224,Stephen Pena MD,booneryan@example.com,2024-10-16,  United Kingdom  ,Washington,Finance,Display Ads
CUST006371,George Hogan DVM,kowen@example.net,2023-09-17,england,Maryland,Finance,E-mail
CUST009333,Mary Roberts,jasonmorris@example.net,2025-05-23,Singapore,Vermont,Education,referral
CUST000356,Pamela Henderson,imiller@example.net,21-04-2023,United states,South Carolina,Finance,organic
CUST009609,Martin Lucas,robertchandler@example.com,2024-10-04,AUS,Utah,Real Estate,email
CUST000810,Michael Cox,madeline02@example.net,,australia,Maine,,Email
CUST005611,Lori Massey,tracielong@example.com,09/13/2024,canada,South Carolina,Manufacturing,SEO
CUST009640,Mr. Joshua Powell,blawson@example.net,2023-03-27,CA ,North Carolina,Hospitality,EMAIL
CUST002364,Melissa Snyder,,2024-03-12,SG,Missouri,Media,Partner
CUST004900,Beverly Baker,nicole77@example.com,2025-02-24,england,Wyoming,Logistics,Banner
CUST003348,James Calderon,ureynolds@example.org,,SG,Tennessee,Technology,PPC
CUST003358,Ryan Johnson,horndonald@example.net,2023-09-16,Canada,Oregon,,email
CUST002118,Robin Williams,ramirezkevin@example.com,28-04-2024,IN,Tennessee,Finance,  PAID SEARCH  
CUST007738,James Beard,elizabeth57@example.net,03-07-2024,U.K.,,Hospitality,SOCIAL
CUST009461,Cassandra Harrison ,,06/07/2025,  BR  ,Minnesota,Technology,  DISPLAY  
CUST001487,Jeffrey Morgan,ronaldmitchell@example.com,2023-01-01,United states,Utah,Logistics,referral
CUST000523,Jose Griffin,ashleyknight@example.org,03/20/2023,France,West Virginia,Healthcare,email
CUST008794,Alicia Dawson,zmoore@example.net,2024-03-22,Singapore,New York,,Display Ads
CUST003628,Matthew Shea,brittany08@example.net,2025-07-26,Brazil,Washington,,EMAIL
CUST004822,Joshua Rivera,hcole@example.org,2025-02-07,United Arab Emirates,Missouri,Logistics,Referral
CUST008474,Richard Walsh,dylanduncan@example.com,2024-06-05,FR,,Hospitality,Email Marketing
CUST004876,Brittany Jennings,ashlee36@example.org,2025-04-19,canada,Arkansas,Logistics,social
CUST004725,Ashley Rodriguez,stacey67@example.org,11-11-2025,canada,North Dakota,Finance,Organic
CUST000161,Patrick Graham,umorse@example.net,07 Dec 2024,IN,Nevada,Finance,PAID SEARCH
CUST006282,Andrew Reyes,kellylisa@example.net,21-04-2024,Brazil,Indiana,Real Estate,Paid-Search
CUST005600,Christopher Bush,rachel38@example.net,03-10-2025,SG,North Dakota,Logistics,Referal
CUST006893,Benjamin Leon,julie15@example.net,11 Jun 2026,United Kingdom,Nebraska,Finance,EMAIL
CUST005653,  Meghan Bennett  ,nsmith@example.org,17-06-2024,UAE,,Healthcare,email
CUST000914,Mrs. Jennifer Palmer DDS,dhall@example.net,08/09/2023,Singapore,Alaska,,Google Ads
CUST007812,Timothy Dennis,njones@example.org,2024-03-06,U.K.,Texas,Logistics,SEO
CUST007715,Mark Lee,lindalee@example.net,2023-11-19,United Arab Emirates,South Dakota,Education,ORGANIC
CUST002891,  Brandi Cunningham  ,croberts@example.org,17-01-2024,Brazil,Oklahoma,Real Estate,organic
CUST002091,Sheena Jones,nguyentimothy@example.net,28 May 2026,Canada,Indiana,Finance,Organic Search
CUST002849,Brad Ryan,briannalong@example.org,2026-02-13,United Arab Emirates,Wyoming,Finance,Paid-Search
CUST009263,Jennifer Richmond,stacycooper@example.org,07 Dec 2024,United Arab Emirates,Massachusetts,,Email Marketing
CUST005146,  Cassidy Pearson  ,zacharymorris@example.org,2023-03-04,canada,Washington,Healthcare,Referal
CUST009598,Stephanie Smith,hollandamanda@example.org,25-08-2023,AUS,,Education,SEO
CUST009583,Gabriel Dixon,xmiranda@example.com,2023-08-21,United Kingdom,Ohio,Technology,organic
CUST009848,Timothy Castro,jonesvictoria@example.org,06/25/2026,singapore,Maryland,Logistics,Organic Search
CUST007562,Andrea Allen,jeffreygray@example.net,01/19/2024,AUS,Wyoming,,Organic
CUST000297,Derrick James,jodistewart@example.org,2025-01-13,BR,Colorado,Finance,Organic Search
CUST002774,Rose Francis,maysedward@example.com,,DE,Vermont,,PAID SEARCH
CUST007711,Barbara Adams,karen80@example.net,23-09-2025,canada,South Dakota,Media,referral
CUST007600,Philip Hernandez,danielsmichelle@example.net,20 Jan 2026,australia,Alaska,Manufacturing,EMAIL
CUST008338,David Hayden,ipeters@example.org,2025-03-31,australia,,,PAID SEARCH
CUST009630,Gary Zimmerman,patricia98@example.org,25-06-2023,Singapore,Connecticut,Education,Affiliate
CUST002757,Sean Gonzalez,pwilson@example.net,17 Mar 2024,singapore,Kentucky,Hospitality,referral
CUST002122,Sean Dixon,salazarjames@example.org,25-05-2025,Canada,Oregon,Finance,Organic
CUST006600,Nicole Wilson,luis71@example.com,04/27/2023,Canada,Tennessee,Logistics,  paid search  
CUST001654,Mr. Zachary Mora DVM,hbowers@example.net,2026-03-21,singapore,Oklahoma,Technology,Facebook Ads
CUST001560,Susan Tucker,valerie96@example.org,2023-09-25,UAE,Connecticut,Retail,organic
CUST002720,William Wilson,veronicacampbell@example.net,23-01-2026,United states,,,referral
CUST008028,Kevin Vargas,bbeck@example.com,2026-05-02,AUS,Utah,Technology,Email
CUST005836,Heather Jenkins,tiffany26@example.net,2023-03-15,U.K.,Nebraska,Manufacturing,referral
CUST002585,Chase Ross,brianconrad@example.org,2024-11-30,germany,Arizona,Technology,paid search
CUST002417,SHARON RICE,,01 Mar 2025,U.S.A,South Dakota,Hospitality,REFERRAL
CUST005441,Erika Nguyen,duartekevin@example.net,2025-10-12,germany,Hawaii,Technology,DISPLAY
CUST002302,Maria Stafford,kellyadam@example.net,2024-05-09,england,Oklahoma,Finance,organic
CUST007065,David Wallace,wmoss@example.com,2023-04-19,brazil,Oklahoma,,Email
CUST001100,  Ronald Simpson  ,zbrown@example.com,05/29/2024,singapore,Georgia,Real Estate,Paid Search
CUST002697,Richard Green,thomasdalton@example.net,07/16/2023, India,Florida,Retail,Referral
CUST001339,David Kim,jeremiah26@example.net,2023-01-20,  United Kingdom  ,,Finance,  social  
CUST008958,Jennifer Martinez,dmolina@example.org,2025-09-10,United Arab Emirates,,Healthcare,PAID SEARCH
CUST004579,Andrew Hernandez,colekirk@example.org,02/23/2025,singapore,New Mexico,Hospitality,  SEO  
CUST006456,Tammy Olsen,jessica92@example.org,07/12/2026,  SG  ,,Technology,Organic
CUST006807,Kristen Cooper,mtaylor@example.net,,england,,Manufacturing,paid search
CUST007848,Tammy Jefferson,mikeclark@example.net,04-02-2025,USA,Kansas,Finance,Paid Search
CUST004421,  Patricia Anderson  ,charlesmurphy@example.net,2025-08-12,canada,Wyoming,Healthcare,Affiliate
CUST000894,Scott Solis,marcus01@example.net,2023-03-01,UAE,Rhode Island,Education,E-mail
CUST001694,Scott Brown,edwardsrachel@example.org,20-01-2023,UAE,West Virginia,Finance,organic
CUST003280,Marvin Cox,robert72@example.net,2023-08-08,Canada,Montana,Manufacturing,social media
CUST002803,John Myers,grantalyssa@example.org,07/08/2023,US,Kansas,Healthcare,Email Marketing
CUST003947,Audrey Butler,turnerrichard@example.com,2025-03-22,  France  ,Missouri,Hospitality,Email
CUST003804,Travis Ruiz,brian33@example.com,06/09/2026,U.A.E,Oklahoma,Manufacturing,SEO
CUST007875,Christopher Fields,,2025-11-28,FR,Maryland,Real Estate,Organic
CUST007831,Mr. Steven Rivera DDS,yolandanelson@example.com,2023-07-28,INDIA,Delaware,Retail,Email Marketing
CUST005825,Alexander Ortega,barbaraperez@example.net,2023-06-05,FR,Tennessee,Education,email
CUST007760,Jessica Macdonald,toneill@example.com,08/12/2024,AUS,Hawaii,Manufacturing,Paid Search
CUST001719,Melinda Campbell,calvinbrown@example.com,2025-05-07,  United Arab Emirates  ,Washington,Education,Email
CUST003737,Kaitlin Copeland,tjones@example.org,23-11-2023,Brazil,Idaho,Education,referral
CUST006983,Anthony Kennedy ,,2026-05-09,UK,South Carolina,Manufacturing,Referral
CUST008150,Kathleen Simmons,scott08@example.org,05/09/2025,Brazil,Nebraska,Finance,Organic
CUST003949,Randall Marks,ulewis@example.net,2026-07-10,canada,North Dakota,Finance,Paid-Search
CUST005289,Raymond Kennedy,kristenreyes@example.net,29-08-2025,SG,Pennsylvania,Finance,SEO
CUST002885,Timothy Miller,vgraham@example.com,03/06/2024,Australia,Virginia,Real Estate,EMAIL
CUST000108,Juan Reyes,michellehill@example.com,21-04-2025,United Arab Emirates,Michigan,Logistics,paid search
CUST008545,Keith Castro,tiffanypatterson@example.net,2024-10-11,UAE,South Dakota,Media,affiliate
CUST002567,Crystal Stewart,sarajohnston@example.net,06-04-2025,canada,Arizona,,social
CUST000347,Brandon Shaffer,edwardsnicole@example.org,2024-02-29,brazil,Missouri,Education,Organic
CUST004235,Jason Gallagher,stewartjeanne@example.com,2024-06-07,United Arab Emirates,Vermont,Media,Referral
CUST008342,  Roger Fleming  ,jonesallison@example.org,05/24/2025, India,Iowa,Retail,PPC
CUST008427,Jessica Cole,bnelson@example.org,13-08-2025,Brazil,,Hospitality,  Social  
CUST002488,Michael Bell,rthompson@example.org,2026-04-17,SG,Virginia,Hospitality,Email
CUST005006,David Sullivan,millsdavid@example.net,11-11-2025,Brazil,Delaware,Logistics,Display Ads
CUST008049,  Andrew Jackson DVM  ,youngmegan@example.org,2024-01-03,DE,New Jersey,Media,Display Ads
CUST007104,Emily Pittman,jesseforbes@example.net,01/29/2025,germany,Indiana,Media,Partner
CUST001724,Steven Hayes,joanncruz@example.org,2024-03-28,India,Florida,,Paid Search
CUST002087,George Yang,,09/11/2025,  CA   ,Mississippi,Education,PAID SEARCH
CUST005084,Christopher Lee,salexander@example.org,,UAE,Texas,Manufacturing,Instagram
CUST005293,MATTHEW NICHOLS,,,india,,Media,AFFILIATE
CUST008686,Susan Lucas,castanedajames@example.net,2023-06-14,U.A.E,Florida,Hospitality,E-mail
CUST009386,Gary Munoz,james72@example.org,2025-03-18,germany,,Real Estate,Affliate
CUST009512,John Hayes,kevindouglas@example.org,2023-12-08,United States,,Retail,Paid Search
CUST003984,Robert Johnson,maustin@example.com,11-08-2025,UAE,Utah,Healthcare,Email
CUST000882,Megan Anderson,carpenterjorge@example.net,2026-04-28,CA ,New York,Education,SEO
CUST007775,Jimmy Garcia,sduncan@example.org,13 May 2026,Singapore,Florida,Retail,SEO
CUST001392,Dana Carter,phyllis59@example.net,03-09-2024,brazil,South Carolina,Education,paid search
CUST009958,Destiny Patterson,kperez@example.net,2024-10-10,germany,Pennsylvania,,Partner
CUST000496,Emily Robinson,abigailhartman@example.org,2026-04-15,USA,Nebraska,Healthcare,Partner
CUST008555,Darrell Morris,wendy43@example.org,2023-01-10,France,Idaho,Media,Instagram
CUST006603,Jay Evans,rebeccamccarthy@example.com,2026-07-18,FR,Illinois,,Display Ads
CUST005180,Andrea Miller,michellechen@example.com,03-08-2025,SG,,Real Estate,SOCIAL
CUST002010,Audrey Torres,leontracie@example.org,12 Jun 2024,england,Michigan,Technology,referral
CUST007212,Rickey Hanson,tara59@example.net,2026-07-20,U.S.A,Connecticut,Retail,Referal
CUST006614,Christopher Wells,williambriggs@example.net,16-12-2025,  canada  ,Montana,Technology,Affiliate
CUST003072,  Tonya Callahan  ,billy87@example.org,2024-02-14,BR,Alabama,Media,Partner
CUST002843,Lori Madden,christopher32@example.net,2024-05-03,DE,Pennsylvania,Retail,Email
CUST001804,Mark Weaver,thomasdavid@example.net,2023-06-22,  singapore  ,,Retail,EMAIL
CUST000689,  Megan Nelson  ,joshuasmith@example.net,04/17/2024, India,Oklahoma,Healthcare,Referal
CUST004634,Diane Perry,terry53@example.net,2024-01-19,BR,Ohio,Healthcare,AFFILIATE
CUST004412,David Shannon,stephanie86@example.net,2024-05-19,Brazil,Texas,Technology,Paid Search
CUST007728,Erica Diaz,brandon18@example.org,21-11-2025,CA ,,Logistics,Facebook Ads
CUST003275,Ryan Young,wongjacqueline@example.org,10/24/2023,BR,West Virginia,Logistics,Paid-Search
CUST006329,Kylie Clarke,smithpatrick@example.com,04-11-2024,canada,Nevada,Finance,Instagram
CUST002298,Jimmy Blake,matthewsmith@example.org,11-03-2025,  australia  ,South Dakota,Healthcare,organic
CUST002905,Steven Nelson,wkennedy@example.com,05/27/2025,AUS,North Carolina,Manufacturing,DISPLAY
CUST005823,Michael Wise,samantha01@example.com,2023-07-18,United states,,Media,DISPLAY
CUST005341,Christina Rodriguez,xbrooks@example.com,2024-05-17,U.A.E,Oregon,Real Estate,Referal
CUST000704,April Thomas,shawncarter@example.net,2023-05-12,Singapore,Oregon,Retail,EMAIL
CUST009930,  Sean Avila  ,amber47@example.org,24 Jul 2025,australia,Kansas,Retail,Affliate
CUST007939,Daniel Kim,tsullivan@example.com,24-01-2025,USA,New Mexico,Technology,Affliate
CUST000758,Dr. Mark Patton MD,grantjames@example.net,2023-01-02,UK,Connecticut,,SOCIAL
CUST008688,  Cynthia Crawford  ,jbuchanan@example.net,,U.A.E,Rhode Island,Hospitality,  Email  
CUST008337,Jacqueline Morris,vickie71@example.org,02/24/2025,germany,Arkansas,Retail,  Paid Search  
CUST005567,Susan Hunter,jeffrey77@example.com,2023-10-11,United States,,Hospitality,Facebook Ads
CUST009493,Daniel Martin,johndavis@example.net,20-03-2026,United states,Arizona,Media,REFERRAL
CUST000668,Candace Mitchell DDS,tammycurry@example.com,02/27/2024,USA,Arizona,Education,Organic
CUST002370,Jordan Stanton,dsanders@example.net,11/13/2023,Australia,New Jersey,Retail,social
CUST009094,Catherine Carney,tamarageorge@example.org,08/19/2025,Brazil,Nevada,,Google Ads
CUST003958,Kelsey Hunt,tellison@example.com,05/08/2025,U.K.,,,email
CUST006552,Renee Rodriguez,sjones@example.com,04/29/2025,AUS,Oklahoma,Hospitality,Email
CUST004759,Ann Bauer,sarahmiles@example.org,2023-07-11,US,North Carolina,Technology,PPC
CUST004338,Joshua West,aprilcompton@example.org,2026-05-08,Brazil,,Media,REFERRAL
CUST006948,Lori Wilson,rwhite@example.org,03/24/2023,U.K.,Michigan,Hospitality,Instagram
CUST005254,Michael Perez,vmyers@example.org,2025-02-26,FR,Utah,Logistics,E-mail
CUST009629,Deborah Gordon,jeffreybuchanan@example.net,02-12-2023,CA ,Missouri,Hospitality,PPC
CUST008747,Dana Russo,johngonzalez@example.com,2024-05-05,france,Utah,Finance,SOCIAL
CUST008712,Cheyenne Graham,jenniferdavila@example.net,2023-04-07,India,Maryland,Logistics,EMAIL
CUST008635,Joshua Allen,david54@example.net,2024-04-29,germany,Utah,Finance,Affiliate
CUST005191,Jennifer Mathews,barbara05@example.net,2026-07-14,Brazil,Nevada,Education,Google Ads
CUST003340,Kelly Howell,chelsea70@example.org,2025-01-30,UAE,Oregon,Finance,Referal
CUST008416,  Margaret Williams  ,thomaseverett@example.net,2024-12-05,U.K.,Maryland,Media,social
CUST003393,Marco Rose,dana17@example.net,05-06-2024,USA,Rhode Island,Manufacturing,Facebook Ads
CUST008130,Rachel Robertson,edwardsdenise@example.com,2025-03-31,Singapore,Utah,Logistics,EMAIL
CUST006946,Elizabeth Powers,dwilliams@example.org,2025-11-01,CA ,Rhode Island,Media,Email
CUST008202,Christian Lynch,jenniferhardin@example.com,2025-07-02,UK,Nebraska,Real Estate,ORGANIC
CUST006811,Vincent Williams,beth90@example.net,15-09-2023,  Australia  ,,Real Estate,AFFILIATE
CUST002577,CHRISTOPHER WILLIAMS,carlos23@example.org,2023-12-04,Canada,South Carolina,,Affliate
CUST002935,Gabrielle Hernandez,daniel56@example.net,2026-01-15,United states,,,referral
CUST007937,Nicole Williams,wwyatt@example.net,2025-06-16,United Kingdom,Arizona,Education,  SEO  
CUST002915,Michael Calhoun,derricklee@example.net,2023-03-11,DE,North Dakota,Manufacturing,social media
CUST003163,Leslie Juarez,justinhughes@example.net,2023-05-11,US,Georgia,Real Estate,display
CUST005434,Michael Scott,christophermills@example.org,2025-12-06,india,Delaware,Healthcare,  Instagram  
CUST008603,Kathleen Thompson,michael57@example.org,25-04-2025,BR,Illinois,Finance,SEO
CUST003460,Kelly Chambers,zacharyschneider@example.net,08/08/2024,U.A.E,Oregon,Education,Referal
CUST000480,Priscilla Kent,jessicaanderson@example.com,2025-11-30,canada,Texas,Healthcare,SEO
CUST004063,Bridget Davis,kdean@example.net,2026-01-18,  Australia  ,West Virginia,Hospitality,DISPLAY
CUST007743,Lori Lester,chenpatrick@example.org,04/20/2023,AUS,Vermont,,PPC
CUST009061,Mary Blake,cbrown@example.org,2025-07-16,France,Hawaii,Finance,Referral
CUST003861,Matthew Hall,vskinner@example.com,05/28/2023,england,,Education,Display Ads
CUST006530,Erika Hernandez,bmorton@example.net,2023-12-16,United Arab Emirates,Delaware,Finance,Facebook Ads
CUST009511,Tina Porter,gjones@example.net,12-01-2026,Brazil,Kentucky,Retail,SEO
CUST003439,Vickie Moore,hmorris@example.net,2025-12-14,Brazil,Tennessee,Manufacturing,AFFILIATE
CUST009984,David Reed,suttonjanice@example.com,07 Nov 2023,United states,Iowa,Healthcare,email
CUST007565,Gary Bell,shannonsamantha@example.net,07/21/2023,U.S.A,Missouri,Hospitality,Email
CUST005920,Kyle Mooney,flynnjanice@example.net,13-03-2025,Singapore,New York,Logistics,REFERRAL
CUST006477,Dawn Gonzales,harrisangela@example.net,01/31/2024,France,North Carolina,Retail,Paid-Search
CUST003635,Christopher Strickland,kbrown@example.org,2024-06-23,Canada,Kansas,Retail,social media
CUST006015,Eric Carter,juan22@example.net,2026-02-12,Australia,,Technology,display
CUST008198,Katie Montoya MD,jennifer29@example.com,,CA ,Colorado,Retail,social
CUST005409,Brittany Strickland,zbailey@example.net,2026-05-20,brazil,West Virginia,Healthcare,REFERRAL
CUST007888,Benjamin Miller,tammy57@example.com,2023-10-27,UAE,,,Banner
CUST006786,Erin Huang,rthompson@example.com,2025-04-05,FR,Wisconsin,Technology,display
CUST007759,Tanya Gibbs,kristahughes@example.org,2025-02-05,Singapore,California,Healthcare,  ORGANIC  
CUST001258,Autumn Cooper,timothy99@example.net,2025-02-22,Germany,Alabama,Education,Display
CUST009554,Jerry Carroll,steelemark@example.net,20-09-2023,UAE,New Jersey,Retail,REFERRAL
CUST006435,Tammie Ochoa,clarkelizabeth@example.com,2024-05-25,germany,Montana,Real Estate,PAID SEARCH
CUST005413,Christian Barrett,conleypatrick@example.net,23-08-2025,Canada,North Dakota,Logistics,SOCIAL
CUST006136,Mr. Paul Dickerson,lindathompson@example.com,2026-04-24,INDIA,North Dakota,Education,  Display Ads  
CUST008152,Jordan Bishop,hillkelly@example.net,04-03-2023,Singapore,Michigan,Education,PAID SEARCH
CUST005062,Robert Olson,traciwalls@example.com,03-05-2023,Singapore,,Technology,SEO
CUST006536,Deborah Hernandez,robert68@example.com,12/21/2025,U.K.,Nebraska,Finance,Display
CUST000181,Tracy Bishop ,,25-01-2023,australia,New Mexico,Retail,  Facebook Ads  
CUST005799,Elizabeth Tyler,williamsmichael@example.com,2023-06-09,Singapore,New York,Retail,Email Marketing
CUST007749,Adrian Rush,david21@example.net,2025-04-09,India,North Dakota,Hospitality,SOCIAL
CUST004125,Jason James,hortonjoshua@example.org,08-11-2025,UK,,Finance,SOCIAL
CUST006307,Laura Ingram,,19 Aug 2023,France,Maine,Media,Organic
CUST001395,Adam Watkins,cgray@example.org,2023-03-12,Brazil,,Manufacturing,social
CUST001118,Paul Miller,huntermichael@example.net,2025-05-13,CA ,Hawaii,,Organic Search
CUST007769,Robert Payne,david68@example.org,2024-03-23,Singapore,Alaska,Manufacturing,display
CUST007006,Caitlin Jones,stewartsusan@example.net,2026-02-25,IN,Hawaii,,DISPLAY
CUST006841,John Hall,fergusonnatalie@example.org,07/10/2024,england,Tennessee,Manufacturing,Social
CUST001962,Ashley Mendoza,brianwhite@example.org,2026-06-02,United Kingdom,Florida,Logistics,AFFILIATE
CUST004746,Ashley Rodriguez,palvarez@example.org,09 Oct 2024,USA,Ohio,Manufacturing,ORGANIC
CUST004110,Jack Lindsey,rpollard@example.com,2026-05-13,France,South Carolina,Healthcare,Organic
CUST003769,Jason Parker,anne76@example.org,09/07/2025,United Arab Emirates,,Logistics,SOCIAL
CUST000135,Diana Vaughn,scottsampson@example.com,2023-01-08,INDIA,Connecticut,,SEO
CUST003216,Anthony Pearson ,,2026-06-30,Australia,,Logistics,Paid-Search
CUST005564,Margaret Mccarthy,lgrant@example.org,2024-06-25,england,Nevada,Finance,Display Ads
CUST003498,Cindy Monroe,xpalmer@example.org,2024-04-06,U.S.A,Ohio,Manufacturing,DISPLAY
CUST006522,Judy Dean MD,dmay@example.net,06/17/2026,india,Mississippi,Healthcare,DISPLAY
CUST004969,Hannah Pena,shawn31@example.net,06/12/2025,FR,South Carolina,,  Instagram  
CUST000497,  Jennifer Bailey  ,elizabethrivera@example.com,2026-01-05,United Arab Emirates,Indiana,Hospitality,Organic
CUST005264,Michael Martin,dsalinas@example.net,29-06-2026,U.A.E,Indiana,Logistics,Paid-Search
CUST000188,Aaron Miller,,2023-05-22,singapore,Rhode Island,Hospitality,AFFILIATE
CUST006719,Sara Butler,qchambers@example.net,2025-04-21,france,South Dakota,Hospitality,Organic
CUST000421,Donald Thomas,vwilliams@example.net,25 Feb 2024,Brazil,Kansas,Media,social media
CUST007576,Jennifer Larson,longcrystal@example.net,2024-10-21,Australia,Maine,Hospitality,AFFILIATE
CUST004289,George Jones,singhaaron@example.org,10/12/2023,india,Hawaii,Retail,Social
CUST006416,Chad Mata,brhodes@example.org,2025-12-04,U.A.E,Minnesota,Technology,organic
CUST007287,Rita Morrison,morganjessica@example.com,07/02/2024,UAE,North Carolina,Manufacturing,referral
CUST005269,Tracy Weaver,vbradshaw@example.org,2025-04-16,FR,Missouri,Education,SOCIAL
CUST006120,  PHILLIP ERICKSON  ,dylan21@example.org,2023-09-28,germany,Utah,Education,Instagram
CUST004935,Christine Sullivan,danielberry@example.org,2025-02-07,U.K.,New Hampshire,Manufacturing,Banner
CUST008625,Joseph Martin,mromero@example.org,2024-06-10,UK,South Dakota,Technology,PAID SEARCH
CUST005353,Mark Duran,robin72@example.net,13 Jan 2025,canada,North Carolina,Healthcare,Display
CUST009277,Maxwell Black,sbrown@example.net,05-06-2024,France,California,Education,Paid Search
CUST008422,Johnny Armstrong,paigeroman@example.org,2025-11-13,UK,Georgia,Technology,paid search
CUST006238,Patrick Washington,skinnerjenny@example.org,2026-03-23,  IN  ,Utah,,Referal
CUST009016,Russell Burns,bellchristopher@example.net,27 Dec 2024,France,Ohio,,  SOCIAL  
CUST004830,Emily Rowe,mmack@example.com,22-10-2025,IN,Hawaii,Finance,email
CUST003212,Joshua Lopez,susan80@example.com,19-04-2026,australia,Alaska,,SOCIAL
CUST001626,Joshua Trujillo,leslietorres@example.net,2023-05-06,U.K.,Colorado,Retail,Instagram
CUST005955,  Nathaniel Mills  ,zmendoza@example.org,2025-01-17,germany,West Virginia,Real Estate,social
CUST000129,  Veronica Coffey  ,christopher60@example.com,2024-11-06,CA ,Ohio,Media,Banner
CUST001270,Kelsey Garcia,jennifer19@example.net,2026-03-24,France,Nebraska,Healthcare,display
CUST006721,Sarah Fernandez,davidparrish@example.net,03/07/2024, India,Vermont,Retail,Paid Search
CUST009656,Lauren Stewart,romerorussell@example.net,2025-10-08,Germany,Alabama,Manufacturing,paid search
CUST008151,Amanda Cooper,jennynelson@example.org,2026-02-20,Germany,Arizona,Technology,SOCIAL
CUST009509,Donald Hartman,pwilson@example.net,2024-04-02,france,Arkansas,Hospitality,  Social  
CUST005499,Gina Mitchell,fgoodwin@example.com,2023-06-20,United States,Maine,Retail,Banner
CUST005741,Kevin Caldwell,hoopernancy@example.net,11/25/2025, India,,Education,Banner
CUST007075,Allison Jimenez,stevenschneider@example.com,06/27/2025,Brazil,,Hospitality,affiliate
CUST009510,Jason Morgan,markjohnson@example.net,09/11/2023,IN,Wisconsin,Real Estate,Affiliate
CUST008210,Julie Adams,xjones@example.com,2025-07-24,  France  ,Colorado,Finance,affiliate
CUST004082,Kevin Porter,jeff63@example.net,2024-08-06,england,Florida,Logistics,PPC
CUST003447,Denise Leon,reneespencer@example.org,06/30/2023,Canada,Michigan,Hospitality,display
CUST006367,Traci Reynolds,dennis30@example.com,2023-01-19,france,Texas,Education,social
CUST000380,Danielle Murray,davidbrown@example.org,03/22/2026, India,Florida,Hospitality,Display Ads
CUST003705,  Stephen Levy  ,nhardy@example.org,2024-01-19,United Kingdom,Illinois,,Organic Search
CUST008826,Daniel King,bradfordwendy@example.com,01-01-2024,U.A.E,,Technology,Referral
CUST005150,Taylor Davis,higginsheidi@example.org,2026-05-30,United states,Pennsylvania,Real Estate,referral
CUST007706,Stephanie Guerrero,tanyamorrison@example.com,2025-06-11, India,,Manufacturing,ORGANIC
CUST007123,Patricia Daniels,kriley@example.com,2023-07-30,  singapore  ,Ohio,Education,SOCIAL
CUST001541,Joy Williams,andrea13@example.net,,Australia,California,Education,social media
CUST003190,Robert Norris,andrewmyers@example.org,01/23/2023,UK,Colorado,Logistics,Email
CUST002884,Brent Cain,usilva@example.net,22-04-2025,SG,New Jersey,Media,Facebook Ads
CUST007279,  Mark Lewis  ,dean03@example.org,2025-10-14,canada,Utah,,EMAIL
CUST001547,JOHN CAMPBELL,joseph83@example.com,2023-05-28,australia,Louisiana,Manufacturing,social media
CUST005337,Kyle Jordan,mary95@example.com,2024-01-24,USA,Michigan,Hospitality,Instagram
CUST009969,Kimberly Nielsen,jason10@example.com,05/16/2026,Singapore,New York,Manufacturing,Facebook Ads
CUST007953,Michael Mason,robert02@example.net,20-06-2025,canada,Oklahoma,Manufacturing,Instagram
CUST009501,Jenna Green MD,williamsjames@example.com,26-05-2026,U.A.E,Washington,Manufacturing,Facebook Ads
CUST003385,Emily Massey,cindyhenderson@example.org,09-07-2026,brazil,,Education,REFERRAL
CUST009602,Douglas Morales,austin40@example.net,05/15/2024,IN,New Mexico,Real Estate,display
CUST004919,Denise Hopkins,phodge@example.com,05/06/2025,IN,Washington,,Social
CUST008847,Brian Clayton,melanie12@example.com,04/07/2025,USA,,Education,paid search
CUST005073,DIANE CLARK,drakenicholas@example.com,2026-06-11,France,Pennsylvania,Media,Paid Search
CUST000212,Joseph Anderson,katrinaanderson@example.net,27 Apr 2024,singapore,Arkansas,Technology,Paid-Search
CUST009137,Brian Edwards,anthony61@example.com,06-01-2026,INDIA,Alabama,Logistics,Email Marketing
CUST003107,Richard Nicholson,lopezbrandon@example.org,2025-04-23,UK,Texas,Healthcare,Social
CUST001989,Michael Johnson,kaiserkelly@example.org,2025-08-06,Germany,Indiana,Healthcare,referral
CUST002990,Bryce Francis,egutierrez@example.org,,United Kingdom,Florida,Retail,ORGANIC
CUST006085,Jason Wilcox ,,11 Sep 2023,germany,,Finance,paid search
CUST006432,Brandon Huffman,james71@example.net,25 Jan 2025,germany,Wyoming,Technology,Banner
CUST006090,Charles Thomas,sandrawright@example.com,25-05-2024,FR,,Technology,PPC
CUST008290,JOANNE KENNEDY,angela00@example.net,2024-02-15,CA ,Tennessee,Real Estate,Social
CUST002206,Anthony Neal,lmartin@example.org,2023-09-14,U.K.,,Finance,organic
CUST004700,Stephanie Blankenship,murphyjoshua@example.com,2023-04-09,U.S.A,,Education,display
CUST005163,Tyler Ward,beltransamantha@example.net,02/18/2023,U.K.,Texas,Hospitality,email
CUST005164,John Benitez,elliottgrant@example.org,2026-02-20,CA ,Washington,Retail,Email
CUST009213,Susan Wilson,ryan77@example.com,08-04-2023,AUS,Idaho,Healthcare,Social
CUST002761,Marcus Williams,nichole17@example.com,04/13/2024,United Arab Emirates,Michigan,Retail,Email
CUST003584,Madison Boyd,samantharobles@example.org,03/23/2026,US,Michigan,Real Estate,EMAIL
CUST007557,Gabrielle Rose,frankarroyo@example.com,2025-08-14,SG,Arkansas,Retail,Instagram
CUST003242,Michael Escobar,daniel08@example.com,07-11-2023,Australia,,Hospitality,REFERRAL
CUST008480,Leslie Knight,jonathon31@example.net,2023-05-25,AUS,,Retail,EMAIL
CUST009668,William Petersen,john81@example.net,2024-08-03,  france  ,Pennsylvania,Hospitality,SOCIAL
CUST006284,Scott Brown,,2025-09-29,U.A.E,Louisiana,Manufacturing,Google Ads
CUST000491,Amy Manning,christinenorman@example.com,2023-02-20,BR,,Logistics,AFFILIATE
CUST004667,  Laurie Anderson  ,cruzjoseph@example.com,2026-05-22,Brazil,Massachusetts,Healthcare,PAID SEARCH
CUST005543,Jessica Mcdonald,heather08@example.com,2025-03-01,DE,Indiana,Finance,referral
CUST001556,Robert Proctor,andrew33@example.net,02-03-2024,FR,Virginia,Real Estate,Display Ads
CUST008366,Carla Hall,amanda37@example.net,2025-05-17,DE,Minnesota,Media,paid search
CUST003678,Calvin Gilmore,pricematthew@example.com,04-08-2025,IN,Vermont,Manufacturing,PPC
CUST002324,Crystal Clayton,zstevens@example.net,05-06-2024,india,Connecticut,,Banner
CUST000915,Ethan Brown,hsmall@example.com,27-05-2023,U.S.A,South Carolina,Real Estate,Organic
CUST000569,Nancy Kennedy,thompsonvictor@example.net,2025-09-15,Canada,North Dakota,Healthcare,social
CUST005634,Mike Cardenas,mariapatel@example.com,2025-04-25,United Arab Emirates,West Virginia,Hospitality,PPC
CUST006804,Melissa Perry,rclark@example.org,25 Apr 2025,england,Florida,Technology,REFERRAL
CUST006152,Lisa Schaefer,colemanashley@example.net,03/29/2025,United States,Michigan,Real Estate,Facebook Ads
CUST002185,Daniel Cortez,petersontina@example.org,06-09-2025,France,Kentucky,Manufacturing,PAID SEARCH
CUST000009,James Mayo,gabriellecameron@example.org,07/04/2026,CA ,Iowa,Retail,referral
CUST004124,  Nicholas Watson  ,lcarpenter@example.net,2023-01-01,france,Rhode Island,Technology,E-mail
CUST004817,Monica Davis,stonejulie@example.com,12/27/2025,AUS,Delaware,Manufacturing,Display
CUST002625,Jennifer Moore,maxwellgibson@example.org,2023-07-27,CA ,Maine,,Social
CUST001714,Jasmine Garrett ,,2026-06-24,U.K.,Rhode Island,Media,Email
CUST006755,Stephanie Olson,robert79@example.com,20-01-2026,CA ,Missouri,Healthcare,referral
CUST008609,Tammy King,maddoxlindsay@example.org,29-10-2023,US,Minnesota,Healthcare,Organic Search
CUST004313,Brenda Hill,ereed@example.com,05-04-2023,canada,West Virginia,Hospitality,DISPLAY
CUST008377,Kimberly Lang,bedwards@example.net,2025-09-11,  United states  ,Connecticut,,Instagram
CUST007430,Tina Ryan,sarahnavarro@example.org,18-02-2026,DE,,Retail,display
CUST003030,Nicole Moore,nataliemann@example.com,2025-04-08,Australia,,Logistics,social media
CUST005123,Jonathan Reed,aprilcooper@example.com,12/04/2023,UAE,Delaware,Retail,referral
CUST003598,Cheryl Fuentes,brianhall@example.org,07-09-2025,Australia,Massachusetts,Logistics,Referral
CUST006276,Sara Johnson,salazarchristopher@example.net,19-05-2025,Singapore,Wisconsin,Healthcare,referral
CUST001253,Rachel Townsend,hillsavannah@example.net,2025-06-21,england,Alaska,Manufacturing,display
CUST006381,Gregory Henry,michaelgonzalez@example.org,2024-01-10,brazil,Maine,Logistics,DISPLAY
CUST002706,ANDREW AGUILAR,jackconley@example.org,,Singapore,Kentucky,Retail,EMAIL
CUST005022,Jennifer Townsend,kristinraymond@example.net,2023-11-15,AUS,Minnesota,Retail,Referral
CUST003567,Heather Allen,taracole@example.org,2025-12-27,DE,Louisiana,Finance,Social
CUST008359,  Renee Pham  ,simonzachary@example.org,07/08/2024,DE,,Media,social media
CUST001966,Kimberly Rojas,,2023-05-12,Brazil,Arizona,Education,E-mail
CUST002210,Veronica Smith,zchapman@example.com,10/09/2023,australia,Virginia,Healthcare,Facebook Ads
CUST000313,  David Dixon  ,seanmyers@example.net,2024-02-18,United states,,Finance,Social
CUST004010,Timothy Evans,michaelrice@example.net,08 Jan 2026,germany,Michigan,Manufacturing,Paid Search
CUST008523,Megan Proctor,harrisonkeith@example.net,2024-04-06,UK,Arizona,Hospitality,Display Ads
CUST005134,Jennifer Ray,jennifer12@example.org,02/26/2023,India,Florida,Logistics,affiliate
CUST001451,Larry Lewis,soniabass@example.net,2025-08-13,UAE,,Education,Partner
CUST004404,JOEL HULL,jennifer40@example.com,2023-03-01,brazil,Washington,Healthcare,Referral
CUST009258,Ana Williams,lmendoza@example.com,2024-07-06,australia,Texas,Retail,E-mail
CUST002208,James Gallagher,pricedale@example.org,2025-05-23,U.A.E,Louisiana,Manufacturing,Email
CUST003073,  Mark Hess  ,dweaver@example.net,18-09-2024,france,,Logistics,social media
CUST003591,David Mays,gregory31@example.com,05/14/2026,  india  ,South Carolina,Real Estate,email
CUST002101,Karen Gray,nguyenchristine@example.net,2024-03-26,France,Wyoming,Real Estate,Referal
CUST003753,Sheila Collins,hornbradley@example.com,2024-10-30,U.A.E,Pennsylvania,Finance,Organic Search
CUST004575,Ann Shannon,maria79@example.org,11/15/2025,Australia,,Media,ORGANIC
CUST008832,Adam Griffin,veronica96@example.com,2026-06-27,U.A.E,Wisconsin,Logistics,Banner
CUST006330,STEPHANIE CAMERON,robersondaniel@example.net,2025-01-23,Singapore,Maryland,Technology,Referal
CUST006476,Crystal Mitchell,donnacoleman@example.org,09 Jul 2023,canada,Georgia,Education,social media
CUST002666,Roger Myers,clarkepatrick@example.net,2023-08-06,U.A.E,Wisconsin,Healthcare,Referral
CUST005781,Andrew Stone,gcamacho@example.net,2025-03-08,DE,,Retail,PPC
CUST001920,Travis Chapman,vancebrad@example.com,31 Dec 2024,FR,Montana,Real Estate,Organic
CUST000229,Steven Taylor,francisco94@example.net,2023-06-30,england,,Manufacturing,Display Ads
CUST002265,Nicole Brown,andrewstheresa@example.net,05-12-2025,brazil,Idaho,Manufacturing,email
CUST002908,Kenneth Adams,nbrewer@example.org,11/12/2023,U.A.E,North Dakota,Real Estate,EMAIL
CUST005778,Brandi Barnes,lucas74@example.org,2025-03-02,Australia,,,Partner
CUST008975,Tara Wilkerson DDS,fporter@example.org,2026-02-16,  BR  ,,Technology,  referral  
CUST007369,  Sandra Wood  ,englishsheila@example.net,2024-08-14,CA ,Illinois,Healthcare,referral
CUST001070,Alyssa Wade,josegibson@example.net,06/14/2026,France,Georgia,Finance,Banner
CUST007025,Ryan Smith,cbauer@example.net,2025-06-09,United states,Texas,Media,display
CUST008868,Colleen Watts,alicia86@example.net,05/19/2025,USA,Louisiana,Finance,  referral  
CUST002146,Andre Cortez,janet71@example.org,2026-07-27,SG,North Carolina,Technology,social media
CUST005829,Gina Olson,brian25@example.com,16-04-2025,england,Florida,Real Estate,DISPLAY
CUST002704,Joshua Oneill,wmarshall@example.org,2025-08-20,india,Indiana,Retail,SEO
CUST000016,Jonathan White,harrellkenneth@example.net,2026-02-12,Singapore,North Carolina,Media,SOCIAL
CUST004990,  Michelle Garza  ,glambert@example.net,2024-06-06,Germany,North Carolina,Hospitality,REFERRAL
CUST009271,Traci Acosta,agreen@example.org,01/17/2023,US,Minnesota,,referral
CUST005373,Dr. Jodi Higgins,alisonross@example.org,2026-04-04,FR,West Virginia,Finance,ORGANIC
CUST003080,Adrienne Noble,david57@example.net,2024-01-29,United Arab Emirates,Arizona,Logistics,Email
CUST008341,Amber Shaw,shelly94@example.net,2024-12-10,  brazil  ,,Manufacturing,PAID SEARCH
CUST003124,Jeffrey Greene,njames@example.org,2025-11-20,US,New Mexico,Media,  AFFILIATE  
CUST001472,Thomas Holmes,thomasmcdonald@example.com,2025-07-07,  india  ,Mississippi,Retail,SEO
CUST009849,  Elizabeth Green  ,davidthompson@example.com,2024-08-09,canada,West Virginia,Real Estate,Display Ads
CUST009769,Charles Braun,garrett73@example.net,2024-07-29,United states,Tennessee,Manufacturing,organic
CUST001260,Cindy Diaz,anthonytaylor@example.org,06 Jul 2025,singapore,Washington,Healthcare,referral
CUST008409,Jodi Smith,orodriguez@example.org,2024-01-12,UAE,Minnesota,Technology,Display Ads
CUST008823,Tanya Lewis,shelly87@example.com,01-07-2025,France,,Media,Instagram
CUST001391,Christopher Jones,wstrong@example.org,2026-05-21,DE,Montana,Technology,referral
CUST004692,Darryl Curtis,timothy81@example.net,2025-01-19,U.K.,Kansas,,Display Ads
CUST004225,Charles Brown,richardsnow@example.net,01-02-2024,IN,Arkansas,Finance,  EMAIL  
CUST004753,Joseph Cisneros,richardnichols@example.org,2025-01-04,UK,South Dakota,Education,Email Marketing
CUST004815,Ricky Davila,bailey73@example.net,05 Jan 2026,Canada,Missouri,Finance,REFERRAL
CUST000322,James Wilson,megan92@example.net,2025-03-15,SG,,Real Estate,Referral
CUST002467,Tina Little,sonya64@example.net,02-08-2023,FR,,Manufacturing,Partner
CUST007496,Amanda Duffy,mpalmer@example.net,2026-07-29,UAE,Virginia,Education,Paid Search
CUST007442,Carla Young,prowe@example.org,2023-06-01,singapore,Missouri,Education,Email
CUST007540,Nicholas Bartlett Jr. ,,2026-05-30,France,,Retail,Organic Search
CUST007948,Whitney Evans,robert50@example.com,09-03-2026,  SG  ,Maryland,,ORGANIC
CUST007869,Ronald Perez,kyle77@example.org,2024-04-16,IN,Pennsylvania,Logistics,REFERRAL
CUST005970,Rebecca Robinson,nathan36@example.com,2026-05-27,UAE,South Carolina,Media,  Organic  
CUST002582,Clifford Brooks,ywilkinson@example.org,07-11-2025,US,Idaho,Logistics,DISPLAY
CUST002591,Bryan Brock,leslie46@example.org,06 Jun 2026,  SG  ,New York,Technology,email
CUST006739,Taylor Collins,peter47@example.net,16-07-2024,USA,Nevada,Finance,SEO
CUST007821,  Amanda Clark  ,sarah75@example.net,2024-02-09,United states,,,DISPLAY
CUST009733,Jason Kim,cynthia50@example.org,11/15/2024,AUS,Kansas,Manufacturing,Paid Search
CUST000581,Cameron Rose,anthonyalvarado@example.com,08-03-2025,U.K.,New Mexico,Healthcare,Partner
CUST003634,Jose Crawford,michaelboyd@example.com,2024-01-01,U.S.A,Hawaii,Logistics,EMAIL
CUST004539,  Elijah Williams  ,heatheryoung@example.org,2024-06-22,singapore,Ohio,Logistics,SEO
CUST007625,Tiffany Gilbert,mosleypamela@example.org,2024-04-19,canada,Washington,Real Estate,referral
CUST003820,James Sanchez,terridoyle@example.org,2025-08-23,US,,Technology,Referral
CUST001987,Sharon Palmer,ingramjessica@example.com,11/25/2023,Australia,Kansas,Technology,DISPLAY
CUST002979,Michelle Taylor,riveramicheal@example.net,29-05-2025,UK,Texas,Healthcare,EMAIL
CUST006827,  Christopher Nguyen  ,jeffreysimmons@example.org,2026-03-24,canada,Tennessee,Hospitality,Google Ads
CUST002913,Laurie Michael,guerrerorenee@example.com,12/13/2025,U.A.E,South Carolina,Finance,ORGANIC
CUST008413,Patrick Reed,griffinnicole@example.net,2024-05-28,UK,Virginia,,Banner
CUST006425,Austin Collins,ibrooks@example.net,2023-02-14,Australia,Texas,Hospitality,Referral
CUST007326,Martin Vang,michellefranco@example.net,2025-07-13,  IN  ,,Real Estate,PAID SEARCH
CUST007030,Teresa Morgan,benjamin81@example.com,2026-05-17,FR,Connecticut,Finance,social media
CUST007955,David Nixon,jpitts@example.org,06/25/2024,India,Missouri,Logistics,DISPLAY
CUST007431,Austin Davis,lgonzales@example.org,2025-11-04,U.S.A,Delaware,Real Estate,affiliate
CUST001750,Daniel Hall,stephanietaylor@example.com,2023-02-05, India,Massachusetts,Healthcare,display
CUST002800,Jennifer Thompson,marissa85@example.org,31 Aug 2024,Germany,Texas,Technology,Partner
CUST008438,George Blake,silvajoshua@example.org,2024-11-05, India,Louisiana,Technology,PAID SEARCH
CUST003758,Tammy Crawford,zwade@example.net,2024-02-07,United Arab Emirates,,Retail,ORGANIC
CUST006175,Stacey Ortega,suzannejones@example.com,,Germany,New Jersey,Real Estate,Social
CUST006438,Lori Swanson,,2026-02-09,USA,Connecticut,Logistics,Affiliate
CUST001438,Dr. Joshua Ross,david44@example.net,2026-05-15,United Arab Emirates,Massachusetts,Hospitality,social media
CUST004837,  Kathleen Martinez  ,,2023-12-27,DE,Connecticut,Manufacturing,REFERRAL
CUST007552,Erin Hughes,sharonmurphy@example.org,12-06-2026,germany,Mississippi,Hospitality,  Organic Search  
CUST008397,Brenda Melendez,zmurphy@example.org,2026-01-24,singapore,Hawaii,Real Estate,affiliate
CUST001795,Jeremy Haynes,garciadonald@example.net,16-11-2025,Canada,Rhode Island,Media,Referal
CUST008662,Anthony Hernandez,claudialowe@example.com,13-05-2023,australia,Maryland,Finance,Organic
CUST009484,Ricky Turner,,11/28/2023,france,Mississippi,,Organic Search
CUST008158,Joseph Phelps,emily04@example.com,2026-06-11,AUS,West Virginia,Technology,Email
CUST005190,Lisa Wilson,fhancock@example.org,2023-09-14,United Kingdom,North Dakota,Retail,Google Ads
CUST005260,Adam Reid,danielmoore@example.org,12-05-2025,U.A.E,West Virginia,Manufacturing,Paid-Search
CUST007361,Stephanie Guerra,gallowaykyle@example.com,01-09-2024,Germany,Alaska,Media,Banner
CUST006529,  Tammy Parker  ,jeremiah29@example.net,2026-04-20,UAE,,Manufacturing,Organic Search
CUST004220,Brittany Preston,danielpierce@example.com,06-08-2024,INDIA,,Manufacturing,Google Ads
CUST000031,Kimberly Adkins,williamsthomas@example.net,, India,Hawaii,Logistics,Social
CUST000935,Shirley Miller,peter28@example.net,08/10/2023,singapore,Maine,Media,ORGANIC
CUST008113,Tracy Thomas,ywalker@example.net,19 Sep 2025,United Kingdom,Michigan,Logistics,affiliate
CUST003626,Richard Franco,watsonamy@example.net,19 Jun 2025,Australia,Georgia,Logistics,referral
CUST006527,Sandra Johnson,christina85@example.net,05/27/2023,france,Mississippi,Healthcare,Organic Search
CUST006519,Anthony Walls,duncanedward@example.com,2024-10-27,Australia,Arkansas,Retail,Referral
CUST009291,Alexander Bennett,vaughnmark@example.org,2024-05-04,BR,,Education,Paid Search
CUST000760,Brian Hernandez,kjimenez@example.net,2025-05-19,brazil,Arizona,Manufacturing,Referral
CUST002848,  Eric Ryan  ,vangjohn@example.net,2024-06-06,canada,Ohio,Healthcare,paid search
CUST004399,Michael Sanchez,hartmanvictor@example.com,2026-05-06,singapore,,Education,affiliate
CUST001189,Brittany Contreras,colleen45@example.org,12 Jul 2023,United Arab Emirates,Louisiana,,Referral
CUST009906,Jillian Miller,arichards@example.net,2024-01-31,BR,Illinois,Manufacturing,ORGANIC
CUST007330,Nicole Clark,theresaarnold@example.org,,United States,Indiana,Technology,SEO
CUST003557,Mary Smith,xward@example.com,2024-04-01,AUS,California,Media,Social
CUST001562,Angela Rowland,jholloway@example.net,2026-07-20,england,Maryland,Logistics,AFFILIATE
CUST008075,Derrick Thomas,pattersonpeter@example.net,19-10-2023,Australia,Texas,Finance,EMAIL
CUST005307,Aaron Hunter,zfranco@example.com,07/21/2025,BR,North Dakota,Logistics,Affliate
CUST005053,Heather Roberts,sampsonrobert@example.net,2025-09-29,germany,Idaho,Retail,Partner
CUST001772,Matthew Watson,malikfowler@example.com,2025-06-29,U.K.,Idaho,Finance,Display
CUST009110,Ricardo Ward,karen92@example.net,12 Feb 2026,FR,Ohio,Healthcare,Organic Search
CUST006463,Stephen Ford,camerongarza@example.org,2024-01-31,United Arab Emirates,Vermont,Logistics,Referal
CUST003027,Lisa Butler,daniel75@example.org,01/10/2023,FR,Kansas,Healthcare,Organic
CUST004135,  STEVE WEST  ,joseph78@example.net,2023-10-16,FR,Indiana,Education,EMAIL
CUST009776,Kevin Skinner,brownbrandon@example.net,,australia,Idaho,Hospitality,SEO
CUST006736,Ashley Eaton,morajames@example.com,,U.K.,Arkansas,Retail,AFFILIATE
CUST007701,Anthony Allen,smartinez@example.org,03/04/2024,UAE,Alabama,Technology,  SEO  
CUST006811,Vincent Williams ,,15-09-2023,  Australia  ,,Real Estate,AFFILIATE
CUST009186,Erik Bradford,steven00@example.com,2024-04-29,FR,Idaho,Media,social
CUST006931,Leslie Saunders,cynthiashelton@example.com,07/02/2025,United Kingdom,Oregon,Logistics,social
CUST000854,Justin Graham,harrisjoseph@example.org,09 Jun 2026,India,Kentucky,Healthcare,organic
CUST008791,Jared Hayden,kenneth40@example.net,2024-03-21,AUS,Ohio,Real Estate,Instagram
CUST002238,Edward Watson,robertssamantha@example.org,08/24/2024,Germany,Oklahoma,Education,organic
CUST003248,Pamela Burgess,gscott@example.org,2023-12-24,brazil,Wisconsin,Retail,Google Ads
CUST002104,Monica Frost,,2026-05-19,Brazil,Idaho,Real Estate,E-mail
CUST007645,Donald Warren,smithsamantha@example.org,2025-03-09,brazil,,Retail,Banner
CUST002092,Jessica Rojas ,,2026-05-18,australia,North Dakota,Media,Referral
CUST007433,John Mclaughlin,tatematthew@example.org,2025-03-01,germany,New Hampshire,Education,Paid-Search
CUST006964,Brian Johnston,xhanson@example.org,01/22/2023,canada,Alaska,Finance,Facebook Ads
CUST008209,Heather Lawrence,ricerebecca@example.org,2025-08-22, India,Kansas,Retail,Display
CUST006859,  Bruce Summers  ,scottalan@example.org,2026-01-28,IN,Washington,Technology,EMAIL
CUST006467,Wayne Robinson,wmason@example.org,2025-07-29,France,Nebraska,Retail,Referral
CUST006628,Kyle Ramsey,boonedavid@example.org,2025-06-20,U.A.E,Ohio,Real Estate,paid search
CUST002724,Christopher Riley,wdeleon@example.net,2024-11-15,germany,Montana,Manufacturing,paid search
CUST000423,Melinda Compton,dennismccann@example.com,2026-04-22,england,Wyoming,Technology,Display
CUST009092,Jennifer Howell,brownamy@example.org,2025-02-08,Brazil,Maine,Manufacturing,Email
CUST003349,Joshua Wagner,parkspatrick@example.net,08/23/2023,AUS,,,Affiliate
CUST003918,Eric Lewis,esnow@example.com,2024-08-23,U.K.,Ohio,Education,SOCIAL
CUST005502,Stephanie Whitney,kevin35@example.com,23 Sep 2023,canada,Kentucky,Media,Display
CUST004656,Patricia Ward,shawntate@example.org,2024-07-23,UAE,Mississippi,Real Estate,organic
CUST002230,Kelsey Frank DVM,torrestricia@example.com,11-02-2026,IN,Pennsylvania,Manufacturing,REFERRAL
CUST003924,Jeff Smith,yorkchristopher@example.com,2023-11-27,France,Tennessee,Healthcare,SEO
CUST006907,Veronica Paul,williammanning@example.org,17 Jun 2026,Germany,Alabama,Finance,social
CUST008597,  Alyssa Edwards  ,howardandrew@example.org,05/31/2026,Canada,Florida,Retail,organic
CUST007325,Alex Mueller,ojoyce@example.com,25 Sep 2023,INDIA,Washington,Education,Organic
CUST000390,Robert Stark,gallagherstacie@example.net,2024-07-20,india,Missouri,Education,paid search
CUST001494,Monica Gibson,marshallbill@example.com,21-03-2024,BR,,Logistics,Partner
CUST002443,Tracy Williams,toni86@example.net,2024-03-31,india,South Carolina,Healthcare,Paid Search
CUST009867,Gabriel Bridges,ybennett@example.org,2025-12-22,Germany,Kentucky,Hospitality,REFERRAL
CUST007829,Erica Wade,timothygomez@example.net,2023-06-07,BR,New Jersey,Hospitality,Display
CUST007754,Sally Chaney,mariaramirez@example.org,2025-02-08,U.A.E,New Mexico,Technology,email
CUST008664,Kylie Martinez,nicholastodd@example.org,2023-04-18,Germany,Ohio,Manufacturing,PPC
CUST000210,Robert Arnold,jonesraymond@example.net,03/25/2025,singapore,Washington,Hospitality,DISPLAY
CUST006067,  Patrick Mcbride  ,antoniohudson@example.com,2024-01-30,FR,Montana,,  PAID SEARCH  
CUST003079,Richard Ramos,fredday@example.net,25-03-2024,India,Florida,Finance,Organic Search
CUST006746,Jacqueline Davis,lewismary@example.com,2024-06-08,United States,Washington,Media,referral
CUST002059,Wayne Wong,nicole59@example.net,12/09/2023,  brazil  ,Oklahoma,Manufacturing,Affliate
CUST003884,Alexander Buckley,qfranklin@example.org,2023-05-27,United Kingdom,Florida,Technology,Paid-Search
CUST000558,Angela Velazquez,,24-05-2024,australia,Louisiana,Retail,REFERRAL
CUST005061,Steven Moore,petersonkrystal@example.net,2026-01-02,United states,Montana,Technology,social media
CUST006937,Richard Williams MD,eddie60@example.net,11-06-2026,United States,North Carolina,Technology,Display Ads
CUST009489,Sara Abbott,mthompson@example.com,2023-03-25,Brazil,Arkansas,Real Estate,Organic
CUST007124,Andrew Banks,qbradford@example.com,11-01-2025,Brazil,Louisiana,Education,REFERRAL
CUST001880,Matthew Briggs,proman@example.com,2025-08-17,India,Texas,Finance,Organic Search
CUST007700,David Flores,david41@example.com,2024-05-16,United Kingdom,Kansas,Logistics,Email
CUST001060,Blake Hardy,frank33@example.com,11-06-2026,United states,Idaho,Healthcare,SEO
CUST006388,Edward Estrada,golson@example.com,01/29/2024,Singapore,Iowa,Manufacturing,affiliate
CUST003017,Francisco Booth,jackthompson@example.com,2023-05-01,germany,Missouri,Manufacturing,ORGANIC
CUST000742,Jennifer Chen,diazmelissa@example.com,06/09/2023,india,Colorado,Hospitality,REFERRAL
CUST003502,Jennifer Carter,kwilliams@example.org,05-03-2025,england,Nebraska,Education,ORGANIC
,Rodney Hunter,katie74@example.org,06/13/2024,australia,Virginia,Finance,social media
CUST008641,Angela Lopez,wgarcia@example.net,24-03-2024,brazil,,Technology,Instagram
CUST007490,Catherine Lee DDS,brockmartha@example.org,2025-01-09,india,Oklahoma,Education,Banner
CUST004832,Deanna Chapman,vjohnston@example.net,22-11-2024,Brazil,Georgia,Manufacturing,Affliate
CUST001610,Danielle Bell,tabithahill@example.com,2024-07-05,  United Kingdom  ,Delaware,Hospitality,Instagram
CUST002406,Edwin Rivera,nancy43@example.com,2024-12-29,UK,Virginia,Logistics,referral
CUST005748,Dominique Clark,sean29@example.org,2024-09-29,Singapore,Michigan,Media,Display Ads
CUST004661,Christopher Liu,xsimpson@example.com,09/16/2025,australia,Kentucky,Media,Display Ads
CUST009809,Brian Smith,elizabeth25@example.com,2024-07-25,United Arab Emirates,South Dakota,Education,display
CUST006943,Douglas Norris,kathleen29@example.net,2023-08-30,AUS,Vermont,Healthcare,EMAIL
CUST007846,Brian Anderson,jennifer84@example.net,2025-07-22,Australia,Oklahoma,Healthcare,referral
CUST006474,David Taylor,wlong@example.org,2026-02-01,France,,Real Estate,ORGANIC
CUST009950,Kristen Robertson,hsimmons@example.com,28 Oct 2024,India,,Media,REFERRAL
CUST005508,Hannah Howe,rwood@example.org,02/17/2025,india,,Finance,DISPLAY
CUST004195,Brandon Steele,twallace@example.com,05/05/2023,france,South Carolina,Hospitality,Partner
CUST004126,Daniel Ponce,christopher06@example.org,09/05/2023,DE,Idaho,Finance,referral
CUST007879,Adrienne Hickman ,,2024-06-08,France,Texas,Technology,Referral
CUST007445,James Hall,david36@example.org,2026-07-15,Canada,Alaska,Hospitality,Organic Search
CUST000769,Sara Ramirez,pfitzgerald@example.org,01/28/2024,brazil,Massachusetts,Real Estate,Email Marketing
CUST006234,Stephanie Rice,rodriguezzachary@example.net,,U.A.E,Texas,Retail,Organic Search
CUST006202,Jonathan Sharp,david65@example.org,2026-07-06,AUS,,Retail,organic
CUST003199,Christopher Hendricks,huntlisa@example.org,2026-06-09,SG,,,SEO
CUST007305,Stephen Guzman,diane11@example.com,09/08/2024,singapore,Maine,Hospitality,Partner
CUST005436,Sheila Garcia,toni32@example.org,11-01-2025,U.K.,,Education,referral
CUST003512,Adam Ramirez,yusandra@example.org,2023-06-09,Brazil,Rhode Island,Media,Organic Search
CUST001204,Darren Huynh,teresa86@example.org,,singapore,West Virginia,Manufacturing,Affliate
CUST003553,Melissa King,lindabradley@example.com,2026-03-18,BR,Idaho,Retail,Display Ads
CUST001505,Derek George,colton30@example.net,22-05-2025, India,Massachusetts,Retail,affiliate
CUST004881,Anthony Young,groberts@example.com,23 Oct 2025,United States,Louisiana,Media,E-mail
CUST005100,Mary Bender,joshuamullins@example.org,08-03-2023,australia,Florida,Real Estate,Referral
CUST000301,MELISSA JACKSON,kevin72@example.org,01 Jan 2023,France,Hawaii,Education,EMAIL
CUST000127,Carlos Ryan,alyssa42@example.com,2026-01-17,france,New Mexico,Manufacturing,Instagram
CUST006687,John Morrow,gabrielleharvey@example.org,30-07-2025,Canada,Wyoming,Finance,REFERRAL
CUST002561,Jennifer Cannon,vortiz@example.org,10/31/2024,Canada,Maine,Retail,Affiliate
CUST001674,Kyle Williams,kaylahardy@example.org,2023-08-17,UAE,Oregon,Finance,Banner
CUST005328,Amy Ford,tonifisher@example.net,07/07/2024,Brazil,Louisiana,Logistics,  SEO  
CUST003353,Deborah Thompson,sjones@example.net,,Germany,,Hospitality,Google Ads
CUST001860,Jessica Sharp,douglas31@example.net,2024-03-14,germany,,Healthcare,Display Ads
CUST001359,Penny Carter,alisonadams@example.net,09/20/2024,germany,Ohio,Real Estate,Banner
CUST006698,ELIZABETH YOUNG,kathleen46@example.net,2023-03-26,DE,,Education,Display
CUST002033,Kevin Ramos,dsims@example.net,2025-08-03,Canada,Mississippi,Manufacturing,Display Ads
CUST001444,Thomas Simmons,michael64@example.net,05/20/2025,CA ,Ohio,Real Estate,Affiliate
CUST003417,Brittany Welch ,,,IN,Maine,Technology,Social
CUST001625,Mariah Yang,kimberly27@example.org,2024-02-19,india,Michigan,Finance,Partner
CUST001662,Victor Williams,hrodgers@example.org,2024-12-04,india,North Carolina,Finance,Referral
CUST001608,  Lisa Chung  ,fischerdonald@example.com,2026-03-29,CA ,Hawaii,Manufacturing,Email
CUST005110,Scott Ramirez,tracy73@example.org,2025-10-09,France,Louisiana,,PAID SEARCH
CUST004062,BRITTANY RUSSO,avilacolin@example.org,04/30/2024,singapore,Nevada,Manufacturing,organic
CUST005797,Stephanie Riddle,jefferydiaz@example.com,2026-06-10,UAE,Montana,Retail,affiliate
CUST006932,Anthony Moore,brianachung@example.org,,singapore,,Healthcare,Partner
CUST002548,Scott Middleton,jeffreymccormick@example.org,2024-08-10,AUS,South Dakota,Education,Paid-Search
CUST004039,PATTY PUGH,kingjulie@example.com,2026-07-18,United Arab Emirates,Arizona,Manufacturing,social
CUST002276,Colleen Robbins,patricia88@example.org,05/29/2023,UK,Oklahoma,Healthcare,Paid Search
CUST007270,Amanda Alexander,danielle10@example.net,2024-01-31,BR,Illinois,Logistics,social
CUST004252,Mr. Christopher Johnson DVM,fmarshall@example.com,06/17/2023,United Kingdom,,Real Estate,social media
CUST003705,  Stephen Levy  ,nhardy@example.org,2024-01-19,United Kingdom,Illinois,,Organic Search
CUST004515,William Jones,daniel76@example.net,11-06-2023,United states,Utah,Real Estate,referral
CUST000663,Randy Griffin,davidanderson@example.org,03-07-2024,Singapore,Alabama,Hospitality,social
CUST007429,Brian Nguyen,janetbutler@example.com,11 Nov 2023,US,New Jersey,Real Estate,referral
CUST007234,Guy Rogers,sskinner@example.com,30-04-2023,Germany,Georgia,Logistics,PAID SEARCH
CUST001314,  Elizabeth Miller  ,ygardner@example.com,2025-02-16,Canada,Connecticut,Media,SEO
CUST003991,Christian Nguyen,rallen@example.com,15-03-2024,U.A.E,Maine,,DISPLAY
CUST000916,Hannah Terry,martinjessica@example.com,04/30/2026,IN,,Logistics,Paid-Search
CUST008098,Deborah Price,vbright@example.net,11/29/2025,germany,Georgia,Technology,Organic Search
CUST001010,Kathleen Marshall,jennifer87@example.net,2024-10-21,  Singapore  ,,Retail,DISPLAY
CUST006017,Margaret Cooper,adrian42@example.net,21 May 2023,brazil,Tennessee,Healthcare,organic
CUST000692,James Miller,mwhite@example.net,2026-06-08,US,South Dakota,,organic
CUST002658,Gina Morgan,,03/07/2024,United states,Oklahoma,,SEO
CUST003985,SHANNON BYRD,steeleandrew@example.org,01/01/2025,germany,,Healthcare,  organic  
CUST006391,Krystal Hill,fisherlorraine@example.org,11-05-2025,  U.A.E  ,Indiana,,EMAIL
CUST007719,Sylvia Steele,batkins@example.net,2025-05-27,UAE,,Technology,  Display Ads  
CUST006996,Peter Arnold,owenscody@example.org,22-01-2023,SG,Colorado,Finance,Organic Search
CUST008294,Matthew Baker,perkinsglenn@example.com,2024-11-04,United Arab Emirates,Delaware,Media,Affiliate
CUST004872,Gina Pollard,matthewmay@example.net,,france,Texas,Logistics,Banner
CUST007016,Carol Douglas,matthew34@example.com,2025-02-12,UK,Kentucky,Media,E-mail
CUST003488,Stephanie Smith,sloanemily@example.org,2023-03-24,France,Mississippi,Real Estate,  social  
CUST002141,Steven Parker ,,18-05-2025,FR,Mississippi,Media,social
CUST000904,  Richard Cameron  ,,2026-05-07,CA ,Massachusetts,Retail,affiliate
CUST006075,Pamela Black,garcialindsay@example.org,03/08/2024,  Singapore  ,,Manufacturing,  PPC  
CUST009139,Dana Vincent,laurenbrown@example.org,19-04-2023,United Kingdom,Arkansas,Finance,email
CUST005623,Dominic Benton,dana58@example.net,2024-04-20,IN,Louisiana,Healthcare,PPC
CUST006262,Daniel Lewis,iwebb@example.net,2026-03-27,Canada,Wyoming,Logistics,Referal
CUST008659,Amanda Ortiz,fletcherbailey@example.net,15-02-2026,United Kingdom,Oregon,Manufacturing,EMAIL
CUST007913,Sarah Barber,ifrench@example.com,2024-03-04,india,Nebraska,Retail,SEO
CUST009998,Chris Hubbard,robertmendez@example.org,2025-10-02,Brazil,,Education,Referal
CUST008891,James Carter,cassandrapark@example.com,03/03/2026,england,Utah,Technology,Display Ads
CUST005309,James Henson,gcastaneda@example.net,24-01-2024,Canada,North Dakota,Real Estate,AFFILIATE
CUST002012,Becky Garcia,shannon09@example.org,2023-11-03,DE,North Carolina,Finance,SEO
CUST006333,  Jeffrey Thomas  ,villanuevatodd@example.org,23-02-2025,singapore,Massachusetts,Hospitality,EMAIL
CUST000580,Angela Huynh,pparker@example.net,2023-08-04,USA,Maine,Technology,Referal
CUST008120,Joshua Kerr,zdavis@example.net,11/22/2024,France,South Dakota,Healthcare,social media
CUST006271,Kristy Norris,roserhonda@example.net,2024-08-26,singapore,South Carolina,Hospitality,Referal
CUST005045,Matthew Merritt,kathrynjohnson@example.org,2023-02-15,Germany,Montana,Education,ORGANIC
CUST005406,Kenneth Mitchell,njohnson@example.com,,United Kingdom,Utah,Media,DISPLAY
CUST002050,Parker Vasquez,hpowell@example.com,2024-02-10,Singapore,New Mexico,Hospitality,ORGANIC
CUST003873,Jacqueline Richardson,mario36@example.org,,SG,Oregon,Real Estate,DISPLAY
CUST009107,Christopher Cain,matthewbond@example.com,17-04-2024,Singapore,,Media,Social
CUST009898,Sandra Adams,clarkmichael@example.net,03/25/2025,  U.A.E  ,Mississippi,Education,Banner
CUST007699,Julie Lane,jason52@example.com,15 Sep 2025,Singapore,Ohio,Logistics,AFFILIATE
CUST007870,Joshua Bright,bradley14@example.com,2023-12-03,United Kingdom,Wyoming,Finance,display
CUST008636,JAMES MORRIS,wesleycox@example.com,,france,Minnesota,Media,Display
CUST001729,Dylan Young,alara@example.com,10/11/2023,  brazil  ,Alabama,Real Estate,affiliate
CUST008404,Kyle Wallace,garciajason@example.net,2026-06-14,singapore,South Carolina,Real Estate,Display
CUST004801,Michael Kelly,rose86@example.com,2024-09-20,canada,Utah,Retail,Email
CUST000741,James Norris,imartinez@example.com,04/27/2026,brazil,Michigan,Healthcare,Partner
CUST003621,Jose Butler,carlos85@example.com,19-05-2023,Canada,Connecticut,Technology,Paid Search
CUST008703,Samantha Brock,colleenjackson@example.net,2026-05-20,INDIA,,Retail,PPC
CUST003522,Thomas Hale,riverasylvia@example.com,2026-04-07,US,Ohio,,Affiliate
CUST002079,Brandon Carter,murphymark@example.org,09/11/2023, India,Indiana,Technology,  paid search  
CUST000817,Bryan King,turneralex@example.org,27 Sep 2023,australia,Delaware,,email
CUST008525,Dawn Miller,tracyhorton@example.org,06/28/2024,france,Minnesota,Education,Email Marketing
CUST004925,Michael Garza,scottthomas@example.com,2025-01-19,AUS,California,Finance,Paid Search
CUST001247,Cheryl Newman,solisbecky@example.org,06/02/2026,canada,,Healthcare,ORGANIC
CUST005258,Joseph Patterson,colson@example.com,28-10-2023,france,Nevada,Media,Email
CUST006154,Julia Hernandez,mark41@example.com,2024-02-01,United Kingdom,Pennsylvania,Technology,Email
CUST007736,Lisa Williamson,wolflisa@example.org,2025-08-26,INDIA,Alaska,,Display Ads
CUST001178,Terri White,andrew22@example.com,2024-03-29,AUS,,Manufacturing,  referral  
CUST008353,Steven Mccoy,garywalker@example.com,10-08-2025,  UK  ,Missouri,,ORGANIC
CUST000309,Matthew Espinoza,mjones@example.com,2023-05-03,INDIA,Pennsylvania,Hospitality,  display  
CUST003135,Lisa Silva,jonathanwiley@example.org,,Singapore,California,Education,PAID SEARCH
CUST009666,Andrew Stone,ffoster@example.org,11/06/2024,United States,Arkansas,Manufacturing,email
CUST002243,Steven Williams,qcompton@example.com,25-02-2023,United Kingdom,Nevada,,Organic
CUST007205,Donna Little,shaungarcia@example.org,10-06-2023,singapore,Missouri,Hospitality,PAID SEARCH
CUST009754,Erica Wilson,alan62@example.org,2026-05-06,Australia,Louisiana,Technology,display
CUST003869,Stephen Hampton,johnsonemily@example.org,,U.K.,Mississippi,Manufacturing,Instagram
CUST006823,Natalie Reynolds,patrick66@example.com,2024-01-22,Germany,Montana,Media,Referral
CUST007494,Donald Martinez,margaret97@example.net,2026-07-14,FR,,,Email Marketing
CUST005483,  Karina Johnson  ,elizabeth51@example.org,08-05-2023,UK,Iowa,Retail,SEO
CUST003747,Shannon Wheeler,vgarcia@example.net,2024-04-07,Australia,Montana,Media,ORGANIC
CUST003342,Scott Sullivan,greendavid@example.net,2026-03-22,germany,North Dakota,Retail,referral
CUST009497,Hunter Duffy,sydneyfrost@example.net,12-08-2025,france,Virginia,Media,email
CUST006941,Kevin Brown,gphillips@example.net,27-12-2024,australia,,Manufacturing,affiliate
CUST002893,Marissa Green,pkennedy@example.net,2023-06-12,FR,,Logistics,Referal
CUST006756,Joshua Harris,joshuaponce@example.com,2023-12-30,england,North Carolina,Logistics,SEO
CUST007904,Randy Decker,zjohnson@example.com,2024-10-03,canada,California,,Instagram
CUST005345,Thomas Nunez,bruce53@example.com,2024-12-18,Singapore,New York,Technology,Paid Search
CUST006711,Sarah Palmer,jessica04@example.com,07 Jan 2026,Germany,Arizona,Retail,Display
CUST008901,Ashley Barrera MD,danielmorse@example.net,2023-02-07,India,North Carolina,Healthcare,Referral
CUST002464,Elizabeth Smith PhD,schmidtjose@example.net,2025-07-09,Singapore,Arkansas,Real Estate,Email Marketing
CUST000972,Kimberly Cobb,ryanpatricia@example.net,04/02/2023,canada,New Hampshire,Logistics,Paid-Search
CUST008965,Steven Baker,smorgan@example.com,2026-03-07,USA,Arizona,Media,display
CUST000658,Teresa Horton,phillipmorris@example.org,2024-03-18,singapore,Idaho,Hospitality,Facebook Ads
CUST007017,Melanie Pitts ,,30-05-2023,INDIA,North Carolina,,Organic Search
CUST001587,Mr. Mario Stout III,anthony05@example.org,23-07-2024,United Kingdom,New Mexico,Media,Affliate
CUST006216,Judith Miranda,millerpatricia@example.com,19-02-2026,Singapore,Kansas,Hospitality,AFFILIATE
CUST006374,Lisa Wilson,ugriffin@example.com,2026-06-15,UAE,Mississippi,Retail,Organic
CUST008916,Willie Brennan,alvaradoedwin@example.org,2025-02-20,United states,Arizona,Technology,referral
CUST008149,Angela Sanchez,jasonwhite@example.org,2023-09-14,United Arab Emirates,,Technology,Display Ads
CUST001241,Lisa Jenkins,nbrady@example.net,2023-05-12,UK,Connecticut,Hospitality,Referral
CUST005787,Mark Washington,mariahill@example.org,12 Oct 2024,Canada,Louisiana,Technology,Instagram
CUST004347,  Jeffrey Watson  ,robinsontimothy@example.net,15-04-2024,france,California,Finance,AFFILIATE
CUST009005,  Stephanie Craig  ,melissa62@example.net,2024-11-24,France,Kansas,Logistics,email
CUST001657,Kristine Park,psherman@example.org,2025-05-28,england,Maine,Hospitality,Affliate
CUST006550,Brian Rodriguez,kmosley@example.com,2023-09-10,france,North Carolina,Media,organic
CUST003533,Kenneth Phillips,joseph03@example.net,2024-06-11,U.A.E,Alabama,Education,paid search
CUST001293,Desiree Andrade,gmyers@example.org,,United States,Washington,Media,Display Ads
CUST006114,Anita Baker,xrivera@example.org,26 Dec 2023,Singapore,Wyoming,,  Partner  
CUST004086,Scott Scott,zsmith@example.com,2025-02-05,australia,,Finance,Partner
CUST001054,Jeffrey Sanchez,brownnicholas@example.com,2023-09-01,singapore,Illinois,Manufacturing,Display
CUST008285,Shelley Newman,,12 Apr 2026,AUS,,Logistics,Referal
CUST009006,Brooke Li,mbrown@example.com,2024-10-14,U.A.E,,Education,paid search
CUST007443,Sharon Velez,,2025-06-19,germany,Oregon,Retail,Facebook Ads
CUST008761,Robert Miller,tracey72@example.com,2024-12-31,Singapore,,Retail,organic
CUST004767,Eduardo Weber,samuel08@example.net,07/14/2026,singapore,Idaho,Finance,social
CUST003807,Amber Rodriguez,anthony20@example.com,04/20/2026,SG,Arkansas,Real Estate,  Google Ads  
CUST009241,Christopher Brown,robertgarcia@example.net,2023-03-18,  SG  ,,Hospitality,Banner
CUST008133,Crystal Caldwell,gina58@example.net,09/16/2025,FR,Wyoming,Technology,E-mail
CUST007839,Benjamin Flowers,baxtercory@example.com,2023-07-01,Australia,Nebraska,Education,REFERRAL
CUST008032,Vanessa Patton,hgarza@example.net,08/02/2024,  United Arab Emirates  ,Michigan,Retail,Display Ads
CUST007177,Curtis Newman,sean96@example.org,30-10-2024,BR,Wyoming,Media,Email
CUST009524,NOAH MAXWELL,mayspaul@example.net,13-04-2026,DE,New Hampshire,Retail,social
CUST002511,Jamie Cobb,darrylkent@example.net,03/22/2025,france,Rhode Island,Logistics,Referal
CUST009757,Carolyn Smith,stevenwillis@example.net,,France,Pennsylvania,Technology,SEO
CUST009390,Robert Zuniga,warnercrystal@example.org,2025-08-24,UK,Iowa,Technology,display
CUST006810,Kimberly Burns,vdaugherty@example.net,07/02/2024,U.K.,South Dakota,Hospitality,Display
CUST008658,Stacy Meyers,zknight@example.com,2023-05-31, India,Georgia,Technology,paid search
CUST000823,Darren Rodriguez,david18@example.org,2024-02-19,Canada,New York,Technology,ORGANIC
CUST003839,Michael Cole,john03@example.com,2023-11-20,United States,Utah,Media,Google Ads
CUST004646,Stephen Clark,austinlinda@example.net,2023-11-10,India,Kentucky,Technology,affiliate
CUST009738,Madison Holt DVM,deborahscott@example.org,04-03-2023,  UAE  ,Rhode Island,Logistics,affiliate
CUST003217,Margaret Mills,fhoffman@example.com,2025-05-22,U.A.E,,Hospitality,Affiliate
CUST000900,Michelle Arias,robertssamuel@example.com,2024-12-16,US,Maryland,Media,Email Marketing
CUST005923,  Donald Miller  ,jamescrawford@example.net,2023-06-29,U.K.,Connecticut,Manufacturing,REFERRAL
CUST009197,Ethan Campbell,ortizbrian@example.net,2026-06-20,  UAE  ,Massachusetts,Technology,Social
CUST008589,Timothy Weaver,simmonsjennifer@example.net,2023-11-09,UAE,Nebraska,Real Estate,affiliate
CUST005700,  Laura Brown  ,fowlerjason@example.org,2023-08-06,germany,Louisiana,Hospitality,referral
CUST008781,Patrick Pierce,emorris@example.net,2025-04-06,UAE,Iowa,Technology,Facebook Ads
CUST000243,Shirley Alvarez,katelynmitchell@example.com,07/29/2026,CA ,Tennessee,Logistics,referral
CUST006037,  Tyler Wood  ,joerobbins@example.org,05/05/2024,  Brazil  ,,Real Estate,Organic
CUST003161,Alfred Montes,nicholasscott@example.net,2024-03-26,US,Ohio,Retail,Organic Search
CUST000102,Robin Pierce,qmiller@example.com,19-05-2025,United states,Delaware,Hospitality,  referral  
CUST004458,Heather Chavez,qjones@example.com,01/06/2023,Brazil,Delaware,Finance,social media
CUST008197,John Kelly,armstrongdavid@example.com,29-02-2024,brazil,New Mexico,Technology,Affiliate
CUST009038,Rita Gonzalez,wattskathleen@example.org,29 Nov 2025,Singapore,Nevada,Finance,Display
CUST003994,Jose Robinson,hernandezmelissa@example.org,09/04/2024,United Arab Emirates,Texas,,ORGANIC
CUST006356,Megan Olson,garcialance@example.org,2023-05-01,Germany,Delaware,Technology,Affiliate
CUST005364,Christopher Walsh,whitekyle@example.org,2024-01-27,US,Connecticut,Finance,SEO
CUST001523,Larry Rivera,johnbowen@example.org,10/09/2024,IN,Alabama,Manufacturing,  ORGANIC  
CUST006830,Amber Smith,carmen18@example.com,2024-11-22,SG,Hawaii,Real Estate,Paid-Search
CUST001160,Erin Figueroa,julia98@example.net,2023-08-04,france,Mississippi,Healthcare,DISPLAY
CUST002694,Erin Nash,xlynn@example.org,2026-05-22,UK,,Healthcare,referral
CUST005450,Kimberly Aguilar,yatesjanet@example.net,25-02-2024, India,Wyoming,Logistics,Referral
CUST002261,Trevor Stevens,margaretramirez@example.com,,CA ,Idaho,Technology,REFERRAL
CUST005077,Brandon Williams,jamessmith@example.com,2024-09-21,Australia,Colorado,Real Estate,SEO
CUST006098,Steven Chavez,bakerevelyn@example.org,16-01-2025,canada,New Mexico,Technology,PPC
CUST006178,Patricia Taylor,shannon53@example.com,2026-01-24,UK,Nevada,Finance,Referal
CUST003046,Raymond Johnson,pparsons@example.net,2024-06-06,england,Rhode Island,Technology,SOCIAL
CUST000993,  John Oliver  ,johnrobles@example.org,2024-05-31,IN,Florida,Healthcare,organic
CUST009855,Rebecca Anthony,christine07@example.org,2025-12-31,India,Arizona,Media,Banner
CUST004433,Jennifer Dixon ,,2023-03-23,BR,,,Display Ads
CUST004475,Gregory Sanders,bsloan@example.org,16-01-2023,INDIA,Texas,Finance,ORGANIC
CUST003908,Marilyn Sanchez,carol09@example.com,2025-11-23,Brazil,Idaho,Media,Social
CUST002383,Richard Beck,ashleycortez@example.net,03/31/2026,Singapore,Mississippi,Healthcare,paid search
CUST006143,Shane Martinez,swoods@example.com,,france,New Hampshire,Retail,PAID SEARCH
CUST004690,Christina Banks,mckinneyclifford@example.org,19 Oct 2024,france,North Carolina,Education,affiliate
CUST008748,Christine Barrett,julie05@example.net,2025-05-26, India,Hawaii,Media,Display Ads
CUST009198,Nancy Simpson,vincent60@example.com,2024-10-11,CA ,Hawaii,Retail,SOCIAL
CUST005991,Victoria Gibbs,jeffrey56@example.net,2026-03-02,Singapore,Idaho,Hospitality,Partner
CUST003899,Gregory Warner MD,ehernandez@example.com,17-11-2024,india,Wisconsin,Healthcare,Partner
CUST008660,Jared Wood,davisjames@example.com,08-05-2024,UK,New Mexico,Technology,affiliate
CUST008801,Tricia Boyle,bartonjimmy@example.net,26 Jun 2023,Germany,New Hampshire,Manufacturing,  ORGANIC  
CUST003164,Taylor Graves,anita15@example.net,2024-04-19,FR,Louisiana,Logistics,Email Marketing
CUST004922,Sharon Scott,markblackburn@example.com,2024-03-18,U.K.,Mississippi,Hospitality,Organic
CUST008774,Antonio Ellis,tmunoz@example.org,2024-09-02,brazil,Colorado,Manufacturing,social
CUST004183,Lauren Aguilar,peterreyes@example.org,2025-04-21,germany,Wyoming,,Organic
CUST003056,Joshua Brown,kristin11@example.com,2024-11-06,canada,Delaware,Real Estate,organic
CUST008384,Janice Poole PhD,sandra59@example.org,2024-11-18,United states,Illinois,Hospitality,E-mail
CUST005667,Carlos Esparza,qcopeland@example.com,2026-07-31,United Arab Emirates,New Mexico,Manufacturing,SOCIAL
CUST003612,Charles Guerra,medinajamie@example.com,2025-06-30,IN,Montana,,display
CUST008793,Scott Peters,meyerkenneth@example.org,2023-04-09,United Kingdom,Pennsylvania,Retail,referral
CUST001805,Andrea Palmer,knightjohn@example.com,17-01-2026,Germany,South Dakota,Logistics,PPC
CUST006295,Jacob Lam,clarkmatthew@example.com,2025-10-29,India,West Virginia,Hospitality,Display Ads
CUST003235,Thomas Chang,ashleyterry@example.com,11/02/2024,France,Iowa,Technology,SEO
CUST000007,Victoria Wyatt,jamesshawn@example.com,11-10-2023,france,Hawaii,Hospitality,Paid Search
CUST002985,Jennifer Arnold,patricia13@example.com,2024-07-02,AUS,Louisiana,,ORGANIC
CUST002091,Sheena Jones,nguyentimothy@example.net,28 May 2026,Canada,Indiana,Finance,Organic Search
CUST001740,Dan Phillips,pearsonkathryn@example.org,2024-04-07,Australia,Mississippi,,REFERRAL
CUST003402,Craig Miller,michael01@example.com,2024-02-05,Australia,Iowa,Education,DISPLAY
CUST005694,Rebecca Cochran,dawn19@example.net,12/24/2023,UAE,Missouri,Manufacturing,Referral
CUST002941,Darren Elliott,eortega@example.com,03-11-2024,CA ,Ohio,Media,Paid Search
CUST006442,Brianna Smith,shericrosby@example.com,2024-09-17,SG,Arkansas,Media,Display Ads
CUST005751,Richard James,joshualopez@example.net,26-10-2024,brazil,Tennessee,Logistics,PAID SEARCH
CUST005954,Sean Higgins,vjackson@example.net,2023-10-03,United Arab Emirates,Texas,Education,Social
CUST004587,Jesse Richards,luisblake@example.net,24-07-2023,France,Minnesota,Media,EMAIL
CUST002106,Gabriel Nash ,,13-01-2025,brazil,Georgia,,Google Ads
CUST002124,Chris Hernandez,ericdelacruz@example.net,2026-02-08,France,New Jersey,Media,Affliate
CUST000414,Kristen Randall,rsheppard@example.com,09/02/2023,canada,Oregon,Technology,PPC
CUST000705,  Daniel Rich  ,ashley46@example.net,2024-10-11, India,Minnesota,Retail,display
CUST005976,Daniel Juarez,,03-01-2023,germany,,Finance,AFFILIATE
CUST003528,Elizabeth Campbell,willisjaclyn@example.com,2025-09-15,Canada,Washington,Manufacturing,E-mail
CUST005335,James Williams,hernandezronnie@example.com,2025-07-25,BR,Missouri,Manufacturing,Email Marketing
CUST007587,  Misty Harrison  ,joneschristine@example.net,2024-10-02,IN,Indiana,Logistics,Facebook Ads
CUST008685,Kyle Walters,michaelparrish@example.net,07/09/2023,Germany,Alaska,Logistics,Email
CUST000559,Paul Conrad,victorgonzalez@example.net,23 Apr 2024,brazil,Kansas,Technology,SEO
CUST007362,Denise Elliott,megan84@example.net,2024-08-29,england,,Logistics,Social
CUST009341,Rodney Smith,sherry56@example.net,2023-05-18,BR,,Healthcare,E-mail
CUST008561,Sara Stewart,,02/17/2023,australia,New York,Education,  Google Ads  
CUST008627,Jessica Aguirre,heather09@example.net,20-03-2026,england,,,paid search
CUST000131,Manuel Hahn,rose31@example.net,2024-05-21,Brazil,New Jersey,Media,REFERRAL
CUST002440,Tara White,carol95@example.com,2024-09-02,  singapore  ,Montana,Hospitality,Google Ads
CUST006422,Michael Torres,amber18@example.com,2025-03-14,India,Indiana,Media,Affiliate
CUST005149,Alan Jenkins,qbrown@example.net,2026-02-03,singapore,Montana,Hospitality,Partner
CUST008563,Barbara Long,melaniebaldwin@example.org,15-07-2025,Canada,Maine,Finance,  affiliate  
CUST000596,Christine Price,sharon20@example.net,2026-02-04,U.K.,,Technology,EMAIL
CUST005967,Elijah Powell,kayla91@example.com,2025-08-18,  SG  ,,Logistics,Affliate
CUST004624,Eric Rios,foxnancy@example.org,2023-03-04,france,Louisiana,Technology,Paid-Search
CUST006018,Joshua Sanders,stephanie72@example.org,2023-05-29,CA ,Alaska,,Display
CUST003710,Michael Simmons ,,13 Feb 2023,singapore,,Education,PAID SEARCH
CUST004915,Alvin Newton,williamrussell@example.com,03/16/2023,Germany,Rhode Island,Manufacturing,SEO
CUST001699,John Wang,sarah99@example.org,2023-09-11,england,New Hampshire,Hospitality,AFFILIATE
CUST000149,Laurie Hoffman,,2024-07-28,FR,Wisconsin,Technology,Display
CUST004949,Jeffrey Huerta,matthew92@example.org,07/04/2024,UK,Iowa,Education,Paid Search
CUST006999,Angela Andrews,watkinskevin@example.net,2026-07-05,germany,,Technology,Affliate
CUST006418,Jessica Schroeder,reyescaitlyn@example.com,2023-10-31,Germany,,Media,social
CUST006298,Eric Alexander,ramirezmichael@example.com,2024-03-23,DE,Hawaii,Real Estate,REFERRAL
CUST006983,Anthony Kennedy,ryanmurphy@example.net,2026-05-09,UK,South Carolina,Manufacturing,Referral
CUST000338,Patricia Powell,heather57@example.com,2025-10-22,USA,Massachusetts,Finance,Partner
CUST000911,Bruce Barrera,emaynard@example.org,2023-03-29,AUS,New Hampshire,Finance,affiliate
CUST009108,Regina King,,03/05/2025,BR,Arkansas,Retail,Instagram
CUST004045,Maurice Barrett,christine77@example.com,05/28/2023,U.K.,Idaho,Retail,SOCIAL
CUST005296,Joshua Flores,hendrickspatrick@example.org,2023-12-10,France,Tennessee,Healthcare,affiliate
CUST002872,Marcus Ferguson,andersontammy@example.com,2024-10-12,US,New York,Retail,Instagram
CUST007666,Jennifer Williams,gjones@example.org,03/14/2025,  U.A.E  ,Wyoming,Hospitality,SOCIAL
CUST002176,Felicia Bennett,maxwellsteve@example.net,21-04-2025,india,Texas,Retail,Affliate
CUST004903,David Wilcox,gweaver@example.com,22-04-2026,Brazil,Idaho,Media,Affliate
CUST002880,Harry Gamble,william01@example.com,2023-09-09,AUS,,Healthcare,ORGANIC
CUST007932,  Veronica Bowen  ,sethruiz@example.org,2024-05-28,United Arab Emirates,Colorado,Media,display
CUST008571,Timothy Pratt,qcunningham@example.org,2024-05-22,US,Iowa,Finance,Paid-Search
CUST001277,Roger Taylor,michelle63@example.org,2025-12-06,U.S.A,,Logistics,Social
CUST000371,Sarah Acosta,harristonya@example.com,2025-07-03,Australia,New York,Healthcare,email
CUST000052,Mary Martinez,william65@example.com,2024-12-13,U.A.E,Vermont,Hospitality,Email
CUST009965,Laura Harris,sarahsuarez@example.net,2025-10-22,france,,Manufacturing,Social
CUST004167,Rebecca Villa,michelle88@example.org,06/08/2025,Germany,Arkansas,Hospitality,Email
CUST001316,Thomas Johnson,idavis@example.net,,  germany  ,Maryland,Healthcare,Referal
CUST003273,Chase Garcia,michaelyoung@example.org,2023-06-11,U.A.E,Wyoming,Education,Partner
CUST007586,Joan Henderson,esparzatammy@example.net,11/14/2024,Australia,Colorado,Healthcare,referral
CUST006949,  Angelica Flores  ,hfisher@example.net,2023-12-25,singapore,Tennessee,Technology,  PAID SEARCH  
CUST008331,Donna Taylor,ronaldolson@example.com,2023-06-01,france,New York,Education,SEO
CUST005705,Eric Webb,brandyrogers@example.com,20-04-2025,IN,Utah,Hospitality,Email
CUST003720,Christine Williams,robertferrell@example.org,04/24/2024,brazil,Florida,Manufacturing,Referral
CUST003237,Amy Taylor,daniel02@example.net,2025-05-02,  Brazil  ,Vermont,Hospitality,ORGANIC
CUST008392,Michelle Jackson,meghanroth@example.org,2026-01-01,United Kingdom,Arizona,Retail,AFFILIATE
CUST002480,Madison Ware,dthompson@example.org,,india,Kansas,Real Estate,DISPLAY
CUST001987,Sharon Palmer,ingramjessica@example.com,11/25/2023,Australia,Kansas,Technology,DISPLAY
CUST000584,Karen Perez,ramosmichael@example.com,07-10-2023,singapore,Georgia,Finance,Referral
CUST005005,DWAYNE WILSON,christopher07@example.net,2026-07-26,CA ,Wisconsin,Real Estate,EMAIL
CUST005051,Kimberly Davis,zsanchez@example.org,2025-05-04,France,Massachusetts,Real Estate,Banner
CUST004326,Brent Gutierrez,daniel10@example.net,2023-07-15,U.A.E,Nebraska,Logistics,Referal
CUST003923,Shawn Rhodes,juan59@example.com,21 Feb 2024,canada,Utah,Logistics,SEO
CUST006797,Kimberly Medina,olivernicole@example.com,2023-10-27,BR,Wisconsin,Education,social
CUST006403,  Laura Nunez  ,robertsonmichael@example.org,12-10-2023,United Kingdom,,Real Estate,  social media  
CUST006913,Madeline Wise,andrewsdale@example.com,28-12-2024,Canada,Texas,Technology,Paid Search
CUST008191,Kimberly Moore,evanskathleen@example.net,2023-11-17,  U.A.E  ,Kentucky,Education,ORGANIC
CUST006379,  Ryan Freeman  ,danielmontoya@example.org,08/01/2023,SG,Maryland,Hospitality,referral
CUST007118,Rebecca Johnson,andrea88@example.org,,SG,Wyoming,Technology,email
CUST006151,Brian Aguirre,,2025-09-10,Germany,Minnesota,Hospitality,Affiliate
CUST006337,Mrs. Brenda King,robertsanchez@example.com,2024-04-01,France,Idaho,Media,REFERRAL
CUST007129,Gregg Cisneros,uosborne@example.net,07-06-2023,  UK  ,,Logistics,SEO
CUST009595,Matthew Hoover,ramirezdaniel@example.org,01/19/2023,United states,Missouri,Retail,Referral
CUST001843,Joel Hodges,ericfrederick@example.org,02-07-2024,Brazil,Alabama,Logistics,referral
CUST003959,Lauren Martin,ymcbride@example.net,03/15/2025,CA ,Arizona,Education,paid search
CUST003531,Anthony Ashley,cmyers@example.com,07/04/2026,singapore,Maine,Real Estate,Referral
CUST006166,Alyssa Austin,scooper@example.com,2026-02-04,australia,Massachusetts,Retail,Paid Search
CUST005728,Amanda Smith MD,caldwelldavid@example.net,05-02-2024,Canada,Wyoming,Real Estate,Affliate
CUST001576,Eric Coleman,jesse35@example.org,2026-07-11,australia,Florida,Healthcare,ORGANIC
CUST005035,Bryce Watts,charles09@example.net,25-09-2024,U.K.,,Logistics,  Referal  
CUST005960,Benjamin Waters,johnadams@example.com,2023-03-21,US,New Mexico,Retail,  social  
CUST009047,Karen Pena,tyler30@example.net,2024-11-04,UAE,,Healthcare,SOCIAL
CUST004050,Jennifer Smith,kyleboyd@example.com,2025-11-23,Brazil,Montana,Healthcare,email
CUST008234,Mandy Allen,sandrawilliams@example.net,2025-02-19,DE,Connecticut,Logistics,Affiliate
CUST003752,Kevin Carr,kimberly57@example.net,2024-03-23,Singapore,,,Organic
CUST007407,Antonio Lynch,nancytaylor@example.net,,england,Maine,Real Estate,Banner
CUST007483,Daryl Trevino,brownjustin@example.net,,SG,Maine,Hospitality,display
CUST007116,Christina Garrett MD,williamchase@example.org,2026-07-08,Brazil,Illinois,Education,Email Marketing
CUST006741,  Karen Perez  ,masonashley@example.org,2024-08-19,canada,Maryland,Manufacturing,Email Marketing
CUST004119,Mackenzie Compton,baileymeagan@example.net,08/05/2024,DE,Kansas,Media,Referral
CUST007627,John Hughes,fwhite@example.org,2024-12-10,canada,Georgia,Technology,Social
CUST009610,Juan Jackson,xnichols@example.org,06/15/2026,U.A.E,Wyoming,Manufacturing,referral
CUST002742,Jordan Sanders,dominiquemaxwell@example.com,08/01/2024,INDIA,Maryland,Media,Affliate
CUST008465,Mary Stephens,frank29@example.org,2024-01-19,United Arab Emirates,Delaware,Retail,Email
CUST007161,Kimberly Zimmerman,vmartin@example.com,2025-08-24,france,,Education,Email Marketing
CUST000208,Michelle Pierce,patricia22@example.com,08-06-2025,United Kingdom,North Carolina,Finance,PAID SEARCH
CUST007615,LORI LOPEZ MD,hannahnelson@example.com,2024-01-13,CA ,Alaska,Logistics,email
CUST004157,Amy Yu,alyssa73@example.net,19-08-2025,United states,Minnesota,Logistics,Email
CUST005147,Diana Olson,suzannerobertson@example.net,2023-10-01,France,Minnesota,Media,organic
CUST005555,Susan Bradley,waterspatricia@example.org,16-08-2025,UAE,New Hampshire,Real Estate,social
CUST005915,Erin Park,burtonkevin@example.com,04/26/2026,France,,Technology,AFFILIATE
CUST008937,Ashley Garza,xmcgee@example.com,03/17/2026,United States,Nevada,Media,Email Marketing
CUST007253,Phillip Dickerson,jessicarowe@example.net,,DE,Maryland,,  Display Ads  
CUST007028,Kyle Hodges,anamoore@example.net,2026-04-04,SG,,Manufacturing,Email Marketing
CUST003676,Tina Hill MD,klinetimothy@example.net,2025-08-26,BR,Missouri,,Display Ads
CUST008327,  Angela Aguilar  ,pfox@example.net,2026-06-02,  United Arab Emirates  ,Vermont,Healthcare,DISPLAY
CUST009304,Thomas Walsh,djohnson@example.com,06/24/2025,United Arab Emirates,Idaho,Technology,Affliate
CUST004534,Shawn Jordan,wgarcia@example.org,2023-03-23,singapore,Maryland,Manufacturing,organic
CUST006787,Terry Booker,thomasalyssa@example.com,24-06-2026,U.A.E,Florida,,PAID SEARCH
CUST007280,Karen Clark,nathan35@example.org,07/19/2024,INDIA,Arkansas,Logistics,Organic Search
CUST001659,Brian Hoffman,ytorres@example.com,2024-11-21,France,Wyoming,Education,Email
CUST003254,Samantha Schmidt,parkermax@example.org,2025-04-30,australia,Texas,,DISPLAY
CUST006771,Jason Brown,snyderlauren@example.net,2024-05-30,U.S.A,,Real Estate,organic
CUST005998,  Zachary Obrien  ,brittanyjohnson@example.net,2023-04-26,INDIA,Utah,Education,referral
CUST003250,Jessica Young,yallen@example.org,2026-07-20,Singapore,South Carolina,Finance,email
CUST008795,Joshua Walker,,03/20/2024,United states,Maine,Technology,Email
CUST001885,Jonathan Barrett,ubowers@example.com,03-11-2025,SG,Florida,Finance,display
CUST008027,Brian Thomas,riverajoseph@example.org,28 Feb 2023,canada,Iowa,Education,Google Ads
CUST002917,Joel Gordon,gbrown@example.net,05/07/2025,United States,North Dakota,Technology,Email Marketing
CUST009988,Linda Kent,traci73@example.com,2023-08-26,BR,Colorado,Finance,PPC
CUST003085,Tammy Walker,wwalker@example.com,2025-07-28,england,Oklahoma,Technology,Email
CUST007139,John Wright,dshelton@example.org,2023-04-09,U.K.,Idaho,Logistics,social media
CUST005103,Michael Myers,calvinmolina@example.com,24-09-2024,India,Nevada,Hospitality,EMAIL
CUST008415,Jamie Turner,belliott@example.com,04-08-2025,india,Rhode Island,,ORGANIC
CUST002181,  Kim Shaw  ,beardderrick@example.com,22-12-2025,Brazil,Montana,Hospitality,Email
CUST006073,Morgan Tucker,frank60@example.org,2025-06-01,United Kingdom,New York,Manufacturing,affiliate
CUST006759,Holly Rowe,joshuawest@example.org,13-11-2025,Canada,Kentucky,Technology,Display Ads
CUST004224,Alex Farmer,shawn55@example.org,04 Feb 2026,france,,Media,referral
CUST002319,Miss Monique Middleton,jonesterri@example.com,16-11-2023,canada,,Logistics,Organic Search
CUST004083,  Dylan Dillon DVM  ,jasonmartin@example.org,28 Feb 2024,India,Iowa,Manufacturing,Display Ads
CUST009220,Brandi Whitehead,karen79@example.org,05/19/2024,UK,Virginia,Manufacturing,Referal
CUST009202,John Stewart,jnoble@example.org,24 Oct 2025,U.A.E,,Education,Display
CUST003332,Taylor Henderson,kimberlyhudson@example.org,2024-03-24,BR,,Media,social
CUST000442,Cory Wilson,amoreno@example.org,04-07-2023,DE,,Healthcare,PAID SEARCH
CUST001067,William Jones,riddledavid@example.net,2025-11-15,Brazil,Hawaii,Retail,Affiliate
CUST002353,Brian Solomon,johnsondebbie@example.net,2023-06-15,FR,Delaware,Technology,DISPLAY
CUST001097,Lindsay Walker,dsmith@example.com,12/07/2023,  BR  ,,Education,Paid-Search
CUST005283,Jordan Mason,wallacemaxwell@example.org,2024-03-08,U.A.E,Idaho,Manufacturing,Affiliate
CUST001770,Whitney Williams,shansen@example.com,12/09/2024,  australia  ,Iowa,Education,E-mail
CUST009542,Ashley Mack,scott77@example.com,2023-04-27,france,Maine,Healthcare,  PPC  
CUST005669,Kelsey Mcclure,charlesmartinez@example.org,2023-04-09,AUS,Arizona,Hospitality,Email Marketing
CUST000326,Jerry Brown,stephanie72@example.org,07/10/2025,Singapore,Missouri,Retail,email
CUST000425,Mr. James Brown,cameronmckinney@example.com,2024-01-22,United states,,Healthcare,DISPLAY
CUST000254,  Tyler Mendoza  ,madkins@example.com,14-11-2023,india,Nebraska,Manufacturing,Email Marketing
CUST009020,Alicia Miller,tylerarcher@example.com,04/27/2024,AUS,Virginia,Healthcare,AFFILIATE
CUST003865,Lucas Case,susan64@example.org,09/21/2023,  France  ,New York,Healthcare,Display Ads
CUST005964,Ricky Myers,larry83@example.org,2023-10-03,FR,,Hospitality,REFERRAL
CUST007096,  Darrell Zuniga  ,jennifer21@example.com,2024-03-13,canada,Minnesota,Finance,Google Ads
CUST008069,Amber Lutz,nicholas67@example.net,2023-01-15,england,,Real Estate,PAID SEARCH
CUST004148,Krista Hopkins,wendy93@example.org,11/01/2023,australia,Illinois,Real Estate,Affliate
CUST004760,April Crosby,plopez@example.net,19 Aug 2023,AUS,Pennsylvania,Healthcare,E-mail
CUST000549,Adam Jefferson DVM,james98@example.net,09/12/2023,United Arab Emirates,Vermont,Manufacturing,social
CUST000843,Leah Odom,uhudson@example.net,,UAE,Connecticut,Technology,Partner
CUST000868,Austin Fisher,shawn00@example.net,26-06-2025,india,Tennessee,Finance,SEO
CUST007671,Thomas Walker,robertpetersen@example.net,01/08/2025,england,Alabama,Manufacturing,Email
CUST000517,Jessica Larsen,erinrivera@example.com,2023-12-17,FR,New Jersey,Real Estate,Organic
CUST000459,Ashley Scott,stephenmadden@example.com,09-09-2025,SG,New Jersey,Logistics,Email Marketing
CUST005510,  Jill Austin  ,karicarr@example.com,2023-11-07,US,South Carolina,,ORGANIC
CUST000826,Benjamin Randall,xcrosby@example.org,30-07-2023,brazil,Alabama,Manufacturing,social media
CUST001663,Michael Lozano,bryantjacob@example.org,2024-11-08,Germany,Virginia,Hospitality,Affiliate
CUST007822,Karen Nelson,zstewart@example.com,2023-06-17,england,Minnesota,Retail,Banner
CUST004070,Noah Lopez,qmoore@example.com,2024-03-06,CA ,Montana,Education,Referal
CUST000019,Rose Spence,davidalvarez@example.net,15-12-2024,USA,,Media,EMAIL
CUST001650,Gabriel Torres,michele23@example.net,23-09-2024,france,South Carolina,Healthcare,Paid Search
CUST009980,William Green,tylergrimes@example.net,2025-09-13,AUS,Nevada,Education,Paid-Search
CUST005148,Benjamin Watson ,,28-09-2025,UAE,Arizona,Hospitality,Banner
CUST007011,Jennifer Reed,gonzalezmeagan@example.com,2024-11-23,U.S.A,Indiana,Real Estate,Referal
CUST009370,Patricia Mathews,mendozajennifer@example.org,06-04-2026,U.A.E,Georgia,Media,social media
CUST005636,Jordan Cook,sanchezkathy@example.org,2025-04-25,england,,Real Estate,SOCIAL
CUST002598,Wesley Anderson,margaret59@example.net,2025-08-09, India,Minnesota,Logistics,  Referral  
CUST003211,Marcus Castillo,ryanvillegas@example.com,07/11/2023,France,,Retail,PPC
CUST004234,Annette Lawson,justinhampton@example.net,21 Apr 2026,Singapore,,,Referral
CUST007114,Brandy Craig,goodalec@example.org,05/28/2025,Singapore,,Manufacturing,organic
CUST006678,  Cory Garrett  ,lutzkaren@example.com,2024-03-10,INDIA,Oregon,Healthcare,Referral
CUST000586,Theresa Woods,cannonlauren@example.net,2023-12-16,Australia,,Logistics,email
CUST001364,Andrew Harris,donnapatel@example.net,,Brazil,Maryland,Retail,Banner
CUST008170,Terry Carpenter,amy87@example.com,19-02-2023,United Arab Emirates,Massachusetts,Retail,Social
CUST001939,Nicole Smith,allenjustin@example.org,2023-08-09,United Kingdom,Wisconsin,Technology,paid search
CUST008922,  Karen Avila  ,ethanyoung@example.org,2025-12-31,UAE,North Dakota,Real Estate,SOCIAL
CUST004630,Frederick Jackson Jr.,ochapman@example.org,03/13/2024,France,South Carolina,Finance,Google Ads
CUST005888,Justin Sosa,dicksonkatie@example.com,2024-07-03,brazil,New Hampshire,Finance,email
CUST006309,Rebecca Nguyen,brenda78@example.com,2026-06-25,UAE,,Real Estate,Paid-Search
CUST007063,Raymond Carlson ,,04/24/2023,BR,Wyoming,Education,Referral
CUST003158,Christina Miles,xdavis@example.net,2026-03-14,india,Missouri,Real Estate,DISPLAY
CUST003018,Alexander Woodward,jeffersondaniel@example.org,2025-10-08,  Canada  ,,Hospitality,referral
CUST005858,  Alexandra Scott  ,ulopez@example.com,2025-09-13,United States,Indiana,Real Estate,social media
CUST001788,Anna James,john70@example.com,08/07/2023,DE,Maryland,Finance,Paid Search
CUST003445,Joshua Mcgee,kelsey92@example.com,2024-01-20,UAE,Missouri,Technology,SEO
CUST003301,Sharon Edwards,codyrussell@example.org,2024-07-07,Brazil,,Logistics,Partner
CUST004181,William Manning,johnsonrobert@example.net,2024-04-14,  BR  ,Arkansas,Education,  AFFILIATE  
CUST006567,Shane Thompson,esimmons@example.net,2023-05-01,Canada,,Hospitality,REFERRAL
CUST006887,  Jennifer Cole  ,rhodeschristine@example.net,18-05-2023,United Arab Emirates,New Jersey,Retail,  ORGANIC  
CUST009504,  Michelle Vance  ,kgraves@example.org,04/28/2023,U.S.A,,Logistics,ORGANIC
CUST009884,Bruce Price,sgeorge@example.net,2024-07-28,  Canada  ,New York,,social
CUST003167,Roberta Walker,,15 Feb 2026,AUS,Massachusetts,Manufacturing,EMAIL
CUST009785,Brian Carter ,,16-12-2023,Singapore,Tennessee,Media,Affliate
CUST002397,Rebecca Mitchell,dawsonaaron@example.com,10/25/2025,  UAE  ,Oklahoma,Retail,Organic
CUST001866,Paula Sanchez,hamiltonjoseph@example.net,2024-01-13,Australia,Maryland,Media,  DISPLAY  
CUST003086,Tracy Nunez,stevenrichards@example.org,2025-02-16,  U.K.  ,Texas,Education,Social
CUST008607,James Jordan,vyoder@example.org,2024-11-29,Canada,Oregon,Retail,Display
CUST007959,Hayley Kim,lfrench@example.org,2023-04-02,australia,,Retail,Paid Search
CUST003948,Angela Garcia,bruceray@example.com,2026-04-22,  Australia  ,,Education,social media
CUST006729,Megan Alvarez,gibsonjenna@example.com,2025-12-22,australia,Idaho,Real Estate,paid search
CUST000123,William Barrett,alan09@example.net,2025-03-19,Australia,New York,Media,Email
CUST001083,Henry Rivera,smithmonica@example.com,2024-09-22,canada,Washington,Retail,Paid-Search
CUST002788,Tammy Ferguson,cheryl26@example.net,2026-07-14,AUS,,Finance,organic
CUST008190,Julie Walters,nicholastorres@example.net,27-02-2026,DE,Massachusetts,,PPC
CUST004660,Frank Allen,johnsoncharles@example.com,13-02-2026,United Kingdom,Hawaii,Healthcare,organic
CUST000700,Rachel Graham,amy32@example.net,2024-06-21,Brazil,,Technology,Affiliate
CUST005135,Beth Perez,rebeccagrant@example.org,2024-05-21,DE,North Dakota,Real Estate,  Display  
CUST005029,Laura Stephenson,sarahmeyers@example.net,25-08-2025,BR,,Logistics,Referral
CUST009922,Bradley Baldwin,zoemorgan@example.org,,France,Georgia,Healthcare,Affliate
CUST002709,Timothy Green,nicolegilbert@example.net,04/03/2026,Brazil,Oklahoma,Hospitality,social
CUST004566,Kathy Graham,awilliams@example.net,2025-05-17,australia,Tennessee,Education,social media
CUST001426,Anna Chapman,mlee@example.com,16 Sep 2025,SG,Massachusetts,Real Estate,Social
CUST007832,Jeffrey Hill,jessicalawson@example.com,2025-07-31,Australia,Idaho,Logistics,Google Ads
CUST000404,John Shields,franciscojones@example.org,2026-01-28,singapore,Maine,Retail,Email Marketing
CUST004908,William Newman,meyerkathleen@example.net,2026-07-02,SG,Nevada,Logistics,Display Ads
CUST000561,Megan Alvarado,,13 May 2024,Germany,New Mexico,Education,Affiliate
CUST007410,Monica Meyers,kingdonna@example.net,2023-07-21,U.K.,Virginia,Real Estate,Referal
CUST004966,Katelyn Young,kgray@example.net,2026-06-25,germany,Wisconsin,Real Estate,referral
CUST000644,Erin Daniels,denisecarpenter@example.net,31 May 2023,SG,,Healthcare,paid search
CUST006908,Jessica Pitts,huntrhonda@example.net,2025-12-16,INDIA,South Carolina,Education,affiliate
CUST000105,Dwayne Gilmore,omartinez@example.net,2023-08-21,india,Kansas,Hospitality,SEO
CUST002020,Phillip Compton,maygordon@example.org,07/28/2026,germany,Maryland,Media,DISPLAY
CUST003319,Julia Fields,markbautista@example.org,2023-09-09,Singapore,,Logistics,REFERRAL
CUST009752,Patrick Harper,amcintosh@example.org,2023-12-08,Singapore,Kansas,Technology,Banner
CUST004278,Charles Tucker,mgreen@example.com,03-04-2023,IN,Louisiana,Hospitality,email
CUST009160,Jessica Green,markfitzpatrick@example.org,09/20/2025,France,Kentucky,Logistics,Instagram
CUST007373,Christina Hall,lisa30@example.net,08/11/2025,BR,Texas,Logistics,DISPLAY
CUST002801,Judith Black,stephanie27@example.net,15-05-2023,FR,Louisiana,Manufacturing,ORGANIC
CUST009382,Sarah Proctor,rebecca21@example.net,05-02-2026,india,Montana,Healthcare,Affliate
CUST002609,  Antonio Smith  ,swright@example.net,2023-07-05,singapore,Virginia,Finance,Paid-Search
CUST009266,Kelsey Peterson,esellers@example.org,2023-08-21,US,,Real Estate,E-mail
CUST004259,Joshua Arnold,burnstyler@example.net,21-05-2023,france,New Hampshire,Education,  Partner  
CUST007308,Haley Vega,reginahawkins@example.org,15-04-2025, India,Arizona,Retail,email
CUST007286,Jennifer Sanders,pross@example.com,29-01-2025,AUS,Idaho,Finance,  ORGANIC  
CUST008919,Tina Ibarra,debra61@example.com,,U.A.E,California,Manufacturing,Display Ads
CUST006061,James Moore,finleynancy@example.org,2026-05-02,canada,Washington,Finance,display
CUST009836,Cheryl Mcgrath,laura49@example.org,2025-03-12,france,Wisconsin,Technology,Google Ads
CUST003151,Maria Fernandez,robinsonalexandria@example.net,03/05/2026,U.S.A,Oregon,Education,Social
CUST006113,Thomas Taylor,chavezjames@example.net,2024-09-04,CA ,Delaware,Real Estate,social
CUST009254,Brian Garcia,evanskeith@example.com,2025-05-03,BR,Ohio,Retail,display
CUST007685,Andrew Green,daniellewells@example.com,20-08-2023,AUS,Virginia,Media,Banner
CUST000756,Stacie Butler,nschwartz@example.org,05/15/2026,australia,South Dakota,Education,Display Ads
CUST007339,Erik Allen,kendrahoffman@example.org,2024-03-01,United states,Kansas,,Social
CUST009843,Jennifer Jones,taylormason@example.net,2026-06-05,CA ,South Carolina,Retail,social
CUST002031,Samantha Johnson,brooksbrian@example.net,2026-04-15,canada,,Healthcare,SEO
CUST001544,John Garcia,carmenevans@example.org,06/21/2025,SG,Pennsylvania,Media,Organic Search
CUST007516,Mr. Patrick Hall,shelby46@example.org,2024-03-21,India,New Hampshire,Hospitality,Partner
CUST001679,Timothy Wood,rachelsutton@example.org,2023-05-27,INDIA,Missouri,Media,paid search
CUST006358,Leon Martin,wilsonamy@example.net,2023-06-09,singapore,,Education,  Referral  
CUST009959,Joseph Johnson,dodsonjessica@example.net,10/29/2023,Brazil,South Dakota,Finance,email
CUST000883,Sherry Anderson,jennifer62@example.com,10/08/2025,AUS,Delaware,Manufacturing,PPC
CUST000317,Megan Martin,zacharyarnold@example.com,2024-10-26,australia,Oklahoma,Manufacturing,Affliate
CUST008970,Juan Campbell,bianca86@example.com,2025-09-17,australia,,Retail,SOCIAL
CUST006770,Paul Dennis,gedwards@example.net,2025-10-23,Germany,Kentucky,Technology,DISPLAY
CUST001390,Dennis Spencer,inewton@example.org,09 May 2024,France,Nevada,Logistics,referral
CUST002270,Keith Mcdonald,michellejenkins@example.org,05 Apr 2023,canada,Rhode Island,Education,Social
CUST003774,Todd Carpenter,martinezricky@example.net,2023-12-09,france,Michigan,Technology,Affiliate
CUST004961,Valerie Gonzalez,jray@example.org,06-01-2023,United Arab Emirates,Vermont,Healthcare,Paid-Search
CUST006921,Elijah Dennis,lholt@example.com,2024-06-20,USA,Indiana,Retail,Facebook Ads
CUST007192,Kathryn Boyle,julieeverett@example.com,14-11-2025,australia,Nevada,Manufacturing,Affiliate
CUST004998,Sandra Rice,arthurhansen@example.net,17 Oct 2023,Canada,,Education,Paid-Search
CUST000841,Matthew Wright,brittany14@example.org,15-06-2025,SG,Michigan,,Organic
CUST007887,Melissa Bryant,jfrancis@example.org,31-08-2025,UAE,Arkansas,Technology,DISPLAY
CUST003656,  Tommy Wright  ,ericksonphillip@example.net,2023-04-08,Germany,Maine,Education,SOCIAL
CUST009782,CHRISTINA TAYLOR,terrancehorton@example.net,09/03/2025,BR,,Hospitality,Referal
CUST001483,Michelle Hines,,10-10-2025,  CA   ,Montana,Hospitality,Banner
CUST009722,Walter Williams ,,30 Dec 2025,france,Louisiana,Hospitality,Banner
CUST004288,Kelly Galloway,alexanderwanda@example.com,01/31/2025,Australia,Connecticut,Technology,paid search
CUST004926,Melissa White,sosarobert@example.net,2023-07-05,USA,Oregon,Technology,REFERRAL
CUST009373,Steven Mitchell,uhanson@example.net,12-03-2023,germany,North Dakota,Technology,DISPLAY
CUST009491,Leah Burton,christinawolf@example.com,2024-10-27,United Arab Emirates,Maine,Retail,SOCIAL
CUST007731,Lori Lyons,smithbilly@example.net,2024-07-15,Australia,Idaho,Healthcare,social media
CUST001643,Megan Rivera,ithomas@example.net,2023-06-30,INDIA,Pennsylvania,Hospitality,Banner
CUST000410,Christina Johnson,daniellerowland@example.com,2025-02-02,INDIA,Delaware,Hospitality,EMAIL
CUST008595,Eric Ortiz DVM,doylemary@example.com,14-06-2023,india,North Carolina,Real Estate,Social
CUST001982,Kelly Brewer,rickey20@example.org,2024-10-02,BR,Nebraska,Technology,DISPLAY
CUST008951,George Benton,davidgraham@example.com,09-10-2025,U.K.,South Carolina,Finance,display
CUST005462,Taylor Farmer,davispaula@example.com,2023-11-12,Canada,Connecticut,Education,  Referral  
CUST002335,Stephen Wilson,,2025-06-05,SG,Texas,Healthcare,REFERRAL
CUST000855,Diana Pierce,stuarttodd@example.org,2025-04-03,india,Arkansas,Finance,Instagram
CUST002696,Kathryn Morgan,erik19@example.net,2024-07-02,CA ,Alaska,Real Estate,Organic Search
CUST009500,Ashley Poole,imiller@example.net,10 Mar 2023,CA ,Nevada,Education,DISPLAY
CUST008369,Todd Neal,,29 Dec 2023,brazil,Arizona,Healthcare,REFERRAL
CUST000273,Jerry Watson,brettbennett@example.net,2025-04-21,india,Rhode Island,Healthcare,paid search
CUST006632,David Moore,jacobstracy@example.org,17 Apr 2024,Brazil,Alabama,Logistics,REFERRAL
CUST003192,Charles Rich,mbest@example.net,27-08-2025,france,,Finance,Affiliate
CUST007713,Alicia Henderson,mbuck@example.com,2023-04-19,Australia,Rhode Island,Hospitality,social
CUST002442,Randy Jones,corymiller@example.org,2023-01-30,Germany,Delaware,Technology,Display Ads
CUST004064,Kathryn Delgado,brockashley@example.org,04-12-2025,  France  ,Maryland,Retail,PPC
CUST006433,Kelly Andersen,barrerajeffery@example.com,01 Feb 2025,canada,Arizona,Education,email
CUST001061,Elizabeth Ray,,06-02-2024,SG,Mississippi,Education,Google Ads
CUST004197,Ricky Jensen,john55@example.com,02/14/2024,germany,Montana,Education,social
CUST008160,Brent Perkins,meredithwilliams@example.com,2023-02-09,USA,Utah,Healthcare,paid search
CUST001869,Keith Evans,franciscoolson@example.net,2023-11-02,CA ,California,Technology,REFERRAL
CUST000251,David Molina,kevin90@example.com,08-03-2023,australia,Tennessee,Education,  PPC  
CUST000715,John Vaughn,jessicafox@example.com,16-01-2023,BR,New Jersey,,E-mail
CUST001742,Timothy Bryant,jasminechavez@example.org,09/01/2023,SG,Pennsylvania,Technology,Referal
CUST002125,Paul Taylor,obrienjulie@example.org,2023-03-27,FR,,Manufacturing,Banner
CUST008247,Jesse Allison,iarnold@example.net,2025-08-13,france,Utah,Healthcare,AFFILIATE
CUST000465,  Catherine James  ,cheryl27@example.com,2025-08-05,UK,Delaware,Education,Affliate
CUST005620,  Adam Johnson  ,mackenziekelly@example.com,2024-07-04,US,Massachusetts,Logistics,Referal
CUST000723,Christopher Rose,cooperchristopher@example.org,2026-07-16,Brazil,Rhode Island,Real Estate,DISPLAY
CUST009296,Robert Perry,romerodiane@example.net,11-02-2024,Germany,Alaska,Finance,Display Ads
CUST004030,Brian Vaughn,rebeccamccormick@example.net,2026-04-17,Canada,Florida,,affiliate
CUST006195,Michael Robles,michaelowens@example.com,,india,Nevada,,Banner
CUST004941,Megan Sanchez,kdiaz@example.com,2025-10-06,brazil,South Dakota,,referral
CUST006458,Stephanie Wang,dennistracy@example.net,2025-12-15,Brazil,Nebraska,Logistics,Email Marketing
CUST001357,Yolanda Anderson,hmendoza@example.net,2025-02-13,France,California,Logistics,  paid search  
CUST007120,Shelly Castillo,howelldouglas@example.net,08/10/2023, India,Kansas,Education,Email
CUST007533,Anna Hill,,24-04-2026,australia,Georgia,Education,social
CUST003489,Jessica Diaz,peterjohnson@example.org,03/04/2023,canada,Michigan,Hospitality,Organic
CUST004390,Shelly Bradshaw,bevans@example.org,2025-02-20,france,,Education,AFFILIATE
CUST006077,Johnny Williams,laura06@example.net,2025-06-21,France,Kansas,Logistics,AFFILIATE
CUST008092,Jeffrey Payne,williamhull@example.org,01/14/2023,UAE,,Retail,Email Marketing
CUST006802,Michele Cross,meaganevans@example.net,11-08-2025,FR,Michigan,Technology,Paid-Search
CUST002086,  Paul Ryan  ,kenneth22@example.com,22 Sep 2023,IN,,Healthcare,email
CUST009203,  Brady Johnson  ,danielwarren@example.org,01/26/2026,Australia,Alabama,,paid search
CUST002660,Darrell Rodriguez,brodriguez@example.net,2025-08-16,india,Vermont,Logistics,Email
CUST004265,Danielle Peters,benjamindavidson@example.net,14-05-2023,Brazil,Florida,Media,Instagram
CUST006675,Keith Sims,,2023-03-07,france,North Carolina,Manufacturing,EMAIL
CUST000699,Marc Kelley,vreyes@example.org,2023-02-08,U.A.E,Vermont,Retail,Organic
CUST004040,Meredith Holt,qmeadows@example.org,2023-09-29,brazil,Wyoming,Media,Display
CUST005166,Sharon Miller,baileycrystal@example.org,2023-06-30,U.K.,Missouri,Retail,REFERRAL
CUST007056,Lindsey Ramos PhD,williamsjose@example.com,08/08/2024,INDIA,,Finance,REFERRAL
CUST004284,William Smith,suzannerivas@example.com,12/16/2024,australia,Virginia,Hospitality,Partner
CUST001753,Katrina Calderon,ilewis@example.org,2024-06-04,DE,South Dakota,Media,Organic
CUST004613,Maria Mitchell,mary24@example.com,14-06-2025,US,Alabama,Hospitality,Partner
CUST000087,Michael Martinez,mccannangela@example.net,2025-07-11,U.S.A,Florida,Manufacturing,Display
CUST007298,Tammy Sosa,danielle29@example.org,10/29/2024,germany,North Dakota,Media,  Affiliate  
CUST009413,  Ashley Lowery  ,ncastillo@example.org,2025-08-21,india,North Dakota,Technology,DISPLAY
CUST002063,  Tracey Brown  ,isimpson@example.com,2023-12-01,United Kingdom,Missouri,Hospitality,Referal
CUST003983,Wanda Morrison,christina42@example.net,2026-07-05,UK,Oklahoma,,DISPLAY
CUST002426,Dennis Chaney,jared50@example.org,2025-06-28,australia,,Hospitality,Email
CUST005098,Shelley Tran,melissajones@example.com,2023-08-14,USA,Louisiana,Real Estate,Facebook Ads
CUST006263,Nancy Lutz MD,frankwilson@example.com,2023-11-05,United Arab Emirates,,Hospitality,Affliate
CUST003400,Ryan Spence,pittmanjill@example.org,2025-10-27,DE,Idaho,,Email Marketing
CUST003671,Veronica Lewis,vrobbins@example.net,2025-12-27,india,,Logistics,Organic
CUST008800,Shelby Wright,scarroll@example.org,12-12-2025,england,Idaho,Technology,EMAIL
CUST008073,  Alexis Hawkins  ,bmaynard@example.org,16-09-2023,brazil,Oregon,Real Estate,EMAIL
CUST007423,Renee Scott,probinson@example.org,,Brazil,Arkansas,,ORGANIC
CUST001355,Rhonda Herrera,ritteralexis@example.net,26-06-2026,singapore,Kansas,,Partner
CUST006731,Dillon Fernandez,,29-06-2026,australia,Colorado,Healthcare,REFERRAL
CUST000398,Carrie Novak,jeffrey92@example.com,08-07-2026,United states,Maryland,Technology,DISPLAY
CUST008174,Traci Wise,johnsonrichard@example.org,16 Jan 2024,DE,Florida,Media,Banner
CUST007659,Brenda Singleton,bramsey@example.com,11/29/2025,CA ,Nebraska,Logistics,Referral
CUST001731,Douglas Hardy,mikewaller@example.org,27-06-2026,Brazil,Alaska,Media,Affiliate
CUST007519,Stacey Harris DDS,james14@example.com,06/21/2025, India,Mississippi,Retail,Display Ads
CUST002820,Dr. Theresa Sandoval,briannamclaughlin@example.net,2023-05-02,UAE,Oklahoma,Hospitality,social
CUST009242,Kenneth Anderson,jamesjohnson@example.net,01 Mar 2024,singapore,,Finance,Referral
CUST006013,  Daniel Rowland  ,martinezshawn@example.com,2025-08-27,singapore,Michigan,Technology,Banner
CUST009103,Jennifer Williams,sanderson@example.net,07-06-2026,United Kingdom,,Finance,Display Ads
CUST004143,Vincent Rose DDS,scott48@example.org,13-05-2026,  United Arab Emirates  ,Alabama,Hospitality,Social
CUST003126,Kelly Khan,paula82@example.org,2024-04-21,england,,Logistics,social
CUST009786,Jeremy Johnson,cstevens@example.com,2024-08-21,france,Washington,Education,display
CUST004397,Claudia Watson,karagood@example.net,08/12/2023,france,Maryland,Technology,AFFILIATE
CUST006355,Ashley Hall,efowler@example.net,02/04/2026,Brazil,,Healthcare,Referral
CUST008638,Amy Galvan,qstevens@example.com,04/13/2024,USA,West Virginia,Finance,Partner
CUST006332,  Heidi Bradley  ,kendra95@example.net,,UAE,South Dakota,Real Estate,social
CUST001321,Brandy Jacobson,kevincollins@example.org,,US,New York,Hospitality,organic
CUST008966,MR. TODD WHITE,michael88@example.net,2024-05-15, India,Oregon,Logistics,  ORGANIC  
CUST007974,Rachel Lewis,cclark@example.net,03-08-2024, India,Missouri,Finance,Affliate
CUST009677,Robert Henry,zaguilar@example.com,2023-02-10,CA ,Oklahoma,Logistics,  SEO  
CUST009888,Taylor Martinez,millerangela@example.org,2025-01-02,BR,Pennsylvania,Education,Email
CUST004372,Jacob Hicks,martinmichael@example.org,24-03-2024,United states,New Mexico,Technology,organic
CUST003627,Brian Baker,taylornicholas@example.com,24-07-2024,india,Michigan,Education,SEO
CUST003849,Nicole Jackson,samanthaclark@example.com,31-12-2023,Canada,Missouri,Finance,EMAIL
CUST009355,Donna Salazar,mcleansydney@example.com,2026-05-23,U.S.A,,Hospitality,SEO
CUST003850,Veronica Martinez,vnoble@example.com,2023-05-23,canada,Ohio,Real Estate,Email
CUST008243,Lisa Cox,ghernandez@example.com,2023-09-22,Germany,New Mexico,Manufacturing,Affliate
CUST001231,Tom Olson,tammykim@example.net,12/21/2024,INDIA,,Healthcare,Organic Search
CUST009482,Keith Hall,kimberly67@example.org,2024-10-25,brazil,New Jersey,Finance,DISPLAY
CUST009048,Ashley Roberson,ublankenship@example.net,08-12-2025,france,Alabama,Technology,PPC
CUST009168,Brittany Campos,whitematthew@example.com,20-04-2023,Germany,North Carolina,Finance,REFERRAL
CUST007024,Thomas Walsh,paularamsey@example.org,2025-09-08,brazil,,Real Estate,ORGANIC
CUST007093,Maria Miller,amber22@example.org,08/07/2025,Canada,Utah,Retail,Google Ads
CUST002785,Phillip Lane,wellssherry@example.net,2023-12-08,Australia,Pennsylvania,Logistics,display
CUST009714,  Brandon Brown  ,watkinsmakayla@example.org,08/09/2024,  United Kingdom  ,Maine,Media,Affliate
CUST001154,Leslie Walters MD,richardhill@example.org,03-02-2024,U.A.E,Georgia,Retail,referral
CUST004256,  Ruth Hernandez MD  ,maddoxmicheal@example.org,06 May 2024,singapore,Washington,Media,Paid-Search
CUST002242,Clarence Wood ,,02/19/2025,singapore,,Manufacturing,Google Ads
CUST004432,Joann Schmitt,rpeters@example.net,10-03-2024,U.K.,Utah,Logistics,SEO
CUST004779,Brian Green,james91@example.net,2025-09-10,Brazil,Missouri,Logistics,Organic
CUST001322,Christina Jones,cassandramartinez@example.org,18-01-2023,Brazil,Kansas,Real Estate,Referral
CUST003246,Jennifer Wells,perryjames@example.com,2024-02-27,BR,Kentucky,Media,Social
CUST003294,Dennis Bennett,bethmiller@example.com,2023-08-18,France,Hawaii,Media,Display
CUST000866,Pamela Sullivan,hillchristopher@example.com,02/26/2024,Germany,New Mexico,Real Estate,display
CUST009013,Dana Hanson DDS,timothyoliver@example.net,2024-09-09,UK,Colorado,,Email Marketing
CUST007243,Stephen Jordan,kevin69@example.net,2023-04-24,AUS,,Finance,Google Ads
CUST009788,Ryan Harris,vincent15@example.org,12-03-2025,United Arab Emirates,Oklahoma,Manufacturing,Affliate
CUST000684,Paula Gentry,zhunter@example.com,06 Apr 2025,United States,North Carolina,Finance,Google Ads
CUST006674,Brittney Johnson,parkererica@example.net,2023-08-12,india,South Dakota,Technology,Email
CUST009323,Donna Montoya,jeffreycervantes@example.org,10/09/2025,France,Texas,Media,  EMAIL  
CUST001551,Eric Miranda,tgarcia@example.net,01/07/2024,france,,Education,paid search
CUST009961,Vincent Adams,gsanchez@example.net,2026-05-28,U.K.,Virginia,Retail,social media
CUST008449,Matthew Mcclure,hendersonelizabeth@example.net,06/29/2025,U.K.,Connecticut,Real Estate,Affliate
CUST005696,Kevin Jones,wardtamara@example.net,2023-07-07,United Arab Emirates,,Real Estate,AFFILIATE
CUST007493,Alan Martin,james62@example.net,2024-04-07,Germany,New Jersey,Hospitality,paid search
CUST003305,Phillip Day,porterronald@example.com,2024-08-21,Singapore,Minnesota,Logistics,Partner
CUST003589,Andrew Mata,reynoldsmegan@example.com,05/17/2024,United States,California,Retail,Paid Search
CUST003181,Jennifer Farmer,trevor91@example.org,02-04-2024,germany,Michigan,Manufacturing,Referal
CUST006989,Amy Martin,bradleygreer@example.net,2023-01-08,germany,,Real Estate,Referral
CUST009737,Stacy Anderson,briannamccarty@example.net,2024-03-11,India,Kentucky,Healthcare,Banner
CUST006629,Jody Zimmerman,devon39@example.net,20-07-2025,UK,Vermont,Manufacturing,Banner
CUST007540,Nicholas Bartlett Jr.,patriciajackson@example.net,2026-05-30,France,,Retail,Organic Search
CUST003376,Tyler Green,foleyashley@example.org,12/21/2024,United states,California,Logistics,social media
CUST001733,Riley Hale,tammyharrington@example.net,2023-01-28,INDIA,Iowa,Manufacturing,Organic
CUST002584,Corey Reyes,ygarcia@example.org,2024-04-15,United Arab Emirates,Arkansas,Finance,Organic Search
CUST000289,Adam Jackson,pbruce@example.com,2025-10-05,Brazil,Oregon,Education,Partner
CUST002377,Hannah Mooney DVM,jenniferortega@example.net,2025-05-09,UAE,,Healthcare,display
CUST008615,Mr. Christopher Jones,david92@example.com,2023-12-01,DE,West Virginia,Retail,Partner
CUST007488,Gary Reyes,david72@example.com,2024-08-01,U.K.,Indiana,Retail,referral
CUST003728,Charles Dougherty,zacharywillis@example.com,2024-03-06,Australia,Connecticut,Finance,Affiliate
CUST004061,Deborah Meadows,erinreid@example.com,25 Jul 2024,Brazil,Pennsylvania,Technology,EMAIL
CUST003328,Corey Ryan DDS,taylorflores@example.net,20 Feb 2025,CA ,,Healthcare,REFERRAL
CUST001218,Douglas Cox,jonesjennifer@example.com,2023-03-13,singapore,Kentucky,Healthcare,Paid Search
CUST004567,Whitney Santos,snelson@example.org,2026-06-06,Canada,Michigan,Retail,Display Ads
CUST008629,Melissa Patel,debbie74@example.com,12-12-2025,  U.K.  ,Arizona,Technology,REFERRAL
CUST005206,  Hailey Garcia  ,baileychloe@example.net,2023-11-03,IN,Arkansas,Hospitality,E-mail
CUST005802,Robert Smith,zshelton@example.com,30-10-2023,UAE,Massachusetts,Manufacturing,PAID SEARCH
CUST008604,William Mcguire,gonzalesnicole@example.net,2025-09-21,australia,Arkansas,Technology,Instagram
CUST005581,Joseph Garrett,darrell96@example.org,2026-02-17,Brazil,Wyoming,Manufacturing,SOCIAL
CUST008010,Henry Gilbert,marshalljoshua@example.com,2023-06-08,india,Kentucky,,SEO
CUST003028,Kevin Wood,natalie46@example.com,13-05-2025,  AUS  ,Washington,,Instagram
CUST008610,Richard Santos,sharon64@example.org,2024-07-12,australia,,Media,social
CUST002539,Jacqueline Rowe,tmurphy@example.net,2026-02-12,U.A.E,Minnesota,Media,REFERRAL
CUST003336,Crystal Young,thomasgarcia@example.net,,BR,North Dakota,,Partner
CUST007254,Angela Navarro,elizabeththompson@example.net,2024-08-08,AUS,Connecticut,Finance,REFERRAL
CUST000617,Tammy King ,,2023-08-16,United Kingdom,Washington,Education,Display
CUST006812,Autumn Underwood,jeffrey35@example.com,2025-02-14,US,Georgia,Manufacturing,Display
CUST001111,  John Meyers  ,phill@example.com,2026-01-12,United Kingdom,,Media,Paid-Search
CUST002356,Jessica Bullock,rgreen@example.net,2026-03-10,UK,,Media,PAID SEARCH
CUST009046,Chad Holden,agross@example.com,2024-07-30,BR,Tennessee,Manufacturing,Referal
CUST002629,Carl Allen ,,31-12-2023,canada,,Healthcare,Referal
CUST007747,Eduardo Griffin DDS,kevin46@example.org,16 Apr 2026,U.S.A,,Education,Google Ads
CUST003794,Wendy Miller,jashley@example.net,24-10-2024,Brazil,Maryland,Education,EMAIL
CUST000038,Brandy Wilson,,2025-01-25,United Kingdom,Rhode Island,,affiliate
CUST000302,Jason Washington ,,01/22/2024,United Arab Emirates,South Dakota,Media,Organic Search
CUST000751,Ashley Crawford,bryanharris@example.com,2024-09-22,DE,West Virginia,Education,affiliate
CUST004545,Doris Smith,christopherwashington@example.org,02-04-2024,Australia,Kansas,Retail,organic
CUST002502,Max Williams,itorres@example.net,2026-03-02,FR,Kansas,Real Estate,PPC
CUST007434,Jasmine Glover,sgeorge@example.com,2024-09-12,canada,Florida,Healthcare,Affliate
CUST005531,Michael Miller,wjohnson@example.net,2024-12-05,IN,,Retail,  Paid-Search  
CUST009521,Susan Diaz,,08-04-2026,india,Maryland,Real Estate,display
CUST004251,Sarah Smith,valdezbrandon@example.org,2025-02-13,Australia,Florida,Media,Facebook Ads
CUST005967,Elijah Powell,kayla91@example.com,2025-08-18,  SG  ,,Logistics,Affliate
CUST000257,Brittany Murphy,nwilson@example.net,2025-11-24,AUS,Pennsylvania,Media,Partner
CUST002450,JEREMY STEIN,torresmary@example.com,2023-05-16,UK,North Carolina,,Email Marketing
CUST001660,Amy Guerra,staceyparker@example.net,15-04-2023,Singapore,West Virginia,Hospitality,email
CUST000707,  Justin Irwin  ,callahanmichelle@example.org,2025-04-15,australia,Nevada,Manufacturing,Email Marketing
CUST004454,Brian Gross,nthompson@example.net,05/26/2024,Germany,Kentucky,Hospitality,SOCIAL
CUST009148,Kathy Martinez,huntjonathan@example.net,2024-01-18,Singapore,Indiana,Real Estate,PPC
CUST009481,Kristen Carrillo,kelli76@example.org,06/18/2024,U.K.,Alabama,Manufacturing,Social
CUST002642,Patrick Gray,,2023-03-12,brazil,,Media,SEO
CUST006594,Craig Mercer,bfisher@example.com,2024-10-20,United States,Ohio,Media,social
CUST005219,Travis Rivera,ericramos@example.net,2025-11-10,Brazil,,Manufacturing,Display
CUST007438,Angela Gordon,wspencer@example.org,2026-04-11,U.A.E,West Virginia,Healthcare,  Referal  
CUST008483,Megan Hill,ericperkins@example.com,07-02-2023,AUS,Oklahoma,Real Estate,DISPLAY
CUST008649,Michael Jordan,heather92@example.org,2026-05-23,United States,Mississippi,Education,Partner
CUST000726,John Alvarez,noahthornton@example.com,2024-06-17,INDIA,Kentucky,Technology,organic
CUST002455,Latoya Smith,blackwellmichael@example.org,09/20/2023,BR,Georgia,Technology,  PPC  
CUST001152,Jorge Wright,linvirginia@example.org,2023-06-02,Australia,Texas,Manufacturing,Display
CUST006230,Jeff Smith,jennifergomez@example.org,2026-03-09,  germany  ,Texas,Manufacturing,Display Ads
CUST009349,Katherine Washington,,2026-06-25,USA,Hawaii,Finance,Paid-Search
CUST001267,Sherry Clements,raymond12@example.com,2025-09-10,germany,Nevada,Technology,Referal
CUST003424,Brandon Davis,angelasmith@example.com,2025-04-22,canada,New Mexico,Technology,Display Ads
CUST001646,Brandon Shah,yballard@example.net,2025-03-23,england,New Mexico,Finance,organic
CUST000563,Bethany Fox,imendoza@example.org,24-02-2026,UAE,,Manufacturing,SOCIAL
CUST000806,David Jennings,,27-03-2026,UK,Kentucky,Technology,affiliate
CUST009949,Christina Harmon,sanchezpaul@example.org,2026-01-27,USA,Kansas,Retail,PPC
CUST002275,Antonio Atkins,bwilliams@example.com,22 Apr 2026,United Kingdom,,Manufacturing,affiliate
CUST000800,William Fox,carl96@example.org,2026-03-21,DE,,Technology,Paid-Search
CUST006764,Joshua Phelps,tylerrusso@example.com,2023-06-01,U.K.,Arkansas,Manufacturing,AFFILIATE
CUST004836,Erica Dickson,michaelklein@example.org,12-05-2025,IN,Nevada,Technology,social media
CUST006974,Sergio Bender,charlene65@example.com,12/11/2023,INDIA,Colorado,Retail,Display
CUST004920,Tina Henderson,christinecabrera@example.org,2024-05-18,england,,Hospitality,Display Ads
CUST002483,Hannah Lopez,ricemark@example.net,2025-06-10,U.A.E,Vermont,Logistics,Email
CUST000383,Joel Jackson,zunderwood@example.com,,  US  ,Alaska,Retail,DISPLAY
CUST000629,Kristina Shea,johnadams@example.com,22 May 2026,Singapore,Massachusetts,Logistics,Display Ads
CUST003974,Ashley Hall,jennifersummers@example.net,24-11-2023,UK,Vermont,Technology,  Referal  
CUST007394,Sabrina Smith,maria57@example.org,28 Oct 2024,Australia,Kentucky,Hospitality,AFFILIATE
CUST009928,Geoffrey Aguirre,brownrobert@example.com,22-11-2025,AUS,California,Manufacturing,DISPLAY
CUST009777,Stacey Rodriguez,gonzalezsusan@example.net,2026-02-16,SG,New Mexico,Media,EMAIL
CUST007048,Tim Mitchell,alexander83@example.net,28-02-2026,brazil,Montana,Hospitality,DISPLAY
CUST000303,Luis Ellis Jr.,rushmartin@example.net,2024-07-10,CA ,Missouri,Education,Banner
CUST008580,  Julie Ho  ,flambert@example.net,23-02-2025,  singapore  ,Louisiana,Logistics,Paid-Search
CUST001791,Jasmine Buckley,kingdavid@example.net,2024-06-25,USA,New York,Technology,REFERRAL
CUST007730,  Jason Phillips  ,robertwoods@example.net,2024-05-07,singapore,Alabama,Hospitality,SOCIAL
CUST004422,Kelli Marshall,danny57@example.net,16-01-2024,Germany,Alaska,Logistics,organic
CUST003951,Kristin Roberson,dellis@example.com,2026-07-07,Germany,Oklahoma,Hospitality,display
CUST002789,Daniel Dominguez,teresamiller@example.org,2025-07-31,  Australia  ,Massachusetts,Technology,Paid Search
CUST003269,David Maxwell,alan34@example.com,05/24/2023,Singapore,,Retail,SOCIAL
CUST000891,Gary Mitchell,longbrittany@example.org,2024-05-25,SG,Massachusetts,,Organic
CUST000377,Derek Wilson,lindseytorres@example.net,2025-08-14,United states,,Real Estate,E-mail
CUST005257,Susan Spencer,williamdickson@example.com,27-05-2025,INDIA,New Jersey,Hospitality,REFERRAL
CUST008896,SHAWN HARRIS,chansen@example.com,17-02-2025,U.A.E,,Education,SOCIAL
CUST001732,Jason Clark,haley57@example.com,04 Dec 2024,DE,,Real Estate,  AFFILIATE  
CUST009942,Melinda Lee,mross@example.com,2024-05-24,  SG  ,Hawaii,Technology,SEO
CUST006496,Amanda Marshall,megan85@example.net,2024-05-07,Brazil,Wyoming,Technology,Partner
CUST000637,Matthew Smith,qguerrero@example.net,01/20/2026,United states,Mississippi,Technology,Referral
CUST007188,  Gabriel Sanders  ,hendersonkathleen@example.com,2025-06-04,France,Virginia,Logistics,Facebook Ads
CUST006492,Brenda Wilson,johnramirez@example.net,2023-02-13,United States,Vermont,Finance,SOCIAL
CUST009354,Riley Grimes,grayashley@example.net,29-05-2024,India,Arkansas,Hospitality,Instagram
CUST009074,Kristina Hale,evan95@example.org,02-10-2024,India,Virginia,Education,EMAIL
CUST000638,Alicia Dillon,yhall@example.net,2025-03-21,INDIA,Virginia,Retail,affiliate
CUST006217,Samuel Cunningham,noblebrian@example.net,2026-02-04,USA,Alabama,Technology,referral
CUST007038,Brittany Williams,natalie76@example.com,,india,,Real Estate,EMAIL
CUST005811,Connor West,amypowers@example.com,2023-03-04,DE,Texas,Hospitality,Paid Search
CUST008648,Shawn Townsend,paulayala@example.net,2025-07-22,AUS,Minnesota,Technology,Email Marketing
CUST009475,Paula Jordan,edward05@example.org,09-07-2023,France,Ohio,Media,Facebook Ads
CUST004001,Diana Washington,ynorton@example.net,2023-06-01,Canada,Texas,Education,Paid Search
CUST009374,Tina Jackson,tayloredward@example.com,2023-09-07,United Kingdom,Oklahoma,Hospitality,Affiliate
CUST001122,Leslie Ramirez,qjones@example.com,2023-01-01,Australia,Missouri,Manufacturing,Social
CUST000842,Joshua Johnson,abradley@example.com,19 Jul 2024,brazil,Alaska,Media,Display
CUST002497,James Perkins,osbornkelly@example.net,2024-05-16,Germany,Ohio,Real Estate,DISPLAY
CUST000626,Jenna Griffin,walkerkeith@example.com,01/14/2025,canada,Georgia,Media,SEO
CUST004827,Keith Maddox,snyderdavid@example.net,2023-05-14,  UAE  ,Kentucky,Media,DISPLAY
CUST009454,Brenda Johnson,hestermelissa@example.net,20-01-2025,CA ,,Retail,referral
CUST000929,Jeffrey Hardin,hcrane@example.net,2024-11-30,CA ,Mississippi,Media,Referal
CUST003173,Charles Mathews,jamesleonard@example.com,2024-12-12,France,Indiana,Manufacturing,  Banner  
CUST000960,Tyrone White,evanscorey@example.org,2024-09-04,USA,Nebraska,Healthcare,Instagram
CUST008002,Brandon Padilla,donna65@example.net,2025-04-22,Singapore,Texas,Technology,PAID SEARCH
CUST005175,Dawn Chen,timothy76@example.org,21-12-2023,  Canada  ,Wyoming,Retail,Social
CUST009830,Steven Haney,maria40@example.net,2023-07-01,BR,Illinois,Real Estate,Paid Search
CUST001990,Phillip Kelly,brenda16@example.net,2023-01-20,UK,Iowa,Media,Affliate
CUST004930,Nancy Robinson,katherine69@example.com,06-09-2025,U.K.,Virginia,Technology,PPC
CUST007920,Kristi Smith,murillowilliam@example.com,06-08-2024,France,Nebraska,Retail,Instagram
CUST005194,Amy Costa,terrymichael@example.com,08-10-2025,Brazil,Kentucky,Retail,Referal
CUST009402,Jennifer Copeland,omartinez@example.com,05/17/2024,UAE,New Hampshire,Real Estate,affiliate
CUST002488,Michael Bell,rthompson@example.org,2026-04-17,SG,Virginia,Hospitality,Email
CUST002382,Brittany Beasley,robinsonpaul@example.com,2024-08-31,CA ,Texas,Education,Organic Search
CUST006064,Wanda Lee,brianoconnor@example.com,2026-01-28,  france  ,Washington,Healthcare,PAID SEARCH
CUST000582,Seth Donovan,staylor@example.net,01/28/2025,DE,Idaho,Finance,REFERRAL
CUST008524,Ashley Woods,fgarcia@example.net,23-12-2023,Singapore,Alaska,Healthcare,Email Marketing
CUST005407,Joel Gilbert,royedward@example.net,2024-02-01, India,Iowa,Media,Referral
CUST000777,Kayla Kent,pamela16@example.com,2025-04-20,DE,,Logistics,PPC
CUST002746,  Shirley Lucas  ,rosalesgavin@example.org,2024-04-01,  Canada  ,Kansas,Finance,EMAIL
CUST006357,Heather Ingram,fieldsmary@example.org,2026-06-05,CA ,,Technology,DISPLAY
CUST009814,Robert Baird,hamiltonedwin@example.net,2023-08-01,australia,West Virginia,,Partner
CUST004277,Peter Perez,joseph10@example.net,2023-10-04,France,,Media,Partner
CUST001282,Courtney Baker,jennifer58@example.org,2024-09-11,United states,Texas,Technology,organic
CUST003068,Mercedes Peterson MD,xclark@example.net,,INDIA,Maine,Healthcare,  ORGANIC  
CUST002615,David Sanchez,johnsoncandice@example.net,2026-04-03,Australia,North Carolina,Technology,Organic
CUST009178,Christopher Patrick,shawnclayton@example.net,2025-11-23, India,Minnesota,Hospitality,Affiliate
CUST001315,Jeremy Edwards,taylor67@example.com,2025-04-19,INDIA,,Technology,SOCIAL
CUST008839,Colton Thomas,ingramjoseph@example.com,02/22/2023,singapore,New Mexico,Technology,REFERRAL
CUST006179,Matthew Berger,michaelbrowning@example.com,01/17/2023,england,Vermont,,Email Marketing
CUST009233,Mark Kim,jkim@example.org,2026-03-14,brazil,Virginia,Technology,Referal
CUST007060,Todd Bishop,denniswilson@example.net,,brazil,,Hospitality,E-mail
CUST003177,Edward Lawson,pwarren@example.org,2023-12-06,U.A.E,Maine,Retail,SEO
CUST004076,  Dustin Thomas  ,wvelazquez@example.net,2026-04-12,United Kingdom,New Jersey,Retail,Facebook Ads
CUST001644,Adam Lynch,briana19@example.org,,Brazil,,Technology,DISPLAY
CUST007446,  Jodi Richardson  ,albert84@example.org,2025-06-29,singapore,Virginia,Education,social
CUST000470,Krista Gray,christianwallace@example.net,18 Aug 2024,IN,,Retail,Organic Search
CUST003823,Jennifer Porter,brianhopkins@example.net,2023-02-23,brazil,,Real Estate,Paid Search
CUST001265,Fernando Rodriguez,kpatterson@example.com,2024-08-29,FR,Mississippi,Technology,Google Ads
CUST008838,Jessica Waller,christinataylor@example.net,2023-04-27,brazil,,Media,email
CUST005827,Craig Peterson,jaredboyd@example.net,2026-02-24,CA ,,Hospitality,social media
CUST009128,Daniel Poole,sullivanteresa@example.com,2025-03-21,singapore,Virginia,Manufacturing,Partner
CUST006699,Leah Thomas,anna34@example.net,2025-05-27,United states,Wisconsin,Healthcare,DISPLAY
CUST006753,John Long,levyelizabeth@example.org,2025-12-21,Singapore,Alabama,Logistics,EMAIL
CUST009536,Brett David,xrobinson@example.org,16-02-2025,FR,Massachusetts,Education,AFFILIATE
CUST003408,Allison Bonilla,yhendrix@example.net,02 Jul 2023,Germany,,,social
CUST000771,John Mack,simmonsphillip@example.net,2024-04-05,INDIA,Connecticut,Hospitality,  Social  
CUST006180,JAMES VARGAS,zmartin@example.org,2023-05-25,singapore,Texas,Healthcare,social media
CUST002083,Theresa Martinez,mhoffman@example.net,05/04/2025,DE,Florida,Education,Email Marketing
CUST001970,Rebecca Gordon,karen42@example.org,01/16/2024,france,Ohio,Real Estate,Referral
CUST002229,Jonathan Guerrero,klara@example.net,03-11-2025,Singapore,Nevada,Hospitality,PAID SEARCH
CUST001996,Felicia Perry,marywarren@example.org,2024-02-28,United states,Kansas,Technology,social
CUST007014,Jennifer Montoya,ekelly@example.com,01/20/2023,France,Massachusetts,Real Estate,social media
CUST000335,Scott Duke,taylorkaren@example.com,2024-02-20,Germany,,Real Estate,Facebook Ads
CUST008116,Jennifer Bender,ahale@example.com,17-08-2024,U.A.E,,Technology,E-mail
CUST004985,Zachary Stanley,mpadilla@example.com,2026-07-07,FR,Hawaii,Retail,Email
CUST003648,Arthur Williams,christian13@example.org,2025-03-04,Brazil,North Dakota,Education,Referal
CUST008448,Eric Potter,lvazquez@example.com,11/05/2025,U.S.A,Oregon,Logistics,  Organic  
CUST007947,Natalie Lopez,morsekenneth@example.org,2023-04-21,Canada,New Mexico,Hospitality,Display Ads
CUST006423,Kristin Thompson,patriciawhitehead@example.net,04/12/2024, India,,Hospitality,referral
CUST007384,Sarah Alexander,kylelawson@example.net,05-05-2023,United Arab Emirates,Nevada,Logistics,Paid-Search
CUST001327,Ashley Butler,shernandez@example.com,02-06-2025,United states,Delaware,,Social
CUST000345,Jessica Davis,smiththomas@example.org,12 Aug 2023,BR,Pennsylvania,Manufacturing,Banner
CUST005504,Teresa Green,newmandarren@example.net,2025-11-26,singapore,Nevada,Healthcare,Organic Search
CUST006864,Emily Henson,cartersteven@example.net,2023-12-02,england,Delaware,Real Estate,EMAIL
CUST002311,Katherine Smith,ariana61@example.org,01-09-2025,singapore,,Education,E-mail
CUST001243,Craig Harrison,belllaura@example.com,2025-01-08,france,,Finance,SOCIAL
CUST005057,Matthew Foster DDS,johnsonyolanda@example.com,2024-04-07,DE,Tennessee,Education,  email  
CUST003635,Christopher Strickland ,,2024-06-23,Canada,Kansas,Retail,social media
CUST006005,Matthew Cummings,evelynortega@example.net,2024-06-17, India,Connecticut,Education,Paid-Search
CUST007247,Erik Stewart,garciajennifer@example.com,2024-05-04,US,Mississippi,Education,PPC
CUST003357,Shannon Oneill,ggonzalez@example.com,2026-03-16,IN,Iowa,Manufacturing,PPC
CUST007229,Angela Stewart,bryanrichards@example.org,,  U.A.E  ,Arizona,Real Estate,Affiliate
CUST007481,Daniel Thomas,johnsontanya@example.net,2025-12-07,Brazil,Oklahoma,Real Estate,SEO
CUST001209,Margaret Johnson,christopher99@example.org,2025-04-25,DE,,Media,Affliate
CUST001099,Rebecca Warner,kyle14@example.net,07/13/2025,australia,Oregon,Finance,AFFILIATE
CUST007061,Randall Johnson,sandersalexandra@example.net,2026-01-19,france,,Media,EMAIL
CUST002610,Jody Wheeler DDS,blackashley@example.net,29 Jun 2023,Singapore,,Technology,paid search
CUST003430,Beth Cross,jsmith@example.com,08-09-2024,Germany,North Carolina,Education,EMAIL
CUST003120,George Taylor,gabriellamartinez@example.com,19-08-2023,  AUS  ,Pennsylvania,Manufacturing,referral
CUST003303,Lisa Robinson,davismary@example.org,,BR,North Dakota,Retail,AFFILIATE
CUST000174,Maria Jones,grantpaul@example.com,2025-01-03,US,,Hospitality,organic
CUST009011,Chris Serrano,pburns@example.net,12/28/2024,INDIA,Washington,,Referral
CUST005973,  Troy Walton  ,wvillarreal@example.org,16-06-2025,Germany,Oregon,Logistics,Organic Search
CUST000185,Brittany Kim,lisawilkerson@example.org,30-08-2023,INDIA,Nebraska,Hospitality,Affliate
CUST003944,Thomas Perry,nicholas77@example.org,2026-01-12,france,Colorado,Retail,REFERRAL
CUST001822,James Wilson,davidwolf@example.org,2025-04-01,UAE,Arizona,Technology,referral
CUST005619,Marissa Abbott,michellegilbert@example.com,2024-01-04,Canada,,Real Estate,Email
CUST001500,William Miller,roberto02@example.net,2026-03-23,BR,Kentucky,Real Estate,AFFILIATE
CUST000236,Julia Patel,erica49@example.com,2023-04-13,USA,Illinois,Retail,Affiliate
CUST004532,  Tony Robbins  ,tweeks@example.net,2025-09-05,DE,Virginia,Hospitality,AFFILIATE
CUST006080,Eric Mcdonald,jameschapman@example.com,10-06-2023,U.A.E,Arkansas,Education,email
CUST003436,Kenneth Cook,halldaisy@example.org,03/10/2025,United Arab Emirates,New Mexico,Media,organic
CUST006872,Renee Hunter,barreralouis@example.net,13-05-2023,england,Nebraska,Education,DISPLAY
CUST001105,Michelle Ellis,barbararamos@example.com,2024-12-24,Brazil,Maine,Education,referral
CUST004877,  Robert Howell  ,brenda59@example.org,2024-03-19,AUS,,Hospitality,Social
CUST005215,Tammy Wilcox,jenniferhoward@example.net,2024-08-03,IN,West Virginia,Healthcare,Referal
CUST003549,Allen Hawkins,opierce@example.com,2023-04-12,england,Ohio,Healthcare,Partner
CUST007614,David Mathis,david19@example.com,2024-02-21,DE,Pennsylvania,Retail,Referral
CUST009237,  Rachel Yu  ,michael44@example.com,2024-01-07,UAE,New Hampshire,,Display
CUST006792,Shannon Hayes,nwatson@example.org,09-08-2025,brazil,Wisconsin,Retail,PAID SEARCH
CUST000223,Mr. Alexander Landry MD,jasongomez@example.org,05/11/2023,australia,Maine,Retail,DISPLAY
CUST002750,Russell Holland,lovechristina@example.org,2024-02-19,england,West Virginia,Logistics,E-mail
CUST000918,Toni Whitaker,laura29@example.org,2025-08-19,  INDIA  ,Maine,Retail,Email Marketing
CUST005025,George Crawford,rjohnson@example.org,19 Nov 2025,United Arab Emirates,Missouri,Technology,Organic
CUST009442,Amanda Adkins,johnsonjessica@example.net,2025-03-20,U.S.A,,Media,Banner
CUST003841,Edward Brennan,robert11@example.org,2024-10-16,australia,South Dakota,Retail,Email
CUST009963,Tina Moore,jake00@example.com,2026-01-06,United Kingdom,Alaska,,Affiliate
CUST000604,Erica Mcdonald,caseymoore@example.com,2025-03-20,england,Kentucky,Finance,social media
CUST003346,Sarah Johnson,fsilva@example.com,11/20/2025,singapore,South Carolina,Manufacturing,  display  
CUST008504,Michael Le,andrea66@example.net,11-01-2023,United Kingdom,Maine,Hospitality,Affiliate
CUST004452,Dawn Brooks,hpatterson@example.org,13-05-2025,india,,Technology,  PPC  
CUST001465,Kevin Sheppard,kristinarobinson@example.com,19-11-2023,BR,New Jersey,Real Estate,Email
CUST004902,Brett Frost,ryan03@example.net,06/27/2026,SG,,Hospitality,  SEO  
CUST007370,Zachary Farrell,cody14@example.org,2025-09-06,SG,Michigan,Media,SOCIAL
CUST007238,Angela Roberts,simonjackie@example.net,2024-03-13,France,,Real Estate,SEO
CUST004891,Candace Hayden,,2023-03-02,canada,New York,Retail,EMAIL
CUST004055,Natasha Mills,caroline17@example.org,2023-04-30,singapore,Connecticut,Retail,PAID SEARCH
CUST004308,Kara Johnson,christinedennis@example.net,2026-06-17,FR,South Dakota,,referral
CUST009588,Robert Pena,joshuaruiz@example.net,2023-05-13,DE,Texas,,ORGANIC
CUST001214,Patricia Martin,seth25@example.com,,U.K.,Mississippi,Real Estate,organic
CUST002829,  Teresa Taylor  ,riveratara@example.net,,canada,Georgia,Real Estate,EMAIL
CUST000117,Nicole Hamilton MD,wallaceheather@example.org,04/03/2023,india,Arizona,Real Estate,DISPLAY
CUST007522,Janet Clark ,,2026-04-29,USA,,Technology,ORGANIC
CUST009838,TRACEY FOSTER,patriciamiranda@example.net,2025-08-22,Australia,,Technology,ORGANIC
CUST005297,Ashley West,xrich@example.org,2023-04-22,BR,Kansas,Hospitality,Paid-Search
CUST001831,Denise Macias,hkim@example.com,2025-01-31,Australia,Massachusetts,Hospitality,Paid-Search
CUST006828,Shelby Clark,josephwilliams@example.com,25-08-2025,canada,Louisiana,Finance,ORGANIC
CUST003979,Nicole Mcdaniel,woodsrobert@example.net,04-09-2024,India,Missouri,Media,AFFILIATE
CUST000043,Christine Wright,gomezanita@example.com,2024-09-19,brazil,South Carolina,Technology,SEO
CUST001071,Lance Lynn,alexanderwise@example.net,2024-12-14,UAE,Virginia,Real Estate,SOCIAL
CUST006933,Alexander Pope,garyharper@example.org,19-09-2024,U.K.,Mississippi,Media,Partner
CUST009154,Samuel Jones,smithmichael@example.net,10 Sep 2025,United states,Indiana,Technology,email
CUST008960,Adam Robinson,taylorsteven@example.org,,Canada,Delaware,Logistics,Email
CUST000175,Tracey Morrison,mathewaguilar@example.org,,United states,Minnesota,Education,Paid Search
CUST004209,Antonio Hernandez,dramos@example.net,2025-11-09,singapore,,Technology,Social
CUST000983,Kenneth Johnson,tiffanycoleman@example.org,2023-03-21,United States,Kansas,,email
CUST008816,Kevin Walker DDS,williamschristopher@example.com,2024-11-24,canada,,Real Estate,Affiliate
CUST000544,Karen Wood,tking@example.net,20 Feb 2025,france,Minnesota,Healthcare,Facebook Ads
CUST001158,Matthew Morris,thomas91@example.com,2025-07-24,CA ,Idaho,Media,Google Ads
CUST009021,Brooke Alexander,rebecca79@example.org,07/04/2024,Canada,Hawaii,Retail,email
CUST009895,Angela Faulkner,vhernandez@example.org,15-01-2024,SG,Oklahoma,Media,Social
CUST003279,Daniel Smith,christopher19@example.org,01-01-2025, India,South Carolina,Healthcare,email
CUST007505,Karen Rice,christy84@example.com,09/02/2025,  U.K.  ,Alabama,Technology,referral
CUST009676,Cheryl Morrison,marthaholmes@example.org,02/10/2026,BR,Kentucky,Manufacturing,Referral
CUST001328,Alexandra Turner,wwilliams@example.org,11-03-2025,  United Arab Emirates  ,New Jersey,,Social
CUST005162,Angela Daniel ,,2023-06-16,FR,Kentucky,Retail,SOCIAL
CUST008683,Charles Wilkins,darlene09@example.net,2026-03-31,IN,Kentucky,,Referral
CUST003061,Julian Maynard,hardinvictor@example.net,22 May 2025,  United states  ,Delaware,Retail,Referral
CUST006229,Jasmine Chambers,carly60@example.net,2024-07-24,United Kingdom,Tennessee,Media,SEO
CUST008776,Timothy Sullivan,alecpena@example.org,2023-11-08,United States,Alaska,,Google Ads
CUST006670,Lauren Hines DDS,amberstanley@example.net,04-08-2023,FR,,,EMAIL
CUST004777,  Erik Simmons  ,reyestoni@example.com,08-10-2023,BR,,Finance,SEO
CUST002017,Stacy Hudson,stephaniezamora@example.org,2025-08-02,BR,Idaho,Finance,AFFILIATE
CUST002389,  Marcus Pearson  ,taylordorothy@example.org,2025-10-11,germany,Maryland,Healthcare,Display Ads
CUST005310,Terry Tucker,collinsmichelle@example.com,2025-05-06,United Kingdom,Hawaii,Hospitality,paid search
CUST003204,Zachary Quinn,deborah16@example.com,2025-01-13,singapore,Nevada,Real Estate,Referral
CUST001812,Sara Lawrence,taylordavis@example.com,2026-03-25,singapore,Michigan,Healthcare,E-mail
CUST003431,Jennifer Sims,vdavenport@example.com,2023-02-13,  US  ,Vermont,Technology,Organic Search
CUST007912,Janice Ryan,markfields@example.com,2025-04-12,SG,Kansas,Hospitality,Referral
CUST003916,Laura Castillo,martinezmichael@example.com,08-05-2025,FR,,Education,Google Ads
CUST007353,Tanya Allen,rachel02@example.com,2023-05-19,USA,,Technology,email
CUST006048,Peter Floyd,iwilson@example.net,02/04/2026,france,California,Logistics,Referal
CUST003467,Cynthia Jones,heather72@example.org,2024-11-16,AUS,Minnesota,Logistics,affiliate
CUST008071,Michele Davis,baileybarbara@example.org,2026-04-07,SG,Massachusetts,Finance,Organic Search
CUST004606,Dana Griffin,catherine21@example.net,2024-04-09,CA ,New York,Retail,Affliate
CUST005980,William Brown,phunt@example.org,04/07/2026,U.S.A,Maryland,Manufacturing,Partner
CUST000365,Tyler Johnson,,04-05-2025,U.K.,Washington,Technology,affiliate
CUST001789,Michele Hayes,rdavis@example.org,04 Oct 2024,SG,Pennsylvania,Retail,Partner
CUST007766,  Kenneth Miller  ,garcianicole@example.org,01/15/2025,DE,Texas,Hospitality,Referral
CUST000595,William Wright,gonzalezjill@example.org,08 Jan 2024,India,North Dakota,Manufacturing,Google Ads
CUST000077,Madison Poole,ryangross@example.net,2024-03-11,england,Louisiana,Logistics,Social
CUST000189,Ashley Roberts,david36@example.net,05-02-2024,France,South Carolina,Real Estate,Social
CUST003406,Elizabeth Logan PhD,carlagarcia@example.com,11-07-2026,UAE,South Carolina,Education,Affliate
CUST009931,Robin Robertson,william36@example.net,2024-09-17,SG,North Carolina,Healthcare,organic
CUST002023,Stacy Wilson,rachelknight@example.com,2025-04-01,canada,Michigan,Healthcare,Organic
CUST003058,April Arellano,robertsdavid@example.net,02/17/2023,Canada,New Jersey,Education,Partner
CUST008647,  Troy Jones  ,christylynn@example.com,2025-12-09,brazil,Georgia,Education,affiliate
CUST005070,Alan Decker,amy87@example.com,,BR,Arizona,Technology,Google Ads
CUST006473,Donna Smith,walkeredward@example.com,18-07-2026,Brazil,New Jersey,Education,SOCIAL
CUST004257,Taylor Bates,jessica92@example.com,2025-09-07,France,Arizona,Retail,Affliate
CUST004171,Danielle Carlson,smithbryan@example.com,10/18/2023,canada,Michigan,Logistics,ORGANIC
CUST001853,Micheal Watson,stevenperry@example.org,2025-05-05,United States,,Real Estate,display
CUST005835,Madison Mann,flynnjulie@example.org,2026-03-11,DE,Wisconsin,,Organic
CUST004907,William Peck,richard67@example.net,09/14/2023,Singapore,Maine,Healthcare,Organic
CUST008024,Joshua Gonzalez,thomas37@example.com,10/26/2025,germany,Michigan,Retail,Paid-Search
CUST008910,Kent Green,laura42@example.net,2025-02-01,DE,Massachusetts,Hospitality,Email Marketing
CUST003442,  KYLE YOUNG  ,mcintyrebrendan@example.org,19 Jan 2026,Brazil,Minnesota,Logistics,  PPC  
CUST003803,Misty Morales,richardsonbenjamin@example.com,2023-10-22,United states,,Finance,PPC
CUST002594,  Brandon Sanders  ,matthewlewis@example.net,2025-12-07,FR,Louisiana,Finance,referral
CUST003315,Roger Cummings,lucas15@example.com,10/10/2023,england,Indiana,Hospitality,ORGANIC
CUST000324,Charles Price,,2025-04-27,U.A.E,South Dakota,Hospitality,email
CUST008398,David Roy,dawnreed@example.com,2026-06-24,brazil,Missouri,Media,ORGANIC
CUST002491,  Krystal Farley  ,mark94@example.net,,Singapore,Nevada,Education,Referal
CUST001604,Joseph Ryan,nicholasgarcia@example.org,01-11-2023,DE,South Dakota,Healthcare,Display
CUST002498,Dylan Smith,elizabethrobertson@example.com,2026-07-17,USA,Alabama,Education,PAID SEARCH
CUST005271,Rhonda Montgomery,markhill@example.org,2025-09-29,DE,Oklahoma,Logistics,social media
CUST000796,Jennifer Henry,kerrmichael@example.org,2024-09-19,AUS,Virginia,Manufacturing,EMAIL
CUST005609,Joseph George,loweandrew@example.net,2024-08-27,france,Tennessee,Manufacturing,Display
CUST006089,Michael Maldonado,lauraperkins@example.com,2023-06-07,U.A.E,,Healthcare,Social
CUST002434,John Young,josephhardin@example.org,03/09/2025,england,Arizona,Retail,REFERRAL
CUST007863,Michael Hall,greenebrenda@example.com,,CA ,Vermont,,Organic Search
CUST006211,Michael Anderson,joshua89@example.org,2023-03-09,UAE,Washington,Education,EMAIL
CUST005713,Heather Wilkerson,felicia80@example.com,2023-05-23,Brazil,Nebraska,Manufacturing,Display Ads
CUST009274,Megan Mccormick,wspencer@example.org,2023-12-07,Singapore,South Carolina,Real Estate,Instagram
CUST004351,Joshua Roach,jimenezterri@example.net,2024-09-11,Australia,Montana,,EMAIL
CUST009652,Wayne Newman,cody22@example.com,2026-06-06,IN,Nebraska,Real Estate,paid search
CUST006555,Alexander Hayes,ohernandez@example.com,2026-07-02,Canada,Connecticut,Manufacturing,Email Marketing
CUST000553,  Jared Smith  ,richardrodriguez@example.org,2025-03-26,Canada,North Carolina,Manufacturing,Facebook Ads
CUST003701,David Jacobs,floresvictor@example.org,2023-03-03,DE,Michigan,Hospitality,  PPC  
CUST006186,Michael Trevino,barbara68@example.net,2024-02-11,Germany,Oregon,,Paid-Search
CUST004480,Joseph Cox,washingtonbrittany@example.org,2023-07-28,  brazil  ,Nevada,Logistics,PPC
CUST002939,Danielle Thomas,solistara@example.com,,FR,,Healthcare,Paid-Search
CUST008590,Michael Cunningham,jessica61@example.org,,United Kingdom,Missouri,Finance,Facebook Ads
CUST006421,  Kevin Singleton  ,tnguyen@example.net,2023-09-14,UK,West Virginia,Logistics,Organic
CUST009878,Mrs. Angela Long,meganwong@example.org,2026-04-28,canada,New Mexico,,ORGANIC
CUST002523,Derrick Hall,danielle52@example.com,2025-11-10,IN,New Hampshire,Logistics,Google Ads
CUST006506,Megan Wilson,eblack@example.org,2023-04-10,singapore,,Hospitality,social media
CUST003696,MORGAN BARRETT,donald82@example.net,2023-04-23,australia,Montana,Real Estate,Email
CUST003909,Samuel Nguyen,ginapierce@example.com,2023-03-25,Canada,West Virginia,Hospitality,affiliate
CUST003887,Barry Lewis,,2026-06-20,UK,Ohio,Hospitality,social
CUST007542,Kathy Simmons,mooremary@example.net,18 Jan 2024,UK,South Carolina,,SEO
CUST008907,Anne Elliott,aaron98@example.net,2025-09-04,US,New Mexico,Retail,  affiliate  
CUST003812,Melanie Gallagher,elizabeth20@example.com,29-09-2023,brazil,Colorado,Real Estate,REFERRAL
CUST009089,Elizabeth Franklin,suttonpaul@example.org,2024-10-14,United States,South Dakota,Hospitality,  Display Ads  
CUST005196,  Cindy Green DVM  ,michael57@example.com,2024-12-07,USA,Wisconsin,Healthcare,Display
CUST008549,Nicholas Morales,timothy48@example.com,14-06-2023,BR,Alaska,Hospitality,Display Ads
CUST005706,Michael Williams,michael82@example.com,2023-08-21,brazil,,Media,Partner
CUST007902,Linda Lee,tatedana@example.com,2023-02-27,United States,South Dakota,Education,organic
CUST002768,Shannon Garrett,timothy42@example.org,11/10/2024,Brazil,Montana,Technology,Email
CUST002418,Kaitlin Smith,farellano@example.net,2025-03-14,SG,South Carolina,Retail,social media
CUST007364,Olivia Mendoza,prestonmaria@example.net,03/07/2024,United Arab Emirates,Ohio,Technology,Display Ads
CUST000460,Robert Sawyer,michael56@example.net,2024-08-02,Australia,Delaware,Retail,Display
CUST001806,Darin Baker,goodwinbrad@example.com,22-09-2025,india,Wyoming,,PAID SEARCH
CUST005630,Mark Patterson,juan12@example.net,15-10-2025,germany,Arkansas,Technology,Referral
CUST002767,Craig Hamilton,bryan00@example.net,02/19/2024, India,Michigan,Retail,Affliate
CUST009553,Maria Riley,kzamora@example.org,28-11-2025,FR,Missouri,Finance,Display Ads
CUST003021,Felicia Robinson,vincentevans@example.com,03/27/2025,United states,,Education,display
CUST000515,Corey Tucker,christina49@example.org,,U.K.,Oregon,Education,organic
CUST006253,Sierra Carpenter,lawrencelori@example.org,08-05-2023,FR,North Dakota,,DISPLAY
CUST007478,Julia Gill,gharris@example.org,19-08-2025,AUS,Alaska,Media,social
CUST002186,Jorge Morales,kentmichael@example.com,2026-05-10,CA ,Wisconsin,Manufacturing,ORGANIC
CUST004088,Scott Dunn,davidrasmussen@example.net,14-05-2024,Singapore,Tennessee,Finance,social media
CUST004032,Michael Jackson,spencerbrandon@example.net,,US,California,Manufacturing,Affiliate
CUST002532,James Miller,yramos@example.org,29-01-2026,england,Pennsylvania,Logistics,Paid Search
CUST000585,Aaron Ochoa,mauriceharrison@example.org,2025-12-17,Brazil,Vermont,Media,REFERRAL
CUST000366,Roger Duncan,shawrachel@example.org,2026-05-22,United Arab Emirates,Iowa,Finance,Facebook Ads
CUST002441,Diane Scott,staceywashington@example.net,2024-08-15,U.A.E,,Healthcare,display
CUST008289,Rachel Wade,ashleyallen@example.net,2026-04-18,UK,Arkansas,Real Estate,Facebook Ads
CUST003992,Michael Perry,christina94@example.org,2025-11-18,US,Illinois,Retail,paid search
CUST005714,Joseph Holmes,perezelizabeth@example.org,2025-06-29,singapore,Idaho,Manufacturing,Affliate
CUST007523,Ryan Lee,wattsthomas@example.org,30-10-2025,Singapore,California,Media,referral
CUST000185,Brittany Kim ,,30-08-2023,INDIA,Nebraska,Hospitality,Affliate
CUST008005,Suzanne Butler,hdorsey@example.com,2024-05-28,india,Minnesota,Education,Display
CUST004942,Pamela Larson,ealexander@example.net,08/05/2024,germany,Arkansas,Education,Partner
CUST009833,Mark Johnson,vflores@example.com,2026-04-15,India,New Hampshire,Technology,Paid Search
CUST006135,Melissa Young,fmiller@example.net,2026-05-11,US,Kentucky,Education,Display Ads
CUST002139,Dean Shields,walkerjennifer@example.com,2024-09-08,USA,Arizona,Technology,affiliate
CUST005410,Michael Davies,gdowns@example.org,03/09/2024,United Arab Emirates,,Media,ORGANIC
CUST003205,Sean Hicks,isanders@example.net,2026-02-21,Brazil,,Real Estate,PAID SEARCH
CUST007836,Terry Robinson,wilsonchristopher@example.net,2024-06-25,CA ,New Mexico,,  social media  
CUST002671,Stephanie Moore,jacquelineneal@example.net,06/04/2025,United Arab Emirates,Ohio,Education,Referal
CUST007125,BARBARA BELL,rodriguezjose@example.org,2023-09-09,U.K.,New Hampshire,Manufacturing,Google Ads
CUST007345,Jonathan Joseph PhD,dawnthomas@example.org,02/02/2023,india,Arizona,Education,Affiliate
CUST004455,Carolyn Schultz,jamierobinson@example.net,2023-08-17,Canada,North Dakota,Technology,Organic Search
CUST004489,Kendra Lopez,brandon45@example.org,08-06-2024,AUS,Wisconsin,,affiliate
CUST004596,Preston Miller,hayden46@example.org,2025-01-01,FR,North Carolina,Healthcare,AFFILIATE
CUST008100,Brian Long,xknapp@example.com,13-06-2023,DE,Utah,Healthcare,SOCIAL
CUST001980,KARA GILMORE,zacharygray@example.org,2025-07-31,DE,North Dakota,Real Estate,ORGANIC
CUST000170,Rebecca Huang,kstout@example.net,2023-08-29,Germany,Illinois,Retail,Partner
CUST009200,Alison Williams,ltownsend@example.org,2024-05-30,australia,Alabama,Hospitality,E-mail
CUST009188,Michael Pratt,spencesarah@example.org,2024-02-05,United Kingdom,Oregon,,Referal
CUST008287,Joseph Jacobs,zwilson@example.com,2024-03-15,UAE,Alaska,Finance,paid search
CUST005142,Mrs. Natalie Hall,davislaura@example.com,18-06-2025,SG,Arkansas,Finance,Banner
CUST001337,  Ashley Bradford  ,alexandernicholas@example.net,03/07/2026,United Kingdom,Alaska,Finance,ORGANIC
CUST009223,Thomas Baird,ashleymercado@example.net,2023-03-04,australia,,Real Estate,Display
CUST001855,Angela Carter,ewilliams@example.org,2025-03-30,FR,Minnesota,Media,affiliate
CUST004053,Jack Donovan,jamielove@example.org,2023-06-15,brazil,Massachusetts,Education,SEO
CUST003245,Tammy Cooper,larry37@example.net,2024-03-16,germany,Arizona,Finance,social
CUST006320,Nicole Herring,djohnson@example.org,01/12/2023,United States,North Dakota,Technology,E-mail
CUST002362,Ana Lopez,mbates@example.org,2025-07-16,france,,Hospitality,Social
CUST002875,Lydia Martinez,wbailey@example.net,2025-11-28,UAE,Indiana,Media,Organic Search
CUST009060,Scott Grant,crystal45@example.net,2024-01-09,France,Utah,Retail,REFERRAL
CUST007571,  Marissa Edwards   ,,2026-04-08,  IN  ,Maine,Finance,Affliate
CUST009452,Marcia Harris,xmorgan@example.org,05-02-2025,BR,South Dakota,Hospitality,email
CUST001195,Melissa Goodman,youngaaron@example.org,,BR,Mississippi,Technology,social
CUST007255,Robert Wells,daviddodson@example.com,2025-02-13,UAE,South Carolina,Media,PPC
CUST003884,Alexander Buckley,qfranklin@example.org,2023-05-27,United Kingdom,Florida,Technology,Paid-Search
CUST006190,Colin Taylor,sharpshannon@example.com,,Australia,South Carolina,Hospitality,email
CUST003062,Jamie Patton,gary21@example.com,07/07/2024,United Arab Emirates,Maine,Manufacturing,Paid Search
CUST004415,Courtney Ortega,brett93@example.org,13-01-2026,france,New Jersey,Education,SOCIAL
CUST007949,David Gates,gail41@example.com,31-12-2025,canada,Indiana,Technology,Email Marketing
CUST003041,Michael Cooper,mharris@example.net,10-11-2025,Brazil,Connecticut,Logistics,  REFERRAL  
CUST001794,PATRICIA WILLIAMS,jeffreyglenn@example.net,2023-06-24,germany,New York,Logistics,organic
CUST003982,Jessica Johnson,jennifersoto@example.com,09-06-2026,United Arab Emirates,,Technology,Referal
CUST007425,Jennifer Henry,sonya16@example.org,2025-04-04,BR,,Technology,SEO
CUST004743,David Cox,leslie75@example.org,2026-07-11,United states,Minnesota,Hospitality,display
CUST008926,Bryan Rogers,mcdanieldarlene@example.net,2023-05-06,India,Wisconsin,Finance,Facebook Ads
CUST002057,Shawna Benton,patriciajohnson@example.com,2024-05-01,BR,Arizona,,ORGANIC
CUST000072,  Michael Elliott  ,stevenscott@example.com,17-09-2023,United Arab Emirates,Hawaii,Media,Google Ads
CUST006714,Brandon Ellis,maddoxlynn@example.org,2024-04-14,United States,Arizona,Media,SEO
CUST004734,Mary Schultz,lthornton@example.com,2025-01-31,england,Wisconsin,Retail,Email
CUST006164,Michael Williams,torresjonathan@example.net,2023-10-26,U.A.E,New Hampshire,Manufacturing,affiliate
CUST007343,Michelle Herrera,breweralexander@example.net,11/25/2025,Singapore,,,social
CUST002092,Jessica Rojas,campbelljustin@example.net,2026-05-18,australia,North Dakota,Media,Referral
CUST004516,Michael Knight,amurphy@example.org,03-06-2025,australia,,Technology,Paid-Search
CUST006373,Allison Curtis,edward00@example.org,2023-12-20,Singapore,,Healthcare,Paid-Search
CUST006369,Amy Crawford,hannahbarber@example.com,08/31/2024,USA,Maryland,Media,affiliate
CUST000802,James Spencer,carsonkevin@example.net,23 Sep 2025, India,Maryland,Education,PPC
CUST006708,Angela Smith,breanna41@example.com,2025-06-09,AUS,West Virginia,Education,Paid-Search
CUST002403,Jacob Owens,whitemichael@example.org,19-11-2024,india,North Dakota,Hospitality,social media
CUST005776,Kimberly Lopez,kwalters@example.net,01-03-2024,UAE,California,Logistics,Referal
CUST005331,Lisa Myers,michaelibarra@example.com,2023-07-06,canada,Tennessee,,Paid Search
CUST008643,Ricky Bates,jefferydavis@example.com,2023-01-07,U.A.E,Massachusetts,Logistics,Affiliate
CUST003312,Erica Gilmore,sotomegan@example.com,11-01-2026,United Arab Emirates,New York,Logistics,DISPLAY
CUST007697,Jose Clark,caldwelljohn@example.com,2024-09-16,BR,,Education,Organic Search
CUST006285,Alex Thomas,hprice@example.net,02 Oct 2024,SG,Florida,Media,referral
CUST004662,Adam Jones MD,wgeorge@example.org,2023-08-14,US,Delaware,Finance,REFERRAL
CUST000214,Sarah King ,,2024-07-19,france,Colorado,Technology,Affiliate
CUST006280,Kimberly Chapman,williamskevin@example.org,2025-04-06,SG,Oregon,Logistics,  Facebook Ads  
CUST006813,Gary Johnson,prestonmichelle@example.net,2024-03-04,India,,Media,PPC
CUST007206,Nicholas Ortiz,krice@example.net,07/24/2026,Canada,Idaho,Retail,Affiliate
CUST005356,Danielle Gray,david28@example.org,21-05-2025,India,Nevada,,Facebook Ads
CUST000537,Lucas Williams,davisdonna@example.net,2023-01-10,IN,Ohio,Finance,affiliate
CUST004506,Charles Vaughn,welchsteven@example.org,,U.S.A,Hawaii,Healthcare,Affliate
CUST001596,Rebecca Petty,thomasaustin@example.org,2023-11-06,IN,Hawaii,Technology,  Google Ads  
CUST002644,Mary Hill,dawn11@example.org,06 Oct 2024,Canada,Texas,,DISPLAY
CUST000240,John Harris,sarah42@example.org,2025-11-29,FR,South Carolina,Media,Banner
CUST000724,Brittany Crawford,ptownsend@example.net,2024-03-24,U.S.A,New Hampshire,Healthcare,Organic Search
CUST006436,Steven Park,kirbywalter@example.com,06/20/2026,india,New Mexico,Media,AFFILIATE
CUST006819,Joseph Luna,steven60@example.org,2025-11-17,germany,New Jersey,Hospitality,Email Marketing
CUST002145,Jose Stephens,burnettelizabeth@example.com,09-03-2023,BR,Connecticut,Retail,social media
CUST007991,William Wright,william80@example.com,2023-05-10,india,Ohio,Healthcare,EMAIL
CUST003256,Rachel Young,jonathanruiz@example.com,2025-02-18,UK,New Hampshire,,PAID SEARCH
CUST005471,Daniel Anderson,danieljones@example.net,03-04-2026,United States,Delaware,Hospitality,  Organic  
CUST001748,Jennifer Moore,olsenshane@example.org,04-06-2025,DE,,Real Estate,AFFILIATE
CUST002997,John Anderson,carlrichards@example.com,2024-12-13,Australia,West Virginia,Manufacturing,Social
CUST007702,Ms. Kristin Sullivan,simmonsjose@example.org,09 Dec 2025,SG,,Technology,organic
CUST004894,  Sara Campbell MD  ,johnsonjay@example.org,2025-03-21,U.S.A,West Virginia,,Affiliate
CUST001333,Patricia Fox,heidichapman@example.net,2025-08-29,england,Minnesota,Technology,Referral
CUST009392,Thomas Flores PhD,raymond26@example.com,2024-12-29,france,Virginia,,DISPLAY
CUST008003,Kevin Warren,thomas07@example.org,29-09-2025,France,Missouri,Real Estate,PAID SEARCH
CUST006876,Brittney Dudley,derekwright@example.org,2023-04-14,Brazil,,Technology,E-mail
CUST000571,Amy Cervantes,gcombs@example.com,2024-09-11,Brazil,West Virginia,Hospitality,Display Ads
CUST006680,Justin Santos,thomasabigail@example.net,2023-12-10,U.K.,Kentucky,Hospitality,Display Ads
CUST000836,Christopher Hopkins,nicole27@example.com,23 Jun 2024,U.K.,Florida,Logistics,Referal
CUST007954,Anne Jimenez,gonzalesdonald@example.org,2024-11-08,india,Arkansas,Finance,display
CUST001418,Shawn Herrera,gouldchristina@example.com,2024-01-10,india,Florida,Manufacturing,Email Marketing
CUST001851,DR. DANIEL HAMPTON,shannongarza@example.net,2025-06-04,  germany  ,Florida,Media,Social
CUST005195,Amanda Rivas,stephen52@example.com,06 Mar 2026,SG,,Technology,Affiliate
CUST002414,Bonnie Strickland,sanchezbrad@example.com,2024-10-29,singapore,Oregon,Real Estate,affiliate
CUST000189,Ashley Roberts ,,05-02-2024,France,South Carolina,Real Estate,Social
CUST009939,Heidi Robinson,karen97@example.org,2026-05-04,United States,Pennsylvania,Technology,Organic Search
CUST009446,Michael Reyes,brightronnie@example.com,2025-05-24,AUS,Utah,Real Estate,PPC
CUST005896,Mark Pham,shawmelanie@example.com,2026-07-21,Australia,Connecticut,Retail,Referal
CUST003765,Jimmy Edwards,lisa49@example.com,21-05-2023,Brazil,Georgia,Education,  PAID SEARCH  
CUST008126,Alexis Daniels,hbaxter@example.com,24-05-2023,australia,,,PAID SEARCH
CUST009172,Richard Cardenas,richard17@example.org,2023-09-08,  Australia  ,Alabama,Retail,AFFILIATE
CUST000173,Jake Campbell,rschroeder@example.net,2023-07-10,United Arab Emirates,Arkansas,Technology,DISPLAY
CUST009826,  Lee Graves  ,kimberlywolfe@example.org,2026-02-21,BR,Delaware,Media,affiliate
CUST005552,Christopher Snyder,kennedyrobert@example.net,2024-12-01,U.K.,Utah,Healthcare,social media
CUST006790,Victoria Brewer,christian68@example.com,2024-04-15,UAE,,Finance,Paid-Search
CUST008592,Becky Hernandez,harveysarah@example.net,08-04-2026,France,Wyoming,Retail,  Instagram  
CUST001513,Sean Wang,wpierce@example.org,2023-12-11,UAE,Nebraska,Media,DISPLAY
CUST004538,Heather Meyer,uhowell@example.com,03-04-2023,australia,Colorado,Media,PPC
CUST000265,Molly Rodriguez,bmendez@example.org,04/11/2026,U.K.,Indiana,Manufacturing,AFFILIATE
CUST008381,Michael Martinez,anthonyjessica@example.org,,germany,Montana,Media,affiliate
CUST003638,Scott Khan,rogersrobert@example.com,31 Mar 2024,France,Arizona,Retail,SEO
CUST003647,Brenda Torres,jortiz@example.net,2026-01-09,UAE,Wyoming,Finance,Partner
CUST002835,  Todd Henry  ,pagelouis@example.org,2023-08-11,canada,Texas,Technology,organic
CUST009420,Stacey Franco,cynthia74@example.net,2024-05-29,UAE,Illinois,Finance,  referral  
CUST007942,Bruce Moore ,,09/02/2025,IN,Idaho,Retail,E-mail
CUST008094,Diane Moore,nixonryan@example.com,03-06-2023,BR,,Education,display
CUST005804,Richard Joseph Jr.,garywhite@example.com,2023-07-23,DE,Kansas,Technology,Display
CUST007923,Aaron Pena,joshua44@example.com,2026-02-17,BR,Iowa,Hospitality,ORGANIC
CUST002763,Elijah White,justinrobinson@example.com,2023-07-08,Australia,Louisiana,Real Estate,DISPLAY
CUST000871,Nicholas Green,lauren31@example.com,2023-08-31,FR,,Healthcare,organic
CUST007101,  Anthony Conway  ,rossadam@example.net,2023-12-06, India,Oklahoma,Technology,  EMAIL  
CUST005758,Sally Preston,brandonmoore@example.org,02/28/2024,INDIA,,Real Estate,PAID SEARCH
CUST004813,Gary Luna,emilypena@example.com,2023-11-23,germany,Arizona,,DISPLAY
CUST000725,  Carol Lane  ,brian41@example.org,09/28/2025,brazil,Hawaii,Manufacturing,display
CUST008357,Melissa Robinson,edwardgriffin@example.com,2023-05-03,Brazil,Connecticut,Healthcare,Referral
CUST004380,Ashley Jennings,joseph26@example.net,,india,Colorado,,REFERRAL
CUST001470,Christine Park,debbie43@example.com,09-10-2023,Germany,Vermont,Hospitality,Organic
CUST002075,Katherine Baker,jherring@example.com,05/07/2026,France,,Manufacturing,E-mail
CUST000249,Rachel Bradley,gregorychase@example.com,08-12-2024,UK,Nevada,Media,Referal
CUST007984,Tom Horton PhD,sharrison@example.net,03/19/2025,France,Arkansas,Logistics,SEO
CUST007908,Michael Davis,jessica07@example.net,28 Jul 2023,United Arab Emirates,Alaska,Manufacturing,Social
CUST004194,Carol Simpson,crussell@example.net,17-03-2023,england,Tennessee,Education,Display
CUST004398,Mark Romero,stacie27@example.net,2026-02-17,france,Oregon,Logistics,Facebook Ads
CUST008307,Brian Mcdowell,drakewilliam@example.org,2024-08-20,  CA   ,Iowa,Finance,Instagram
CUST000155,Christopher Collins,,2026-07-04,SG,Arkansas,Hospitality,referral
CUST008141,Frank Lopez,joselee@example.com,06/26/2025,CA ,New Hampshire,Manufacturing,social
CUST006043,Elizabeth Robles,jennifer93@example.com,2024-07-25,Australia,California,Healthcare,Instagram
CUST007979,William Everett,jessica52@example.net,2024-07-05,CA ,Florida,Healthcare,Affliate
CUST001417,Debra Chandler,daisy04@example.com,03-04-2023,  canada  ,Nebraska,Logistics,Affiliate
CUST000909,Brian Smith,micheleclark@example.net,09-08-2024,Australia,,Manufacturing,Referal
CUST000471,Jonathan Stewart,bmcgee@example.org,2025-05-04,Singapore,Montana,Finance,SEO
CUST005813,Christopher Morris,fwilson@example.com,2023-12-30,Australia,,Technology,Email
CUST005969,April Patterson,mikegonzalez@example.org,2025-05-29,United Arab Emirates,California,Technology,Email
CUST003023,Robert Sampson,samuelchavez@example.net,2025-03-31,CA ,,Retail,referral
CUST003414,Dakota Thomas,choidonna@example.com,2025-08-09,UK,Oklahoma,Technology,Social
CUST000020,Shane Henderson,sarahcampos@example.net,03-10-2023,Canada,Illinois,Hospitality,Google Ads
CUST003703,Kerry Hickman,jacksonmichael@example.org,2023-02-10, India,Vermont,Hospitality,Organic Search
CUST009901,Ashley Avila,gilbertchristopher@example.com,09-07-2025,AUS,,Retail,Display
CUST004411,Tyler Wilson,tayloraaron@example.com,2024-04-10,INDIA,Wisconsin,Healthcare,Email
CUST000626,Jenna Griffin,walkerkeith@example.com,01/14/2025,canada,Georgia,Media,SEO
CUST003316,Lindsey Smith,,,UAE,West Virginia,Hospitality,social media
CUST007401,Anthony Lewis,sarah75@example.com,29-02-2024,USA,Alaska,Hospitality,Display
CUST006325,Rachel James,stephensnicholas@example.org,2024-03-15,BR,North Dakota,Technology,Paid Search
CUST008784,Ian Wilson,wwu@example.com,08-02-2023,FR,Florida,Manufacturing,  affiliate  
CUST004345,Jenny Valencia,fanderson@example.com,2025-08-16,  United Arab Emirates  ,Missouri,Logistics,Paid-Search
CUST007204,Courtney Vincent,josephjimenez@example.org,11/10/2024,canada,Connecticut,Hospitality,Instagram
CUST003059,Elizabeth Taylor,epeck@example.net,29-11-2024,IN,,Healthcare,REFERRAL
CUST003952,Barbara Thomas,geraldvelazquez@example.org,2026-01-27,India,Colorado,Hospitality,Organic Search
CUST002668,Heather Kim,sanchezmelissa@example.com,09/22/2024,Brazil,Vermont,Education,social
CUST007535,Jeffrey Evans,brian24@example.org,12/03/2023,Australia,Maine,Education,Display Ads
CUST009166,Amanda Bryant,candace13@example.org,2023-10-27,  Brazil  ,,Finance,Display Ads
CUST009427,Alejandra Hayes,floydkenneth@example.com,2024-07-17,Australia,Illinois,Finance,  Affiliate  
CUST004854,Susan Castro,michael52@example.com,2023-12-23,UAE,Delaware,Media,paid search
CUST001862,Roger Hernandez,veronica30@example.org,2025-11-04, India,Hawaii,Real Estate,referral
CUST007294,Victoria Tucker,petersonronald@example.com,08/25/2024,singapore,,Logistics,SEO
CUST000244,  Randy Pearson  ,amandasharp@example.org,07/15/2025,United States,,Healthcare,affiliate
CUST009575,Jordan Tate,hruiz@example.org,27 May 2025,United Kingdom,Maryland,Finance,Referral
CUST007510,Heather Fernandez ,,30-12-2025,Germany,New Hampshire,Hospitality,Display Ads
CUST001883,John Ortiz,sharon37@example.net,08/12/2023,SG,Arizona,Logistics,paid search
CUST008199,Alexandria Nixon,emilydixon@example.org,05/25/2023,UAE,Arizona,Hospitality,EMAIL
CUST000005,Ian Cooper,lindsay78@example.org,2023-12-01,singapore,Missouri,Technology,Email Marketing
CUST001972,Phillip Mason,edwardstaylor@example.net,2024-10-09,brazil,Nevada,Media,SEO
CUST006091,Erin Callahan,zmiller@example.com,2025-05-10,singapore,Utah,Logistics,EMAIL
CUST008275,Maureen Rose,william11@example.net,2024-09-22,BR,Mississippi,Logistics,SOCIAL
CUST009145,Vicki Marshall,cookdavid@example.net,25-10-2024,U.K.,Massachusetts,Technology,email
CUST007971,Elizabeth Reeves,llucas@example.com,09/04/2025,DE,California,Healthcare,EMAIL
CUST003495,Jamie Watson,henryparks@example.com,2026-01-15,Germany,Louisiana,Retail,Organic Search
CUST003191,Paul Tyler,christopher08@example.com,2024-06-18,brazil,Louisiana,Education,Instagram
CUST003574,Julia Jackson,kenneth43@example.net,2024-03-20,BR,Michigan,Retail,Paid-Search
CUST001811,Sylvia Turner,samantha78@example.com,11/29/2023,Singapore,Missouri,Technology,SEO
CUST004221,Timothy Morrow ,,2023-01-22,UAE,Arizona,Manufacturing,Google Ads
CUST002607,Donald Lopez,jacksonwhitney@example.org,11/29/2023,Canada,,Finance,SOCIAL
CUST003550,Michael Williams,garywright@example.org,06-10-2023,australia,New Mexico,Finance,referral
CUST006268,Willie Schmidt,tammystevens@example.com,2024-04-09,United Arab Emirates,Utah,Real Estate,E-mail
CUST009476,Joseph Hall,stephaniegarcia@example.com,2024-10-29,U.A.E,Wyoming,Education,Referral
CUST007109,  Sergio Moran  ,fhernandez@example.com,09/20/2025,US,Washington,Healthcare,Social
CUST008059,Evan Jackson Jr.,kimberly91@example.com,04/01/2025,Brazil,Colorado,Retail,Partner
CUST000577,Teresa Adkins,lgutierrez@example.org,2023-09-21,brazil,Florida,Healthcare,PPC
CUST004504,Erika Davis,lovemary@example.org,2026-06-28,  australia  ,Montana,Logistics,AFFILIATE
CUST003283,Brian Harmon,cmclean@example.net,11-01-2025,singapore,,Real Estate,Display
CUST001914,James Hernandez,melissa18@example.com,2025-02-01,UK,California,Hospitality,display
CUST000216,  Kristy Bryan  ,millerstacy@example.net,2024-05-01,IN,,Finance,EMAIL
CUST000932,Sheri Kaufman,rmorales@example.net,2024-08-27,DE,Oklahoma,Education,DISPLAY
CUST005605,Jimmy Chavez,kevin52@example.com,04/23/2024,france,,Hospitality,email
CUST002251,James Steele,davidharding@example.org,2024-08-17,UAE,Nevada,Manufacturing,Referral
CUST001488,Amanda Mullen,zwhite@example.net,09/16/2025,australia,North Dakota,Logistics,Affiliate
CUST000029,John Hancock,martinaaron@example.com,2023-12-14,U.S.A,,Hospitality,Referal
CUST006814,Andrew Smith,haroldmcneil@example.com,07-06-2023,UAE,Kansas,Healthcare,Referral
CUST000825,Noah Mcdaniel,aperez@example.com,18 Dec 2024,USA,Nevada,,email
CUST002461,Sarah Williams,janetmoore@example.net,07/22/2023,UAE,Colorado,Real Estate,Organic Search
CUST007304,Tristan Smith,chris19@example.net,2024-07-02,Canada,Pennsylvania,Real Estate,E-mail
CUST006286,James Morgan,brichardson@example.org,2026-03-11,australia,,Media,PAID SEARCH
CUST005558,Scott Miller,rmarsh@example.org,2026-07-05,FR,Iowa,Hospitality,paid search
CUST008305,Robert Graham,vsanchez@example.net,22 Apr 2025,france,New Hampshire,Real Estate,display
CUST007670,Sandra Brown,ianbird@example.com,2023-09-15,  singapore  ,Minnesota,Media,Email
CUST004037,Laura Sullivan,rasmussenmichael@example.com,17-06-2025,Singapore,Hawaii,Healthcare,SOCIAL
CUST003640,Katelyn Mendez,amarsh@example.org,2026-06-10,Australia,Massachusetts,,SOCIAL
CUST004232,  Michael Gutierrez  ,courtney51@example.net,2026-05-29,Singapore,Alaska,,Email Marketing
CUST004322,Kenneth Salazar,wgonzalez@example.com,29-04-2024,US,Missouri,Manufacturing,Referal
CUST006402,Anthony Wilcox,andrew66@example.com,06-08-2025,india,Arizona,Technology,referral
CUST007604,Shannon Schaefer,larry17@example.com,09 Nov 2023,CA ,,Logistics,SOCIAL
CUST000912,CHRISTINA HUDSON,awilliams@example.org,18-08-2023,FR,South Dakota,Manufacturing,PPC
CUST006054,Jacqueline Novak,rittercharles@example.org,17-04-2023,brazil,,Real Estate,EMAIL
CUST007773,Michael Mack,ijoyce@example.com,11/05/2023,CA ,,,Partner
CUST002350,Ricardo Chapman,bakerpaul@example.com,2025-03-10,United Kingdom,,Real Estate,Affiliate
CUST002387,Nathan Vargas,brittanyhayes@example.com,2025-10-08,India,Minnesota,Retail,REFERRAL
CUST006922,  David Anderson  ,mary83@example.com,02-10-2023,U.S.A,Washington,Education,Social
CUST001091,Pamela Robinson,elizabeth12@example.net,24 Aug 2023,  BR  ,,Healthcare,Display
CUST000205,Danielle Wilson,victorhughes@example.net,07/01/2023,australia,Delaware,Real Estate,PAID SEARCH
CUST001678,Emily Rodriguez,ortizamanda@example.net,2025-04-15,SG,,Finance,EMAIL
CUST001309,KEVIN BROWN,adam50@example.org,2025-10-30,France,Kentucky,Technology,Affliate
CUST000275,Alexis Giles,burgesskaren@example.org,2024-12-02,SG,Vermont,Healthcare,Referral
CUST001087,Dr. Robert Bailey,shatfield@example.org,2024-12-16,DE,Washington,Retail,DISPLAY
CUST001414,James Anderson,flarsen@example.net,2023-01-22, India,Nebraska,Technology,email
CUST006070,George Jordan,christophernelson@example.org,2025-06-18,singapore,,Manufacturing,ORGANIC
CUST000325,Tamara Arias,angelaburns@example.org,2024-04-23,DE,Idaho,,email
CUST001313,Jeffrey Liu,feliciagonzalez@example.org,05/31/2025,U.S.A,Nebraska,Healthcare,DISPLAY
CUST000965,  Walter Brooks  ,kimberlymedina@example.com,13-10-2025,Brazil,Oklahoma,Education,DISPLAY
CUST008433,Kayla Pena,jamesnguyen@example.com,2024-12-29,Singapore,Tennessee,Retail,display
CUST004639,Yesenia Orozco,donnaholt@example.org,2023-02-19,UAE,Maine,Hospitality,Email
CUST005937,Stephen Hayes,chanamanda@example.org,11/06/2025,CA ,Nebraska,Hospitality,Email
CUST009925,Ryan Mendoza,,2024-04-27,Germany,Rhode Island,Retail,Affliate
CUST001517,Christopher Solomon,acarpenter@example.com,2026-01-15,Singapore,Nebraska,Hospitality,Banner
CUST002963,Leah Thomas,jeffreywhitehead@example.net,,canada,Texas,Finance,social
CUST006486,Craig Clark,gregory95@example.org,04 Mar 2023,US,Ohio,Media,Referral
CUST005848,David Jones,barrettkimberly@example.org,2024-02-28,IN,New Hampshire,Education,Google Ads
CUST009915,Timothy Wilson,hansonsara@example.net,2023-09-27,singapore,New Jersey,,EMAIL
CUST001767,Michael Johnson,dreynolds@example.com,12-01-2024,India,Idaho,Healthcare,organic
CUST005862,Robin Russell,powerssandra@example.net,2026-05-14,United States,West Virginia,Retail,referral
CUST003777,Melissa Summers,ucunningham@example.net,05/06/2026,brazil,Georgia,Healthcare,Referral
CUST007477,Philip Yu,ddavidson@example.org,2025-11-06,Germany,,Logistics,Google Ads
CUST001836,James Henry,fblankenship@example.com,01/20/2023,Brazil,Kentucky,Healthcare,ORGANIC
CUST008193,Joseph Ortiz,collinsmatthew@example.net,2024-03-25,  canada  ,Indiana,Logistics,organic
CUST003116,Gina Cooper,wwong@example.com,20 Jan 2023,CA ,California,Healthcare,AFFILIATE
CUST002507,Anthony Juarez,valdezalyssa@example.org,14-05-2025,SG,,Retail,E-mail
CUST008052,Sharon Smith,dominiquesolis@example.com,03/20/2026,BR,Louisiana,Healthcare,Referal
CUST003826,Elizabeth Mckenzie,jmorse@example.org,2026-04-08,IN,,Technology,Referral
CUST003693,Michelle Poole,jakegreen@example.org,01 Jul 2026,  canada  ,Vermont,Media,Email Marketing
CUST004166,Thomas Johnson,xlarson@example.com,2024-02-19,India,Minnesota,Education,Referal
CUST007258,Tony Mclaughlin,mary63@example.org,2025-11-19,brazil,California,Finance,Affiliate
CUST007379,Jacqueline Stephens,karla92@example.com,2024-03-23,DE,Rhode Island,Technology,EMAIL
CUST002475,Erin White,olivianolan@example.net,,SG,Virginia,Hospitality,Email Marketing
CUST009169,  Holly Herman  ,rachel39@example.org,2025-01-29,singapore,Rhode Island,Finance,DISPLAY
CUST001490,Kenneth Cruz,psmith@example.net,23 Mar 2024,Germany,Montana,Retail,SEO
CUST001331,Julia Trevino,joshuafarmer@example.com,,France,Montana,Healthcare,Organic
CUST003939,Jeremy Marshall,martinezjennifer@example.com,2025-08-04,australia,South Dakota,,Organic
CUST008063,Elizabeth Mccarthy,yacevedo@example.net,27-04-2026,AUS,,Real Estate,Referal
CUST000621,  Eric Duncan  ,jessicacummings@example.com,2023-04-04,INDIA,Idaho,Healthcare,PAID SEARCH
CUST006806,  Jacqueline Lewis  ,aguirrelauren@example.org,08/21/2023,UAE,,Finance,paid search
CUST008942,Derek Burton,kristintaylor@example.com,2024-10-12,england,Massachusetts,Media,Organic
CUST004170,Michael Martinez,shernandez@example.net,2024-10-22,singapore,Pennsylvania,Healthcare,referral
CUST002924,Frank Santana,acohen@example.com,2023-09-22,canada,Michigan,Hospitality,Partner
CUST008798,Matthew Greene,lindsey55@example.org,2025-03-31,australia,North Dakota,Real Estate,  Banner  
CUST008450,Jeffrey Brown,moorechristina@example.net,14-10-2023,France,Hawaii,Finance,paid search
CUST009207,George Thompson,michael27@example.com,2024-05-14,france,Georgia,Logistics,affiliate
CUST004525,Jeffrey Lucas,james08@example.com,02/28/2024,Canada,Ohio,Logistics,AFFILIATE
CUST001692,James Casey,edwardstewart@example.org,2025-03-31,IN,West Virginia,Logistics,E-mail
CUST008221,Benjamin Singh,emilywright@example.net,2024-08-24,CA ,,Finance,Paid Search
CUST002291,Donald Martinez,johnsross@example.net,2025-10-24,france,,Finance,Email Marketing
CUST008721,Lisa Thornton PhD,christinalee@example.com,10-06-2024,CA ,,Media,DISPLAY
CUST000902,Andrew Rodriguez,dgutierrez@example.net,2023-08-07,Germany,Washington,Finance,Partner
CUST007971,Elizabeth Reeves,llucas@example.com,09/04/2025,DE,California,Healthcare,EMAIL
CUST006705,Joseph Whitaker,huntamanda@example.net,2024-12-18,United States,Montana,,REFERRAL
CUST004244,Jamie Schneider MD,jennifer06@example.com,,United states,Virginia,,Paid Search
CUST000260,Amber Cooper,weaverbrian@example.org,2026-06-20,US,New Mexico,Hospitality,Google Ads
CUST001751,Mark Foster,travis68@example.org,2024-12-29,UAE,Arizona,Technology,  Display Ads  
CUST006857,Deborah Wells,shawdanielle@example.org,24 Mar 2024,singapore,,Technology,ORGANIC
CUST009053,Erik Walker,connor16@example.org,2024-03-28,INDIA,Washington,Healthcare,Google Ads
CUST004449,Amanda Williams,jessica17@example.com,06-06-2026,Australia,Maine,Healthcare,Social
CUST007391,  Caitlin Hamilton  ,danielturner@example.org,05 Feb 2023,france,Ohio,Healthcare,Affliate
CUST009074,Kristina Hale,evan95@example.org,02-10-2024,India,Virginia,Education,EMAIL
CUST001817,Nathan Carter,jamietyler@example.com,04/17/2023,UK,Idaho,Real Estate,referral
CUST007182,Jesse Hicks,kelly74@example.com,2023-10-08,australia,,,paid search
CUST002758,Brandon Graham,sheilabaldwin@example.com,2024-01-19,england,Minnesota,Hospitality,REFERRAL
CUST006952,Jasmine Powers,david33@example.com,08/18/2025,CA ,Tennessee,Logistics,SEO
CUST005943,Lisa Good,jonesanna@example.net,2026-06-17,  Brazil  ,New Jersey,Healthcare,  Social  
CUST008325,Lee Daniel,treynolds@example.org,2024-05-16,Germany,Massachusetts,Healthcare,E-mail
CUST000279,Juan Silva,mphillips@example.com,13-11-2023,United Arab Emirates,Iowa,Media,Referal
CUST000509,Robert Gardner,kennetheaton@example.net,26-08-2024,  U.A.E  ,Tennessee,Logistics,PPC
CUST007168,Laura Gates,stevenssteven@example.org,10/07/2023,France,,,  Banner  
CUST004104,April Campbell,robertking@example.net,,UAE,Hawaii,,Affiliate
CUST004789,Andrea Hartman,brandonwillis@example.net,09-12-2023,UAE,Minnesota,Healthcare,DISPLAY
CUST003722,Sherry Bowman,wendyrivera@example.org,2026-04-24,DE,Oregon,Education,DISPLAY
CUST009624,Joshua Jackson,deborahnelson@example.net,16-05-2025,australia,Delaware,Hospitality,Email Marketing
CUST003218,Anthony Hall,,2024-03-31,United states,Delaware,Manufacturing,SOCIAL
CUST006923,Kenneth Matthews,samantha89@example.com,2024-07-19,SG,New Mexico,Technology,Banner
CUST001800,Austin Tyler,brandiwilson@example.org,05/27/2024,Brazil,Iowa,Retail,REFERRAL
CUST004561,Jordan Baxter,ryanhall@example.org,2023-10-01,INDIA,Hawaii,Real Estate,Organic Search
CUST003295,Christopher Castillo,andrewherrera@example.com,21-09-2025,DE,Vermont,Manufacturing,display
CUST006627,Francisco Adams,hollysingh@example.org,2024-10-14,UAE,Maine,Hospitality,Facebook Ads
CUST001399,  Dustin Wilson  ,tommy32@example.com,2023-10-20,germany,Kentucky,Education,organic
CUST005946,Matthew Wong,jeffrey29@example.net,04-07-2026,DE,Vermont,Technology,Email
CUST007763,Debra Smith,jessica80@example.net,01/16/2023,BR,Texas,Technology,Email Marketing
CUST000701,Timothy Andrews,mwilson@example.com,,france,Massachusetts,Retail,SEO
CUST005140,Linda Griffin MD,charlescole@example.net,2025-11-09, India,Maryland,Hospitality,affiliate
CUST000437,Norman Aguilar,matthewreeves@example.net,,United Kingdom,Ohio,Media,Banner
CUST007239,  Jonathan Dean  ,thompsonbrent@example.net,10-03-2023,Germany,,Hospitality,Display
CUST007453,Willie Sweeney,teresa04@example.org,15-12-2024, India,Ohio,Technology,Organic
CUST001769,Christina Adams,sylvia33@example.net,07/16/2024,india,New Hampshire,Media,SOCIAL
CUST009385,Elizabeth Smith,olivialee@example.com,2024-07-13,UK,Iowa,Healthcare,Email
CUST009278,Wayne Boyd,stewartmarcus@example.org,2024-10-31,U.K.,Illinois,Education,Affliate
CUST006752,Thomas Lewis,floresstephen@example.org,07/04/2024,Australia,West Virginia,Technology,EMAIL
CUST002375,Paul Anderson,tinabrandt@example.net,2025-12-15,brazil,Georgia,Finance,  REFERRAL  
CUST006733,Ricky Ballard,,20-05-2026,United states,Massachusetts,Manufacturing,Referal
CUST006170,Bruce Norton,ystanley@example.com,03/09/2023, India,,Healthcare,Display Ads
CUST001874,Wendy Smith,antoniocarter@example.com,2024-07-16,  IN  ,Utah,Manufacturing,Organic
CUST007036,Charles Jones,anita31@example.org,2024-11-25,Brazil,Arkansas,,ORGANIC
CUST009360,William Smith ,,2025-07-05,INDIA,Oregon,Retail,Affiliate
CUST003608,Richard Ellis,edwardskeith@example.org,2025-10-08,United Kingdom,Massachusetts,Media,AFFILIATE
CUST000976,Tanner Mann ,,2023-09-23,Canada,Montana,Education,DISPLAY
CUST001386,Tyler Ortiz,bellwilliam@example.com,2025-05-16,United Kingdom,Tennessee,Retail,AFFILIATE
CUST002527,Richard Barker,margaretboyd@example.net,2026-08-01,Brazil,Idaho,Education,Display Ads
CUST001063,Jessica Miller,brooke28@example.net,2025-12-08,U.A.E,,Media,REFERRAL
CUST006218,Zachary Morris,greid@example.net,2025-12-16,Australia,Tennessee,Finance,Partner
CUST003882,Dylan Houston,johnstonchristopher@example.net,2024-08-02,Canada,Colorado,Logistics,Organic
CUST005921,Terri Jones,robertsonkathy@example.org,02/20/2025,Germany,Kansas,Finance,social media
CUST008204,  Jessica Jones  ,knightrobin@example.com,10/12/2023,  U.A.E  ,Virginia,Retail,display
CUST008570,Brandon Meadows,apatterson@example.net,2023-05-02,Canada,,Technology,Referal
CUST000062,Mark Cannon,rsims@example.com,,AUS,California,Manufacturing,E-mail
CUST007744,Robin Hayes,christopher55@example.org,2025-07-25,USA,Pennsylvania,Real Estate,DISPLAY
CUST001006,Bianca Lopez,ubenson@example.net,2025-07-16,UK,Nevada,Retail,Organic Search
CUST006700,Alex Davis,ubarnes@example.net,2023-03-20,  FR  ,Rhode Island,Real Estate,Affliate
CUST009743,Phillip Martin,teresacochran@example.org,03 Sep 2023,IN,Arizona,Manufacturing,  Google Ads  
CUST002366,Laura Welch,wbowers@example.org,,india,Washington,Finance,Referal
CUST003717,Caitlin Austin,ngill@example.net,03-02-2023,US,Montana,Technology,REFERRAL
CUST004239,Lisa Arnold,michelleknapp@example.net,08/03/2025,United States,Oregon,Manufacturing,Affliate
CUST005466,Courtney Bender,suttonwilliam@example.com,2023-01-30,brazil,Iowa,Technology,E-mail
CUST005451,Matthew Carr,shawn53@example.net,2023-05-08,  france  ,New York,Finance,AFFILIATE
CUST007079,Richard Ayala,cortezalexandra@example.com,2023-10-12,Germany,Alaska,Real Estate,Display
CUST009597,Jeremy Barnes,xporter@example.com,2023-03-14,brazil,New York,Finance,Affliate
CUST002656,Heather Espinoza DVM,bowenjonathan@example.net,26-02-2024,SG,Tennessee,Media,PAID SEARCH
CUST007468,Lance Morris,rickdixon@example.net,14-08-2023,DE,,,Facebook Ads
CUST003878,Edward Hernandez,billyroman@example.org,2026-03-24,australia,New Mexico,Healthcare,Display Ads
CUST000150,Thomas Williams,caroline51@example.net,07-03-2025,france,North Carolina,Technology,organic
CUST003214,Mr. Kenneth Ashley,brittanyrush@example.com,2024-08-23,Germany,Montana,Retail,Banner
CUST008923,Valerie Torres,ricardo17@example.net,2023-08-02,AUS,Washington,Finance,  Referral  
CUST000649,Lisa Carlson,gracehoward@example.net,2024-06-02,  brazil  ,Wyoming,Healthcare,Email Marketing
CUST006817,Scott White,ksummers@example.net,2023-07-19,singapore,,Hospitality,Organic Search
CUST003409,  Anthony Molina  ,ernestwright@example.net,2025-09-18,US,Delaware,Manufacturing,REFERRAL
CUST000776,Elizabeth Mullins,kristinmiller@example.com,2025-04-07,singapore,West Virginia,Technology,E-mail
CUST008406,Christine Jarvis DDS,alyssa23@example.com,2024-03-15,Singapore,Georgia,Media,Affliate
CUST007577,Kathryn Stanton,dlong@example.net,2023-10-10,U.K.,Vermont,Real Estate,AFFILIATE
CUST009131,  Adam Willis  ,philipwilliams@example.com,,India,,Media,SOCIAL
CUST007970,Howard Santiago,,2026-03-11,UK,Iowa,Technology,Facebook Ads
CUST007733,Troy Fox,sherry42@example.com,03/23/2025,CA ,Georgia,Healthcare,Facebook Ads
CUST006249,James Hayes ,,01/31/2024,singapore,Connecticut,Healthcare,  display  
CUST007314,Kathryn Stokes,nross@example.net,2024-04-26,India,Colorado,Hospitality,email
CUST001757,Christine Wolf,marissa39@example.com,2023-04-18,United Arab Emirates,Mississippi,Education,social
CUST006408,Steven Freeman,hchen@example.net,11/23/2024,United states,Delaware,Finance,SOCIAL
CUST008172,Jasmine Meyer,,2024-01-03,FR,Colorado,Hospitality,SOCIAL
CUST004200,Zachary Stone,stanleyamanda@example.org,2025-02-02,United Kingdom,Oregon,Healthcare,display
CUST007027,Dawn Hansen,brentmendoza@example.org,2023-05-27,FR,Oregon,Healthcare,EMAIL
CUST007511,Ashley Walker,jeffrey32@example.net,2024-08-27,UAE,Minnesota,,Organic
CUST009989,Todd Jarvis,ywilliams@example.com,07/28/2026,FR,Arkansas,Retail,Paid Search
CUST007506,  Charles Price  ,duncanmichael@example.com,2023-08-06,France,Arkansas,Healthcare,PPC
CUST002339,Laura James,jamesmorgan@example.org,21-10-2024,AUS,Florida,Media,  Paid Search  
CUST004824,John Hart,rhonda24@example.net,05-05-2025, India,Utah,Retail,Organic
CUST003837,Brandy Anderson,mindybrown@example.com,2023-10-26,FR,Alaska,Hospitality,EMAIL
CUST008807,Michelle Marks,kmartin@example.net,2025-12-18,australia,Washington,Manufacturing,E-mail
CUST002636,Ms. Carla Stewart MD,margaretbarnett@example.org,12/06/2023,AUS,Montana,Finance,  ORGANIC  
CUST009660,  Charles Flores  ,pottsmichael@example.org,10 Apr 2025,U.K.,Colorado,Manufacturing,referral
CUST000792,Elizabeth Kemp ,,2024-07-08,SG,Michigan,Media,SOCIAL
CUST004826,Micheal Brown,jason63@example.org,08/30/2023,  Australia  ,North Dakota,Retail,DISPLAY
CUST008611,Tyler Reed,potterrichard@example.com,2024-06-26, India,Mississippi,,Organic Search
CUST001048,Adrian Valdez,pricestephen@example.org,2023-12-17,germany,Texas,Technology,  Organic  
CUST003605,Ashley Holt,michael16@example.com,2025-07-07,Canada,Iowa,Real Estate,Display
CUST006784,Vanessa Barber,graysarah@example.org,08/30/2025,FR,Oregon,,SEO
CUST006016,Deborah Morrison,edwardsjames@example.net,2023-05-06,U.A.E,Washington,Real Estate,E-mail
CUST005384,Rebecca Hampton,randallrobertson@example.net,2025-06-27,canada,New Mexico,Education,AFFILIATE
CUST008300,Daniel Kennedy,tammy00@example.com,2024-01-21,Australia,Kentucky,Healthcare,  REFERRAL  
CUST004156,Beth Kerr,allison10@example.net,2025-09-27,england,Kansas,Hospitality,Display Ads
CUST008437,Alan Espinoza,adamspatrick@example.com,2023-09-22,Brazil,,Finance,Banner
CUST003048,Maxwell Whitaker,susanhill@example.org,2026-03-11,United states,Maine,Media,Organic Search
CUST008181,Amy Thomas,toddjohnson@example.net,05/10/2024,Brazil,Nebraska,Finance,SOCIAL
CUST001573,Erin Ellis,kaylaandrews@example.com,02/15/2025,US,Virginia,Finance,email
CUST007054,Mark Crawford ,,01/28/2026,germany,South Dakota,,affiliate
CUST002228,Marilyn Lozano,john91@example.org,29-01-2025,USA,Ohio,Hospitality,REFERRAL
CUST007543,Kristen West,donna81@example.net,01/01/2024,germany,Maryland,Real Estate,Banner
CUST001598,Dennis Gonzales,diana85@example.com,06-01-2023,SG,Idaho,Real Estate,referral
CUST005993,Jason Arnold,marcus16@example.net,2024-04-12,United Kingdom,Washington,Logistics,Email Marketing
CUST007230,Barbara Velazquez,katelyn33@example.org,12 Dec 2023,United States,Mississippi,Hospitality,referral
CUST004467,Lawrence Larson,obowers@example.net,2024-11-30,FR,North Dakota,Healthcare,REFERRAL
CUST006549,Daniel Miller,christopher31@example.net,2023-01-10, India,,Media,referral
CUST005193,Karen Olson,nelsonmichael@example.com,08/20/2023,india,New Jersey,Retail,Social
CUST000659,Steven Huang,udavis@example.net,2023-09-24,germany,Tennessee,Logistics,Organic Search
CUST009176,  Kenneth Daniels  ,keith90@example.org,26-09-2025,Germany,Hawaii,Logistics,Social
CUST006851,William Sanchez,christina08@example.net,2023-08-02,FR,Minnesota,Real Estate,Organic Search
CUST000420,Sheryl Humphrey,patrick79@example.net,2023-02-08,singapore,,Retail,paid search
CUST005905,  Mary Cole  ,michael91@example.net,11-11-2024,  Canada  ,Arizona,Education,Instagram
CUST005981,SARAH SMITH,evelyn46@example.net,10 Jul 2024,FR,Alaska,,Paid-Search
CUST008276,JOHN RUIZ,ramosshannon@example.com,2023-03-18,Germany,Nevada,Technology,email
CUST002019,Amy Dean,branchthomas@example.com,,singapore,South Dakota,Technology,Google Ads
CUST004572,Eric Morales,jonestaylor@example.net,2025-08-01,BR,,Retail,AFFILIATE
CUST000166,Christopher Hernandez,thompsonkendra@example.com,06 May 2026,england,New Jersey,Healthcare,organic
CUST001725,Jane Berg,reginaldsmith@example.net,2025-01-25,england,Idaho,Real Estate,ORGANIC
CUST009229,Peter Morales,yeseniamoore@example.net,2025-11-13,United states,,Technology,Email Marketing
CUST007311,Amy Jones,dkim@example.com,2026-03-09,  Brazil  ,Utah,Technology,paid search
CUST002776,David Jenkins,cjohnson@example.org,05/23/2026,DE,Virginia,Healthcare,email
CUST009115,Michelle Townsend,mullendaniel@example.org,2023-11-04,United Kingdom,,Logistics,AFFILIATE
CUST000598,Cynthia Hamilton,jacksonjoshua@example.org,2024-06-01,france,Montana,Healthcare,E-mail
CUST009633,Joel Jones,zadkins@example.org,05-04-2024,canada,Tennessee,Real Estate,Facebook Ads
CUST009729,Karen Ortiz,john89@example.com,2023-10-18,Canada,California,Manufacturing,Referal
CUST005574,Elizabeth Henry,garrettsamuel@example.net,2025-08-23,AUS,,Technology,Display Ads
CUST004694,Michelle Contreras,vanessa03@example.com,11-01-2025,SG,Mississippi,Logistics,email
CUST005707,Taylor Walker,matthewdavis@example.net,2023-06-20,FR,,Real Estate,SEO
CUST009017,Kelli Orozco,nataliewilliams@example.org,2024-07-05,India,,Education,AFFILIATE
CUST005422,Caitlyn Clarke,smithvincent@example.com,26-02-2025,DE,Utah,,AFFILIATE
CUST006609,Veronica Greene,alexander86@example.com,04/04/2025,canada,Oregon,Hospitality,DISPLAY
CUST004825,Lori Sullivan,cory58@example.com,18-01-2026,U.A.E,Mississippi,Technology,DISPLAY
CUST003156,Brian Randall,cdunn@example.org,2023-12-28,BR,Rhode Island,Hospitality,Google Ads
CUST009070,Tina Reyes,sarahwalters@example.com,2025-09-13,france,Florida,Retail,social
CUST002355,Kristin Flores,michaelmontes@example.com,2025-10-12,AUS,West Virginia,Technology,Referral
CUST003471,Sandra Craig,todd94@example.com,05/24/2024,AUS,Mississippi,Manufacturing,Referral
CUST009951,Willie Moss,boothgail@example.net,2023-02-10,France,,Technology,Affiliate
CUST003087,Daniel Guerrero,,07/31/2024,germany,,Healthcare,Display Ads
CUST007963,Cesar Nguyen,haynesjanet@example.org,07/02/2023,United States,,Media,SOCIAL
CUST002047,Corey Stone,ijackson@example.com,10 Dec 2023,AUS,West Virginia,Logistics,Organic Search
CUST005020,Brian King,sara62@example.com,03/11/2025,england,New Hampshire,Hospitality,REFERRAL
CUST000003,Meredith Barnes,zlawrence@example.org,2024-12-05,brazil,Wisconsin,Manufacturing,Affiliate
CUST006145,Harold Gonzalez,robinsonmark@example.com,2024-12-09,United States,Hawaii,Manufacturing,EMAIL
CUST005534,Kelly Baker,charles57@example.net,12-09-2025,Singapore,Delaware,Logistics,SOCIAL
CUST008460,Tara Cole,cherylgriffin@example.com,24 Feb 2023,Germany,Delaware,Hospitality,affiliate
CUST001548,Kathryn Garrett,rowlandsonya@example.com,2023-02-08,Australia,Alabama,Education,SOCIAL
CUST005536,Steven Johnson,jonathanryan@example.org,2024-07-30,Brazil,Washington,Technology,EMAIL
CUST000632,Andrew Meyers,ginamoore@example.net,2025-06-13,AUS,,,REFERRAL
CUST005250,Robert Perez,lkrause@example.com,12-08-2023,Brazil,North Carolina,Logistics,social
CUST007492,  Shawn Johnson  ,kristin03@example.net,2025-07-26,INDIA,North Carolina,Retail,Partner
CUST000856,Angela Guzman,lesterrichard@example.com,04/18/2025,IN,Texas,Retail,Affliate
CUST001638,Erik Aguirre,jenniferrobbins@example.net,2026-02-19,australia,Oklahoma,Finance,social
CUST004495,Travis Morgan,angela14@example.com,2024-06-20,Canada,Connecticut,Logistics,  PAID SEARCH  
CUST005274,Anthony Smith,smorris@example.net,15-10-2023,france,Maine,Technology,paid search
CUST008859,Steven Hicks,jlee@example.net,2026-04-07,Germany,,Technology,Social
CUST004862,Maureen Weber,khenderson@example.org,08-04-2026,India,Illinois,Retail,Display
CUST004882,Joseph Thomas,james22@example.org,25-06-2025,Brazil,Alaska,Healthcare,Referral
CUST004841,Julie Gonzales,judithnguyen@example.com,2025-02-24,India,Wisconsin,Retail,Facebook Ads
CUST005433,Carol Hunter,christinapaul@example.net,2024-04-05,U.A.E,Mississippi,Media,paid search
CUST001383,Laura Kelley,,2023-06-21,AUS,Arkansas,Hospitality,Affliate
CUST006822,Hannah Richard,robin69@example.com,2024-06-28,Canada,Wyoming,,display
CUST001043,Mark Mills,myerskyle@example.org,2023-01-03, India,Rhode Island,Technology,SEO
CUST008521,Jacqueline Hughes,robertlopez@example.org,2024-04-30,AUS,Texas,Logistics,Organic Search
CUST007824,Colleen Park,longbreanna@example.net,12/12/2023,DE,Louisiana,Hospitality,Email Marketing
CUST005439,Daniel Bailey,bmoody@example.com,19-09-2023,IN,Nevada,Media,organic
CUST003040,Clinton Day,kaitlynfrey@example.net,2025-06-02,Australia,Hawaii,,referral
CUST002156,Kristen Hoover,audrey53@example.net,2023-12-30,India,,Finance,email
CUST000847,George Jones,wsimmons@example.org,22 Jan 2024,brazil,Tennessee,Healthcare,Instagram
CUST005048,Monica Hunt,sandersjoshua@example.org,31 Aug 2025,IN,Hawaii,,display
CUST005111,Jacqueline Pena,wwright@example.net,30-01-2025,  U.K.  ,New Mexico,Technology,Organic Search
CUST004499,John Bond,william47@example.com,2023-05-13,  Brazil  ,Illinois,,Facebook Ads
CUST007871,Kristie Faulkner,suttonkristi@example.org,2024-08-23,BR,New Mexico,Manufacturing,Organic Search
CUST008101,Ethan Ford,alexander33@example.com,,Canada,Minnesota,Real Estate,Google Ads
CUST007336,Alexander Young,ssmith@example.com,04 Mar 2025,U.A.E,New Mexico,Hospitality,Affliate
CUST009470,  Curtis Brown  ,john80@example.org,2026-02-17,UAE,Wisconsin,Real Estate,Banner
CUST000889,Dalton Mitchell,karencarson@example.net,,france,Texas,Finance,EMAIL
CUST003292,Darrell Cameron,barbara22@example.net,2025-01-24,Singapore,Rhode Island,Hospitality,REFERRAL
CUST001726,Tracy Robinson,myersedward@example.com,2026-07-11,brazil,Illinois,Finance,SEO
CUST004036,Gina Jordan,singletonnicole@example.net,12-08-2025,UK,Missouri,Manufacturing,AFFILIATE
CUST001245,Shawn Baker,anunez@example.com,22-03-2025,France,Arizona,Logistics,PPC
CUST004808,Joseph Stevens,joseholland@example.org,22 Dec 2025,U.S.A,Kansas,Healthcare,Affliate
CUST002420,Daniel Weaver,brandon34@example.org,2025-01-04,United States,Illinois,Logistics,PPC
CUST007059,Jose Todd,kfreeman@example.com,2026-04-12,United Kingdom,California,Finance,email
CUST009648,Laura Cooper,ronaldruiz@example.org,01/26/2025,USA,Mississippi,Hospitality,AFFILIATE
CUST003274,Christina Simon,,2023-09-14,US,Nebraska,Manufacturing,Paid-Search
CUST003955,Thomas Bridges,marialucas@example.com,2025-11-21,Canada,New Jersey,Finance,Referal
CUST002267,Crystal Montoya,kbrown@example.org,02 Aug 2024,United states,Illinois,Media,Email
CUST005189,Lindsay Shannon,oscarking@example.com,2026-07-08,Germany,Oregon,Retail,Email Marketing
CUST005723,Kevin Maldonado,joseph94@example.org,04 May 2023,CA ,North Dakota,Media,Paid-Search
CUST001669,Michael Cole,chadwilson@example.org,2026-06-14,BR,New York,Finance,social
CUST002221,Christopher Jones,agomez@example.net,,U.S.A,Ohio,Real Estate,referral
CUST009725,John Johnson,trujillobrianna@example.org,08-03-2026,canada,Louisiana,Technology,REFERRAL
CUST003125,Kimberly Scott,mhopkins@example.net,,Canada,,Hospitality,referral
CUST003185,Steven Greene,campbellrichard@example.net,14 May 2026,Canada,Colorado,Real Estate,Paid Search
CUST003562,Brenda Young,raymondmann@example.org,,US,Nevada,Real Estate,SEO
CUST007327,Kimberly Cole,craigshannon@example.com,2024-02-20,DE,California,Healthcare,EMAIL
CUST004219,Abigail Webb,david06@example.org,31 Mar 2024,singapore,,Retail,referral
CUST007264,Melanie Holt,james81@example.org,2026-03-12,   India  ,Colorado,Media,DISPLAY
CUST009124,Angela Neal,,2024-12-04,  canada  ,Illinois,,Paid-Search
CUST006281,Sara Hopkins DDS,wendycarter@example.net,2025-03-31,singapore,Mississippi,Hospitality,Email
CUST002394,Taylor Shepard,james91@example.net,25-10-2023,United Arab Emirates,Wyoming,Media,ORGANIC
CUST002074,Scott Ayers,castropeter@example.com,2026-04-07,india,Alaska,Media,  Affliate  
CUST004980,Robert Gordon,wheelersabrina@example.net,02/12/2023,Brazil,,Hospitality,Facebook Ads
CUST005448,George James,flewis@example.org,2023-08-18,France,,Media,Affiliate
CUST007517,Johnny Brown,sanchezgregory@example.net,2024-11-24,Canada,,Real Estate,SEO
CUST003106,Dr. Nicole Maddox,combsbrenda@example.net,03/23/2025,CA ,Arizona,Hospitality,  Email  
CUST003022,Ricky Thompson,rjordan@example.org,2023-12-13,UAE,,Media,display
CUST003749,Megan Khan,williamgross@example.net,15-11-2025,australia,South Carolina,Media,Display
CUST007317,Darius Taylor,jennifer36@example.org,2025-12-12,BR,Delaware,Retail,affiliate
CUST002831,Rebecca Dean,angelica96@example.org,25-06-2024,germany,Oregon,Manufacturing,Affiliate
CUST007073,Kevin Shepherd,jacobmason@example.org,2026-05-03,Australia,West Virginia,Real Estate,PAID SEARCH
CUST009471,Amy Zavala,kelli74@example.org,08/02/2024,Singapore,Idaho,Real Estate,SEO
CUST008481,Jessica Huff,hgarza@example.com,2023-08-05,United Kingdom,Wyoming,Education,Affiliate
CUST001212,Kathryn Hampton,matthewspatrick@example.net,2023-10-30,germany,Arizona,Retail,  Organic Search  
CUST007232,Amy Rice,zwiley@example.net,2023-05-01,UAE,Maine,Technology,Organic Search
CUST001084,Tammy Johnson,meltonjoshua@example.net,10/17/2025,BR,Wisconsin,Technology,Display
CUST003844,Hayden Nguyen,christopher02@example.net,27 Oct 2025,U.S.A,,Healthcare,Social
CUST006589,Philip Graves,nkelly@example.net,01/08/2025,singapore,,Logistics,Referral
CUST000417,William Graham,maryscott@example.net,2023-01-27,U.K.,California,Media,E-mail
CUST006642,Maria Delgado MD,wrightmichael@example.com,2026-06-03,France,,Media,Display
CUST006033,Alan West,nhartman@example.net,2025-03-26,england,Missouri,Education,Referal
CUST007926,Bonnie Gomez,chadpeterson@example.org,08-06-2026, India,Maryland,,E-mail
,Benjamin Sexton,cuevasscott@example.net,2024-10-08,brazil,Maryland,Real Estate,DISPLAY
CUST000872,Shawn Duffy,andrewjohnson@example.net,2025-02-19,singapore,Tennessee,Retail,organic
CUST005756,  Joshua Johnson  ,trevinoemily@example.org,13-10-2023,canada,Virginia,Media,DISPLAY
CUST006950,Daniel Owens,vrodriguez@example.com,09/25/2025,U.A.E,Georgia,Healthcare,Paid Search
CUST009190,Alicia Hamilton,trevor65@example.org,2023-07-14,BR,New Mexico,,Email Marketing
CUST007272,Dawn Rivera,whitney23@example.com,2026-03-06,Brazil,Kansas,Technology,Referal
CUST002002,Jerry Rogers,qjones@example.org,2023-08-10,AUS,Vermont,Healthcare,Affiliate
CUST004697,Robert Bowers,brianpowell@example.com,05-12-2025,france,Oklahoma,Media,  AFFILIATE  
CUST007208,ROBERT ROBERTS,xlewis@example.com,2024-05-25,germany,Minnesota,Education,Instagram
CUST008224,KRISTEN MOORE ,,12/14/2024,Australia,Massachusetts,Finance,social
CUST003819,  Jill Baker  ,cunninghambecky@example.com,02/22/2023,australia,,Real Estate,organic
CUST005476,Sara Todd,perezmichelle@example.org,10/29/2024, India,Georgia,Hospitality,Display
CUST005414,Destiny Nichols,staceygoodwin@example.com,06/25/2025,India,Maryland,Finance,SOCIAL
CUST001818,Rhonda Brooks,rwashington@example.net,2023-01-05,United Arab Emirates,,Manufacturing,email
CUST003903,Joel Smith,richard96@example.com,,germany,Utah,Manufacturing,Instagram
CUST008771,  Rachel Hunter  ,osborneeric@example.net,28-02-2023,france,,Retail,Instagram
CUST002818,Jasmine Martin,ielliott@example.org,2026-04-08,australia,Missouri,Real Estate,  organic  
CUST001211,  Paul Swanson   ,,2024-06-15,CA ,,Media,Display Ads
CUST006110,Sandra Logan,walkerbianca@example.com,13-02-2025,Canada,Washington,Real Estate,organic
CUST000920,Katherine Young,kiddmichael@example.com,2024-11-09,UAE,Minnesota,Healthcare,  display  
CUST008708,Brian Davis,parkersherri@example.org,2024-08-03,United States,Connecticut,Education,EMAIL
CUST002471,Scott Griffin,mchapman@example.net,2025-05-02,Germany,Louisiana,Education,Referal
CUST006395,Krista Camacho,brookedavis@example.com,2023-01-11,england,Montana,,Display Ads
CUST007130,Sean Haynes,justinchandler@example.com,2025-08-23,  canada  ,Iowa,Finance,email
CUST003554,Ashley Sexton,hcollins@example.com,2025-09-27,germany,Alabama,Media,social media
CUST009966,Dr. Maurice Moss,parsonsjacqueline@example.net,04/29/2023,Singapore,Connecticut,Retail,organic
CUST005212,Wendy Bullock,ryan59@example.com,07/24/2026,brazil,Connecticut,Media,PPC
CUST007070,Regina Hawkins,heatherglover@example.net,03-03-2026,India,Texas,Retail,Referal
CUST003520,  Shannon Chavez  ,fhickman@example.com,06-03-2024,United Kingdom,Vermont,Retail,social
CUST003825,Jennifer Moore,ibates@example.org,01/28/2024,U.S.A,Michigan,Logistics,display
CUST007622,  Joseph Parker  ,edwardbaker@example.org,2026-05-12,  France  ,,Manufacturing,email
CUST002904,Brandy Roberts,bowmankylie@example.com,29-07-2025,United Kingdom,Washington,Manufacturing,Referal
CUST003965,Phillip Fischer,lopeztheresa@example.com,2025-12-23,england,South Carolina,Finance,Referal
CUST005128,Briana Williams,wendy25@example.org,2024-07-07,United Kingdom,Tennessee,Education,display
CUST004410,Michelle Meyer,cathycarrillo@example.net,2026-04-07,germany,Idaho,Retail,Display
CUST006561,Zachary Vasquez,megan01@example.com,2025-08-09,India,Missouri,Retail,social media
CUST000066,  Steven Houston  ,tracynelson@example.com,15-02-2026,Australia,Alaska,Manufacturing,Affliate
CUST007014,Jennifer Montoya ,,01/20/2023,France,Massachusetts,Real Estate,social media
CUST001026,Juan Johnson,mjohnson@example.org,2026-01-30,United Kingdom,,Real Estate,social media
CUST005944,Michael Lawson,pbrown@example.net,,  United Kingdom  ,Ohio,Real Estate,Email Marketing
CUST001290,Dominic Davis,bdennis@example.org,10/24/2024,AUS,,Retail,REFERRAL
CUST009614,Seth Black,,10-05-2025,Singapore,Alaska,Finance,Social
CUST008434,Tracy Delgado,zwilliams@example.org,2024-06-12,singapore,Alabama,Technology,REFERRAL
CUST008250,Sandra Russell,graymichele@example.com,2025-09-13,Australia,Connecticut,Real Estate,Paid-Search
CUST009324,Jared Taylor,kevinlamb@example.com,21-06-2023,Australia,Maryland,Retail,Partner
CUST006101,Monica Hodges,gsimon@example.org,2024-08-26,INDIA,Georgia,Media,Organic Search
CUST005726,Julie King,loribowman@example.net,,australia,New Hampshire,,organic
CUST006214,Lindsay Morgan,andreawells@example.net,2024-08-07,IN,Massachusetts,Technology,AFFILIATE
CUST000463,Denise Cruz,pmarsh@example.org,10/11/2025,FR,Delaware,Education,Banner
CUST002134,Wayne Wilson,james58@example.com,2023-03-04,FR,Ohio,Logistics,social media
CUST000288,Sarah Valdez,davisnicholas@example.net,2024-01-25,SG,New Mexico,Technology,social
CUST007893,Deanna Mccarty,jeremy18@example.net,2023-07-04,australia,Oklahoma,,organic
CUST003025,Anna Barker,zholden@example.com,2025-06-16,Australia,Michigan,,Affliate
CUST005117,James Williams,joyceobrien@example.net,2025-07-12,USA,,Technology,affiliate
CUST002264,Todd Daniels,adam10@example.com,2025-02-03,BR,,Hospitality,Affiliate
CUST003138,Shannon Taylor,shieldskelly@example.net,2024-06-05,AUS,Arkansas,Technology,Display
CUST000654,Michelle Long,meyershannon@example.org,2024-09-03,singapore,Kansas,Real Estate,Affiliate
CUST007291,  Kyle Smith  ,linda51@example.org,2024-07-06,United Kingdom,,Retail,EMAIL
CUST008779,  Vicki Phillips  ,brandon13@example.com,2023-01-18,england,New Mexico,Hospitality,PAID SEARCH
CUST003363,Crystal Medina,jameswood@example.net,2024-05-09,FR,Nebraska,Logistics,Paid-Search
CUST009098,Lauren Cohen,jwalker@example.com,2025-02-22,United Kingdom,Tennessee,Healthcare,SEO
CUST005249,NICOLE SNYDER,morenobruce@example.com,,UK,Arizona,Media,Google Ads
CUST003732,  Makayla Young  ,jody47@example.com,12/30/2024,CA ,Idaho,Hospitality,Referral
CUST007282,Pedro Russell,william94@example.net,13-10-2024,AUS,California,Real Estate,Email Marketing
CUST009151,Priscilla Sanchez,obond@example.org,2024-03-25,Australia,Nevada,Media,Banner
CUST003481,Michael Rodriguez,beth38@example.net,06-11-2024,Singapore,Nevada,Healthcare,Display Ads
CUST001262,Patrick Simpson,qnielsen@example.org,08/08/2024,United States,Illinois,Hospitality,E-mail
CUST004266,Nancy Logan,jesse55@example.org,2023-12-28,United Kingdom,Nevada,Real Estate,Organic
CUST005671,Joy Navarro,onelson@example.net,2024-11-14,Canada,Nevada,Retail,social media
CUST000092,Wanda Torres,lynchjody@example.org,06/04/2026,CA ,South Dakota,Logistics,Affliate
CUST005024,Maria Jensen,owilson@example.net,05/11/2023,Brazil,Iowa,Healthcare,Display Ads
CUST002095,Victoria Padilla,,2025-06-20,england,Idaho,Real Estate,email
CUST003110,Clinton Peterson,holly18@example.net,22 Sep 2025,United Arab Emirates,,Technology,  Display Ads  
CUST002487,Thomas Neal,tara69@example.net,2026-04-21,United Arab Emirates,Tennessee,Manufacturing,SOCIAL
CUST002559,Heather Clarke,garciakelly@example.com,2025-09-08,Germany,Utah,Media,Affliate
CUST001636,Jacob Schaefer,lukekelly@example.net,03/01/2024,United states,Florida,Logistics,display
CUST007849,Susan Hill,gbell@example.org,2025-11-11,USA,Utah,Technology,SEO
CUST009235,Travis Richard,vstafford@example.net,2023-08-22,Singapore,North Dakota,Technology,affiliate
CUST007952,Audrey Goodman,simmonsmorgan@example.com,07/06/2025,Germany,Alaska,Education,Email Marketing
CUST001428,Eddie Davis,ehoffman@example.com,2024-02-23,CA ,Vermont,Manufacturing,affiliate
CUST004075,Mr. Steven Miller,jeffrey10@example.com,12-06-2025,India,Colorado,Real Estate,DISPLAY
CUST009086,Kirsten Gibson,tanneroneal@example.net,2023-01-07,germany,Rhode Island,Finance,organic
CUST008014,Melissa Davis,jimmy40@example.org,2023-01-19,CA ,Montana,Retail,REFERRAL
CUST003715,Kimberly Hernandez,kennedyadam@example.net,14-10-2023,USA,New Hampshire,Education,Social
CUST008311,  Jerry Fernandez  ,chelsealang@example.com,04-10-2025,Australia,Ohio,Logistics,email
CUST003320,Austin Wiley,sydneyruiz@example.com,2026-01-17,Singapore,New Hampshire,Retail,DISPLAY
CUST005979,Stephen Norman,,09-02-2024,AUS,Colorado,Retail,Affiliate
CUST003716,Krista Taylor,rking@example.org,,Singapore,Nevada,Media,Affiliate
CUST008257,Jessica Thompson ,,2023-12-30,U.S.A,Iowa,Logistics,  AFFILIATE  
CUST004546,Kurt Simmons,austinrodriguez@example.net,2023-10-25,Australia,Minnesota,Media,Referral
CUST001108,Anne Mccann,sierrawilson@example.net,19-03-2025,BR,Tennessee,Education,organic
CUST005097,Marie Fitzgerald,kelly26@example.net,2023-09-19, India,Arkansas,Retail,DISPLAY
CUST002117,Sherry Contreras,jack86@example.org,2025-09-28,UAE,Wisconsin,Hospitality,SEO
CUST000878,Alyssa Cherry,,2025-02-03,USA,Pennsylvania,Healthcare,referral
CUST003503,Karen Rodriguez,kimberlybennett@example.net,01/22/2023,brazil,Rhode Island,Retail,Organic Search
CUST005481,Stacey Perez,michaelrodriguez@example.com,2026-07-14,  BR  ,Virginia,Logistics,Display Ads
CUST006803,Roger Harrison,ojones@example.org,01-11-2025,U.A.E,Mississippi,Manufacturing,referral
CUST003396,  GREGORY OLIVER  ,amandadunlap@example.org,2026-01-04, India,Pennsylvania,Manufacturing,Affliate
CUST000829,Wanda Martinez,rhardy@example.net,09/21/2025,DE,Wyoming,Real Estate,organic
CUST008952,William Scott,daniellebishop@example.com,18-07-2023,United states,Tennessee,Retail,Google Ads
CUST009563,Jennifer Rowland,teresaschmidt@example.com,09/07/2025,  germany  ,,Real Estate,Referal
CUST000481,Sonya Gordon,mbarnes@example.net,2026-01-19,BR,,Manufacturing,Display Ads
CUST008320,Craig Hull,karen18@example.org,2025-05-05,australia,Wyoming,Real Estate,  Paid Search  
CUST007532,Mikayla Russell,elizabeth26@example.org,25-03-2025,CA ,Nevada,Healthcare,Affiliate
CUST001529,Martin Jones,wgoodwin@example.com,01-09-2023,AUS,,Real Estate,ORGANIC
CUST002611,Bryan Yates,rileymelissa@example.org,11-10-2024,Canada,,Real Estate,Affliate
CUST000046,  Michael Reyes  ,garrisonjeffrey@example.com,2025-09-05,United States,Minnesota,Technology,Organic Search
CUST007851,JEFFERY REESE,mdavis@example.net,2025-01-16,IN,,Manufacturing,PAID SEARCH
CUST006593,Scott Hurley,sarahmorgan@example.org,2024-01-06,canada,Minnesota,Retail,Affliate
CUST005336,Amanda Lloyd,mitchellkrista@example.net,14-01-2024,india,Colorado,Retail,organic
CUST004500,Stephen Cunningham,carriemunoz@example.org,2025-11-30,DE,,Logistics,E-mail
CUST002369,Samuel Vazquez,kimberlyperez@example.org,2026-04-24,Australia,Nevada,Education,Affliate
CUST009088,Jonathan Raymond,agross@example.com,2024-10-07,USA,Washington,Logistics,Display
CUST003631,Patricia Wright,kelseybrown@example.org,2024-03-20,UK,Pennsylvania,Media,social
CUST007903,RHONDA GOMEZ,dylancampos@example.org,02-01-2023,India,Kentucky,,Referral
CUST002169,Tammy Duncan,xcompton@example.com,2025-03-12,AUS,Alabama,Hospitality,social
CUST009681,Aaron Jenkins,branchjeremiah@example.net,24-06-2026,Germany,Minnesota,Healthcare,paid search
CUST006475,Monica Smith,mary55@example.net,2024-07-01,germany,Tennessee,Finance,Banner
CUST005670,Christopher Franklin,thomas80@example.net,08 Apr 2023,australia,Connecticut,Healthcare,referral
CUST003380,Nicholas Ruiz,gmclean@example.net,2025-09-27,france,Wisconsin,Finance,SEO
CUST000186,Jonathan Young,brooksanthony@example.org,07/30/2023,BR,Virginia,Healthcare,Display
CUST002664,Kimberly Nunez,kristen78@example.org,2025-04-05,india,Alabama,Media,Organic Search
CUST000298,Eric Ward,curtis12@example.com,27-08-2025,France,New Hampshire,Finance,Paid-Search
CUST004047,Christie Davis,tyler86@example.org,2026-07-25,U.S.A,New Mexico,Logistics,affiliate
CUST004943,  Edward Watkins  ,wellsvalerie@example.net,08/16/2024,United Kingdom,Pennsylvania,Education,AFFILIATE
CUST004720,Jennifer Stewart,dwaters@example.net,2026-05-28,India,Arizona,Manufacturing,Organic
CUST005822,Tanya Thompson,jeffguzman@example.org,2024-03-29,U.A.E,Missouri,,SEO
CUST001215,Teresa Williams,nallen@example.net,2023-12-03,india,,Healthcare,paid search
CUST002103,Toni Brewer,bryanmcdaniel@example.org,2026-05-21,India,New Hampshire,,Google Ads
CUST004740,  Charlene Frazier  ,clarkalexander@example.com,2024-10-11,US,New York,Healthcare,Facebook Ads
CUST005906,Joshua Hawkins,omiller@example.com,2025-04-23,singapore,Maryland,Technology,Referral
CUST002119,Kenneth Bauer,daniel15@example.org,2024-12-05,england,,Technology,paid search
CUST004706,Kimberly Kim,allen09@example.org,17-05-2026,  FR  ,Vermont,Healthcare,SEO
CUST008279,Justin Rice,morrismaria@example.com,2025-12-13,US,Ohio,Media,PPC
CUST004327,Mr. Michael Madden PhD,wperez@example.com,02/07/2023,SG,,Media,Partner
CUST005023,  Rebecca Fowler  ,tracy50@example.net,2024-03-28,BR,Arkansas,Hospitality,email
CUST009663,Chris Mason,penajanice@example.com,05/06/2026,Brazil,Alabama,Healthcare,Referral
CUST006625,Maurice Padilla,timothy42@example.net,11/26/2024,BR,Vermont,Education,ORGANIC
CUST005235,Christopher Wilcox,samanthamoore@example.net,08/19/2023,FR,,Healthcare,Facebook Ads
CUST000628,Michael Gill,fhansen@example.com,15-12-2024,singapore,Tennessee,Finance,Banner
CUST002821,Frank Tran,zgrimes@example.net,2026-03-25,australia,North Carolina,Media,Paid-Search
CUST007274,Tracy Combs,gabrielhurst@example.org,2024-11-13,US,Michigan,Real Estate,Referral
CUST009212,Sarah Gonzales,smithchristopher@example.org,2024-08-12,IN,Georgia,Logistics,Partner
CUST004762,Emily Merritt,christophercannon@example.org,03 Jun 2026,FR,Iowa,Real Estate,ORGANIC
CUST002008,Heather Roth,ryanrodriguez@example.net,2025-11-16,United States,New York,,DISPLAY
CUST001528,Miranda Richardson,donald37@example.org,2024-08-23,india,Kentucky,Hospitality,Affliate
CUST001559,Nathan David,ccrane@example.net,06/08/2023,UAE,Missouri,Retail,email
CUST006001,Juan Peters,april30@example.com,09-05-2026,BR,,Retail,Organic
CUST009503,Alison Parker,julia13@example.com,2023-02-04,U.K.,Connecticut,Manufacturing,referral
CUST001533,James Walsh,rosalesbrandy@example.org,06 Dec 2023,US,Pennsylvania,Education,Display
CUST000608,Andre Rodriguez,coreyduncan@example.com,07/09/2026,France,,Real Estate,Paid Search
CUST004233,Andrew Jones,morriskevin@example.net,11/27/2023,Australia,Arizona,Real Estate,  Affiliate  
CUST000790,William Ferguson,knapprichard@example.com,14-04-2026,brazil,,Finance,Organic
CUST009897,Annette Bush,whitemegan@example.net,07/12/2024,UK,New Mexico,Education,  DISPLAY  
CUST004629,Gary Meyers ,,2025-05-01,United Arab Emirates,Texas,,PAID SEARCH
CUST001036,Philip Martinez,charles18@example.com,05/23/2026,BR,Nebraska,Healthcare,Display Ads
CUST006297,Sean Mcgee,garybuck@example.com,11-10-2023,US,Missouri,Healthcare,Organic Search
CUST007242,Antonio Schroeder,iflores@example.com,25-10-2025,france,North Carolina,,Referral
CUST008877,Michael Allen,gloria01@example.net,2024-09-10,US,Washington,Technology,display
CUST006188,Ashley Walters,erika44@example.net,2026-07-04,U.S.A,Maryland,Technology,  paid search  
CUST003615,Kevin Cook,iblake@example.org,27-11-2025,singapore,Missouri,Logistics,Partner
CUST003434,Kayla Simmons,erin67@example.com,2024-06-08,INDIA,South Dakota,Finance,E-mail
CUST009857,Dr. Penny Smith DVM,elizabethhinton@example.net,2024-03-12,Singapore,Nebraska,Manufacturing,Google Ads
CUST006710,Kelsey Bennett PhD,corygardner@example.com,2024-07-24,United Kingdom,,Media,social media
CUST001714,Jasmine Garrett,thomasgonzalez@example.com,2026-06-24,U.K.,Rhode Island,Media,Email
CUST007837,Christine Kelley,edwardkelly@example.net,2024-09-16,INDIA,,Healthcare,Referral
CUST003338,David Hoffman,iacevedo@example.net,29-10-2024,CA ,Michigan,Manufacturing,Referral
CUST003852,  Allen Sanchez  ,wagnerroberta@example.com,2026-05-06, India,Oklahoma,Healthcare,Organic
CUST004162,Joseph Fox ,,2023-02-27,Canada,,Retail,AFFILIATE
CUST002779,Stephen Alvarez,kimberly90@example.net,09-02-2026,U.K.,New Hampshire,Education,  Display  
CUST002716,Miguel Garcia,brookemartin@example.org,2025-03-07,india,Mississippi,Hospitality,ORGANIC
CUST004847,  Jeanette Odonnell  ,jennifer50@example.net,2023-01-13,U.A.E,Idaho,,ORGANIC
CUST000500,Allison Black,willie87@example.com,05-01-2023,brazil,Arizona,Technology,Paid Search
CUST005039,Christy Moreno,quinnjohn@example.com,,singapore,New Mexico,Education,paid search
CUST008973,Melvin Yang,pamelakelly@example.com,26-03-2025,Singapore,,Healthcare,email
CUST005487,Daniel Garcia,morgan00@example.org,,United Kingdom,Oklahoma,,Organic
CUST006308,Lynn Wong,simonmelanie@example.org,,IN,Missouri,Media,Referal
CUST002342,Holly Barnett,xsullivan@example.net,10 Jul 2024,france,Louisiana,Education,Affliate
CUST003388,Jesse Hancock,aaronmurphy@example.com,2024-02-28,brazil,Maine,Finance,DISPLAY
CUST000122,James Webb,patrickhoward@example.com,2026-02-16,Canada,Vermont,Education,EMAIL
CUST007271,Daniel Hill,maryburns@example.org,2025-06-13,england,,Logistics,PAID SEARCH
CUST001924,Monica Wilkinson,dkelley@example.com,2023-08-03,france,Indiana,Hospitality,affiliate
CUST005744,Kristina Gilbert,kennedyevan@example.com,04/12/2023,Singapore,Michigan,Healthcare,Banner
CUST000445,Caroline Duran,xglover@example.org,01/17/2023,U.A.E,Florida,Real Estate,Email
CUST004954,Omar Adams,erica50@example.com,05-06-2025,Germany,Utah,Manufacturing,Instagram
CUST003864,Joseph Hardin,qjohnson@example.com,07/31/2025,United states,Hawaii,,E-mail
CUST007203,Deborah Wilson,albert83@example.org,05/04/2024,BR,Florida,Hospitality,Email
CUST004000,Thomas West,elizabethpalmer@example.net,2024-09-24,canada,Mississippi,Hospitality,Social
CUST001752,Andrew Perez ,,2023-10-12,  australia  ,Pennsylvania,Education,social
CUST001944,Scott Kelly,amandasnyder@example.com,2023-02-09,U.A.E,Oklahoma,Education,organic
CUST003932,Tanya Rivera,nancy14@example.org,07/14/2024,AUS,Rhode Island,Retail,  Instagram  
CUST006299,Elizabeth Sherman,wardkimberly@example.com,03/26/2025,U.S.A,Georgia,Media,organic
CUST005358,Andrea Peterson,terrence99@example.org,2025-09-11, India,Mississippi,Retail,  social  
CUST007100,Renee Holland,kristakim@example.com,2024-09-08,UK,Iowa,Hospitality,  EMAIL  
CUST004131,Brian Wheeler,ericksonkatherine@example.com,07/05/2026,India,California,Finance,referral
CUST006620,Pamela Kelley DDS,vanessadillon@example.com,21-12-2024,BR,Indiana,Real Estate,SOCIAL
CUST003091,Nicholas Price,ostevens@example.com,17-01-2023,Canada,Wisconsin,Education,social media
CUST007426,Angel Buck,xballard@example.org,06/09/2024,Australia,South Carolina,Finance,Affliate
CUST003904,Shannon Taylor,jefferymurray@example.org,03/10/2026,AUS,New York,Retail,SOCIAL
CUST009285,Ariel Wells,hrodriguez@example.com,,AUS,New Hampshire,Real Estate,DISPLAY
CUST008634,Karen Phillips,ericjenkins@example.com,2024-05-29,  Germany  ,California,,EMAIL
CUST007365,Erin Martinez,eugenewiggins@example.net,2024-11-17,U.A.E,Kentucky,,REFERRAL
CUST000947,Amanda Hernandez,kevin54@example.com,2023-09-28,DE,New York,,AFFILIATE
CUST000786,Carlos Clarke,kristinaperez@example.com,2023-11-16,BR,Maine,Retail,Email Marketing
CUST005867,Henry Fields,jasmine02@example.com,01-07-2025,DE,Nevada,Education,DISPLAY
CUST001900,Eduardo Scott,rebeccaharris@example.org,06-03-2025,england,Mississippi,Real Estate,REFERRAL
CUST004158,Roger Greene,brendafox@example.net,2025-07-07,U.K.,Georgia,Media,  DISPLAY  
CUST007956,Jessica Kaiser,ogalvan@example.com,2024-04-13,U.K.,South Carolina,Retail,E-mail
CUST006895,Alec Griffin,jose52@example.com,06-08-2025,england,Tennessee,Retail,Organic Search
CUST009492,  Frederick Vasquez  ,,2023-01-18, India,Connecticut,Hospitality,email
CUST006588,Jesse Clark,millerdavid@example.org,04/19/2024,AUS,,Hospitality,email
CUST006835,Christy Hicks,jillarnold@example.org,16-03-2024,SG,New York,Manufacturing,REFERRAL
CUST006657,Michelle Avery,gallegosaaron@example.net,2025-11-28,DE,Nebraska,Manufacturing,SEO
CUST009126,Nathan Mitchell,timothy83@example.net,15-04-2026,U.A.E,West Virginia,Technology,display
CUST001217,Rebecca Jacobson,udavis@example.org,05/20/2026,Brazil,Maine,Finance,PAID SEARCH
CUST000852,Ronald Brown,meghanadams@example.com,2023-03-27,  Germany  ,Tennessee,Real Estate,Email Marketing
CUST001964,Debbie Rivera,mariawilliams@example.com,2025-05-26,BR,Indiana,Hospitality,REFERRAL
CUST001203,Jeff Vaughan,qspencer@example.net,2024-02-19,  india  ,North Carolina,Hospitality,Paid Search
CUST000140,Bonnie Howard,briannasmith@example.com,01/26/2024,INDIA,Arkansas,Manufacturing,SEO
CUST004280,Margaret Perry,lewiseric@example.net,16 May 2024,germany,,Hospitality,display
CUST009817,Stephen White,elizabeth90@example.org,2024-05-19,INDIA,Missouri,Healthcare,Google Ads
CUST007684,Matthew Davis MD,pmckenzie@example.org,2025-08-07,UAE,New Hampshire,Finance,Organic Search
CUST005232,Taylor Hayes,zlynn@example.com,20-10-2023,INDIA,Iowa,Retail,Paid Search
CUST000615,Christopher Murillo,umahoney@example.net,2023-10-10,USA,Massachusetts,,Organic
CUST003457,Sandra Guerra,christopher99@example.org,2026-02-23,DE,Rhode Island,Hospitality,Display
CUST009216,Rebecca Hanson,xhenry@example.net,03-04-2024,india,Texas,Finance,Organic Search
CUST002589,Paul Johnson,fjackson@example.org,05/24/2026,UK,,Finance,Email
CUST000428,Becky Johnson,tracy72@example.com,2023-04-19,United states,,Media,Display
CUST001332,Ryan Webb,lobrien@example.net,01 Feb 2023,U.K.,,Education,social
CUST001536,Steven Smith,petersonkyle@example.org,2025-07-15,Singapore,Georgia,Education,REFERRAL
CUST004668,Katherine Roberts,jenniferdawson@example.net,03-08-2024,UK,Illinois,Real Estate,email
CUST007257,Pamela Fields,robert43@example.org,,UK,New Hampshire,Finance,Organic Search
CUST003412,Cory Nelson,reesealex@example.net,2024-11-17,IN,Iowa,,  Referral  
CUST002499,Christopher Houston,martindonald@example.com,12/18/2025,UAE,Arizona,Education,Banner
CUST005672,Kimberly Wood,shannon03@example.net,2025-01-21,Australia,Iowa,Education,Email Marketing
CUST005617,Jodi Strickland,phillipadams@example.org,,  CA   ,Kentucky,Media,AFFILIATE
CUST003625,Robert Smith,corysimpson@example.net,2023-09-27,DE,New Mexico,Education,Google Ads
CUST004729,Nancy Lawrence,kathleentaylor@example.net,01/19/2024,  BR  ,Ohio,Logistics,Google Ads
CUST001368,  Patricia Green   ,,01/29/2026,australia,Alabama,Real Estate,SEO
CUST007651,Devon Holmes,frank52@example.com,22 May 2026,england,,Logistics,EMAIL
CUST003953,Monica Peters,piercefrank@example.org,2025-02-28,United Arab Emirates,Montana,,Banner
CUST007193,Daniel Porter,xmoon@example.org,2023-05-15,France,Arizona,Retail,E-mail
CUST001923,Samantha Fleming,veronicasmith@example.net,04/10/2023,Germany,Louisiana,Media,REFERRAL
CUST001294,Melissa Simpson,kristibailey@example.com,2024-10-19,france,Virginia,Media,social
CUST003863,Michael Hanson,hannafrank@example.net,2023-07-04,INDIA,Rhode Island,,PPC
CUST001619,Tammy Reyes,garzalaura@example.org,2023-07-31,  CA   ,,Real Estate,display
CUST006969,Jamie Kidd,gregorymiller@example.com,2023-11-10,FR,Arizona,Hospitality,Display Ads
CUST004217,Alisha Boone,lsmith@example.com,2023-05-04,Brazil,,Hospitality,affiliate
CUST002574,Courtney Young,ecampbell@example.com,18 May 2025,INDIA,Alabama,Retail,Facebook Ads
CUST006904,Heidi Spears,chaneymichele@example.org,2023-05-11,DE,Oregon,Media,Email
CUST004037,Laura Sullivan,rasmussenmichael@example.com,17-06-2025,Singapore,Hawaii,Healthcare,SOCIAL
CUST000182,Cheyenne Gregory,smurray@example.com,04-05-2023,United Arab Emirates,,Technology,Email Marketing
CUST008455,Jason Cook,caleb51@example.com,2024-09-22,FR,Florida,Retail,referral
CUST009717,Brian Perry,dawndelgado@example.net,,canada,Alabama,Healthcare,E-mail
CUST006544,Cynthia Russo,zrobinson@example.com,19-03-2024,BR,,Technology,Facebook Ads
CUST003102,Alejandro Clayton,slong@example.net,2025-06-01,Australia,Rhode Island,,Display Ads
CUST007159,Kelly Williams,wryan@example.net,2025-07-11,US,Minnesota,Healthcare,Affliate
CUST003738,Stephanie Richardson,susan45@example.net,2025-12-12,Singapore,Idaho,Healthcare,Social
CUST005124,Michael Lyons,christopher42@example.com,11-09-2024,FR,Tennessee,Technology,SOCIAL
CUST001557,Ronnie Johnson,ugibbs@example.net,24 Nov 2024,Singapore,Oklahoma,Education,social media
,Sara Perez,briandavis@example.com,26-04-2026,Australia,New York,,Referral
CUST003946,Kelly Wheeler,randolphsharon@example.com,2024-12-12,INDIA,Washington,Media,display
CUST000554,Travis Pratt,nancy94@example.net,10/26/2025,United states,New Hampshire,Logistics,referral
CUST002025,Matthew Davis,wberry@example.com,05-09-2023,U.K.,South Dakota,Healthcare,social
CUST000991,Gina Pace,gibsonmark@example.org,03/19/2025,  UK  ,Connecticut,Healthcare,Email
CUST004176,Mrs. Meghan Sanders,lindamcmahon@example.com,17-02-2026,DE,Delaware,Finance,Social
CUST005916,Michael Ibarra,mlee@example.net,06 Feb 2023,UAE,,Healthcare,Email Marketing
CUST003501,Jeremy Weaver,asmith@example.net,19-03-2023,United States,New Mexico,,  ORGANIC  
CUST000348,Nicole Anderson,caseyelliott@example.net,2023-08-22,australia,Tennessee,Retail,SEO
CUST006361,Lindsey Gallegos,johnsonbelinda@example.com,2023-11-11,U.A.E,Maine,Healthcare,email
CUST007146,Nathan Gates ,,06-02-2025,U.A.E,Wyoming,Finance,Display
CUST002000,Eduardo Hall,bcooper@example.net,04/23/2023,AUS,Florida,Retail,Affliate
CUST007024,Thomas Walsh,paularamsey@example.org,2025-09-08,brazil,,Real Estate,ORGANIC
CUST000294,Amy Kim,petersonkayla@example.net,2023-12-01,india,Montana,Education,AFFILIATE
CUST009720,James Johnston,harrissharon@example.org,2024-07-11,CA ,Hawaii,Hospitality,Email
CUST002629,Carl Allen,stephenjohnson@example.net,31-12-2023,canada,,Healthcare,Referal
CUST008200,Anthony Moore,ronald52@example.org,2023-02-02,United States,South Dakota,Logistics,Facebook Ads
CUST007940,BONNIE BROOKS,briana60@example.com,06/17/2024,United States,Alabama,Education,Facebook Ads
CUST005773,Laura Nelson,yolanda34@example.com,2024-12-01,DE,Missouri,Manufacturing,Instagram
CUST001486,Lisa Walton,brewerdevin@example.org,2024-06-12,england,,,organic
CUST009885,Kurt Sanchez,xacosta@example.net,20-01-2026,US,Delaware,Real Estate,SOCIAL
CUST002632,Patricia Cross,larry04@example.net,2026-06-18,Brazil,Idaho,Media,Organic
CUST003915,Randall Anderson,dperez@example.com,,United States,Minnesota,Education,Google Ads
CUST007256,Barbara White,romanjames@example.com,12-07-2025,United states,North Carolina,Hospitality,Email Marketing
CUST003418,Carrie Mcconnell,josebarnes@example.com,2023-12-21,BR,Maryland,Technology,Paid Search
CUST008291,Jason Lopez,anthony46@example.net,2023-07-05,France,Missouri,Healthcare,Instagram
CUST007322,  Kristen Hodges  ,cpetty@example.net,05-08-2023,SG,,Education,Partner
CUST003150,Gary Myers,hcooper@example.net,06-05-2023,BR,Vermont,Logistics,Display Ads
CUST006829,Johnny Wood,blutz@example.org,02-02-2026,germany,,Education,Partner
CUST007546,Taylor Gordon,abigail06@example.org,2025-02-20,AUS,Louisiana,Healthcare,DISPLAY
CUST001963,Anthony Garrison,allenandrea@example.com,2026-01-26,CA ,North Dakota,Healthcare,organic
CUST001220,Dustin Ortiz ,,2026-07-14,United Arab Emirates,,Finance,AFFILIATE
CUST002907,Danielle Sullivan,cynthia64@example.com,11/29/2023,  Germany  ,Washington,Retail,Referral
CUST007515,Michael Price,beardtroy@example.org,23-11-2023,United states,New Mexico,Healthcare,Paid Search
CUST005210,Ann Gray,rebecca91@example.org,28-05-2025,U.S.A,Tennessee,Real Estate,affiliate
CUST002449,Cheryl Lee,schwartzlisa@example.org,2025-05-21,U.A.E,Maine,Logistics,PAID SEARCH
CUST009748,Alexis Grimes,daniel88@example.org,16 Jun 2023,australia,,Retail,Affliate
CUST000151,Matthew Walker,bellangela@example.org,23-03-2025,Australia,Wisconsin,Real Estate,DISPLAY
CUST005440,Aaron Gonzalez,nathanielsmith@example.net,2024-08-31,U.A.E,Kentucky,Media,paid search
CUST002096,Rhonda Rodriguez,jamesbrown@example.org,2025-04-03,United Arab Emirates,Rhode Island,Manufacturing,Organic
CUST008892,CONNIE OROZCO,marymcconnell@example.net,02 Dec 2023,brazil,Florida,Logistics,Organic Search
CUST001132,  Jacqueline Waters  ,lmann@example.com,25-09-2023,england,Minnesota,Real Estate,EMAIL
CUST008740,James Tucker,norrisstephanie@example.net,2024-12-28,USA,Nevada,,  Paid Search  
CUST005989,DANIEL EVANS,dianajacobson@example.com,,Singapore,Indiana,Manufacturing,display
CUST008117,WANDA HARRISON,butleranthony@example.org,2023-08-22,Canada,Hawaii,Retail,referral
CUST000299,Kayla Garcia,gomezchristopher@example.net,2023-09-26,France,Massachusetts,Hospitality,Paid Search
CUST001938,Brianna Adams,alexa14@example.net,2023-02-05,UK,,,Social
CUST006639,David Santana,sandrayoung@example.org,2025-07-05,India,Minnesota,Technology,REFERRAL
CUST002053,Michael Miller,qshelton@example.com,2024-06-24,Australia,Alabama,Media,REFERRAL
CUST002239,Francisco Sanchez,lawrencekari@example.com,13-03-2024,INDIA,Louisiana,Healthcare,affiliate
CUST008148,JESSICA SANCHEZ,russellsusan@example.org,01-06-2024,singapore,Wisconsin,Technology,Referal
CUST005697,Michael Garrison,lindawagner@example.com,06/26/2026,Brazil,Colorado,Finance,PPC
CUST000355,Alexis Lewis,fryraymond@example.com,2026-01-30,australia,,Retail,social media
CUST000169,Jacob Mitchell,gilbertwilliam@example.com,01/15/2026,IN,Pennsylvania,Manufacturing,referral
CUST005546,Daryl Parsons,joshuarodriguez@example.org,01/21/2024,Singapore,Montana,Finance,display
CUST005065,Randy Scott,phillipsemily@example.net,2025-10-03,U.A.E,Kansas,Media,referral
CUST004493,Michele Allen,katherineburns@example.net,2025-12-17,UAE,Tennessee,Media,Organic
CUST004318,Matthew Hall,omejia@example.org,2024-09-13,U.S.A,,Media,social
CUST002213,Joseph Perez,bpeterson@example.com,18-05-2026,AUS,Vermont,Education,Social
CUST006899,Amy Hoover,michaeljohnson@example.org,2023-11-27,Brazil,Texas,Hospitality,AFFILIATE
CUST002225,  Jessica Wagner  ,,09/23/2023,  United States  ,Louisiana,Finance,ORGANIC
CUST003659,Jennifer Miller,millerwendy@example.net,07/16/2025,UAE,Montana,Media,Partner
CUST007718,Kristin Mueller,trevinohayley@example.net,10/28/2023,United Arab Emirates,Wyoming,Retail,SEO
CUST009943,Travis Spencer,joshua59@example.net,2025-12-22,INDIA,Massachusetts,Finance,affiliate
CUST000245,Ryan Peck,osbornrandy@example.com,2025-04-18,U.S.A,,,referral
CUST008335,Ms. Sarah Mitchell,jacob83@example.net,2023-10-12,Canada,Missouri,Technology,Display
CUST000721,Diana Anderson,joshua40@example.net,25-01-2024,FR,Delaware,Hospitality,Affiliate
CUST000357,Bradley Miller,terrimoore@example.com,11-08-2025,Brazil,Montana,Logistics,Google Ads
CUST000694,Laura Davis,tdavis@example.net,14-06-2026,australia,Tennessee,Media,SOCIAL
,Joshua Myers,caroldavis@example.net,03-07-2024,canada,,Media,Banner
CUST003374,William Mcbride,vdiaz@example.org,2024-06-20,United Kingdom,Illinois,Education,EMAIL
CUST005538,Brent Sanders,brittany66@example.org,16-05-2025,Canada,New Mexico,Retail,Social
CUST000512,  Ruben Lee  ,emilybradley@example.org,01/25/2025, India,Wisconsin,Finance,referral
CUST003580,Richard Benson,davidgreen@example.org,08/27/2024,France,Arizona,Education,E-mail
CUST000931,Peter Keller,rachelbrown@example.net,25-10-2024,DE,Virginia,Finance,SOCIAL
CUST002133,Renee Lewis,david97@example.org,2026-06-24,australia,Wyoming,Logistics,Email Marketing
CUST007299,Angela Gross ,,2025-02-03,Canada,New Hampshire,Healthcare,SOCIAL
CUST000630,Laura Rodriguez,whenderson@example.org,2025-05-30,Singapore,,Real Estate,paid search
CUST009498,Ebony Parker,tgreene@example.net,16 Sep 2024,  IN  ,,Manufacturing,affiliate
CUST007864,Melissa Ruiz,kristy56@example.net,2023-06-13,UAE,Utah,Retail,SEO
CUST005370,Dr. Margaret Alexander DVM,vsimpson@example.org,23-05-2024,UAE,Vermont,Manufacturing,SOCIAL
CUST009649,Angie Pennington,nicolethompson@example.net,2025-12-02,singapore,North Carolina,Education,SOCIAL
CUST006244,Theresa Walker,allentravis@example.com,,UAE,Indiana,Logistics,Social
CUST004632,David Marks,thomaslori@example.net,01/18/2026,  India  ,North Dakota,Hospitality,E-mail
CUST000651,Darrell Ortiz,schaeferstephanie@example.org,2026-02-22,CA ,,Hospitality,Referral
CUST003843,Francis Macias,cindy85@example.net,2025-01-19,brazil,,Hospitality,PAID SEARCH
CUST003872,Mary Richardson,michael75@example.net,05/22/2023,Australia,Michigan,Education,referral
CUST008420,Carl Baker,fryrobert@example.com,2023-01-06,Singapore,Iowa,Finance,  PAID SEARCH  
CUST007566,Anthony Gonzales,aatkinson@example.org,14-07-2023,Singapore,Wisconsin,Manufacturing,Email Marketing
CUST005489,David Martinez,ycox@example.org,29-09-2025,U.A.E,Iowa,Manufacturing,social
CUST002052,Aaron Fernandez,hopkinsgeorge@example.org,2024-11-10,U.A.E,South Dakota,Media,Email
CUST001422,Teresa Johnson,fischeralisha@example.net,2023-07-12,Canada,Montana,Hospitality,SEO
CUST003665,  Dakota Branch  ,wallacedakota@example.org,,US,New Hampshire,Media,EMAIL
CUST005227,Regina Wright,stephenmcneil@example.org,,india,Nevada,Logistics,  Referal  
CUST004127,  Michelle Roberson  ,dale26@example.com,07/04/2024,Brazil,North Dakota,Retail,Organic
CUST007884,Richard White,michael55@example.com,15-06-2025,Germany,Florida,,display
CUST009125,Crystal Herring,nealgloria@example.com,,france,West Virginia,Healthcare,  REFERRAL  
CUST002777,Derek Coleman,jasonsanders@example.net,13 Feb 2023,BR,New Hampshire,Technology,Affliate
CUST009134,Matthew Higgins,matthew63@example.com,2025-11-04,U.A.E,Indiana,Logistics,display
CUST003926,Melissa Vaughn,zmanning@example.org,06/06/2023,france,Missouri,Real Estate,PPC
CUST007148,Robert Maynard,diaztimothy@example.org,02/08/2023,INDIA,Idaho,Finance,Affliate
CUST001238,Guy Clayton,wmills@example.com,23-02-2026,UK,Delaware,Media,Social
CUST002179,Jeremy Hernandez,,2026-02-27,australia,Pennsylvania,Real Estate,Banner
CUST008230,Adam Hill,karen45@example.com,2024-09-14,U.K.,Rhode Island,Education,referral
CUST004155,Curtis Beck,hollychang@example.net,2023-07-21,BR,Missouri,Retail,Social
CUST005598,Janet Robinson,lawrencethomas@example.com,09/08/2025,singapore,Wyoming,Media,Organic Search
CUST001291,Christopher Hill,gstone@example.net,2024-08-26,Singapore,Arkansas,Real Estate,E-mail
CUST007115,Steven Castillo,chanjasmine@example.net,22 Oct 2025,england,Alaska,Finance,Display
CUST005903,Elizabeth Pope,jennifer92@example.org,22-04-2024,US,Virginia,Education,E-mail
CUST005698,Thomas Travis,hamiltonamy@example.net,2024-09-06,U.K.,Colorado,Logistics,Display
CUST001267,Sherry Clements,raymond12@example.com,2025-09-10,germany,Nevada,Technology,Referal
CUST006727,Laura Rodriguez,kaylafisher@example.com,08/18/2024,canada,,Hospitality,Affiliate
CUST002474,Kimberly Lee,glopez@example.org,04/20/2026,SG,Massachusetts,Real Estate,Partner
CUST006485,Brandi Riley,bennettzachary@example.net,2025-02-19,UAE,Montana,Education,Display Ads
CUST002240,Paul Chase,jamesparker@example.net,2025-08-14,INDIA,Massachusetts,Healthcare,Partner
CUST009256,Michael Chandler,brandonstark@example.net,2023-10-19,United Arab Emirates,New Mexico,Media,Banner
CUST007704,Jonathan Lyons,garciastephanie@example.org,11-02-2023,US,North Dakota,Education,social
CUST007131,Jennifer Gonzales,laura72@example.com,2025-09-13,UAE,,Finance,PAID SEARCH
CUST001085,Isabella Montgomery,qrobertson@example.org,2026-05-05,SG,Alabama,Healthcare,Organic
CUST009987,Pamela Green,todd78@example.org,18-10-2025,australia,Florida,Education,display
CUST009314,  David Hansen  ,cmorgan@example.net,24-02-2026,SG,Nebraska,Education,Referral
CUST005613,Dr. Andrea Powell,crussell@example.net,04/23/2025,Brazil,Wisconsin,Logistics,Affliate
CUST009890,George Guzman,briancruz@example.org,2024-03-19,India,Hawaii,Logistics,referral
CUST006050,Jason Compton ,,24-06-2026,canada,,Media,Referal
CUST001475,  Alex Lamb  ,swatkins@example.com,12 Apr 2023,BR,Washington,Education,REFERRAL
CUST002564,Jennifer Baker,tabitha03@example.net,,United states,,Education,Affiliate
CUST004459,Julie Dominguez,usmith@example.com,20-02-2023,BR,Oklahoma,Manufacturing,Referal
CUST005071,Patrick Adkins,,2026-05-05,Brazil,Delaware,Retail,REFERRAL
CUST004100,Jacob Clark,xjones@example.com,2025-11-18,CA ,Colorado,Healthcare,Display Ads
CUST005425,Lee Martin,ortizmichelle@example.org,19-06-2023,IN,,Logistics,REFERRAL
CUST007898,Jeffery Fry,brent71@example.net,2023-03-12,United Arab Emirates,Idaho,Finance,  Social  
CUST008478,Geoffrey Ward,jesus00@example.org,21-09-2024,FR,Nevada,Finance,  paid search  
CUST007880,William Guerrero,deanmeredith@example.net,2024-02-22,england,Nevada,Manufacturing,Social
CUST008286,Sarah Moore,rruiz@example.com,2025-06-29, India,,Technology,email
CUST007007,Ryan Roberson,jessicafisher@example.com,12-04-2025,India,Nevada,Education,Banner
CUST001011,Kevin Little,clarkpatricia@example.com,07/28/2026,Brazil,Kansas,,Google Ads
CUST002271,Tyler Miranda,fhuff@example.net,12-02-2025,singapore,Washington,Manufacturing,Paid-Search
CUST009299,Peter Vazquez,laura93@example.org,2025-01-23,AUS,Kentucky,,paid search
CUST003539,Olivia Mcneil,andersoncarla@example.org,21-07-2026,INDIA,Idaho,Media,Display
CUST009728,Drew Fernandez,banderson@example.com,,Singapore,Ohio,Manufacturing,Email Marketing
CUST006339,Christopher Morales,christinawalsh@example.org,06-03-2026,  AUS  ,Kansas,Healthcare,ORGANIC
CUST000887,John Martin,fgraham@example.org,2023-11-21,CA ,New Hampshire,Manufacturing,email
CUST001440,Larry Kennedy,sharonho@example.net,2025-03-13,United Kingdom,Florida,Real Estate,Referral
CUST007726,Clayton Walker,alexdurham@example.net,2024-05-19,Australia,Florida,Retail,email
CUST004307,  Zachary Edwards  ,erik86@example.com,10-03-2025,australia,Arizona,Education,  Organic Search  
CUST009434,Jacob May,ycochran@example.net,06/18/2025,US,Vermont,Real Estate,AFFILIATE
CUST006959,Christine Villegas,christina08@example.org,2023-12-29,DE,Rhode Island,Finance,Banner
CUST001670,Joshua Jackson,stephanie64@example.net,12-02-2026,France,Maine,Real Estate,  Email Marketing  
CUST000733,Michelle Wilson,nicholasgallagher@example.net,2024-11-11,United Kingdom,Oregon,Logistics,PPC
CUST001616,Sharon Ramirez,rebecca85@example.com,2026-05-12,United Kingdom,Texas,Technology,Referal
CUST007040,Christopher Zimmerman,rroberts@example.org,2024-04-21,france,Texas,Media,Display
CUST000547,Kaitlyn Burke,brownjeffrey@example.org,2024-09-06,BR,,Healthcare,Instagram
CUST007597,Jeffrey Rodriguez,billyprice@example.com,,SG,North Carolina,Manufacturing,organic
CUST005205,Michael Perkins,bondglenda@example.org,2026-04-19,germany,Michigan,Hospitality,REFERRAL
CUST003146,William Fernandez,vjimenez@example.net,2023-04-26,DE,Colorado,Hospitality,EMAIL
CUST008079,Jessica Salazar,ebyrd@example.org,2025-12-13,India,Pennsylvania,Technology,PPC
CUST003296,Virginia Morales,charlestimothy@example.net,2025-08-30,FR,New Hampshire,Manufacturing,SEO
CUST008347,Lisa Campos DDS,loribrown@example.org,2025-06-15, India,California,Real Estate,Display
CUST004223,James Williams,jamesmiller@example.com,2023-05-12,U.A.E,Minnesota,,social media
CUST001139,Anthony Simpson,nathanielwilson@example.net,2025-10-03,BR,Kansas,Healthcare,  Affiliate  
CUST009297,Gary Ramirez,smithtony@example.com,,CA ,Virginia,,referral
CUST005730,William Grimes,ysoto@example.net,2025-07-09,france,Tennessee,Logistics,paid search
CUST001512,Lawrence Atkinson,fosterjason@example.org,11/22/2023,Germany,Oregon,Logistics,referral
CUST007708,Erik Kelly,joshuaduarte@example.org,2023-12-16,CA ,New Jersey,Healthcare,Email Marketing
CUST003685,Jason Mathis,qlee@example.com,23-05-2023,UAE,Wyoming,Retail,Organic Search
CUST009033,Juan Solis,nunezgina@example.org,24 Feb 2024,canada,Nebraska,Education,PAID SEARCH
CUST009573,Dawn Chase,frederick28@example.com,04 Nov 2025,United States,Colorado,Finance,paid search
CUST003694,  Lisa Henderson  ,logangarrett@example.net,2023-05-30,DE,,Education,Display Ads
CUST008605,Matthew Sampson,coconnell@example.com,11-07-2025,Australia,Ohio,Hospitality,social media
CUST004964,Alexa Odonnell,kingdavid@example.com,2023-04-05,england,Alaska,Retail,Google Ads
CUST002809,THEODORE HUDSON,tmorrow@example.org,20-02-2024, India,Kansas,Real Estate,affiliate
CUST007949,David Gates ,,31-12-2025,canada,Indiana,Technology,Email Marketing
CUST007051,Andre Chen,shelia28@example.com,27 Jun 2026,SG,Maine,Media,Social
CUST000467,Tyler Marks,reynoldsjessica@example.com,05/17/2026,singapore,Minnesota,Retail,Referal
CUST002889,Dana Smith,elliottfrank@example.net,2024-09-25,DE,,Healthcare,AFFILIATE
CUST002004,Ricky Young,ypatterson@example.net,2025-10-06,UK,Arizona,Technology,Referal
CUST005851,Andrew Boone,charlesowen@example.com,2025-11-27,  singapore  ,Alabama,Media,  PAID SEARCH  
CUST002504,Tyler Kramer,williamsjason@example.net,07/24/2026,SG,,Hospitality,Affiliate
CUST005949,Stacy Harvey,ryanshannon@example.org,2025-08-14,UK,,Hospitality,EMAIL
CUST000990,Rachel Hanson,yreyes@example.com,10-04-2025,Brazil,South Carolina,Finance,DISPLAY
CUST007675,Martin Miller,omurillo@example.net,30-04-2025,U.S.A,Nebraska,Media,Display
CUST003588,Richard Powell,williamsjames@example.net,2026-06-14,Brazil,Oregon,Technology,Display
CUST001210,Mrs. Amber Davis,alan54@example.com,2023-09-04,U.S.A,North Carolina,Healthcare,Banner
CUST001940,Tara Foley,courtneymadden@example.org,01-02-2024,DE,Georgia,Logistics,  affiliate  
CUST005556,Kelly Hill,john53@example.com,2025-03-14,singapore,Pennsylvania,Healthcare,affiliate
CUST008501,Wendy Cline,lcollins@example.com,2026-07-19,IN,,Technology,Banner
CUST008833,  Joseph Vazquez  ,jeremy44@example.com,2023-11-15,Australia,New Hampshire,Technology,PAID SEARCH
CUST000711,Vanessa Taylor,dawnperry@example.com,07-05-2025,DE,Vermont,Manufacturing,affiliate
CUST000271,Joshua Allen,kevinzimmerman@example.com,2023-06-09,france,Arkansas,Healthcare,organic
CUST002191,Bobby Nelson,cobbmary@example.net,2024-10-26,IN,Idaho,Retail,Referal
CUST003251,Tiffany Graham,teverett@example.com,2025-08-17,U.A.E,Arizona,Real Estate,EMAIL
CUST008931,Phillip Manning,stephanie51@example.net,20-02-2024,United Kingdom,Florida,Education,Referral
CUST003137,Julia Riggs,mitchellmichael@example.com,,France,Washington,Media,EMAIL
CUST002545,Jonathan Walton,rowebelinda@example.net,2026-06-07,france,New York,Manufacturing,EMAIL
CUST000198,James Gonzales,lmorgan@example.com,2025-09-19,AUS,,Hospitality,Referal
CUST006107,Charles Mcbride,john50@example.org,11-06-2026,Brazil,Montana,Education,E-mail
CUST009822,Jennifer Russell,rhonda44@example.org,09/29/2024, India,Texas,,Paid Search
CUST009564,Brooke Fox,sdavis@example.net,04/06/2026,canada,New Hampshire,Logistics,Organic
CUST009076,Melissa Patel,robert38@example.org,2025-09-24,Brazil,Idaho,Media,PPC
CUST007862,Rose Salinas,sjohnson@example.org,03-03-2026,US,Nevada,,PPC
CUST008157,  Tina Norton  ,melanie43@example.net,2026-06-08,FR,Texas,Technology,REFERRAL
CUST006626,Daniel Perry,smallgeorge@example.com,08/03/2025,singapore,,Technology,Display Ads
CUST009409,Mr. Ryan Moore,hhuffman@example.org,23-02-2026,india,Nevada,Healthcare,ORGANIC
CUST000695,Julie Hall,douglashuang@example.com,26-05-2024,India,,Real Estate,paid search
CUST000594,Corey Skinner,hclayton@example.net,2025-04-14,france,Kansas,Manufacturing,display
CUST002817,Kari Pruitt,denniswilliams@example.com,2023-08-24,  brazil  ,,Healthcare,EMAIL
CUST003907,Steve Osborne,justin88@example.net,03/31/2026,U.S.A,Illinois,Finance,display
CUST005701,Christine Wright,srose@example.net,2024-06-08,United States,New York,Healthcare,organic
CUST009880,Nicole Reeves,paulwhite@example.net,2024-09-24,germany,Iowa,Technology,Referral
CUST003379,Stephen Shaw,rcobb@example.com,2025-04-18,DE,Nevada,Retail,Facebook Ads
CUST001342,Kara Bell,lauriegonzales@example.net,,Brazil,Missouri,Media,Organic
CUST003127,Donald Harrell,klara@example.net,06-03-2026,singapore,,Real Estate,Email
CUST009050,Mrs. Margaret Lee,michaelparsons@example.net,2026-03-19,SG,Maryland,Media,Email Marketing
CUST008805,Kara Day,jacob23@example.net,09/29/2024,FR,Montana,Real Estate,SEO
CUST000754,Jessica Frost,andersonkylie@example.net,24-11-2025,  england  ,South Carolina,Retail,Facebook Ads
CUST003461,Jeremiah Hamilton,ldeleon@example.org,,U.K.,New Mexico,Hospitality,Paid-Search
CUST004754,Christopher Adams,stevengray@example.net,05/25/2023,United Arab Emirates,North Dakota,Education,Referral
CUST002934,Randy Little,kcarlson@example.com,06-01-2026,england,Florida,,Partner
CUST006511,Jacqueline Miller,,2024-08-19,DE,Indiana,Healthcare,Social
CUST003039,Autumn Krause,raymond39@example.com,09/01/2024,Singapore,Wyoming,Real Estate,EMAIL
CUST008192,Cassidy Simpson,bsantiago@example.com,2024-10-15,  U.S.A  ,Massachusetts,Retail,PAID SEARCH
CUST004211,Mary Ballard,gbrooks@example.org,2023-10-17,canada,Iowa,Healthcare,Banner
CUST009842,Kurt Irwin,brandonsweeney@example.com,2026-05-02,Australia,Wyoming,Technology,Affiliate
CUST004034,Lisa Walker,whitemichael@example.net,2024-01-30,Singapore,North Carolina,Manufacturing,display
CUST003452,Joseph Jarvis,owallace@example.net,24-05-2024,United Kingdom,Georgia,,Display
CUST004659,Michael Silva,mary64@example.com,,United Arab Emirates,Nevada,Retail,AFFILIATE
CUST004363,Ms. Jennifer Miller,rscott@example.org,16-11-2025,Singapore,Nevada,Real Estate,Paid Search
CUST004274,Malik Robertson,oscarmiles@example.com,2023-05-30,IN,,Technology,Facebook Ads
CUST000614,Jimmy Ortega,jacksonhenry@example.com,2025-08-28,United Kingdom,North Carolina,Real Estate,PAID SEARCH
CUST001370,Donald Adams,kimberly90@example.org,2023-08-31,DE,Maryland,Education,AFFILIATE
CUST008144,  Joann Thomas  ,mitchell45@example.org,2023-10-22,canada,,Technology,E-mail
CUST001691,Daniel Bradley,joshuareese@example.net,2024-06-25,IN,Wyoming,Retail,display
CUST003438,Joshua Ellis III,thorntonkelly@example.net,05/09/2025,Singapore,,Media,  E-mail  
CUST001848,Stacy Owens,kristin96@example.com,2023-06-29,U.K.,North Dakota,Manufacturing,Instagram
CUST004173,  Ashley Simmons  ,ericapeterson@example.com,01/12/2025,UAE,Texas,,Facebook Ads
CUST000180,Brittany White,jenniferwilliams@example.com,09/09/2024,DE,,Hospitality,referral
CUST002042,Connor West,kurt90@example.net,2024-05-02,United Kingdom,Hawaii,Retail,  Referal  
CUST003842,Joshua Smith,angelafreeman@example.org,2026-01-28,SG,,Real Estate,Referal
CUST004269,Carmen Anderson,christophernewman@example.net,2025-02-27,BR,Nevada,,  AFFILIATE  
CUST004772,Mary Campbell,welchryan@example.org,27 Mar 2026,germany,Kentucky,Technology,Affiliate
CUST002566,Scott Brennan,cynthia47@example.org,05/28/2026,CA ,North Dakota,Finance,SOCIAL
CUST007450,Barry Simmons,clayandrea@example.org,2025-05-13,UK,Florida,Healthcare,Display Ads
CUST001002,  William Gonzalez  ,grant42@example.com,10/28/2025,Brazil,Oklahoma,,Referal
CUST000028,MATTHEW FERNANDEZ,novaksara@example.org,2023-12-23,BR,Hawaii,Hospitality,E-mail
CUST008836,Mrs. Patricia Olson,brian95@example.org,2025-05-30,  UK  ,Montana,,Social
CUST008301,Connie Dixon,dmedina@example.org,04/23/2024,U.S.A,Georgia,Hospitality,E-mail
CUST005343,Michael King,michaelsampson@example.com,05/03/2025,DE,Louisiana,Real Estate,Affiliate
CUST006662,Bradley Smith,rreyes@example.com,2023-08-28,Singapore,South Carolina,Manufacturing,Instagram
CUST006445,Diane Brooks,tbrown@example.net,2025-04-11,US,Wisconsin,Hospitality,REFERRAL
CUST009632,Kelly Richardson,gturner@example.org,2025-12-07,  brazil  ,Michigan,Hospitality,E-mail
CUST006547,Katrina Collins,foxphilip@example.com,2023-04-15,Singapore,Missouri,Education,organic
CUST001842,Robert Gonzalez,jonescraig@example.org,2024-10-27,australia,Ohio,Retail,Display
CUST002703,Victoria Norton MD,,2023-03-20,U.A.E,California,Manufacturing,referral
CUST004986,Stephanie Daniel,parksandre@example.com,2023-03-27,United states,South Carolina,Finance,Display Ads
CUST003957,Willie Kennedy,griffinlisa@example.com,2024-12-27,AUS,North Dakota,Real Estate,EMAIL
CUST007335,Adam White,brittanyfrazier@example.org,22 Sep 2025,brazil,,Hospitality,Paid-Search
CUST007451,Kristina Thomas,erinphillips@example.com,2023-05-01,brazil,Nevada,Media,Organic
CUST009085,Stephanie Morgan,melissa72@example.com,05-03-2024,France,Louisiana,Education,Affliate
CUST004275,Wendy Lopez,james91@example.com,2025-03-09,CA ,,,Referal
CUST005197,Christine Clayton,teresa05@example.org,2025-09-07,australia,Oregon,Education,Referal
CUST006376,Vanessa Jordan,melissalewis@example.net,09/07/2025,brazil,Michigan,Healthcare,EMAIL
CUST002094,Mark Alexander,dawn20@example.org,13-10-2023,UK,Mississippi,Media,paid search
CUST009535,Mark Murray,sarahwerner@example.com,2026-02-15,United Arab Emirates,Pennsylvania,Technology,Referral
CUST009432,Eric Robinson,martinrachel@example.com,2023-03-17,BR,West Virginia,Technology,Partner
CUST007808,Hunter Leach,adam56@example.net,,Canada,Vermont,Healthcare,  paid search  
CUST007399,Brian Evans,,17 Feb 2024,UAE,Ohio,Education,Referal
CUST003792,Jesse Owens,taylor88@example.com,2025-09-19,U.S.A,Alabama,Media,organic
CUST007790,Kerry Medina,veronicalane@example.net,2024-09-22,singapore,New York,Finance,email
CUST002526,David Dixon,walkerdavid@example.org,2023-12-27,FR,Nebraska,Technology,social media
CUST000098,Kyle Preston,cassandra01@example.org,,FR,Utah,Manufacturing,Referral
CUST003945,Justin Stephenson,houstonmichelle@example.com,2024-05-23,  singapore  ,Arizona,Finance,Display Ads
CUST001496,Howard Smith,kenneth09@example.org,2025-02-19,USA,Minnesota,Manufacturing,paid search
CUST009457,Melissa Lucas,brandon96@example.com,2024-08-18,AUS,Vermont,Manufacturing,SOCIAL
CUST005633,Meghan Wilcox,matthewochoa@example.com,2024-08-21,INDIA,Idaho,Media,Affliate
CUST006647,Joy Pierce,michaelwilson@example.net,26-04-2026,germany,New York,Technology,Email
CUST007692,Kylie Owens,bward@example.org,05/05/2026,U.A.E,Hawaii,Retail,Display
CUST001053,Crystal Matthews,,2024-05-12,US,,Logistics,Instagram
CUST007667,Sarah Finley,dbyrd@example.net,2025-03-19,BR,Nebraska,Hospitality,Organic Search
CUST002360,Heather Hernandez,erandolph@example.org,30 Apr 2025,India,Mississippi,Media,Email
CUST009083,Michael Maddox,douglascohen@example.com,06/10/2023,BR,Wyoming,Education,Email Marketing
CUST008558,Amy Thomas,ruizlaura@example.org,2026-03-18,United States,,Finance,Affiliate
CUST008400,  Susan Meyers  ,xavier17@example.net,2024-05-18,USA,,Logistics,Referal
CUST001435,Matthew Morris,vrobertson@example.net,2023-06-04,SG,Colorado,Technology,Referral
CUST004402,  Mary Thomas  ,ricedavid@example.org,01/19/2023,brazil,Utah,Manufacturing,REFERRAL
CUST001707,  Michael Nelson  ,zrogers@example.net,2023-03-05,U.K.,Nevada,Media,SOCIAL
CUST007309,Matthew Aguilar,jonathanjohnson@example.org,07-12-2023,DE,Georgia,Retail,Referal
CUST002447,Nicole Wright,bwhite@example.com,2024-10-16,Singapore,Maine,Media,affiliate
CUST004319,Holly Young,swansonerin@example.net,2026-07-28,Brazil,Idaho,Education,AFFILIATE
CUST006447,Nicole Garza,turnerlogan@example.net,08-03-2024,U.K.,Nevada,,E-mail
CUST006232,Richard Harris,carolyn38@example.com,10/13/2025,U.S.A,South Dakota,Hospitality,  referral  
CUST003057,  Chad Thornton  ,sara02@example.com,09/30/2024,CA ,New Jersey,Logistics,  Referral  
CUST009435,Kaylee Jackson,jennifer12@example.com,2025-11-06,U.A.E,,Technology,EMAIL
CUST006315,Kristin Tucker,nbrown@example.org,2024-11-23,Canada,Arizona,Education,Instagram
CUST002637,  Aaron Myers  ,ypadilla@example.com,2025-02-19,U.A.E,Vermont,Technology,Display Ads
CUST004487,  Carl Allen  ,bestalexis@example.org,2025-09-22,france,Tennessee,Technology,PPC
CUST009490,Ernest Lowe,elizabethjackson@example.com,2023-10-18,Singapore,Montana,Real Estate,Email
CUST000333,Shannon Bishop,imartin@example.org,28-07-2026,Canada,Indiana,Finance,  affiliate  
CUST003407,Linda Peterson,butlergabrielle@example.net,2025-09-23,United Arab Emirates,Washington,Media,Display Ads
CUST002034,Douglas Smith,malexander@example.com,2025-09-14,BR,Montana,Finance,Paid Search
CUST001452,Kristina Henry,gina86@example.net,2023-08-31,  india  ,Minnesota,Manufacturing,REFERRAL
CUST002088,Emily Marquez,gregory24@example.net,21-02-2025,canada,Delaware,Manufacturing,Display Ads
CUST003306,Michael Jackson,swalker@example.org,2024-08-25,UK,Nebraska,Technology,Paid Search
CUST003759,Joseph Ferrell,vickiebyrd@example.com,09-02-2024,germany,,Hospitality,Display Ads
CUST007816,Joel Jefferson,jessicathomas@example.com,2024-03-02,CA ,Arkansas,Hospitality,PAID SEARCH
CUST001110,  Michael Blevins DDS  ,yparsons@example.net,08/22/2023,brazil,,Finance,Affiliate
CUST001376,Trevor Braun,allen58@example.net,2025-10-16,France,Arizona,,EMAIL
CUST008315,Sarah Clayton,ryankathleen@example.org,2024-05-23,France,Hawaii,,Social
CUST009467,Michael Ruiz,bburton@example.org,19 Jul 2024,  australia  ,Virginia,Logistics,Display Ads
CUST002260,Alicia Navarro,chenjeffrey@example.net,09/30/2023,SG,,Retail,Instagram
CUST003597,  Christopher Carter  ,bmahoney@example.net,22-01-2023,U.A.E,Oregon,Education,organic
CUST001201,Joseph Rush,vjenkins@example.com,22 Mar 2023,FR,Tennessee,Technology,SEO
CUST008713,Holly Alexander,weaverscott@example.com,2025-01-02,SG,Colorado,Media,referral
CUST004361,Lisa Simpson,benitezkimberly@example.com,03/08/2025,SG,Montana,Logistics,Social
CUST000888,Michael Washington,urodriguez@example.org,2025-09-03,brazil,Delaware,Education,social
CUST009287,Wesley Davis,foxkim@example.net,06/10/2025,australia,Rhode Island,Real Estate,AFFILIATE
CUST003530,KRISTOPHER ALLISON,lisa47@example.com,2024-03-03,Australia,Delaware,Real Estate,AFFILIATE
CUST001474,George Leach,robintorres@example.com,30-05-2026,canada,Ohio,Logistics,social media
CUST002501,Heather Garcia,aaronwiley@example.net,2023-01-28,AUS,Oklahoma,Healthcare,Instagram
CUST003121,Sean Gray,deborah56@example.org,2024-01-17,england,New York,Retail,Email
CUST001667,Todd Valdez,robert06@example.com,2023-12-08,U.A.E,Missouri,Retail,paid search
CUST005737,Mr. Luis Bell,browndonald@example.net,2023-03-19,UAE,Iowa,Technology,Instagram
CUST005782,Hannah Sellers,jacksonjoel@example.net,2023-01-10,  Singapore  ,Kentucky,Healthcare,Instagram
CUST007588,Patricia Goodman,gina41@example.com,2023-10-27,FR,Louisiana,Logistics,Affiliate
CUST008857,Jason Johnson,morenobrian@example.com,2025-01-27,U.K.,Illinois,Media,organic
CUST004362,Jeremy Barnett,staffordjoshua@example.org,2023-02-27,IN,Vermont,Hospitality,Banner
CUST005551,David Gordon,sloanthomas@example.net,2023-06-27,canada,New Jersey,Finance,Affliate
CUST005880,Linda Cordova,myersjacqueline@example.net,07/26/2026,canada,New York,Technology,affiliate
CUST007440,Anthony Kirk,tlewis@example.com,2024-05-03,SG,North Dakota,Logistics,REFERRAL
CUST002677,Randy Moore,hfoley@example.com,01/17/2023,Singapore,New Mexico,Real Estate,Referral
CUST005885,Anthony Smith,caitlynwalton@example.net,15-04-2025,  SG  ,South Carolina,Media,Paid Search
CUST003688,Melissa Preston,mwoods@example.net,02/19/2026,U.A.E,,Finance,Referral
CUST006273,Curtis Hull,matthew43@example.org,10-01-2023,france,Maine,Education,social
CUST003230,  James Evans  ,john07@example.com,2026-04-13,SG,Mississippi,Healthcare,Referal
CUST009932,Carl Rogers,hartjay@example.net,2023-05-26,INDIA,Washington,Healthcare,PAID SEARCH
CUST002107,Christopher Valdez,kristinafoley@example.net,06/20/2026,  United states  ,Indiana,Manufacturing,Display Ads
CUST005562,Jerry Lucas,epark@example.org,15-01-2026,US,Florida,Technology,paid search
CUST001717,Frank Braun,ralphhuff@example.com,04-06-2026,United Arab Emirates,Rhode Island,Hospitality,SEO
CUST008724,Melody Hill,vzimmerman@example.net,11-10-2025,UK,Oklahoma,Logistics,REFERRAL
CUST001196,Tina Mccall,pruittmichael@example.org,11/22/2023,BR,,Real Estate,referral
CUST008778,  Caitlin Blackwell  ,alester@example.com,2024-05-22,U.A.E,Hawaii,Healthcare,Social
CUST009858,Sarah Contreras,barbara46@example.net,2024-05-05,canada,Kansas,Manufacturing,Paid Search
CUST003200,Jessica Jones,kimberly47@example.org,29-09-2023,Canada,Minnesota,Technology,Organic Search
CUST007227,Trevor Vincent,greenstacy@example.com,2023-05-17,UK,Nevada,Media,Banner
CUST005695,Lynn Walker,brianparker@example.com,05/18/2025,United Kingdom,,Retail,social media
CUST006530,Erika Hernandez,bmorton@example.net,2023-12-16,United Arab Emirates,Delaware,Finance,Facebook Ads
CUST008348,Jack Carter,markkelley@example.com,29-11-2023,U.A.E,Colorado,Education,Display
CUST005349,Sara Martin,brandonatkins@example.com,2024-07-19,IN,Louisiana,Technology,Referal
CUST004511,Jacob Gutierrez,qmartin@example.com,2026-04-09,singapore,New Jersey,Real Estate,Display Ads
CUST005800,Christine Boyer,rebeccasmith@example.net,27 Aug 2025,U.K.,West Virginia,Finance,Email
CUST006847,Jennifer Hopkins,deborah86@example.org,2025-10-21,canada,Kentucky,Education,Referal
CUST004316,Caroline Reilly,rebeccawong@example.net,2023-04-15,UAE,South Dakota,Real Estate,PPC
CUST003228,Shane Gonzalez ,,14 Nov 2025,germany,Iowa,Hospitality,Referal
CUST001749,Debbie Allen,williamsmegan@example.org,11/29/2024,  United Kingdom  ,New Mexico,Real Estate,ORGANIC
CUST006144,Kevin Brown,christopher25@example.net,12/04/2024,brazil,Wisconsin,Logistics,social
CUST000061,Terry Griffin,juliawells@example.com,02-06-2026,United Arab Emirates,Wisconsin,Hospitality,display
CUST006526,Sylvia Williams,yfuller@example.com,02-07-2025,BR,Arkansas,Finance,display
CUST004426,Tiffany Smith,bailey14@example.com,02/10/2026,Australia,,Media,Banner
CUST000183,Tracy Montoya,moniquewilliams@example.com,2026-01-03,australia,,Logistics,Referral
CUST001702,Erica Dawson,gomeztonya@example.com,04/18/2023,Brazil,Alaska,Education,Paid-Search
CUST001979,Justin Moreno,greenjessica@example.net,01-04-2024,brazil,Idaho,Real Estate,Organic
CUST006911,William Nguyen,wrightjason@example.org,06/09/2026,United States,Colorado,Manufacturing,Google Ads
CUST007485,Gavin Barnes,fhickman@example.org,2023-07-07,Australia,Louisiana,Healthcare,social
CUST002940,Pamela Cook,cheryl07@example.org,2026-05-16,   India  ,Maryland,Media,Email
CUST005195,Amanda Rivas,stephen52@example.com,06 Mar 2026,SG,,Technology,Affiliate
CUST000065,Lauren Dominguez,wwoods@example.com,07/12/2024,U.K.,Wisconsin,Finance,Affliate
CUST004227,Krista Williams,floressummer@example.org,2023-03-01,UK,Idaho,Healthcare,REFERRAL
CUST008986,Michael Tran,robert24@example.com,2024-06-17,UAE,Maine,Media,EMAIL
CUST000942,Brent Dawson,dmiller@example.com,2024-12-07,australia,Florida,Education,Paid-Search
CUST009734,Derek Wagner,warnermary@example.com,2026-01-05,canada,Vermont,Real Estate,referral
CUST000989,Kristin Phillips,nmorales@example.com,2025-12-16,canada,Iowa,Education,Facebook Ads
CUST009779,William Lindsey,sthompson@example.org,2026-04-07,INDIA,Rhode Island,Logistics,Partner
CUST003632,Danny Moore,christine30@example.com,2023-06-16,CA ,Vermont,Education,Referal
CUST006850,Robert Bailey,beckjean@example.com,2025-10-27,Australia,Mississippi,Hospitality,Paid Search
CUST003475,Yolanda Wallace,scotttiffany@example.net,18 May 2024,Brazil,Pennsylvania,Media,Referral
CUST005158,Beverly Olsen,rebeccaadkins@example.org,11-05-2023,australia,South Carolina,,PAID SEARCH
CUST006452,Evelyn Livingston,brandon02@example.com,2024-11-09,france,Connecticut,,display
CUST004682,  Heidi Reed  ,ysmith@example.org,2024-04-06,France,Idaho,Technology,Affiliate
CUST003415,Johnny Anderson,angelacrosby@example.org,2026-06-23,brazil,South Carolina,Hospitality,Affliate
CUST008393,Ivan Garcia,vkaufman@example.net,2025-03-07,United Kingdom,New York,Logistics,email
CUST005950,Carrie Martin,gtrujillo@example.org,02-07-2024,France,Minnesota,Healthcare,Referral
CUST004570,Cynthia Smith,daviseric@example.org,2023-05-25,UAE,Kentucky,Technology,Social
CUST000209,William Conner,kristyjohnson@example.net,02-10-2025,United Kingdom,Oregon,Education,Email
CUST005262,Joseph Johnston,gloriawilliams@example.net,08/04/2025,BR,Pennsylvania,Healthcare,DISPLAY
CUST004360,Amanda Williams,erinsmith@example.com,12/29/2023,CA ,Alaska,Hospitality,Paid Search
CUST004774,Jason Mack,wwhite@example.org,21-10-2024,Canada,North Dakota,Finance,paid search
CUST001859,Mary Kelley,lutzeric@example.com,2025-04-03,germany,,Manufacturing,Social
CUST007213,Charles Spears,taylordanielle@example.org,06/01/2026,United Arab Emirates,North Carolina,Finance,  affiliate  
CUST002839,Kelli Lee,twilliams@example.net,2025-02-12, India,,Hospitality,organic
CUST001171,Richard Day,,2023-06-13,australia,Alabama,Retail,social
CUST007400,Carol Christian,johnnytorres@example.net,2023-11-14,australia,Maine,Healthcare,Display
CUST002288,MICHELE RICHARD,dlarson@example.com,22-10-2023,singapore,Virginia,Healthcare,EMAIL
CUST001790,Phyllis Walls,ljones@example.com,2024-04-12,AUS,Louisiana,Real Estate,ORGANIC
CUST007881,Michaela Brooks,anthony58@example.net,2024-02-03,Germany,New Jersey,Logistics,Referal
CUST002537,Bradley Wheeler,rebecca24@example.com,2024-06-28,U.A.E,Louisiana,Media,DISPLAY
CUST007415,  Rodney Norris  ,kellydunn@example.com,2026-03-03,singapore,Delaware,Logistics,AFFILIATE
CUST004901,Jesus Cox,brandon18@example.net,12-05-2023,brazil,,Media,AFFILIATE
CUST009141,  Stephanie Rowland  ,steven39@example.net,2024-12-20,FR,Tennessee,,Email Marketing
CUST007023,Mary Wilson,jasonburke@example.com,2024-06-21,US,Kentucky,Media,Referral
CUST001558,Rebecca Williamson,ggates@example.org,2024-11-03,FR,Kansas,Finance,organic
CUST007046,Debbie Pham,wwhite@example.com,08/26/2023,england,Massachusetts,Healthcare,  REFERRAL  
CUST008477,Jordan Hernandez,jordanrebecca@example.com,2024-12-30,singapore,Tennessee,Education,  E-mail  
CUST007306,Bobby Anderson,scollins@example.com,02/08/2024,India,Colorado,Healthcare,social media
CUST001484,Stephanie Weiss,icarlson@example.org,2024-06-27,Germany,Minnesota,Logistics,Affiliate
CUST003876,Amy Chavez,kimberlyjones@example.net,2023-08-18,BR,Massachusetts,Manufacturing,SEO
CUST000462,Debra Quinn,lisa21@example.com,2025-09-02,CA ,Montana,Hospitality,REFERRAL
CUST004861,Russell Thompson,josephoneill@example.com,22-08-2024,AUS,,,Partner
CUST001854,Stephanie Livingston,nathaniel57@example.com,12/07/2025,United states,Tennessee,Manufacturing,REFERRAL
CUST001302,  Monica Smith  ,qchase@example.org,08-02-2026,australia,,Logistics,Instagram
CUST004728,Edward Stanley,bryan25@example.net,2026-04-04,Canada,New Hampshire,Real Estate,organic
CUST005204,Donald Rodriguez,anne19@example.org,28-09-2024,INDIA,Missouri,Real Estate,Email
CUST002343,John Luna,victor76@example.net,21-02-2023,CA ,,Education,Email Marketing
CUST003458,Joy Brooks,hernandezerica@example.com,25 Jul 2024,FR,Maryland,Real Estate,social
CUST007097,Samantha Scott,ericjohnson@example.org,06/08/2026,Germany,Kentucky,Real Estate,Email
CUST007621,Tyler Case,foxsamantha@example.org,05 Aug 2023,BR,Michigan,Hospitality,Social
CUST007934,  Lauren Clark  ,danny51@example.net,01 Apr 2025,australia,Maine,Logistics,Email
CUST000690,Christine Bell,joseph49@example.org,26-11-2025,BR,Hawaii,Retail,E-mail
CUST003087,Daniel Guerrero,,07/31/2024,germany,,Healthcare,Display Ads
CUST004147,Angela Vasquez,julie84@example.com,2024-11-05,United Arab Emirates,Louisiana,Media,Email
CUST003304,  Michelle Wong  ,myerstiffany@example.org,12/26/2023,Canada,Vermont,Finance,Display Ads
CUST001151,JESSICA ROBERTS,bmiller@example.org,2023-07-20,India,South Carolina,Manufacturing,social media
CUST004470,Brandon Horton,johnsmith@example.org,07/10/2026,  Singapore  ,,Manufacturing,Referal
CUST002751,Laura Sanchez ,,2025-06-22,BR,Maryland,Real Estate,Organic Search
CUST004794,Tyler Phillips,timothylong@example.com,19 May 2025,Germany,,Real Estate,Referral
CUST002563,MELISSA HALEY,cynthia35@example.net,2023-04-06,France,South Dakota,Education,SOCIAL
CUST002078,Mr. Joseph Bush,josephjohnson@example.com,11 Apr 2024,  Australia  ,Indiana,Finance,Affiliate
CUST007992,Patricia Tucker,dmason@example.com,21-06-2024,brazil,,Retail,Referal
CUST009910,Charles Underwood,parkershannon@example.net,2023-01-28,India,Mississippi,Hospitality,Affliate
CUST008313,Daniel Brown,gwendolyn59@example.net,2026-01-20,AUS,Colorado,Media,Referral
CUST007273,MICHAEL CUNNINGHAM,tmartinez@example.net,2024-05-05,DE,Nebraska,Retail,referral
CUST004496,James Patterson,,09-06-2025,australia,Wyoming,Real Estate,Paid-Search
CUST007578,KEVIN ORTIZ,yrodriguez@example.org,11-09-2023,U.K.,Utah,Manufacturing,Referral
CUST008217,Jacob Russell,whitneyanderson@example.com,2025-12-26,australia,,Finance,Partner
CUST001986,Corey Grimes,barnettterry@example.com,23-01-2025,INDIA,Nebraska,Education,email
CUST001233,William Mcmillan,alexis72@example.com,2023-03-11,  canada  ,Massachusetts,Logistics,Paid Search
CUST005403,Anthony Rodriguez,reynoldsdavid@example.net,2023-06-23,india,Arkansas,Technology,paid search
CUST008305,Robert Graham ,,22 Apr 2025,france,New Hampshire,Real Estate,display
CUST008208,Nathan Wilkinson,masontony@example.com,2023-02-22,U.K.,North Carolina,,social
CUST000757,Jerry Allen,cheryljohnson@example.org,14-11-2025,U.K.,,Healthcare,referral
CUST004285,James Fletcher,douglaswright@example.com,18-04-2024,germany,Alabama,Hospitality,referral
CUST004790,Ryan Salas,wilsonlisa@example.com,2024-02-12, India,Rhode Island,Healthcare,organic
CUST006087,Kevin Pruitt,karen32@example.org,2024-02-17,DE,Utah,Hospitality,  Affiliate  
CUST008898,Jason White,melinda68@example.net,2023-08-24,Canada,Virginia,Real Estate,display
CUST007332,Catherine Brown,kwheeler@example.net,2023-01-18,SG,Idaho,Healthcare,Facebook Ads
CUST009240,  Eric Stanton  ,michael45@example.com,2026-06-12,germany,Indiana,Healthcare,email
CUST002280,Roger Wheeler,rachel51@example.org,09/26/2025,canada,New York,Hospitality,Facebook Ads
CUST003981,Ronnie Thomas,tracy83@example.com,2025-02-05,SG,South Carolina,Education,Google Ads
CUST009636,Krista Humphrey,rogertodd@example.org,26-06-2024,IN,Virginia,Manufacturing,organic
CUST009401,  Michael Flores  ,jenniferfleming@example.org,02/03/2025,DE,,,Paid-Search
CUST001098,Elizabeth Robinson,shernandez@example.org,2024-10-16,Canada,West Virginia,Real Estate,Affiliate
CUST001155,Luis Davis,jamesalicia@example.net,01-12-2025,Brazil,South Dakota,Healthcare,SEO
CUST002628,Andres Marshall,jefferybaker@example.com,2023-09-19,Brazil,,Manufacturing,paid search
CUST003258,David Woodard,,2023-07-09,India,,Real Estate,Banner
CUST005844,Matthew Contreras,juan86@example.net,2025-06-01,United States,Iowa,Real Estate,display
CUST009152,Latoya Sweeney,ahardin@example.org,26-04-2023,IN,Indiana,Hospitality,Instagram
CUST006571,Aaron Howard,craigchristina@example.net,11/12/2023,Germany,,Retail,referral
CUST006652,Travis Fuller,lorigutierrez@example.com,2026-03-21,U.K.,,Hospitality,AFFILIATE
CUST006027,Crystal Robinson,juanjones@example.org,15 Jul 2024,UAE,Alabama,Media,Partner
CUST002641,Valerie Martinez MD,lisa40@example.com,03 Oct 2023,BR,,Hospitality,Referral
CUST005677,Sarah Smith,philiphammond@example.com,2023-07-16, India,Michigan,Media,Partner
CUST002646,Eric Rogers,vincent82@example.net,2025-09-07, India,,,PAID SEARCH
CUST003962,Anthony Wells,emily45@example.com,2023-02-27,U.A.E,,Media,SOCIAL
CUST008176,Margaret Vasquez,orogers@example.com,2023-01-28,U.K.,New Mexico,Education,social
CUST000494,Dennis Martin,adam72@example.org,2025-04-14,United Kingdom,Georgia,,Referal
CUST000279,Juan Silva,mphillips@example.com,13-11-2023,United Arab Emirates,Iowa,Media,Referal
CUST004026,Sarah Hays,henryrhonda@example.org,04-08-2024,UK,Rhode Island,Logistics,Email
CUST008980,Megan Lopez,jessica94@example.net,2024-09-29,CA ,Georgia,Education,  EMAIL  
CUST000869,Jeremy Davidson,moralescourtney@example.com,2023-09-25,singapore,Oregon,Manufacturing,Referral
CUST009519,Michael Cross,martinezpatrick@example.org,2025-03-14,canada,Idaho,Healthcare,Organic
CUST000730,  Leah Lee  ,erica25@example.net,23 Jun 2023,United States,Alabama,Logistics,REFERRAL
CUST005415,Maria Wall,davidsonshannon@example.com,2023-11-18,brazil,Massachusetts,Real Estate,REFERRAL
CUST008932,Carolyn Olson,christymcguire@example.net,07-07-2023,FR,South Carolina,,organic
CUST004921,Haley Bryant,vmoore@example.org,12/20/2024,Brazil,Idaho,Education,Social
CUST008875,Jamie Garcia,lynchmark@example.com,2025-11-14,canada,Vermont,Retail,Display Ads
CUST001591,John Leach,marcusfernandez@example.net,2023-08-15,australia,,Healthcare,Facebook Ads
CUST001738,Mr. Stephen Gonzalez,susanharper@example.org,2024-12-27,USA,Maine,Education,PPC
CUST004671,John Schwartz,mary61@example.com,2026-01-06,Canada,,Logistics,Facebook Ads
CUST004811,Jennifer Boyd,jacob98@example.com,2024-10-26,UAE,Kansas,Logistics,Google Ads
CUST004005,Patricia Khan,david90@example.net,2023-03-28,USA,Michigan,Education,Display
CUST002253,Paige Baird,sarah17@example.com,2023-08-02,singapore,Michigan,Logistics,Social
CUST000307,Krista Benton,nhahn@example.com,07/12/2026, India,,Real Estate,Referral
CUST009244,Trevor Hamilton,angela25@example.net,2026-03-28,Singapore,Colorado,Education,SEO
CUST009072,Crystal Lane,dustin03@example.com,2023-11-19,United states,Mississippi,Media,ORGANIC
CUST000759,Shari Hatfield,stevensims@example.org,01/31/2026,United Arab Emirates,Louisiana,Healthcare,Facebook Ads
CUST000622,  Steven Warner PhD  ,larsonkevin@example.net,10/28/2025,  US  ,Oregon,Technology,affiliate
CUST003047,Kevin Juarez,leejesse@example.com,2025-04-06,United Kingdom,,Retail,Display Ads
CUST000109,Katie Hoover,jessica99@example.net,2023-04-24,US,New York,Education,SOCIAL
CUST001688,Kimberly Gallagher,tbrooks@example.org,13 Nov 2025,Germany,Montana,Manufacturing,REFERRAL
CUST008038,Shawn Ramirez,christophercook@example.net,13 Jan 2023,Canada,Georgia,Healthcare,DISPLAY
CUST005192,Christy Vance,qwashington@example.com,12 Dec 2023,United Arab Emirates,Louisiana,Real Estate,Affiliate
CUST002462,Christian Herring,kimberlywatson@example.com,2025-11-21,DE,North Carolina,,Social
CUST000495,Linda Ayala,tracy98@example.com,2024-04-29,SG,California,Finance,  Partner  
CUST001194,Joseph Patel PhD,tmiller@example.com,07/11/2023,U.A.E,North Dakota,Hospitality,Paid-Search
CUST004721,Kelli Torres,chanpaul@example.com,22 Jan 2025,  Brazil  ,Rhode Island,Hospitality,DISPLAY
CUST009670,Derek Ross,cynthiahawkins@example.com,2025-10-16,england,Minnesota,Media,AFFILIATE
CUST003613,Janice Sanchez,russellwilliam@example.net,2023-01-10,SG,Ohio,Logistics,referral
CUST002323,George Williams,randy00@example.com,09-04-2023,United Arab Emirates,Virginia,Logistics,organic
CUST008402,Jose Shah,,2024-03-22,CA ,Illinois,Technology,EMAIL
CUST005064,  Gary Thompson  ,geraldandrews@example.net,2024-01-02,brazil,,,Affliate
CUST005427,Kari Sutton,jacqueline24@example.org,02/06/2026,Germany,Arizona,Hospitality,referral
CUST006414,  Brian Flynn  ,vbrennan@example.net,2024-04-15,France,Colorado,Retail,ORGANIC
CUST009682,Lisa Burns,kwoods@example.org,2024-05-18,brazil,Nevada,Retail,Affiliate
CUST006140,Michael Grant,travis40@example.org,2024-09-23,U.K.,,Healthcare,Banner
CUST000884,William Porter,julie64@example.com,2026-05-25,US,South Carolina,Finance,EMAIL
CUST004556,Michael Payne,feliciawebster@example.org,03/22/2023,Brazil,Virginia,Logistics,paid search
CUST009164,Kevin Thomas,nancybarber@example.net,2025-07-21,Singapore,North Carolina,Education,Referal
CUST000675,Justin Walsh,davidsonhannah@example.com,12-05-2025,USA,,Real Estate,Referal
CUST000710,Shane Martinez,jonesalfred@example.net,2024-04-17,singapore,,Manufacturing,Display
CUST001540,Joseph Sanchez,hannahcurtis@example.org,07/21/2026,australia,Iowa,Retail,referral
CUST000177,Rickey Li,lucasrodney@example.com,2025-06-30,India,Alaska,Technology,DISPLAY
CUST006233,Christina Woods,brittany13@example.net,2023-10-18, India,,Logistics,Google Ads
CUST005629,Sherry Tucker,elizabethlittle@example.com,2024-11-06,UAE,Florida,Real Estate,SEO
CUST008731,Jennifer Williams,xbrewer@example.org,14-11-2024,France,New York,Hospitality,Referral
CUST004585,Lori Martin,anthony93@example.net,20-05-2024,Australia,,Hospitality,referral
CUST009320,  Gregory Lopez  ,jamie79@example.org,2024-04-13,SG,North Carolina,Healthcare,Display Ads
CUST001106,Christine Brock,jillsmith@example.net,2023-05-19,United States,Oregon,,SEO
CUST008129,Gregory Berry,,20-09-2023,Singapore,Maine,Logistics,Organic
CUST001884,James Reed,johnsonmelissa@example.com,2024-12-13,DE,Missouri,Education,Organic
CUST008861,Marc Sharp,priley@example.org,2025-11-17,France,Texas,Logistics,Affliate
CUST001211,  Paul Swanson  ,jacquelinedavis@example.com,2024-06-15,CA ,,Media,Display Ads
CUST009875,Karen Cunningham,nathan52@example.org,17-03-2026,india,,,AFFILIATE
CUST009228,Michael Campbell,kenneth75@example.com,20-04-2025,IN,California,Technology,Organic Search
CUST009261,Anthony Nelson,wcarter@example.org,08/13/2023,australia,North Carolina,Manufacturing,Email Marketing
CUST004393,Ryan Johnson,micheleking@example.com,2024-11-17,DE,,Media,social media
CUST004602,Robin Grant,mark31@example.org,2023-12-29,india,,,display
CUST006222,Jennifer Nelson,whitakeramy@example.org,13-06-2023,France,Massachusetts,Manufacturing,Display Ads
CUST004324,Levi Morrow,jodi42@example.org,2023-03-31,FR,Mississippi,Technology,Referral
CUST007835,Reginald Durham,lawsonscott@example.com,,Brazil,Montana,Finance,organic
CUST009749,Steven Williams,rhonda34@example.com,2024-12-22,england,California,Real Estate,email
CUST009537,Colleen Fuller,roger94@example.org,27-07-2025,BR,Minnesota,Media,organic
CUST004727,Mark Garcia,,2024-05-02,france,,Retail,Email Marketing
CUST007396,Heidi Bradley,hannahblack@example.com,2024-10-15,United states,Maine,Retail,Affliate
CUST009478,Paige Ibarra,daniel50@example.com,10 Jul 2025,singapore,,Healthcare,PPC
CUST002635,Ellen Bruce,jimmy86@example.org,2023-07-27,US,New York,Media,Google Ads
CUST006636,Eric Holland,whines@example.net,,france,New Jersey,Retail,Referral
CUST004845,Jordan Forbes,nina25@example.com,,USA,Arkansas,Hospitality,Partner
CUST005768,Matthew Foley,diana55@example.net,2023-07-03,India,Louisiana,Healthcare,SEO
CUST004711,Michael Johnson,sarajoseph@example.net,2024-04-05,U.S.A,Oklahoma,Technology,Display
CUST001326,  Dylan Contreras  ,rrichardson@example.com,12-10-2025,Canada,Missouri,,SOCIAL
CUST002620,  Frank Harding  ,justin46@example.com,2023-12-13,Brazil,New Hampshire,Real Estate,  EMAIL  
CUST008934,Derrick Burgess,leslieburke@example.com,2025-12-25,  UK  ,Maryland,Technology,Organic Search
CUST000865,Timothy Sherman,jason27@example.net,2024-04-09,UAE,Massachusetts,Manufacturing,AFFILIATE
CUST007246,Emily Lin,rickymcdonald@example.org,07/06/2026,Canada,,Real Estate,Banner
CUST000261,Jason Mack,ybrooks@example.com,,France,Missouri,Manufacturing,  social media  
CUST006237,Sherry Gill,tracywashington@example.net,2025-11-16,India,Nebraska,Hospitality,email
CUST008739,Victoria Wright,amysmith@example.net,10 Nov 2023,Australia,New Mexico,Finance,Display
CUST009422,Brandi Porter,sheila02@example.net,2024-02-24,AUS,Delaware,,EMAIL
CUST006798,Tyler Barnes,dillonharris@example.org,2023-01-10,Canada,Utah,Real Estate,Organic Search
CUST003966,Courtney Robinson DVM,qalvarado@example.com,2023-04-06,DE,Hawaii,Finance,social media
CUST004788,Paul Riley,adamlogan@example.net,2024-03-31,U.S.A,Texas,Real Estate,referral
CUST001884,James Reed,johnsonmelissa@example.com,2024-12-13,DE,Missouri,Education,Organic
CUST006534,Victoria Sanchez,mitchell23@example.com,2025-08-13,UAE,Ohio,Media,Referal
CUST004880,  Samuel Ellison  ,clarkjustin@example.net,2024-02-18,CA ,South Carolina,Healthcare,Paid Search
CUST004972,Charles Romero,ywallace@example.org,2025-01-07,singapore,South Carolina,,social media
CUST003243,Corey Espinoza,michael51@example.com,2023-02-10,U.K.,South Dakota,Technology,EMAIL
CUST004582,Scott Chandler,williamsonmichael@example.net,2025-10-19,Australia,Tennessee,Logistics,PPC
CUST000483,Nicole Evans,jennifer83@example.org,10/31/2025,United States,Indiana,Retail,AFFILIATE
CUST004328,Terri Rogers,kingtravis@example.com,2023-05-08,UAE,Georgia,Education,social media
CUST006238,Patrick Washington,skinnerjenny@example.org,2026-03-23,  IN  ,Utah,,Referal
CUST002492,Alexa Wallace,olivia99@example.org,02-09-2023,england,New Hampshire,Logistics,  Referral  
CUST003469,Monique Freeman,longmark@example.net,,BR,Mississippi,Hospitality,Paid Search
CUST006978,Jenny Banks,duane16@example.com,06/01/2026,India,Kansas,Manufacturing,Instagram
CUST008494,Michael Hall,mfranklin@example.com,04-07-2023,australia,Iowa,Healthcare,  email  
CUST008799,Andre Kent,charles90@example.com,07-06-2023,United states,South Dakota,Logistics,paid search
CUST000976,Tanner Mann,adrianjoyce@example.net,2023-09-23,Canada,Montana,Education,DISPLAY
CUST001990,Phillip Kelly,brenda16@example.net,2023-01-20,UK,Iowa,Media,Affliate
CUST006701,Donald Smith,dalton51@example.net,21-12-2025,india,Colorado,Real Estate,Paid Search
CUST009745,Jeffrey Cooper,jcain@example.com,2025-11-28,DE,New Hampshire,Education,PAID SEARCH
CUST009691,Christopher Roth,henryamanda@example.net,2024-04-14,australia,,Finance,Organic
CUST003898,Tyler Jones,wcarrillo@example.org,2026-02-23,AUS,Virginia,Healthcare,PAID SEARCH
CUST004482,Lisa Brown,melissa20@example.org,2026-07-12,  BR  ,Ohio,Manufacturing,Referal
CUST000560,  Christine Harris  ,marykelly@example.org,10/21/2023,FR,Delaware,Hospitality,Partner
CUST001801,Eric Francis ,,18 Feb 2026,Brazil,Alabama,,Facebook Ads
CUST002978,Maureen Bates,danlong@example.net,,germany,Wyoming,Technology,paid search
CUST000321,Brian Lambert,orose@example.com,2023-09-04,DE,Rhode Island,Manufacturing,Banner
CUST004007,Brandon Rice,tiffanyhill@example.com,24-07-2024,india,,Education,SOCIAL
CUST004263,James King,hernandezlisa@example.org,2026-07-27,Brazil,Oregon,Technology,Display
CUST008770,Zachary Rodriguez,leetracey@example.org,03/19/2023,USA,Michigan,Education,  Referal  
CUST008058,  Marcia Taylor  ,sara81@example.com,2023-10-20,australia,Idaho,Technology,PPC
CUST000219,  Jason Marshall  ,catherine55@example.net,2025-10-31,United Arab Emirates,Minnesota,Healthcare,Google Ads
CUST004267,Amy George,kimberly74@example.com,2026-05-30,CA ,North Carolina,Technology,Facebook Ads
CUST001575,Amanda Anderson,stephanie55@example.org,2023-05-14,SG,Texas,Finance,  Referal  
CUST008976,  Emily White  ,rebecca77@example.org,01 Dec 2025,india,,Healthcare,Affliate
CUST004603,Brenda Sullivan,rebecca37@example.net,2023-05-07,US,South Dakota,Real Estate,DISPLAY
CUST006954,Natasha Graves DDS,zamoramargaret@example.org,2025-06-25,United States,Nebraska,Real Estate,Referal
CUST001363,Ronald Miller,melissa67@example.org,2024-05-07,United states,Missouri,Real Estate,Display
CUST007472,Keith Walker,qjones@example.com,2024-09-07,SG,Pennsylvania,,Partner
CUST000006,Edward Fuller,barbara10@example.net,2024-10-06,DE,Iowa,Real Estate,Organic Search
CUST008548,  Mr. Derek Campbell  ,vjones@example.net,2024-01-16,Australia,Montana,Technology,PPC
CUST004429,  RICKY ELLISON  ,kathy50@example.net,2024-08-03,BR,Vermont,Media,REFERRAL
CUST003851,Jeffrey Weaver,jacob28@example.com,2025-03-28,BR,West Virginia,Manufacturing,affiliate
CUST007074,David Lara,josechan@example.net,2023-05-23,CA ,Alabama,Real Estate,REFERRAL
CUST007417,David Taylor,christinepatterson@example.com,2024-01-31, India,Florida,Education,SOCIAL
CUST002046,Christopher Davis,lshannon@example.net,23-01-2025,Germany,Idaho,Hospitality,Organic
CUST002385,Christopher Sims,richardsonronnie@example.net,06-09-2024,brazil,Louisiana,Real Estate,Paid-Search
CUST008568,Marie Hansen,evanschloe@example.net,13-03-2025,U.A.E,,Hospitality,social media
CUST003487,Randy Wilkerson,,2024-03-27,germany,Wyoming,Media,organic
CUST001493,Michael Hernandez,stacy94@example.org,26-01-2024,FR,North Carolina,Hospitality,E-mail
CUST004717,Leslie Newton,joseph68@example.net,12 Feb 2025,United Kingdom,,Manufacturing,EMAIL
CUST003244,Vanessa Yates,richardsmario@example.org,10/28/2024,CA ,New Mexico,Healthcare,Referral
CUST003751,Michael Mosley,newmanthomas@example.com,2025-03-24,U.S.A,Pennsylvania,Real Estate,Display Ads
CUST008750,Erica Gilbert,bellrobert@example.com,2025-06-07,DE,Montana,Logistics,Facebook Ads
CUST007705,Shawna Harris,abigail54@example.com,2024-01-20,SG,Alabama,Retail,referral
CUST007092,Derek Roach,hatkinson@example.org,2025-11-18,canada,,Finance,REFERRAL
CUST007427,Ryan Richards,renee96@example.com,06/29/2025,SG,New Mexico,Retail,ORGANIC
CUST003034,Bridget Cunningham,christinagoodwin@example.net,,singapore,Texas,Real Estate,AFFILIATE
CUST009004,Christopher Thomas,,2024-05-21,USA,Washington,Education,Organic Search
CUST006570,Misty Cruz,matthew30@example.net,2023-03-09,Brazil,Alabama,Education,Referal
CUST001606,Tyler Rush,peter86@example.com,03/04/2023,U.A.E,New Jersey,Healthcare,social media
CUST003153,Gregory Cruz,charles35@example.org,17-02-2025,  Germany  ,North Dakota,Manufacturing,Organic Search
CUST002459,Ronald Sharp,bradbennett@example.com,2024-01-31,United Arab Emirates,Texas,Retail,referral
CUST006404,Anthony Palmer,vwatson@example.org,02-03-2026,india,Florida,Education,Referral
CUST007723,  Kellie Boyd  ,gdouglas@example.com,2024-05-23,United states,Kansas,Technology,SOCIAL
CUST001027,David Keller,gibsonmiguel@example.org,2025-03-13,AUS,Hawaii,Education,AFFILIATE
CUST003231,Abigail Romero ,,08/08/2023,AUS,,Logistics,PPC
CUST003657,Robert Sullivan,chad60@example.org,12/17/2024,canada,Hawaii,Hospitality,organic
CUST002912,Carlos Walker,patricia12@example.org,2025-07-18,U.A.E,,Hospitality,SOCIAL
CUST007877,Julie Turner,fletcherjames@example.com,2023-12-27,SG,,Retail,DISPLAY
CUST008699,Barbara Baker,zavalajulie@example.com,2024-11-14,United Arab Emirates,Maine,Retail,affiliate
CUST006565,Tyler Berger,collinsmichael@example.com,08/01/2026,U.S.A,Pennsylvania,Technology,Referral
CUST005056,Jason Brown,antonio57@example.net,08-03-2025,United Arab Emirates,Pennsylvania,Logistics,Organic
CUST006691,Kevin Davis,suzanne81@example.org,2024-06-24,France,Vermont,Hospitality,Paid Search
CUST006794,  Katrina Mitchell  ,ronaldfriedman@example.net,21-07-2026,U.A.E,Maryland,Finance,PAID SEARCH
CUST002514,Mr. Joshua Cohen,nathan39@example.com,03/12/2026,france,Massachusetts,Manufacturing,social media
CUST000137,Daniel Fowler,williamsmatthew@example.org,2025-10-28,Canada,Oregon,Finance,Partner
CUST007740,Richard King,christianmckinney@example.com,2023-07-04,United Kingdom,Arkansas,,Banner
CUST000484,Donna Reed,tinasantos@example.org,06-04-2026,BR,,Real Estate,Banner
CUST005435,Matthew Morgan,xguzman@example.org,2024-06-14,UK,Utah,Healthcare,SOCIAL
CUST000575,Margaret Mcfarland,kwelch@example.com,19 Jan 2026,england,,Hospitality,Display
CUST008723,Scott Perez,pruittkristin@example.net,2023-04-05,Germany,,Education,Google Ads
CUST000613,Theresa Hansen,xreese@example.net,26-12-2025,France,Oregon,Retail,Organic
CUST008585,Christopher Jones,angelica63@example.com,2025-08-11,  brazil  ,Nevada,Hospitality,Banner
CUST001957,Jeffrey Lyons,josephmeyer@example.net,2026-05-11,INDIA,,Manufacturing,Referal
CUST008033,Michael Jones,qmoran@example.com,2024-07-30,United Arab Emirates,Utah,Finance,Affliate
CUST009381,Ashley Juarez,miranda76@example.net,07/23/2026,Brazil,,Healthcare,social media
CUST001642,Kyle Jordan,valerielewis@example.com,07/24/2026,United Arab Emirates,Maryland,Retail,PAID SEARCH
CUST009703,Megan Moore,michaelstrong@example.org,10/10/2024,singapore,Mississippi,Technology,Banner
CUST005495,Julia Walters,ramirezclinton@example.com,2024-06-20,france,Tennessee,Real Estate,Referral
CUST001875,Samantha Howard,williamspatricia@example.com,2023-09-14,england,Connecticut,Education,E-mail
CUST005000,Melvin Williams,xwells@example.com,10/07/2024, India,,Media,Social
CUST005876,Jane Kirby,rbrown@example.net,2026-05-25,IN,Nebraska,Finance,REFERRAL
CUST003432,  LESLIE JACKSON  ,moniquemoore@example.org,2023-02-23,singapore,Virginia,Real Estate,Affliate
CUST001369,Michael Hill,kelseyphillips@example.net,03/11/2025,Brazil,,Hospitality,Affliate
CUST002150,Michael Carlson,hjohnson@example.net,2026-03-11,BR,Alabama,Healthcare,email
CUST005266,Sarah Golden,jennifermoss@example.com,2025-06-10,United Arab Emirates,Virginia,Retail,Organic
CUST008495,Elizabeth Wright,michelle81@example.net,2024-12-02,IN,Nebraska,Healthcare,Affliate
CUST007975,David Moore,sguzman@example.com,22-11-2024,Australia,New Jersey,Logistics,Display
CUST005505,Jessica Hernandez,robertgonzales@example.org,15-08-2024,U.A.E,New York,Manufacturing,SEO
CUST009715,Ashley Davis,johnhinton@example.net,07/04/2026,Canada,Oklahoma,Retail,Banner
CUST000824,Michele Hawkins,millertristan@example.com,,Brazil,Maine,Healthcare,Paid-Search
CUST002062,  Craig Hammond  ,anthonygilbert@example.com,30-11-2023,FR,Missouri,,AFFILIATE
CUST005362,Gary Wong,marcuscole@example.net,2025-03-06, India,Tennessee,Real Estate,SOCIAL
CUST008862,Patricia Gonzalez,timothy85@example.org,2025-02-28,SG,North Dakota,Manufacturing,Referral
CUST002931,David Lee,lisa42@example.org,2023-02-28,FR,North Carolina,Media,  display  
CUST004058,  Tyler Hanson  ,,2023-05-12,BR,,Manufacturing,AFFILIATE
CUST007640,Tiffany Mcguire,smithalicia@example.org,2025-02-16,U.K.,South Dakota,Real Estate,EMAIL
CUST009579,Christopher Hudson,zmassey@example.net,2025-12-12,CA ,Oregon,Finance,Instagram
CUST007157,Yvonne Garcia ,,2025-01-15,germany,Alabama,Logistics,paid search
CUST006852,Donna Grant,samanthaenglish@example.org,2023-08-23,singapore,New Hampshire,Hospitality,PPC
CUST001708,Gordon Hahn,andrea74@example.com,15-07-2024, India,Colorado,Retail,Partner
,Daniel Parsons,lauren38@example.org,05/26/2024,UK,New Jersey,Logistics,Facebook Ads
CUST004939,  Sheila Hanna  ,pittsmary@example.net,2025-01-04,France,Connecticut,Retail,Partner
CUST006940,Michelle Levy,becky11@example.com,2023-01-03,DE,,Finance,Social
CUST008368,STEVEN RODRIGUEZ,hrivera@example.org,2026-06-09,Canada,,Finance,Referal
CUST005013,Natasha Washington,joebrown@example.com,2023-04-29,canada,Tennessee,Finance,Instagram
CUST009378,David Newman,deandavid@example.net,07-08-2025,United Kingdom,New Hampshire,Real Estate,DISPLAY
CUST002180,Samantha Russell,aaronponce@example.org,2026-04-29,UK,Louisiana,Logistics,PAID SEARCH
CUST003594,Megan Grimes,greg78@example.net,2026-03-19,canada,Iowa,Manufacturing,ORGANIC
CUST006726,Nancy Elliott,peter69@example.org,2024-12-16,AUS,,Retail,E-mail
CUST001609,Renee Tapia,petermoore@example.com,2023-10-20,IN,Montana,Logistics,affiliate
CUST003834,  Lance White  ,ecook@example.net,07/08/2025,england,Pennsylvania,Real Estate,SOCIAL
CUST003508,Andrew Robbins,chelseasmith@example.com,2023-06-24,Brazil,Oregon,Finance,organic
CUST008235,Wendy Higgins,joe40@example.org,04 Jun 2023,U.A.E,Rhode Island,Hospitality,organic
CUST003042,Paul Richards,alexander69@example.com,,singapore,,Media,Email Marketing
CUST007418,Holly Garcia,daniel08@example.org,04-04-2023,Singapore,Wyoming,Logistics,paid search
CUST009674,Bryan Diaz,oyoung@example.org,2025-04-26,United Arab Emirates,West Virginia,Technology,SOCIAL
CUST004188,Jessica Porter,lopezaaron@example.net,2025-09-11,france,,Healthcare,Organic Search
CUST002127,Grant Newton,mrandolph@example.net,2026-05-14,UK,West Virginia,Education,E-mail
CUST007151,Kathryn Johnson,camachomichael@example.net,14-07-2023,USA,Florida,Education,Banner
CUST008171,Anne Hunter,connorjoseph@example.com,2026-03-18,  U.A.E  ,North Dakota,Retail,PPC
CUST001164,Carl Barnes,patricia85@example.com,2023-08-12,U.S.A,,Logistics,  Facebook Ads  
CUST009647,  Craig Bass  ,nathanfranklin@example.net,,Singapore,Missouri,Finance,Email
CUST007826,Christina Taylor,jennifer42@example.org,09/29/2023,United States,Maryland,Healthcare,affiliate
CUST006831,Debra Franklin,cindygarrett@example.org,11-07-2026,UAE,,Finance,Email Marketing
CUST007489,  James Copeland  ,qpatrick@example.org,2025-12-30,United States,Iowa,Manufacturing,SEO
CUST000913,Jessica Perry,mmclaughlin@example.net,02/03/2025,france,Oklahoma,Finance,REFERRAL
CUST009601,Anthony Parker,edwardortiz@example.net,,CA ,Nebraska,Media,  AFFILIATE  
CUST009551,Kevin Aguirre,qrodgers@example.com,06-07-2026,CA ,Washington,Retail,referral
CUST001910,Taylor Wong MD,montesmichelle@example.org,22-03-2026,United states,Florida,Real Estate,Partner
CUST001661,Kimberly Davidson,fergusonbrandon@example.com,2024-07-06,AUS,Missouri,Healthcare,Display
CUST002506,Dean Cunningham,qirwin@example.com,2024-05-20,Brazil,Nevada,Hospitality,Google Ads
CUST001927,Brian Garza,hayley92@example.net,03/04/2024,BR,Pennsylvania,Hospitality,Email Marketing
CUST009417,David Morris,davidruiz@example.org,2025-11-24,France,Tennessee,,Facebook Ads
CUST007173,Ryan Young,raven17@example.com,01/26/2023,United Arab Emirates,North Carolina,Retail,Paid Search
CUST007643,  Joan Taylor  ,john77@example.com,05-04-2023,FR,Kansas,Real Estate,SEO
CUST001779,Sabrina Robinson ,,13-04-2024,CA ,Tennessee,Hospitality,email
CUST002991,Nicole Herman MD,taylormelinda@example.org,2024-03-01,Singapore,Florida,Real Estate,email
CUST004416,Ronald Perez,cherylzhang@example.com,2023-03-15,brazil,,Technology,email
CUST001224,Stephanie Marshall,whitedaniel@example.com,28-02-2025,england,Wyoming,Manufacturing,Display
CUST005241,Cheryl Oneal,laura77@example.net,2024-09-04, India,Nevada,Finance,Display Ads
CUST000125,Megan Le,courtneyberger@example.net,2023-11-20,United Arab Emirates,Arizona,Finance,Organic Search
CUST001858,Gabriel Richardson,stephensonkatherine@example.com,06/09/2025,United Arab Emirates,Wisconsin,,REFERRAL
CUST006660,Daniel Campbell,theresa26@example.org,2026-02-18,Brazil,Nebraska,Finance,ORGANIC
CUST002995,Alexander Martin,kimberlybell@example.com,2024-07-26,CA ,Maryland,Education,Paid Search
CUST000893,Wayne Douglas,unguyen@example.net,2024-02-14,DE,Oregon,Retail,Referral
CUST002465,William Brady,williamspaul@example.net,12-07-2025,  DE  ,North Carolina,Real Estate,Organic
CUST006223,Michael Collins,victoria19@example.org,02/27/2024,UK,Oregon,Real Estate,email
CUST008215,  Daniel Flynn  ,seanbanks@example.org,2025-05-16,UK,Kansas,Retail,ORGANIC
CUST007680,Adam Walker,nelsoncory@example.net,2023-07-19,Australia,Montana,Education,organic
CUST008225,Ricardo Macias,uwilliams@example.com,2026-01-08,UK,Maine,Real Estate,affiliate
CUST003441,Andrea Howard,hcollins@example.net,2024-06-01,germany,,,social
CUST000339,Sheila Boone ,,2023-12-02,United States,Vermont,Real Estate,  Google Ads  
CUST007012,  Mark Taylor  ,margaretbullock@example.net,2023-06-21,Germany,Rhode Island,Finance,Paid Search
CUST000086,Paige Carlson,wallkenneth@example.com,08/10/2024,United States,Idaho,Manufacturing,REFERRAL
CUST009052,William Dillon,petercastillo@example.com,25 Jan 2024,U.S.A,Alaska,Technology,  Display  
CUST002422,Derek Clark,smithjesse@example.com,2025-03-04,U.K.,Virginia,Media,Affiliate
CUST001381,Kayla Norman,shelby69@example.org,2025-04-01,singapore,,Retail,display
CUST004778,Matthew Brown,smacdonald@example.com,07/21/2023,australia,Pennsylvania,Education,paid search
CUST002654,Cynthia Christensen,ladkins@example.com,2024-09-05,FR,Wisconsin,Finance,Email
CUST002759,Robert Wilson,stevemarshall@example.net,02-07-2025,Brazil,Missouri,Logistics,Display
CUST005139,Natalie Lopez,hbanks@example.org,2024-07-02,U.K.,South Carolina,Logistics,E-mail
CUST003180,David Riggs,ellismichael@example.com,2024-08-24,france,New Mexico,Media,Email Marketing
CUST004435,Kathy Weber,umedina@example.org,17-09-2025,germany,New Jersey,Hospitality,PAID SEARCH
CUST002576,Mallory Barnes,lopezdavid@example.org,08/23/2023,DE,Minnesota,Finance,Affliate
CUST000079,David Michael,nicole37@example.net,2025-07-18,Australia,South Carolina,Technology,EMAIL
CUST006161,Tracy Garcia,andrew23@example.com,2025-01-04,DE,Nebraska,Retail,  Paid Search  
CUST007037,Sherri Sanchez,andrewknight@example.org,15-05-2025,Canada,Tennessee,,organic
CUST003063,Angela Young,jeff06@example.net,09-08-2023,U.S.A,Texas,Technology,Email Marketing
CUST000253,  Stacy Carrillo  ,fowlershelia@example.com,2024-02-01,  canada  ,South Carolina,Healthcare,social media
CUST007590,Christopher Rivera,brendangreen@example.com,2024-01-05,United Arab Emirates,New Mexico,Real Estate,SOCIAL
CUST002736,Robert Fuller,isabella81@example.net,2025-03-29,Brazil,Idaho,Technology,Google Ads
CUST009309,Bryan Bailey,haydenhamilton@example.org,2023-09-13,United Arab Emirates,South Dakota,Hospitality,Paid-Search
CUST007194,  Alison Richard  ,smithandrew@example.org,11 Mar 2024,singapore,West Virginia,Media,social media
CUST002649,Paul Miller,johnjohnson@example.net,2023-08-07,U.A.E,Montana,Manufacturing,social media
CUST007068,Autumn Boyd,travis25@example.com,2025-01-16,germany,South Dakota,Logistics,referral
CUST007770,Justin Velazquez,dustin85@example.com,20-02-2024,singapore,South Carolina,Education,AFFILIATE
CUST005152,Crystal Vasquez,kaufmanalan@example.org,04/06/2026,UAE,New York,Education,affiliate
CUST004436,Benjamin Moore,natasharodriguez@example.net,09 Apr 2025,Singapore,Louisiana,Manufacturing,Referral
CUST001799,Brandon Lopez,seanbarajas@example.com,2023-11-28,U.A.E,,Finance,  DISPLAY  
CUST006241,David Gomez,,30-12-2024,UK,,Education,Email Marketing
CUST002341,Joseph Walker,stacy03@example.org,15-01-2025,india,Colorado,Technology,Email
CUST006354,Larry Walters,mcphersontiffany@example.net,2024-05-08,Canada,South Carolina,Real Estate,Affliate
CUST004864,  Jessica Rogers  ,lisaanderson@example.net,13-07-2026,FR,Kentucky,Logistics,social media
CUST001335,Timothy Alvarez,tinastokes@example.net,07/06/2023,england,Kansas,Media,REFERRAL
CUST009802,  Alyssa Wright  ,muellerjeffrey@example.net,09/16/2023,DE,Michigan,Manufacturing,Email Marketing
CUST001955,Michael Bass,thomassmith@example.com,2024-03-08,singapore,Arizona,Finance,Google Ads
CUST008550,Janet Fritz,perezjeanette@example.com,2023-04-04,australia,Montana,Real Estate,Banner
CUST000004,Melissa Peterson,jasongallagher@example.org,04/11/2024,Canada,Colorado,Technology,affiliate
CUST000502,Austin Santiago,michellecoleman@example.org,,Australia,Indiana,Logistics,PPC
CUST007169,Misty Porter,amanda36@example.org,2024-02-02,BR,Maine,Manufacturing,Partner
CUST005904,Emily Weaver,nleach@example.net,2025-03-20,  U.K.  ,,Education,display
CUST000311,Kimberly Little,rodriguezjohn@example.net,2023-11-14,singapore,Minnesota,Manufacturing,AFFILIATE
CUST009804,Felicia Webb,charles43@example.org,2024-12-30,UK,Rhode Island,Manufacturing,  paid search  
CUST005324,Andrew Parker,dorseyscott@example.com,2026-02-21,india,,Hospitality,Referal
CUST008180,Kristopher Hunt,timothybarnes@example.org,,france,,Retail,  Partner  
CUST003559,John Santos,chanmichael@example.com,04-12-2025,FR,Utah,Manufacturing,AFFILIATE
CUST009525,Kelly George,mariaoneill@example.net,2023-06-24,AUS,Georgia,Finance,Display
CUST000996,Robert Hansen,hendersonjames@example.org,07-03-2026,USA,South Dakota,Healthcare,EMAIL
CUST006483,Michelle Rasmussen,bartlettnicholas@example.org,2023-09-03,Singapore,West Virginia,Media,Banner
CUST000609,Marcus Garza Jr.,catherinejones@example.org,2025-02-26,United states,Tennessee,Technology,Social
CUST009248,Ronald Wood,stacythomas@example.com,2025-08-25,DE,Tennessee,Hospitality,Display Ads
CUST002111,Lindsey Charles,ksmith@example.org,16-10-2024,  india  ,New Hampshire,Media,Email
CUST008407,Crystal Carter,douglasturner@example.org,2025-08-21, India,Delaware,Healthcare,Display
CUST003473,Lori Wilson,robertallen@example.net,27 Feb 2023,brazil,West Virginia,Media,SEO
CUST005689,Stephen Bell,ronald95@example.org,2025-12-30,IN,South Dakota,Technology,EMAIL
CUST003529,Sarah Weaver,paul54@example.org,2024-09-09,Brazil,New Mexico,,E-mail
CUST001913,Jessica Williams,brownkevin@example.org,01-09-2023,Australia,Vermont,Finance,Email
CUST000441,Julie Wilson,delacruzbrandy@example.net,2025-04-13,AUS,,Logistics,Display
CUST006042,Thomas Morales,richardanderson@example.com,09/23/2024,India,,Education,DISPLAY
CUST003817,Rebecca Meyer,fblack@example.com,23-03-2024,FR,Louisiana,Technology,social
CUST002337,  Makayla Friedman  ,mavery@example.net,2024-07-29,United States,South Carolina,Hospitality,DISPLAY
CUST007142,Jill Mcintyre,kellyrobles@example.net,05/23/2024,india,,Real Estate,REFERRAL
CUST001050,Mrs. Kimberly Mooney,johnathandavis@example.com,12/12/2023,brazil,,Hospitality,paid search
CUST005763,Katrina Rodriguez,williamsgregory@example.com,2025-03-31,United Arab Emirates,Kentucky,Media,Affiliate
CUST004444,Rachel Dickerson,sabrina83@example.com,09-08-2025,US,Tennessee,Technology,Partner
CUST001997,Felicia Walsh,sbaker@example.net,2024-03-21,FR,,Finance,  PPC  
CUST007555,Eugene Miller,oconnordawn@example.com,2023-02-19,  UAE  ,Alabama,Finance,E-mail
CUST000104,  Isaiah Avila  ,nwolf@example.com,2024-04-28,australia,,Manufacturing,SEO
CUST009292,Michael Greene,nicholasmorrison@example.net,2025-07-18,SG,,Education,Affiliate
CUST006858,Alyssa Smith,perezbrian@example.net,05/07/2026,CA ,South Dakota,Manufacturing,display
CUST001280,Lauren Wilson,michelle96@example.net,29-06-2025,Canada,New Hampshire,Hospitality,Referral
CUST005281,Thomas Pope,jacobsonamy@example.com,12/13/2024,singapore,New York,Hospitality,DISPLAY
CUST007268,Mr. Aaron Davis,hendersonryan@example.com,2025-02-27,U.A.E,,Technology,Email
CUST007977,Maria Smith,mitchell07@example.org,2024-03-24,Canada,Wyoming,Media,PAID SEARCH
CUST004871,Ryan Morgan,tranjoyce@example.net,25-07-2023,France,Washington,Retail,DISPLAY
CUST002983,Patrick Armstrong,debra74@example.net,14-12-2024,INDIA,South Carolina,Manufacturing,organic
CUST000498,Lisa Wells,wilsonmichael@example.org,2024-12-20,DE,Tennessee,Media,Partner
CUST001259,  Patrick House  ,catherineherrera@example.net,03-04-2026,Australia,North Carolina,Logistics,E-mail
CUST007352,Linda Davis,danielle97@example.net,2023-12-18,India,Virginia,Manufacturing,social media
CUST008749,Sandra Willis,ashley81@example.com,10-06-2023,India,,Media,E-mail
CUST000450,Carmen Meadows,osmith@example.net,01/23/2025,United Kingdom,Florida,Education,Google Ads
CUST006478,Vernon Brown,jonathanfox@example.net,2026-07-20,AUS,North Dakota,Finance,Affliate
CUST000300,Alexandria Gutierrez,hardyanita@example.org,25 Apr 2026,brazil,,Education,Banner
CUST002154,Vincent Sims,fischerlaura@example.org,28-10-2024,SG,,Healthcare,ORGANIC
CUST008218,  David Anderson  ,braunjesse@example.org,2023-12-09,germany,Connecticut,Logistics,organic
CUST005871,Cynthia Cruz,aromero@example.com,2025-05-23,Australia,Alabama,Real Estate,SOCIAL
CUST000816,John Reynolds,danielmcguire@example.net,18-06-2023,United states,Pennsylvania,Media,Email Marketing
CUST000118,Anthony Howard,hthomas@example.com,2024-11-19,FR,Oregon,Retail,REFERRAL
CUST003182,Michael Williams,jfletcher@example.com,2024-11-26,UK,,Education,REFERRAL
CUST005247,Amanda Jackson,yrojas@example.com,10-06-2023,U.S.A,Arizona,Technology,Paid-Search
CUST009671,Gregory Johnson,patriciapowell@example.com,2024-10-25,  Australia  ,,Retail,  E-mail  
CUST002445,Rebecca Cantu,michaelmatthews@example.net,2023-06-13,IN,South Carolina,Retail,Display Ads
CUST003095,Sarah Phillips,steve72@example.com,2025-08-03,france,Alabama,Hospitality,Email
CUST005359,  Sandra Paul  ,josephtravis@example.com,2023-04-06,  canada  ,,Technology,ORGANIC
CUST004328,Terri Rogers,kingtravis@example.com,2023-05-08,UAE,Georgia,Education,social media
CUST009790,Kayla Cox,scott39@example.net,2023-02-28,Australia,,Healthcare,Banner
CUST006156,Thomas Kelly,jennifer09@example.com,11-03-2026,UK,New Jersey,Education,ORGANIC
CUST005041,Jeffrey Mendez,carpentermegan@example.com,22-04-2025,US,Ohio,Hospitality,organic
CUST009864,Matthew Dunn,kimberly79@example.org,2023-11-15,CA ,Wyoming,Media,Affiliate
CUST009643,William Liu,jay85@example.com,18-11-2023,france,Oregon,Hospitality,Display Ads
CUST009697,Michael Hernandez,dacevedo@example.net,2024-05-22,UAE,Idaho,Real Estate,display
CUST008730,Aaron Gilbert,jacquelinehardy@example.com,28 Nov 2023,Singapore,Illinois,Retail,EMAIL
CUST004681,LAURA SHAW,rsanchez@example.net,2026-07-18,Australia,Alaska,Retail,Organic Search
CUST008349,John Washington,francojessica@example.org,23-06-2026,  U.S.A  ,Illinois,Education,affiliate
CUST003249,Jose Fox,amyers@example.net,04/29/2025,CA ,South Carolina,Hospitality,EMAIL
CUST002540,Beth Holmes,kirbybrett@example.org,2026-07-22,canada,California,Finance,AFFILIATE
CUST000691,Louis Morgan,bwilliams@example.com,2023-05-02,UK,Utah,Retail,Referal
CUST002966,Cheryl Gomez MD,vramos@example.org,08/21/2025,UK,Wyoming,Technology,Email
CUST002278,Chad Williams,brian74@example.net,18 May 2024,U.A.E,Arkansas,Hospitality,display
CUST006650,Stephen Chavez,alexis63@example.org,,DE,New York,Education,paid search
CUST004543,Jonathan Richardson,smitheric@example.net,07/15/2026,CA ,,Technology,SEO
CUST002113,Michael Roth,bethanygrant@example.net,2025-01-31,United Arab Emirates,Kansas,Education,  social  
CUST007575,Angela Banks,veronicaburton@example.org,12-10-2023,Germany,New Mexico,Retail,EMAIL
CUST003775,Jonathan Freeman,sandra33@example.net,2023-11-06,canada,,Retail,DISPLAY
CUST007312,Nancy Howard,ngeorge@example.com,14-01-2024,germany,,Healthcare,SEO
CUST002597,Carlos Ortiz,tmorrison@example.net,2025-12-07,germany,Oklahoma,Hospitality,  AFFILIATE  
CUST009135,Ralph Mooney,fduran@example.com,05/18/2024,Singapore,,Retail,Partner
CUST006769,Megan Hall,courtneyshaw@example.com,02/06/2024,U.K.,South Carolina,Finance,Instagram
CUST003114,David Smith,mendezsierra@example.com,11/01/2023,brazil,Illinois,Healthcare,DISPLAY
CUST006063,Anthony Allen,terrinavarro@example.com,05/10/2025,germany,,Retail,REFERRAL
CUST008904,Ian Serrano,ycole@example.com,2025-01-29,Australia,,Finance,REFERRAL
CUST006854,Russell Sims Jr.,mcmillanchristopher@example.net,2026-05-30,United states,New Mexico,Technology,Paid-Search
CUST008238,Daniel Henry,josejones@example.com,2023-12-29,U.A.E,Washington,Finance,Paid-Search
CUST001199,Brian Perkins,kmonroe@example.org,19-09-2024,Brazil,Georgia,Real Estate,display
CUST004349,John Williams,daryl45@example.com,24 Dec 2023,BR,,Finance,referral
CUST009120,Steven Stanton,richardsonjohn@example.net,2024-09-12,FR,Ohio,,Display
CUST007780,Amanda Medina,jessica60@example.com,24-04-2026,AUS,Alabama,Education,Display Ads
CUST006554,MARK POTTER,htorres@example.com,2023-07-21,singapore,Maryland,,Display
CUST007687,Beth Becker,stephen66@example.org,12/16/2023,IN,Arkansas,Retail,paid search
CUST004210,Breanna Wright,welchchristopher@example.net,2024-01-29,AUS,Minnesota,Media,paid search
CUST008972,Lisa Lamb,zfrank@example.net,2026-07-22,AUS,Louisiana,Healthcare,referral
CUST006713,Gregory Vincent,craig65@example.com,2024-05-29,United Kingdom,Missouri,Logistics,organic
CUST004610,Lisa Perry,daniellerodriguez@example.org,2024-05-05,Singapore,Arkansas,Retail,PAID SEARCH
CUST007331,Brenda Keller,nicoleclark@example.org,2023-05-01,  france  ,Maine,Retail,Referral
CUST005597,Regina Douglas,juliaball@example.org,01/19/2024,France,Louisiana,Media,Display Ads
CUST004353,Corey Carroll,john62@example.org,01/12/2026,Germany,Mississippi,Manufacturing,Affliate
CUST008421,Emily Jones,vfields@example.com,2025-01-05,Singapore,Florida,Media,Partner
CUST001041,  Caleb Figueroa  ,chrisgallagher@example.net,06-12-2024,United Arab Emirates,Louisiana,Media,paid search
CUST005902,Matthew Vincent,jacksonpatrick@example.net,30-06-2026,Germany,Idaho,Manufacturing,AFFILIATE
CUST002468,Misty Robinson,danielthomas@example.com,23 Sep 2024,United States,,Healthcare,PAID SEARCH
CUST007138,Kaitlin Young,braunapril@example.org,2023-09-22,FR,,Logistics,referral
CUST009062,Brianna Castro,glenn21@example.org,2024-09-09,Singapore,Ohio,Healthcare,Email Marketing
CUST007858,Stacey Richardson,dsmith@example.org,06/11/2025,australia,Oklahoma,Technology,Banner
CUST008478,Geoffrey Ward,jesus00@example.org,21-09-2024,FR,Nevada,Finance,  paid search  
CUST008309,  Karen Ortiz  ,foxwilliam@example.org,2024-03-14,UAE,New Jersey,Manufacturing,paid search
CUST006390,Jaime Watkins,wendypayne@example.net,,IN,Montana,,email
CUST008674,Scott Watts,jennifer71@example.net,2024-03-14,United states,North Carolina,Healthcare,REFERRAL
CUST008902,Shawn Patton,xray@example.net,24-08-2023,germany,West Virginia,Retail,Affliate
CUST008734,Gregory Aguirre,heather75@example.com,2024-09-30,canada,Nebraska,,Referal
CUST004648,Jacqueline Young,medinajessica@example.org,01/17/2024,Australia,Illinois,Technology,organic
CUST000064,  Amy Russell  ,nperry@example.com,08 Oct 2023,United States,Missouri,Media,E-mail
CUST001588,Shane Mcintyre,ryankathryn@example.net,03/06/2025,australia,North Dakota,Technology,organic
CUST001904,Heather Hughes,,2026-02-11,CA ,South Carolina,Media,affiliate
CUST000111,Veronica Allen,xhall@example.com,27-03-2026,CA ,Arizona,Real Estate,Instagram
CUST001265,Fernando Rodriguez,kpatterson@example.com,2024-08-29,FR,Mississippi,Technology,Google Ads
CUST007784,Joel Cordova,,2023-07-05,U.S.A,Alaska,Real Estate,E-mail
CUST003999,Nathan Acosta,vclark@example.org,2023-09-10,Singapore,Nebraska,Media,  AFFILIATE  
CUST009179,Scott Diaz,jamesbecker@example.org,2025-11-29,FR,Connecticut,Education,Organic
CUST001569,Sarah Miller,mbishop@example.org,2026-02-07,Canada,Wyoming,Logistics,paid search
CUST002521,Brian Shaw,frichardson@example.com,2024-02-26,germany,California,Healthcare,Facebook Ads
CUST005948,Whitney Green,turnerroger@example.net,03/27/2025,United States,Missouri,Technology,Affliate
CUST009977,Emily Saunders,rogercameron@example.net,2025-07-01,United States,Wyoming,Technology,REFERRAL
CUST005806,Ashlee Abbott,vblake@example.net,2023-10-13,singapore,Colorado,Real Estate,SOCIAL
CUST002643,David Rodgers,frank49@example.org,,FR,Alaska,Hospitality,EMAIL
CUST006785,Joseph Beltran,bthomas@example.com,2024-04-24,DE,Montana,Healthcare,Social
CUST001653,  Emily Carter  ,felicia98@example.org,2026-02-22,IN,Connecticut,Real Estate,Social
CUST008732,Tyler Ramirez,bryanbonnie@example.com,2023-04-09,DE,New Mexico,Hospitality,Paid-Search
CUST004934,Teresa White,ndavis@example.net,12-08-2023,canada,South Dakota,Media,referral
CUST004627,Miranda Butler,kiara57@example.org,2025-09-16,Brazil,New York,Technology,Email Marketing
CUST003902,Olivia Berry ,,2023-12-16,  canada  ,Nevada,Hospitality,  Organic  
CUST007561,KAREN RODRIGUEZ,vickie83@example.com,2026-03-29,USA,Colorado,Logistics,Display
CUST002714,Marcus Sims MD,gsharp@example.net,2023-04-05,UK,Nevada,Logistics,PAID SEARCH
CUST000342,Amber Sims,ksmith@example.com,2023-01-14,DE,,Retail,Email Marketing
CUST009900,Miranda Williams,smorris@example.net,22-05-2024,BR,Ohio,Logistics,social media
CUST009193,Rachel Rodriguez,francescohen@example.com,2024-04-05,CA ,Minnesota,Manufacturing,Display
CUST001655,David Thomas,zlopez@example.org,2026-05-08,australia,Minnesota,Manufacturing,Display Ads
CUST002359,Cole Mcdonald,ramirezbryan@example.org,2026-07-11,IN,Wisconsin,,Email
CUST005641,Don Parker,joseph28@example.org,2025-06-14,U.A.E,Vermont,Hospitality,Email
CUST009060,Scott Grant,crystal45@example.net,2024-01-09,France,Utah,Retail,REFERRAL
CUST000541,Jennifer Lopez,lanedavid@example.org,14-09-2025,U.S.A,,Retail,PPC
CUST002195,Miranda Frazier,kirkkimberly@example.com,2024-08-04,UAE,Kansas,Finance,  paid search  
CUST006269,Stephanie Floyd,kraymond@example.org,2023-03-07,india,North Dakota,Real Estate,Email Marketing
CUST002030,William Hughes,charlesbarnett@example.net,2023-05-02,singapore,,Logistics,DISPLAY
CUST002215,Dennis Palmer,david83@example.net,02 May 2025,UAE,Massachusetts,Media,Affiliate
CUST009903,Annette Young,teresa11@example.com,2025-04-15,canada,,Media,Email Marketing
CUST004758,Laura Parrish,hoganeric@example.net,2026-01-14,United states,Oregon,Technology,Facebook Ads
CUST002399,Tammy Dyer,barnesjames@example.com,23-11-2023,Singapore,Nevada,Manufacturing,paid search
CUST003813,BRIAN OSBORNE,,05-04-2025,India,Mississippi,Media,Affliate
CUST008719,Matthew Wilkins,nallen@example.net,31-12-2025,U.S.A,South Dakota,Logistics,ORGANIC
CUST002994,JESSE JONES,cynthiahill@example.com,12-08-2023,U.K.,Delaware,Hospitality,AFFILIATE
CUST009690,Emily Gonzalez,kevin78@example.net,2023-10-13,INDIA,,Real Estate,display
CUST001142,Amy Smith,wmurphy@example.org,2026-07-23,US,Alabama,Education,Google Ads
CUST003216,Anthony Pearson,smithcarrie@example.com,2026-06-30,Australia,,Logistics,Paid-Search
CUST008853,Paul Brown,markbarrera@example.org,2025-02-02,BR,Georgia,,Email Marketing
CUST007803,Bradley Hamilton,cochraneric@example.net,2023-02-06,BR,Louisiana,Hospitality,Facebook Ads
CUST005445,Samantha Taylor,katelyngiles@example.net,2024-10-23,australia,Colorado,Real Estate,Referral
CUST006058,Joseph Jordan,sandrapowell@example.org,,UAE,Wisconsin,Manufacturing,ORGANIC
CUST006493,  Cole Bell  ,kimberly19@example.net,20-08-2024,SG,Nebraska,Technology,Partner
CUST003930,Nicole Valentine,joshuarose@example.com,26-02-2023,Australia,Oklahoma,Logistics,paid search
CUST004810,Connie Clark,john52@example.net,15-07-2026,Germany,Vermont,Retail,social
CUST002178,David Baker,cjohnson@example.net,02/19/2023,AUS,Maryland,Real Estate,Banner
CUST000802,James Spencer ,,23 Sep 2025, India,Maryland,Education,PPC
CUST000290,Valerie Jacobson,hallrachel@example.net,27 Jul 2024,  UAE  ,Oregon,Healthcare,Partner
CUST008873,James Serrano,dmckinney@example.org,04-02-2023,FR,Montana,Manufacturing,organic
CUST001180,Breanna Christensen,morrisonnicholas@example.org,09-05-2024,SG,Delaware,Manufacturing,  email  
CUST002058,Melissa Hall,mproctor@example.net,03-12-2025,Brazil,Vermont,Manufacturing,  social  
CUST006974,Sergio Bender,charlene65@example.com,12/11/2023,INDIA,Colorado,Retail,Display
CUST005930,Jason Brown,william24@example.net,2023-02-18,Singapore,Kansas,,Email
CUST001792,Jesse Nash,robertsmark@example.org,,UAE,Utah,Real Estate,PPC
CUST007219,Victor Reyes,carolinethomas@example.org,26-09-2024,BR,Vermont,Technology,Organic Search
CUST005312,Brooke Mitchell,cholder@example.org,2023-01-29,USA,Indiana,Finance,PPC
CUST002968,Patricia Gonzales,howarddawn@example.net,2024-04-06,germany,New Mexico,Logistics,EMAIL
CUST008936,Courtney Richardson,kimberlyclark@example.net,10/07/2025,  india  ,Colorado,Retail,Banner
CUST001829,Jessica Valencia,ogriffin@example.org,2025-06-04,SG,Colorado,Media,Affliate
CUST002888,Raymond Waller,zabbott@example.net,2026-07-08,UAE,Colorado,Retail,PPC
CUST006331,Rick Bentley,lperez@example.net,16 May 2026,DE,Georgia,Education,display
CUST009405,Jennifer Smith,jenniferbennett@example.net,16 Jan 2026,United Arab Emirates,South Carolina,Technology,Instagram
CUST003368,Brenda Gomez,seanstevens@example.com,2024-12-11,  BR  ,Alaska,Healthcare,ORGANIC
CUST006553,Christopher Boyd,elizabeth84@example.net,23-06-2023,USA,Illinois,Manufacturing,AFFILIATE
CUST003880,Elizabeth Brown,felicia32@example.net,2026-03-29,singapore,Colorado,Technology,REFERRAL
CUST009505,Amy Small,alexanderamber@example.com,18-07-2023,india,Texas,Finance,Referral
CUST005244,  Kathryn Sherman  ,qmorgan@example.org,2024-12-04,United states,West Virginia,Real Estate,email
CUST003797,Angela Black,yjohnson@example.net,2025-08-24,india,Virginia,Technology,AFFILIATE
CUST004831,Kelly Martin,kara42@example.com,07 Nov 2025,Germany,Indiana,Finance,REFERRAL
CUST007319,Jessica Monroe,tyler54@example.net,2025-06-19,CA ,New York,Logistics,Email Marketing
CUST006812,Autumn Underwood,jeffrey35@example.com,2025-02-14,US,Georgia,Manufacturing,Display
CUST004276,Ronald Murray,drakeamanda@example.com,27 Apr 2026,  germany  ,Alaska,Finance,SEO
CUST004081,  Anna Cantu  ,tbrown@example.org,2023-08-20,canada,Delaware,Finance,Google Ads
CUST000665,  Kevin Alvarez  ,mramos@example.net,2023-01-20,  brazil  ,Alabama,Finance,SEO
CUST008036,Katelyn Frazier,lisaporter@example.net,,CA ,Oregon,Technology,  Organic Search  
CUST001911,  Linda Hoffman  ,,2026-02-17,SG,,Technology,DISPLAY
CUST003308,Nicole Williams,sanchezemily@example.net,2024-10-15,US,Minnesota,Real Estate,Organic Search
CUST006099,Roger Porter,,2024-05-24,U.A.E,Nebraska,Education,Email
CUST004701,Derrick Davis MD,russellmichael@example.com,2023-02-04,Australia,Minnesota,Media,Referral
CUST007180,Kayla Williams,grivera@example.net,26-01-2023,U.A.E,,Real Estate,email
CUST007842,Jennifer Murray,gonzalezdaniel@example.org,21-04-2025,  france  ,Illinois,Media,Display Ads
CUST008258,  Kim Anderson  ,,22-04-2026,brazil,Florida,Technology,REFERRAL
CUST000670,John Martinez,mark68@example.org,2023-10-29,SG,,Retail,Instagram
CUST004033,Stephanie Contreras,michellepage@example.org,04-09-2025,CA ,Utah,,E-mail
CUST002130,Duane Clarke,igarrett@example.com,2025-07-07,DE,Alabama,Manufacturing,E-mail
CUST003545,Mike Williams,qhensley@example.com,2024-06-24,Singapore,North Dakota,Retail,Banner
CUST004102,John Anderson,cathysmith@example.com,2024-05-28,Germany,Montana,Finance,Email
CUST004523,Brittany Stafford,catherinemartin@example.net,2025-10-03,germany,Mississippi,Healthcare,E-mail
CUST006228,Antonio Ortiz,oliviaperry@example.net,2025-10-10,singapore,,Technology,Paid-Search
CUST008123,Heather Duran,msmith@example.org,31-10-2025,IN,Tennessee,Technology,ORGANIC
CUST007882,Robert Cox,tylerashley@example.net,01-01-2023,UK,South Carolina,Finance,Affiliate
CUST008143,Jessica James,alyssahayes@example.org,2026-06-30,brazil,Texas,Technology,affiliate
CUST009225,Pamela Gutierrez,psutton@example.net,04/19/2023,IN,Nevada,Manufacturing,PPC
CUST001811,Sylvia Turner ,,11/29/2023,Singapore,Missouri,Technology,SEO
CUST000156,Paul Williams,nelsonebony@example.com,,U.K.,Rhode Island,Hospitality,Email Marketing
CUST000429,Hailey Monroe,kaitlyn14@example.org,16 Oct 2025,  SG  ,Missouri,Real Estate,Email Marketing
CUST004550,Edward Parker,jonathanrobinson@example.net,2026-04-14,UK,Wyoming,Real Estate,affiliate
CUST009363,Carolyn Porter,dsilva@example.net,16-09-2023,USA,Iowa,Real Estate,Affiliate
CUST004533,Tyler Luna,taylor33@example.com,2023-07-27,BR,South Dakota,Education,  Organic Search  
CUST002942,Jack Diaz,douglascarl@example.com,2023-04-01,Brazil,West Virginia,Healthcare,organic
CUST000302,Jason Washington,wardsheryl@example.net,01/22/2024,United Arab Emirates,South Dakota,Media,Organic Search
CUST007318,Troy Holmes,ubrown@example.com,08/21/2024,India,Connecticut,Technology,organic
CUST005521,Kelsey Smith,dwalsh@example.com,03-12-2023,england,Pennsylvania,Logistics,referral
CUST004689,Megan Cortez,william62@example.net,,  DE  ,California,Finance,Referral
CUST006213,Sara Fleming,hamiltonmichael@example.com,2025-12-30,Canada,Wisconsin,Education,Referral
CUST003015,David Rodgers,andrewbird@example.com,07/11/2023,singapore,,Retail,Email Marketing
CUST000411,James Burns,christopher86@example.org,,UAE,Mississippi,Logistics,Partner
CUST006801,Patricia Mcdonald,dhayes@example.com,2025-07-19,INDIA,New York,Media,organic
CUST000981,Zachary Hill,,25-01-2025,Germany,Washington,Retail,Paid-Search
CUST002508,Regina Johnson,ronaldoneal@example.org,17-08-2025,France,Arkansas,Finance,Organic
CUST006079,Tammy Marquez,ugarcia@example.net,13-07-2023,USA,Mississippi,Healthcare,PPC
CUST002192,Lori Valentine,ijensen@example.net,29 Apr 2026,  singapore  ,Kansas,Media,referral
CUST006248,Tammy Tucker,stran@example.com,06-12-2023,UK,Idaho,Healthcare,PPC
CUST007040,Christopher Zimmerman,rroberts@example.org,2024-04-21,france,Texas,Media,Display
CUST000951,Kathy Murray,jcontreras@example.net,08/10/2025,Australia,,Hospitality,organic
CUST003653,Robert Gomez,enelson@example.org,2025-06-20,Canada,Wisconsin,Technology,REFERRAL
CUST007921,Zoe Johnson,gloverpaula@example.net,16-12-2024,UK,Rhode Island,Education,affiliate
CUST001896,Rebekah Hill,usmith@example.net,14-07-2024,india,,Media,social
CUST000413,Paul Contreras,barnettlindsey@example.com,07-08-2025,Germany,Wisconsin,Healthcare,Affiliate
CUST004749,Barry Aguilar,ryan02@example.com,2023-12-28,Canada,Massachusetts,Finance,SOCIAL
CUST008989,Ryan Kim,bethperez@example.net,2025-03-26,United states,Maine,Hospitality,  Referral  
CUST005784,Jonathan Stark,zchaney@example.net,14-07-2026,USA,,Retail,Display Ads
CUST002193,Lauren Horton,gcollins@example.com,2026-06-28,USA,Oregon,Technology,social media
CUST003104,  John Pennington  ,rebeccahoward@example.org,,germany,Pennsylvania,Logistics,SOCIAL
CUST008985,Marc Brown,thomas73@example.net,06/22/2023,canada,Arkansas,,Affiliate
CUST004636,Jennifer Collins,badkins@example.com,02-04-2026,INDIA,Arkansas,Technology,  Affliate  
CUST006740,Christina Howard,lmcintosh@example.org,2023-07-01,U.A.E,Nebraska,Real Estate,E-mail
CUST007152,Derek Lopez,,2026-01-17,canada,Delaware,Hospitality,Paid-Search
CUST004522,Richard Moore,davidharvey@example.org,12/21/2025,brazil,Mississippi,Real Estate,Paid Search
CUST007691,David Hart,ellen95@example.com,2025-06-28,BR,West Virginia,Logistics,REFERRAL
CUST003378,Kathryn Vargas,fbass@example.org,14-10-2023,DE,Oklahoma,Education,EMAIL
CUST000017,Brittany Farmer,georgetracy@example.org,16-01-2024,US,,Logistics,Google Ads
CUST009265,Tiffany Tran,andrew63@example.com,03 Jan 2024,canada,,Hospitality,social media
CUST000444,Gary Hatfield,cynthia07@example.com,13-02-2023,Brazil,Indiana,Technology,Affiliate
CUST001306,Joseph Cooper,hamiltonspencer@example.com,,U.S.A,Maine,Finance,affiliate
CUST009985,Allison Pugh,,06/30/2023,France,Illinois,,Display Ads
CUST008954,Amber Zimmerman,whouse@example.net,2025-03-25,canada,North Dakota,Healthcare,Referral
CUST008330,Martin Perez,wgutierrez@example.net,01/09/2025,  U.K.  ,Maine,,Paid Search
CUST006352,Mrs. Veronica Torres,jennifer35@example.com,2023-06-23,france,,Finance,PPC
CUST005907,Nicholas Boone,ymckee@example.net,2023-02-03,U.A.E,Tennessee,Hospitality,Referral
CUST008788,Jason Chen,howardjames@example.com,07/07/2023, India,Maryland,Logistics,Affiliate
CUST008054,Matthew Tucker,david36@example.com,26 Jun 2023,Australia,Alabama,Technology,Google Ads
CUST005932,Antonio Hughes,monica60@example.org,10/01/2023,SG,New York,Finance,PPC
CUST009313,JOHN WHITE,paulaanderson@example.com,2025-02-15,India,Minnesota,Finance,  Display Ads  
CUST005769,Kenneth Crosby,johngalvan@example.org,2024-03-16,australia,Maine,Media,E-mail
CUST002223,Cheyenne Hughes,markgardner@example.org,,U.S.A,Louisiana,Hospitality,PPC
CUST008326,Ronald Zamora,davidwright@example.org,12-07-2026,United States,Vermont,Technology,Affliate
CUST008178,Ashley Rhodes,joshuahoffman@example.org,,Canada,Minnesota,Logistics,Display
CUST007155,Cindy Braun,christopher76@example.net,29-03-2025,U.A.E,Ohio,Retail,REFERRAL
CUST005496,  Charles Walsh  ,victoria96@example.com,2023-08-20,CA ,Nevada,Healthcare,organic
CUST005172,Melissa Morrison,daviswilliam@example.org,07/30/2025,United Arab Emirates,Texas,Real Estate,display
CUST004309,Mary Potter,bbowman@example.net,03/14/2025,france,Montana,Real Estate,Email Marketing
CUST000132,Elizabeth Ortiz,brandonjohnson@example.com,2023-08-27,DE,,Hospitality,REFERRAL
CUST001780,Ruben Woodard,jenniferbarry@example.net,02-04-2024,australia,Connecticut,Finance,Display Ads
CUST009538,Michael Preston,robert74@example.com,2023-06-13,UAE,Massachusetts,Finance,Organic
CUST001786,Michael Oliver,stacy70@example.com,03/25/2025,United Kingdom,Arizona,Finance,DISPLAY
CUST007237,Louis Vance,jamesconner@example.com,,singapore,Rhode Island,Education,DISPLAY
CUST001563,Kristina Gonzales,ashley48@example.net,18-03-2026,CA ,Maine,Logistics,Affiliate
CUST004971,Gerald King,pwebb@example.com,10-11-2023,FR,,Healthcare,affiliate
CUST000192,Andrea Fox,myerstheodore@example.net,2024-02-20,United Kingdom,Missouri,Education,Social
CUST009411,Henry Williams,joshuabrown@example.net,2024-08-01,canada,,Healthcare,organic
CUST007220,Maria Webster,owensalbert@example.com,02/21/2023,canada,Kentucky,Finance,Referal
CUST001489,Julie Miller,riosrichard@example.org,2024-03-28,United States,Hawaii,Healthcare,Google Ads
CUST000080,Gabrielle Snyder,hunter35@example.com,24-06-2025,U.A.E,,Real Estate,Instagram
CUST005856,George Wilson,uthompson@example.com,01/30/2026,CA ,Connecticut,Logistics,Paid-Search
CUST009929,Angela Camacho,salascrystal@example.net,14-05-2024,U.A.E,California,Manufacturing,PPC
CUST001318,Robert Golden,fcombs@example.org,02/14/2023,brazil,Louisiana,Retail,Referral
CUST009974,Dr. Heather Martinez MD,fgray@example.net,2023-07-31, India,New Hampshire,Technology,  Display  
CUST006577,Kristine Oneal,megan13@example.net,06/19/2025,DE,Texas,Hospitality,E-mail
CUST009981,Andrew Mcintyre,jwilliams@example.org,2023-10-21,BR,Maryland,Technology,Referal
CUST001779,Sabrina Robinson,kara13@example.net,13-04-2024,CA ,Tennessee,Hospitality,email
CUST002352,Eric Higgins,chavezrobert@example.net,2024-09-19,germany,Wyoming,Manufacturing,AFFILIATE
CUST002930,Reginald Copeland ,,20-10-2024,United Arab Emirates,New Hampshire,,Referal
CUST007646,William Meyer,sscott@example.com,25-09-2023,france,Pennsylvania,Logistics,E-mail
CUST008485,Paul Davis,,,AUS,,Retail,Paid Search
CUST003286,Mary Ali,kenneth66@example.org,2025-01-27,United States,New York,Technology,Partner
CUST009548,  Angela Williams DDS  ,haynesamy@example.com,2023-09-02,BR,Arkansas,,PPC
CUST000973,Heather Hess,paul01@example.com,2025-07-09,  canada  ,Mississippi,Hospitality,  Display  
CUST000657,Stephanie Ford,gdavis@example.org,2025-09-15,Germany,Idaho,Technology,EMAIL
CUST000084,Zachary Pierce,jacqueline44@example.com,12/20/2024,UK,Iowa,Hospitality,paid search
CUST007260,Kimberly Rosales,andrew54@example.com,03/27/2025,U.S.A,Mississippi,Media,Referral
CUST001171,Richard Day,,2023-06-13,australia,Alabama,Retail,social
CUST008845,David Frederick,,,england,Delaware,Finance,Email Marketing
CUST008266,Susan Bryant,brian82@example.com,2024-11-17,england,New Jersey,Education,Referral
CUST007200,  Susan Bennett  ,derek33@example.net,11 Nov 2024,SG,Alaska,Healthcare,Facebook Ads
CUST003466,Travis Schneider,ogibson@example.com,05/24/2025,Australia,South Carolina,Logistics,DISPLAY
CUST000083,Daniel Holt,elizabeth57@example.net,13-06-2025,USA,,Technology,SEO
CUST004229,  Holly Flynn  ,kathleenellison@example.org,2025-04-30,France,South Dakota,Media,social
CUST005072,Charles Mccoy,leonkatie@example.net,2025-01-29,United states,Virginia,,Instagram
CUST001297,Alex Mccann,jacksonkathleen@example.org,2023-03-17,Australia,Rhode Island,Finance,SEO
CUST007545,Elizabeth Johnson,mkennedy@example.org,2023-10-13,United Arab Emirates,Massachusetts,,referral
CUST007857,Steven Duke,reneepatel@example.net,30-12-2025,United Kingdom,,Manufacturing,Organic
CUST009552,John Greene,gilbert49@example.net,2024-07-07,BR,Kentucky,Finance,Partner
CUST005607,Anthony Stewart,wigginsjohn@example.org,12/23/2025,SG,Kentucky,Retail,Banner
CUST001577,Terry Martinez,vjohnson@example.net,2025-03-09,  UAE  ,Indiana,Education,AFFILIATE
CUST005060,Mrs. Melissa Chavez,karen90@example.org,2025-11-06,brazil,South Carolina,Real Estate,organic
CUST002112,Anthony Wright,fwolf@example.net,07/01/2026,  canada  ,Delaware,Manufacturing,paid search
CUST000574,Patricia Griffin,jamesjustin@example.net,29-08-2023,UK,Georgia,Retail,PPC
CUST000447,Tiffany Mcclain,andrewsmith@example.net,26-02-2023,india,Kansas,Media,Display Ads
CUST002947,Samuel Ramos,cruzhunter@example.net,2025-07-27,  UAE  ,Indiana,,Google Ads
CUST008780,George Castro,donaldbrown@example.org,2024-02-12,brazil,North Dakota,Logistics,social
CUST002933,William Frank,julie34@example.net,2025-04-27,India,,,Referral
CUST009479,Angela Shaw,marysantiago@example.org,31-07-2025,brazil,Kentucky,,Display Ads
CUST002762,Joshua Smith,hufftroy@example.net,2025-07-16,United Kingdom,Oregon,Real Estate,ORGANIC
CUST006396,Michael Brown,pnavarro@example.net,2024-03-12,england,North Carolina,Media,Email Marketing
CUST009358,Paul Liu,pcollins@example.org,2024-07-20,United Arab Emirates,South Carolina,Media,SEO
CUST004640,Troy Jones,brocklinda@example.org,2024-12-25,SG,,Real Estate,  Facebook Ads  
CUST001907,Jennifer Jackson ,,2023-11-25,SG,California,Technology,  Display Ads  
CUST009002,Denise Berg,psuarez@example.org,11/29/2025,singapore,Nevada,Technology,organic
CUST008606,Daniel Fitzpatrick,mary43@example.net,02/17/2024,FR,New York,Healthcare,PAID SEARCH
CUST005569,Melanie Ballard,scottcollins@example.net,2026-07-23,UK,Hawaii,Manufacturing,AFFILIATE
CUST002419,Benjamin Mccarthy,jaime56@example.com,2026-03-22,  france  ,Iowa,Media,REFERRAL
CUST001480,  Christopher Smith  ,jamesjackson@example.com,2025-05-16,Singapore,Colorado,Logistics,E-mail
CUST008579,Brandon Johnson,vrich@example.com,02/09/2024,AUS,,Retail,Display Ads
CUST005381,Terri Perez,baxterkristen@example.org,30-06-2026,U.K.,Connecticut,Healthcare,Email Marketing
CUST006191,Brandi Waters,audreyjohnson@example.org,2024-07-17,France,Idaho,Logistics,Display Ads
CUST009852,Pamela Mcconnell,castilloeric@example.com,2026-03-23,Brazil,Nevada,Technology,Facebook Ads
CUST001886,Nichole Zimmerman,susan92@example.org,2025-03-05,france,Hawaii,Hospitality,Display
CUST009133,Eric Phillips,sanchezkathleen@example.net,2023-09-28,canada,Florida,Hospitality,Display
CUST008472,Deborah Esparza,rperry@example.org,02/03/2024,Canada,New Hampshire,Media,Banner
CUST006715,Alicia Boyd,schwartzconnie@example.net,04 Mar 2024,FR,Illinois,Hospitality,social media
CUST003411,Jennifer Santos,khouston@example.com,2024-09-20,United States,Georgia,Hospitality,  REFERRAL  
CUST009396,Steven James,popebrandi@example.net,05 Jul 2026,AUS,Colorado,Hospitality,ORGANIC
CUST001781,Thomas Neal MD,nturner@example.net,16-12-2024,France,South Dakota,Real Estate,Partner
CUST006487,Christian Ball,bbates@example.org,28-01-2025,Australia,Ohio,Hospitality,Email
CUST001590,Jason Villanueva,mtaylor@example.net,2025-10-18,U.K.,Alabama,Retail,Affiliate
CUST005480,Patrick Diaz,hamiltonmegan@example.org,2023-09-21,UK,Vermont,Logistics,Affliate
CUST007428,Linda Gonzalez,christinestokes@example.com,10/04/2023,germany,Missouri,Healthcare,DISPLAY
CUST004860,Angela Richards,qrich@example.net,2024-01-14,US,,Healthcare,Organic Search
CUST000336,Sharon Martinez DVM,dustinmorris@example.org,2026-03-17,BR,Wisconsin,Retail,Referral
CUST004702,Steven Jackson,jacquelineballard@example.com,2024-02-12,USA,Connecticut,Retail,paid search
CUST007460,Sarah Jones,cortiz@example.com,2026-02-03,United Kingdom,Iowa,,Organic
CUST005532,Brian Sparks,erinlopez@example.org,2023-07-04,U.A.E,,Retail,EMAIL
CUST000832,Oscar Greer,lgregory@example.com,,IN,Rhode Island,Education,AFFILIATE
CUST003822,Stephanie Lynch,candace21@example.org,18-05-2026,Canada,Minnesota,Healthcare,SOCIAL
CUST003350,Stephen Vega,justinclark@example.com,01/14/2025,UAE,South Carolina,Real Estate,Organic Search
CUST000312,Lonnie Hart,vrasmussen@example.com,2026-01-08,UAE,Connecticut,Retail,REFERRAL
CUST008733,Adam Brown,jessemoore@example.com,2023-11-10,Germany,Florida,,Email
CUST005792,Nicholas Bauer,amanda26@example.org,,canada,South Dakota,Education,PAID SEARCH
CUST004229,  Holly Flynn  ,kathleenellison@example.org,2025-04-30,France,South Dakota,Media,social
CUST007653,Katherine Gonzalez,townsendtimothy@example.org,18-01-2026,germany,Michigan,Finance,affiliate
CUST004172,Lindsay Mitchell,ashley67@example.com,2026-03-28,UAE,Washington,Hospitality,REFERRAL
CUST007081,Kevin Bautista,dunnashley@example.net,08-02-2025,england,Alaska,Technology,ORGANIC
CUST001640,Zachary Johnson,dhansen@example.com,08-01-2023,CA ,New Mexico,Logistics,paid search
CUST004956,Amber Payne,vstewart@example.com,2024-12-07,United States,,Media,Partner
CUST007518,Eric Smith,charlespeters@example.com,05 Nov 2024,france,Virginia,Technology,display
CUST009436,Natalie Garcia,,2025-05-10,India,Washington,Retail,PAID SEARCH
CUST009607,Karen Collins,bherman@example.org,04/09/2023,india,Delaware,Media,PAID SEARCH
CUST008175,Christopher Hill,sarahjohnson@example.com,2024-06-01,United Kingdom,,Education,PPC
CUST005599,  William Lamb  ,monroekevin@example.com,2024-09-27,BR,Texas,,Organic
CUST005745,Elizabeth Rodgers,brenda00@example.net,02/11/2024,USA,Idaho,Healthcare,Instagram
CUST004745,Tiffany Berry,mannlisa@example.com,01-10-2024,CA ,Connecticut,Media,SOCIAL
CUST000349,Gregory Lewis,samanthajensen@example.com,04-01-2026,australia,,Logistics,Affliate
CUST003681,John Bradford,carolyoung@example.net,,United Arab Emirates,Florida,Healthcare,AFFILIATE
CUST006709,Sharon Jones,brownbrian@example.com,02-04-2024,Singapore,Nevada,Technology,SOCIAL
CUST008386,  Adrian Campbell  ,gonzalezethan@example.org,2026-02-10,United States,West Virginia,Manufacturing,Organic Search
CUST002619,MARY JONES,marioallen@example.com,2024-10-16,INDIA,Nebraska,Hospitality,  PPC  
CUST009170,Christopher Rollins Jr.,michael26@example.org,2024-12-26,AUS,,Education,Partner
CUST007337,MICHELLE BATES,brandon74@example.net,2023-07-22,India,South Dakota,Technology,PPC
,FREDERICK DAVIS,romeromakayla@example.com,2025-02-14,U.S.A,California,Hospitality,social
CUST003556,Joseph Collins,hernandezandrew@example.net,2026-05-03,australia,Hawaii,Retail,PPC
CUST002973,Andrew Fowler,iwilliamson@example.org,2024-11-27,Brazil,,Healthcare,Affiliate
CUST008153,Susan Fuller,jfox@example.net,07/20/2026,singapore,Iowa,Logistics,Affiliate
CUST009892,Martha Duncan,gellis@example.org,06/19/2023,DE,Indiana,,Email Marketing
CUST006927,Joseph Silva,russellbailey@example.net,18-03-2023,INDIA,,Hospitality,Display Ads
CUST009113,  James Austin  ,phenson@example.org,2026-03-22,U.A.E,Kansas,Manufacturing,DISPLAY
CUST000505,Roberto Bartlett,ohughes@example.com,04/13/2025,Canada,Nevada,Hospitality,Banner
CUST003209,TRAVIS MAYO,gary89@example.net,2025-07-22,Germany,Virginia,Media,email
CUST004258,Howard Coleman,natasha86@example.net,10/02/2024,BR,New Mexico,,Paid Search
CUST005747,Victoria Clayton,kellyleah@example.org,16-03-2025,Germany,Oregon,Hospitality,paid search
CUST001134,Angie Torres,,27 Oct 2025,CA ,Kansas,Real Estate,Partner
CUST007413,Jennifer Stephenson,tara13@example.org,2025-01-02,Germany,Minnesota,Retail,  Affiliate  
CUST008340,Christina Bentley,beckypierce@example.net,08/16/2023,FR,Michigan,Media,Affiliate
CUST001077,Mr. Brian Bradley,jacobbrown@example.org,2023-05-23,France,Wisconsin,Retail,affiliate
CUST009558,Dana Taylor,katherine33@example.com,2025-12-27,United Kingdom,,Finance,organic
CUST006207,Mike Garcia,kathrynrivera@example.net,12-12-2023,india,South Dakota,Healthcare,Organic
CUST001222,Danielle Nicholson,mooredaniel@example.com,02/11/2025,U.K.,Hawaii,Technology,SOCIAL
CUST005618,Marie Mitchell,danielmarshall@example.org,2024-11-14,  US  ,Arkansas,Real Estate,PAID SEARCH
CUST005994,Mitchell Johnson,patricia74@example.org,2024-11-29,Brazil,Colorado,Real Estate,display
CUST006046,Christopher Freeman,kim94@example.org,2024-06-14,england,Louisiana,Hospitality,Referal
CUST006760,Michael Abbott,christopher52@example.org,2023-02-22,FR,,Hospitality,paid search
CUST007044,Jasmine Perkins,ebrown@example.net,2025-12-14,France,,Retail,AFFILIATE
CUST003194,Micheal Wall,lisadavis@example.org,2024-05-06,DE,Arkansas,Retail,REFERRAL
CUST009641,Denise King,nwillis@example.org,2025-04-11,india,,Real Estate,Partner
CUST000202,Mark Cox,stephaniethomas@example.net,2023-10-18,US,,Healthcare,AFFILIATE
CUST001909,Christina Williams,,22 Sep 2023,germany,Alaska,Education,paid search
CUST006735,Kim Nicholson,lramos@example.net,2024-09-05,Singapore,Mississippi,Real Estate,Email
CUST000773,David Duarte,castillokevin@example.net,20-12-2025,australia,New Jersey,Retail,EMAIL
CUST000617,Tammy King,zwest@example.org,2023-08-16,United Kingdom,Washington,Education,Display
CUST003241,Xavier Jackson,jack74@example.org,2025-02-21,singapore,Oklahoma,Real Estate,REFERRAL
CUST000354,Scott Carroll,amy27@example.org,2024-03-05,Australia,,Logistics,SOCIAL
CUST008057,David Lee,jennifermolina@example.org,2026-03-02,UK,Indiana,Hospitality,Referral
CUST000679,Robert Reilly,conleykevin@example.net,24-01-2026,CA ,Utah,Healthcare,Display Ads
CUST000416,Mrs. Tiffany Cole,teresastokes@example.org,2025-11-18,DE,Arizona,Manufacturing,Social
CUST000876,Cheryl Atkins,keith76@example.org,2024-02-13,singapore,Nevada,Manufacturing,Organic
CUST004766,Rebecca Brown,ithompson@example.com,2023-09-14,United Kingdom,Ohio,Logistics,Banner
CUST001956,Melinda Orozco,millereric@example.org,2025-03-20,BR,Georgia,Hospitality,REFERRAL
CUST005646,Holly Reed,gfuentes@example.com,14-07-2023,canada,,Real Estate,E-mail
CUST006580,Matthew Allen,ycarter@example.org,04/21/2026,India,Rhode Island,Logistics,Facebook Ads
CUST004497,Sheila Lawson,stevenwilliams@example.org,2023-04-14,Canada,California,Education,Affiliate
CUST008070,Philip Wallace,englishdouglas@example.net,09/15/2023,United states,Maryland,Education,E-mail
CUST007224,Shaun Rich,matthew82@example.com,28-02-2024,BR,Washington,Technology,EMAIL
CUST004710,Erin Hall,thorntontrevor@example.org,2023-11-16,CA ,,Media,EMAIL
CUST001814,Taylor Solomon,michaeltorres@example.com,15-04-2025,USA,North Dakota,Hospitality,referral
CUST006918,Jenna Reese,matthewgarcia@example.com,04/14/2023,UAE,Florida,Media,Email
CUST005914,Eric Moss,iward@example.net,14 Feb 2023,United Arab Emirates,Indiana,Education,referral
CUST004601,Connie Ramirez,samanthahurst@example.org,16 Jun 2024,US,,Manufacturing,AFFILIATE
CUST000228,Kathryn Williams,jenniferbrock@example.net,2025-07-26,U.K.,New Jersey,Healthcare,affiliate
CUST004342,Seth Ballard,megan01@example.org,2025-01-28,germany,South Dakota,Manufacturing,Paid Search
CUST003724,Caleb Larsen,jsalazar@example.com,2024-07-06,UK,Washington,Logistics,organic
CUST000375,  Nancy Stewart  ,jesus32@example.net,2024-01-04,AUS,Connecticut,Education,  Google Ads  
CUST004216,Larry Rice,stephen49@example.com,2024-10-01,CA ,Mississippi,Finance,Organic
CUST000041,Jessica Smith,landryhannah@example.org,2023-06-27,canada,Ohio,Education,Facebook Ads
CUST008239,Lorraine Lucas,gardnerandrew@example.net,2025-05-01,singapore,Maryland,Healthcare,social
CUST004203,  Miss Amy Robertson  ,tgillespie@example.net,2024-12-18,United Arab Emirates,Massachusetts,Media,Google Ads
CUST000647,Fernando Dudley,vturner@example.net,2025-06-12,france,West Virginia,Education,SOCIAL
CUST008526,Carla Morris,owensjessica@example.org,11-07-2024,AUS,Wisconsin,Healthcare,Email
CUST007840,Tiffany Gray,snydertimothy@example.org,2026-05-21,USA,Delaware,Retail,Affliate
CUST007360,Brian Gutierrez,megannguyen@example.org,2024-08-28,UK,,Real Estate,display
CUST002795,Tiffany Nelson,ericacooper@example.net,07-04-2026,FR,,Real Estate,Organic
CUST002066,  Mason Fleming  ,migueldominguez@example.org,16-04-2024,BR,Texas,Retail,social
CUST003370,Chris Mullen,wfisher@example.org,11/17/2023,australia,Maryland,Education,affiliate
CUST004651,Robert Henderson,talexander@example.org,10-01-2024,france,Massachusetts,Manufacturing,Social
CUST002951,Connie Wells,lweber@example.org,2023-12-26,australia,Georgia,Media,E-mail
CUST006439,  Kyle Ellis  ,,17-06-2024,  france  ,,Healthcare,Referral
CUST009159,  CRYSTAL CABRERA  ,josebarber@example.net,2024-07-13,france,Illinois,Healthcare,Instagram
CUST002028,Joshua Allen,melissa40@example.org,18 May 2024,SG,Hawaii,Logistics,  Affiliate  
CUST005418,Jose Jones,patrickcarpenter@example.org,18-01-2026,england,Alaska,Hospitality,social media
CUST005861,Michelle Johnson,icraig@example.com,2023-09-20,AUS,Wyoming,,Display
CUST000803,Patrick Walker DDS,joseblanchard@example.net,2026-03-03,US,New Mexico,Technology,Affiliate
CUST001388,Brenda Green,matthew11@example.com,06/08/2023,IN,,Finance,Referral
CUST006651,  Tina Curtis  ,kingmichelle@example.net,07/03/2024,United states,Minnesota,Healthcare,referral
CUST002160,Terry Moses,javiermitchell@example.org,10-05-2026,INDIA,New York,Manufacturing,affiliate
CUST006133,Tracy Rodriguez,robertschwartz@example.com,2024-12-04,France,Colorado,Media,Paid-Search
CUST009879,Michael Larson,ashley94@example.net,2025-12-01,Singapore,Arkansas,Media,Organic
CUST003270,Meghan Evans,herrerajennifer@example.org,2023-12-23,australia,,Technology,  social media  
CUST000606,  Cynthia Le  ,rlee@example.com,25-01-2023,  Brazil  ,,Healthcare,Organic Search
CUST006055,Deborah Hernandez,suzannematthews@example.org,2025-12-07,brazil,South Dakota,Finance,Partner
CUST008482,Carolyn Melton,barbara93@example.org,2023-06-17,U.A.E,Alaska,Real Estate,EMAIL
CUST007633,Thomas Dudley,turnermelissa@example.net,2024-03-21,United Kingdom,New Mexico,Media,REFERRAL
CUST001272,Jennifer Martinez MD,brittany39@example.org,28-12-2024,FR,Maine,Real Estate,Facebook Ads
CUST000276,Christine Herman,kimberly67@example.net,2026-05-13,   India  ,Tennessee,Real Estate,Referral
CUST007694,Heather Webb,brittneypatrick@example.org,2024-04-19,FR,Alaska,Media,Referral
CUST008490,Christopher Wilson,charles00@example.net,2023-04-21,singapore,Rhode Island,Hospitality,ORGANIC
CUST001918,Laura Vaughn,rebecca41@example.com,11/03/2024,CA ,Wisconsin,Logistics,DISPLAY
CUST002974,William Brock,michael84@example.com,2023-09-05,Canada,Nebraska,Retail,display
CUST009008,Deborah Fisher,nicole99@example.org,2026-07-23,United Arab Emirates,Georgia,Media,Referal
CUST005416,Donald Bowman,donnabrooks@example.net,14-09-2024,UK,Nebraska,Real Estate,Facebook Ads
CUST004488,  Erik Wyatt DDS  ,cameron42@example.org,, India,Georgia,Media,AFFILIATE
CUST008768,Joshua Johnson ,,2024-03-23,BR,New Hampshire,Logistics,display
CUST004800,Laura Holt,qmartinez@example.net,13-02-2024,U.S.A,Alabama,Technology,  social media  
CUST005731,Brittney Odonnell,alejandrojones@example.net,2025-08-07,Australia,California,Technology,PPC
CUST005028,Steven Gutierrez,jessica54@example.org,2023-08-16,US,Texas,Retail,email
CUST001550,Scott Peterson,jamesrodriguez@example.org,2025-02-12,United Kingdom,Indiana,Logistics,Google Ads
CUST002040,Samuel Nolan,erikamiller@example.org,2024-03-31,SG,Alabama,Logistics,display
CUST006608,William Aguilar,deankathleen@example.net,,france,Nevada,Healthcare,Organic Search
CUST005893,Patricia Nguyen,onealjohn@example.net,11/14/2025,FR,Vermont,Education,Paid-Search
CUST004373,David Allen,unelson@example.org,2024-10-25,CA ,Minnesota,Technology,Email
CUST001839,Caitlin Gilbert,wrightalicia@example.com,2026-06-04,Germany,New Hampshire,Manufacturing,Email Marketing
CUST002603,Matthew Bray,armstrongtravis@example.net,2024-04-07,AUS,Oregon,Healthcare,Email
CUST006766,Tiffany Rivera,ortegamaureen@example.com,2023-10-07,UK,Ohio,Hospitality,E-mail
CUST005007,Mark Soto,pdavis@example.com,17-12-2023,United Kingdom,Alaska,Healthcare,display
CUST005352,  Tiffany Herman  ,natalie04@example.com,2024-09-04,Brazil,New Jersey,Logistics,Social
CUST007674,  Alexander Graves  ,smithshawn@example.net,02/27/2024,singapore,Alaska,Technology,affiliate
CUST001798,  Travis Howard  ,phunter@example.org,2025-05-02,  United Kingdom  ,Delaware,Logistics,organic
CUST000831,  Ms. Brittany Gibson  ,kingtyler@example.net,20-06-2025,SG,Florida,,Partner
CUST001368,  Patricia Green  ,pmcdonald@example.org,01/29/2026,australia,Alabama,Real Estate,SEO
CUST005201,Timothy Shepherd,frenchjacob@example.com,2023-07-30,Canada,,Media,Affiliate
CUST007052,Morgan Johnson,donnafrancis@example.com,02 Jan 2024,U.A.E,,Technology,organic
,  Robert Lopez  ,petersonlisa@example.net,03/23/2025,U.A.E,North Carolina,Media,Referral
CUST003754,Carolyn Simmons,vbowman@example.com,2023-10-15,UK,Tennessee,Media,Affiliate
CUST005780,Jessica Berry,annette12@example.com,2026-06-03,CA ,North Dakota,,DISPLAY
CUST007140,Anthony Robertson,jerrycraig@example.org,2023-08-06,Germany,,Finance,email
CUST004178,  Rachel Gomez  ,pam56@example.org,04-06-2025,  Canada  ,Delaware,Manufacturing,Referal
CUST002899,Lisa Jones,davidsmith@example.com,04 Jan 2024,BR,Maine,Real Estate,Display
CUST002605,Vanessa Long,marthafloyd@example.org,03/31/2023,australia,Louisiana,Manufacturing,Paid-Search
CUST007320,Nancy Brown,hscott@example.com,09/08/2025,SG,Missouri,Technology,Display Ads
CUST007662,Linda Luna,matthewmartin@example.org,2024-12-13,United Arab Emirates,Montana,Healthcare,paid search
CUST008600,Carla Jenkins,nbarnes@example.net,20-05-2025,australia,Nebraska,,E-mail
CUST001150,Jonathan Saunders,brettgallegos@example.com,06/24/2023,BR,Rhode Island,Real Estate,Affiliate
CUST008737,Jimmy Mercado,ehodge@example.net,2024-10-08,UK,Mississippi,Education,  Affliate  
CUST000107,  Brittany Cantu  ,william46@example.com,02/16/2024,UK,,Education,Affliate
CUST000599,Alexa Williams,jbarker@example.com,04/04/2023,Brazil,Wyoming,Real Estate,affiliate
CUST004163,Jose Andrews,megan48@example.com,2024-02-01,brazil,Missouri,Retail,Google Ads
CUST006437,Katie Moran,gfox@example.com,07-05-2024,US,,Hospitality,display
CUST008552,Nicholas Pitts,burkebrett@example.net,04/28/2026,canada,Kentucky,Hospitality,email
CUST003645,Kenneth Smith,johnsonshawn@example.org,12-08-2023,U.K.,,Logistics,Affiliate
CUST008362,Brittany Hodges,briannatate@example.net,15-07-2025,USA,,Hospitality,Partner
CUST005320,Dustin Woodard MD,tommy13@example.net,2025-04-23,BR,Washington,Finance,Paid-Search
CUST005911,Elizabeth Ramsey,stewartkristine@example.org,2024-03-19,U.S.A,Delaware,Manufacturing,Banner
CUST001870,Tammy Brown,jbriggs@example.com,03/06/2023,england,New Mexico,Retail,  Display Ads  
CUST002512,  John Stewart  ,ltate@example.org,01-05-2026,canada,Delaware,Finance,Affliate
CUST000578,Mary Shepard ,,2026-07-20,DE,California,Retail,Email Marketing
CUST007112,Sharon Green ,,2026-02-05,Australia,Vermont,Manufacturing,Affiliate
CUST000867,Tammy Cook,gmcdowell@example.org,21-08-2025,US,Vermont,Healthcare,Display Ads
CUST004264,Jason Richards,jasonallen@example.org,2026-05-30,FR,Indiana,Healthcare,Affliate
CUST005240,Susan Hayden,jbrown@example.com,03-09-2023,Singapore,,Retail,Facebook Ads
CUST002244,Benjamin Stein,thendricks@example.org,18-05-2025,SG,,Real Estate,social media
CUST004160,Charles Gregory,samuelhill@example.org,01/20/2023,Australia,Pennsylvania,,affiliate
CUST003790,Patrick Nelson,ksmith@example.com,31 May 2024,france,Vermont,Manufacturing,  DISPLAY  
CUST009246,Gary Lewis,doughertykatherine@example.org,2023-02-13,singapore,South Carolina,Manufacturing,SEO
CUST008531,Tonya Buchanan,ywarren@example.org,17-07-2025,BR,,Healthcare,PAID SEARCH
CUST009686,Nathan George,melissasantiago@example.org,11/28/2023,SG,Connecticut,Finance,  Referal  
CUST002077,Barbara Leonard,housedaniel@example.com,2023-03-11, India,Rhode Island,Manufacturing,  Email Marketing  
CUST008622,Emily Randall,sanchezthomas@example.com,2024-03-23,IN,,Logistics,Paid-Search
CUST009175,Stephanie Martinez,joshua78@example.net,2026-01-04,UAE,,,ORGANIC
CUST002623,Pamela Donaldson,susanmyers@example.org,2023-11-25,Germany,North Dakota,Manufacturing,paid search
CUST005428,  Craig Diaz  ,,23-11-2023,germany,Oklahoma,Education,REFERRAL
CUST009692,Gabrielle Pruitt,ashleyball@example.com,18 Jul 2025,CA ,New Hampshire,Hospitality,Display Ads
CUST002320,Christina Smith ,,22-11-2023,AUS,Arizona,Real Estate,PPC
CUST000394,Alicia Woods,samantha32@example.com,2024-08-27,Brazil,Virginia,Finance,Partner
CUST000766,Vanessa Harris,antoniocarroll@example.com,2024-08-23,  australia  ,Florida,Technology,Paid-Search
CUST005287,Paul Underwood ,,01-03-2026,United States,,Healthcare,affiliate
CUST002680,Christopher Dickerson,farmerlisa@example.com,2024-04-22,india,Hawaii,Retail,Google Ads
CUST006254,Todd Arias,michael94@example.net,2025-05-22,  United states  ,Rhode Island,Real Estate,Paid Search
CUST006925,Gregory Reeves,mccarthysheila@example.org,08/23/2025,singapore,Alaska,Manufacturing,EMAIL
CUST002161,Derek Hall,kathleenkim@example.org,01-10-2024,IN,,Real Estate,ORGANIC
CUST002542,Susan Hayes ,,2023-12-04,US,North Dakota,Logistics,Email
CUST003272,Seth Edwards,johnbrooks@example.org,23-04-2026,SG,Ohio,Real Estate,Email
CUST004742,Glenn Gilmore,lopezrichard@example.net,19-01-2026,Singapore,Nebraska,Finance,ORGANIC
CUST003905,Michael Mills,harringtonbethany@example.org,,France,Louisiana,Technology,Affiliate
CUST004301,Joshua Ford,wrightpaul@example.net,03-05-2024,england,Massachusetts,Healthcare,PAID SEARCH
CUST002721,Courtney Sullivan,heather39@example.org,, India,Wisconsin,Education,Referal
CUST009675,Allison Knox,amy57@example.net,2025-08-09,France,,Hospitality,EMAIL
CUST009104,Kimberly Herring,olsoncrystal@example.net,11/15/2024,U.A.E,Massachusetts,Hospitality,organic
CUST004983,Martin Robertson,mikaylabruce@example.com,2026-04-19,India,Alaska,Manufacturing,  E-mail  
CUST005819,Charles Morris,dzimmerman@example.org,07 Mar 2025,USA,Ohio,Healthcare,AFFILIATE
CUST009531,Erica Moses,jasondavis@example.com,2023-04-24,United Arab Emirates,Pennsylvania,Retail,Organic Search
CUST002556,Katrina Greene,jasonallen@example.net,2024-09-14,IN,Arkansas,Healthcare,EMAIL
CUST006998,Christopher Gardner,sydneyschwartz@example.com,2023-08-25,IN,Alabama,Education,Referral
CUST001255,Steven Davis ,,26 Jul 2025,France,Connecticut,Technology,  social media  
CUST001338,Erica Hale,oanderson@example.net,09 Feb 2024,Australia,Oklahoma,Media,Email Marketing
CUST003721,Andrew Reese,aaronstrong@example.net,2024-09-09,india,Louisiana,Real Estate,social
CUST001330,Michael Myers,,11/09/2025,Singapore,Washington,Real Estate,Display Ads
CUST001612,Kelly Warren,chall@example.com,08/22/2024,SG,Delaware,Education,display
CUST001481,Scott Kim,ericpeters@example.com,07 Feb 2025,CA ,Alabama,Hospitality,DISPLAY
CUST000458,Brandon Rodriguez,fhernandez@example.net,07-06-2023,germany,California,Manufacturing,Display
CUST000013,Anthony Rodriguez,laurahenderson@example.org,2024-05-12,singapore,Missouri,,Social
CUST006676,Daniel Malone,john39@example.org,26-01-2023,BR,Maine,Hospitality,display
CUST007742,John Kim,swarren@example.net,2023-10-18,India,Texas,Media,PAID SEARCH
CUST006420,  DAVID COOK  ,jamesmorales@example.net,2023-05-03,Brazil,,Logistics,EMAIL
CUST003288,Mark Garcia,kennethperez@example.net,2024-09-29,brazil,Montana,Healthcare,Partner
CUST007170,Patricia Torres,sheltonian@example.org,2023-11-05,USA,South Carolina,Hospitality,Display Ads
CUST001553,Tyler Zavala,rchan@example.org,2025-08-27,germany,Kentucky,Manufacturing,Banner
CUST003569,Lynn Watson,lisa16@example.org,,Germany,Rhode Island,Technology,SEO
CUST007390,Debbie Taylor,michaelfuller@example.net,2026-07-21,Brazil,Arizona,Healthcare,Partner
CUST008829,Zoe Clarke,,02/28/2026,AUS,New Jersey,,Affiliate
CUST000907,  Matthew Stevens  ,vmelton@example.net,2023-05-14,  United Arab Emirates  ,Washington,Education,Organic
CUST002431,Barbara Santana,adiaz@example.com,2024-03-05,US,Nevada,Education,SOCIAL
CUST004665,Billy Webb,pooletyler@example.com,24-07-2024,USA,Vermont,Technology,affiliate
CUST007277,Kathleen Mcdaniel,ichandler@example.org,2025-05-09,singapore,,Education,Display Ads
CUST002786,RUSSELL COMBS,chambersashley@example.net,02/03/2026,IN,Hawaii,Education,social
CUST001894,Steven Phelps,,2023-10-11,United Kingdom,Kentucky,Education,Partner
CUST009144,Kristen Mann,johnlewis@example.com,2024-05-02,France,Massachusetts,Retail,PAID SEARCH
CUST004365,Bradley Trujillo,shawsteven@example.org,2025-05-31, India,Iowa,Retail,E-mail
CUST007989,Scott Carson,annarussell@example.net,2024-06-07,Singapore,Washington,Education,email
CUST000489,Sean Stevenson,juliahoffman@example.org,08 Sep 2023,france,North Carolina,Logistics,Paid Search
CUST004354,Samantha Burke,brandywest@example.net,2023-05-17,India,Oregon,Technology,Facebook Ads
CUST000745,Nathan Watkins,,2026-04-15,canada,Tennessee,Education,PAID SEARCH
CUST000433,  Daniel Turner  ,asilva@example.net,2024-11-22,United Kingdom,Texas,Retail,Referal
CUST004784,NICOLE JENSEN,andrew30@example.com,02/12/2026,AUS,South Dakota,Retail,Paid Search
CUST001580,Nicole Stewart,jasondavis@example.net,2026-02-12,U.K.,Mississippi,Retail,  PPC  
CUST007978,  William Garner  ,tylerbaker@example.com,05/19/2025,UK,Vermont,Media,Affiliate
CUST006294,Steve Long,troy31@example.com,03-08-2025,Australia,Rhode Island,,DISPLAY
CUST003490,  William Perry  ,qpacheco@example.net,24-07-2023,United states,Wyoming,Hospitality,Instagram
CUST006631,Alicia Garcia,martinkristopher@example.com,05/30/2023,United States,,Technology,Display Ads
CUST001665,Abigail Allen,tracey63@example.com,2026-05-21,US,Montana,Hospitality,SOCIAL
CUST002347,Michael Smith,sara94@example.net,22-06-2026,Brazil,,Logistics,social media
CUST001775,Shannon Martin,coopersamantha@example.net,2024-07-21,Canada,Georgia,Finance,AFFILIATE
CUST006400,Peter Blackwell,michelelynn@example.org,2026-04-01,canada,,Logistics,Display
CUST006242,Gina Dean,smithkimberly@example.net,2023-04-23,United states,,Healthcare,SEO
CUST006615,Jeffrey Reynolds,lisa43@example.org,,AUS,Colorado,Healthcare,social
CUST005595,  Teresa Bailey  ,scottjones@example.net,19-03-2023,U.S.A,Mississippi,Technology,Partner
CUST000508,Timothy James,wellsamanda@example.org,2023-09-13,United States,West Virginia,,Paid-Search
CUST000765,  Timothy Gibson  ,dbrooks@example.net,2025-07-20,UAE,Illinois,Education,  ORGANIC  
CUST001450,Jamie Cruz,hkelly@example.com,05/30/2024,Brazil,North Dakota,,PAID SEARCH
CUST008576,Mrs. Sharon Perry,stephaniewilliams@example.net,2023-10-25,  BR  ,Massachusetts,Manufacturing,  paid search  
CUST002735,Larry Martinez,michelle21@example.net,06 Jan 2024,U.K.,Ohio,Healthcare,Banner
CUST004675,James Powell,christopherthomas@example.net,09/28/2025,IN,Nevada,Logistics,DISPLAY
CUST009617,Jasmine Hanson,denise44@example.org,15-11-2023,Germany,,,paid search
CUST000422,John Adams,andrew44@example.com,2023-05-20,US,New York,Finance,Affiliate
CUST002859,Bryan Wheeler,djohnson@example.net,2023-02-28,U.A.E,Utah,,Affiliate
CUST001289,Joshua Gomez,edwardshaw@example.net,31 May 2024,United Kingdom,Michigan,Retail,Organic Search
CUST004336,Robert Patel,sanchezrobert@example.net,2023-06-12,australia,Mississippi,Media,SEO
CUST009337,William Hale,handerson@example.net,2023-05-22,brazil,Oklahoma,Finance,Referal
CUST006624,Robert Turner,cartermichael@example.org,2025-03-24,UK,Oklahoma,Retail,Social
CUST005875,Alexis Griffin,brittanycoffey@example.net,12-07-2023,  United States  ,Delaware,Media,Partner
CUST003650,CRYSTAL EDWARDS,wallacebrenda@example.org,05-10-2023,AUS,Maryland,Manufacturing,email
CUST009992,Michael Copeland,johnsonmegan@example.org,2025-10-27,germany,Georgia,Retail,Organic Search
CUST002573,  Stephanie Hunter  ,amyramos@example.net,2026-04-11,canada,Minnesota,Finance,EMAIL
CUST005966,Nancy Ramsey,lisadavis@example.org,09-08-2024,U.K.,Hawaii,,display
CUST005656,James Shannon,tannertina@example.org,11 Feb 2023,FR,,Real Estate,Affiliate
CUST001312,Jenny Rasmussen,orozcosamantha@example.net,2025-06-19,USA,Maryland,Manufacturing,DISPLAY
CUST004297,TONYA STEELE,lvalenzuela@example.org,14-05-2026,Germany,Pennsylvania,Finance,affiliate
CUST003119,MARK FRAZIER,ojohnson@example.com,2025-01-15,FR,South Dakota,Finance,affiliate
CUST004748,Jason Glenn,,2024-11-29,United Arab Emirates,West Virginia,Media,Banner
CUST006637,  Jacob Mcdonald  ,rtaylor@example.org,2024-04-26,FR,Massachusetts,Real Estate,SOCIAL
CUST003394,Shawn Roman,lambalexandra@example.net,2024-08-15,U.K.,Utah,Real Estate,PPC
CUST000344,Danielle Watson,brettgarrett@example.net,2024-10-23,australia,Vermont,Real Estate,Affiliate
CUST003993,Hannah French,robert65@example.org,2023-02-21,France,California,Hospitality,ORGANIC
CUST002470,William Campbell,kpace@example.net,,UAE,Delaware,,Banner
CUST009886,Heather Williams ,,,U.S.A,New Hampshire,Finance,ORGANIC
CUST004383,Mary Ponce,laurenanderson@example.com,09-01-2024,Canada,Oklahoma,Retail,SEO
CUST006751,Stephen Berg,martinshannon@example.net,30-11-2023,CA ,Oregon,Media,Referal
CUST000259,Robert Cummings,ascott@example.net,2023-05-31,india,Indiana,Retail,AFFILIATE
CUST003174,Tracey Bailey,sallison@example.net,2026-03-06,canada,New Hampshire,Healthcare,PAID SEARCH
CUST002911,Alexis Campbell,douglasbutler@example.com,2025-03-25,AUS,,Media,Affliate
CUST000469,Sheila Jones,vflores@example.com,2026-04-13,Germany,Arkansas,Hospitality,Email Marketing
CUST007083,Diana Mahoney,shannongonzalez@example.net,2025-04-11,CA ,Florida,Finance,social media
CUST007266,Sandra Norman,qduran@example.net,2025-07-25,Singapore,Minnesota,Media,social
CUST006502,Elizabeth Solomon,avilamario@example.org,03-08-2023,Brazil,Kansas,Real Estate,E-mail
CUST008089,Jose Taylor,elizabeth74@example.org,2024-09-17,INDIA,New Hampshire,Finance,EMAIL
CUST003927,Crystal Richardson ,,2026-04-28,AUS,South Dakota,Retail,PAID SEARCH
CUST002102,Natalie Reyes,,2023-06-03,USA,Idaho,Logistics,Referral
CUST008125,Clayton Gamble,robert91@example.org,2025-03-03,UK,Arizona,Logistics,social
CUST009574,Kelsey Gonzales,acasey@example.com,2023-04-25,United Arab Emirates,Michigan,Finance,DISPLAY
CUST001123,Carla Bryant,erica28@example.org,24-10-2023,Canada,California,Technology,Referral
CUST000012,Deborah Richards,icox@example.net,2024-03-27,India,New York,Healthcare,Display
CUST006115,Daniel Carpenter,wendy16@example.com,02/24/2026,DE,West Virginia,Logistics,Google Ads
CUST003616,Joseph Smith,jennifermoore@example.org,2026-04-07,India,,Logistics,SEO
CUST002281,Emily Johnson,prestoncory@example.org,2025-09-05,singapore,Connecticut,Media,Affiliate
CUST003060,Karen Hicks,bjames@example.org,27 Apr 2026,BR,Rhode Island,Manufacturing,Instagram
CUST000146,Matthew Rich,russellbeasley@example.com,2026-01-02,Canada,Michigan,Manufacturing,REFERRAL
CUST001044,  Raymond Wang  ,nicholasallen@example.org,22-02-2023,India,,Real Estate,SEO
CUST005547,Jason Carpenter,sgonzalez@example.com,2025-12-19,U.S.A,Oklahoma,Media,SEO
CUST003590,Maria Turner,pgordon@example.net,2025-05-05,france,,Media,DISPLAY
CUST003719,Amanda Wilson,haley42@example.org,04-06-2024,Singapore,,Technology,Banner
CUST002738,Kenneth Nixon,katherinechapman@example.net,01-06-2025,Australia,Nevada,Healthcare,AFFILIATE
CUST005334,Michelle Wall,,2025-12-26,United states,Mississippi,,AFFILIATE
CUST003798,Jose Norton,vaughntamara@example.com,07/19/2025,US,Missouri,Real Estate,Google Ads
CUST008918,Kimberly Daniels,joel67@example.net,2023-12-22,UK,Alabama,Real Estate,Banner
CUST001288,Steven Lopez,alvarezalyssa@example.com,2023-02-09,US,Kentucky,,organic
CUST003291,Tonya Smith,amber79@example.net,2024-06-29,canada,Iowa,Finance,Organic
CUST000950,Jesse Morgan,ualvarez@example.net,2024-02-11,india,,Finance,organic
CUST002998,  Jane Salazar  ,michael22@example.com,2024-04-11,Australia,Utah,Manufacturing,E-mail
CUST007649,  Donald Wilson  ,kroberts@example.org,2026-01-01,India,Kansas,Finance,Display Ads
CUST000634,Ashley Cole,riverajody@example.org,10-05-2025,France,Indiana,Education,REFERRAL
CUST003089,  Randy Gardner  ,jacob06@example.net,2024-09-18,United States,Nevada,Real Estate,SOCIAL
CUST005635,  Kathleen Fritz  ,houstonjohn@example.net,20-03-2023,germany,Maine,Retail,Organic Search
CUST004843,Terry Russell,ktaylor@example.com,,U.K.,Arizona,Technology,SOCIAL
CUST005014,Debbie Lucas,pmorales@example.net,19-05-2023,United Arab Emirates,Rhode Island,Technology,PPC
CUST008565,Michelle Hernandez,regina67@example.net,2023-04-16,United Kingdom,South Carolina,,social media
CUST008806,Mark Ruiz,jsimon@example.org,11-07-2026,DE,New Hampshire,Real Estate,Google Ads
CUST006270,Rebecca Wise,natasha08@example.net,2023-07-15, India,Minnesota,Media,Organic Search
CUST003998,James Robles,johnsonalex@example.net,2026-04-26,U.K.,North Dakota,Real Estate,email
CUST006313,Jennifer Jones,stevenjackson@example.com,2024-01-16,  United States  ,Connecticut,Real Estate,  organic  
CUST006171,Deborah Perkins,michaelgarner@example.org,2025-01-26,United Arab Emirates,Maine,Hospitality,Social
CUST000572,Isaac Castro,maurice61@example.com,28-09-2025,France,Utah,Real Estate,PPC
CUST002363,Eric Ponce,hammondjeff@example.com,12/28/2025,UAE,North Dakota,Hospitality,DISPLAY
CUST005894,Mrs. Christina Villa,gsmith@example.org,2023-08-16,UK,Arkansas,Hospitality,ORGANIC
CUST004141,Jonathan Smith ,,2023-10-14, India,,Hospitality,EMAIL
CUST000477,Craig Martinez,ylewis@example.org,2023-09-09,germany,Virginia,Manufacturing,Organic
CUST009832,James Ortiz,mmcdaniel@example.org,2025-02-16,canada,Washington,Logistics,Email Marketing
CUST005554,Joseph Caldwell,olynch@example.net,2026-03-07,Singapore,Tennessee,Real Estate,email
CUST001743,Tyler Martinez ,,2025-02-07,australia,Washington,Technology,Partner
CUST004873,Robert Garza,suzannestrickland@example.org,2025-08-04,United Arab Emirates,Connecticut,Real Estate,Affliate
CUST003633,  Diana Kim  ,redwards@example.com,2026-05-17,BR,,Finance,Organic
CUST007596,Regina Vance,lloydcheryl@example.org,2025-07-03,U.S.A,Delaware,,Social
CUST000163,Michael Cox,prichard@example.com,2025-05-23,Singapore,Pennsylvania,Real Estate,Affliate
CUST008293,Morgan Hensley,ogonzalez@example.net,30-11-2023,france,Kentucky,,referral
CUST007458,Christopher Mullins,ryancharles@example.com,11-07-2023,Australia,Vermont,,EMAIL
CUST001810,Steven Thomas,woodphillip@example.com,10-09-2024,france,,Manufacturing,Referral
CUST000409,Katherine Brown,pattersonkelly@example.net,21-06-2023,france,South Dakota,Real Estate,Display
CUST005479,Michael Cabrera,wallstyler@example.com,09/29/2023,DE,,Manufacturing,Affiliate
CUST008864,Cynthia Stephens,stevenjames@example.net,2025-11-29,DE,,Media,email
CUST002069,Timothy Long,wgonzalez@example.net,14-02-2026,INDIA,,Media,E-mail
CUST002451,Tammy Smith,ksmith@example.org,12/26/2024,United Kingdom,Mississippi,Retail,Affliate
CUST005090,Michael Harris,leblanctheodore@example.net,2026-02-24,USA,Kentucky,Healthcare,ORGANIC
CUST007323,Nicholas Parker,zmiranda@example.org,2023-07-05, India,South Carolina,Healthcare,Instagram
CUST001668,Steven Montoya,aking@example.net,24-04-2024,US,Vermont,Retail,  Affliate  
CUST003143,Brian Hinton,anthonyavery@example.org,05-08-2023,U.A.E,Washington,Technology,REFERRAL
CUST003641,James Morris,kevin20@example.org,2023-02-16,United States,,Real Estate,ORGANIC
CUST004140,Leah Sanford,gravestammy@example.org,06/15/2026,Australia,New York,Education,REFERRAL
CUST005834,  Sharon Guerrero  ,masonanderson@example.net,10-02-2026,  United Arab Emirates  ,Mississippi,Technology,Paid Search
CUST001668,Steven Montoya ,,24-04-2024,US,Vermont,Retail,  Affliate  
CUST008441,Jill Torres,harveyjose@example.com,2026-02-13,brazil,South Dakota,Education,referral
CUST005444,Sheila Lynn,oscarmills@example.com,2024-12-13,France,Minnesota,Finance,  DISPLAY  
CUST001850,Ashley Strong,,12/22/2023,FR,Massachusetts,Technology,display
CUST003486,Eric Mendez MD,leejoseph@example.net,29-07-2026,  CA   ,Oregon,Logistics,Organic
CUST005725,Lisa Gallagher,angela40@example.org,2024-01-12,AUS,,,Partner
CUST006712,Tanya Benson,wilcoxlinda@example.com,2025-09-13,FR,Massachusetts,Media,Affliate
CUST001324,Mr. David Abbott,lorraine79@example.org,10/10/2025,BR,,Hospitality,Email
CUST004268,Cody Moore,kellyrichardson@example.com,18-01-2025,  CA   ,Iowa,Media,Affliate
CUST008574,Daniel Miller,,2025-01-14,Canada,Georgia,Hospitality,Organic
CUST003197,Diana Rogers,colleenwilliams@example.net,2023-09-12,FR,Iowa,Retail,affiliate
CUST000562,Ethan Villanueva,travis84@example.com,06 Oct 2023,FR,Iowa,Real Estate,Display Ads
CUST009577,Joseph Burns,markhudson@example.com,2024-08-30,DE,New Hampshire,Healthcare,Affliate
CUST002114,  Alfred Leonard   ,,03/04/2024,INDIA,Washington,Retail,PAID SEARCH
CUST001506,  Logan Chandler  ,omatthews@example.net,12-11-2023,DE,Michigan,Logistics,Display Ads
CUST001040,Travis Taylor,mckenzie20@example.net,30-08-2023,england,Connecticut,Education,Email
CUST004615,Heather Richardson,jodi94@example.com,2023-05-23,france,Massachusetts,Education,Organic Search
CUST008055,Sierra Hill,brooksdaniel@example.org,2024-02-14,germany,North Carolina,Technology,SEO
CUST007346,Kristin Leon DDS,castillojerry@example.net,15-01-2025,UAE,Georgia,Education,EMAIL
CUST009593,Stephanie Scott,vjacobs@example.org,2025-07-28,brazil,,Media,referral
CUST006012,Jennifer Klein,zachary00@example.org,06/16/2025,germany,California,Logistics,social media
CUST000284,Susan Hopkins,smithandrea@example.org,2023-05-21,US,Alaska,,Email Marketing
CUST001220,Dustin Ortiz,scotthunt@example.net,2026-07-14,United Arab Emirates,,Finance,AFFILIATE
CUST002756,Devon Davis,ohopkins@example.net,2025-12-04,Singapore,Delaware,Real Estate,Affiliate
CUST005760,Chelsea Mason,cgray@example.com,,France,Washington,Hospitality,referral
CUST000281,Heather Taylor,,2026-02-01,BR,Arkansas,Technology,Display
CUST004617,Alyssa Edwards,qandrews@example.net,2024-08-31,Singapore,Tennessee,Logistics,Display
CUST009569,Thomas Bennett,lindagibson@example.com,03-07-2024,United States,North Dakota,Manufacturing,Display Ads
CUST002168,Stephanie Torres,eugenemartinez@example.com,2026-03-20,india,,Manufacturing,Display
CUST009087,Shawn Ramirez,coleleslie@example.com,2026-05-22,DE,Arkansas,Manufacturing,Affliate
CUST004133,Linda Wilson,tiffany49@example.com,2024-09-28,CA ,New Mexico,Education,Paid Search
CUST007690,Tamara Brown,stephanie96@example.com,2025-03-28,SG,Nevada,Real Estate,Banner
CUST009983,Joshua Smith,nromero@example.org,2025-04-24,  U.A.E  ,North Carolina,Healthcare,email
CUST000805,Donald Gamble,georgemichael@example.com,2023-01-18,germany,Oregon,Logistics,organic
CUST002882,  Joseph Armstrong  ,david44@example.org,2023-12-25,BR,Indiana,Hospitality,AFFILIATE
CUST008987,Nancy Perez,rossrobert@example.org,2023-05-31,canada,Wisconsin,Logistics,PPC
CUST009205,  Justin Soto  ,mnicholson@example.com,2024-05-15,United states,Idaho,Manufacturing,Facebook Ads
CUST001739,NANCY LEE,john66@example.net,2024-06-18,singapore,Alabama,Healthcare,AFFILIATE
CUST000148,Andrea Decker,reynoldsjulie@example.com,,United states,Florida,Logistics,  Affliate  
CUST001701,Eric Long,danieldonovan@example.net,2025-04-11,India,Illinois,Manufacturing,Banner
CUST005947,Stephanie Allen,,2023-08-23,Germany,Georgia,Education,Display
CUST000928,Mike Perry,edwardmolina@example.com,2023-11-19,DE,Iowa,Retail,Referal
CUST003761,Thomas Walsh,lesliejohnson@example.net,12/03/2023,Germany,Alabama,,Banner
CUST000528,Robert Reed,aeaton@example.net,13-07-2025,  Canada  ,Florida,Real Estate,Social
CUST001263,  Stacy Campbell  ,ygarcia@example.net,2023-12-19,BR,Maryland,Technology,email
CUST000128,Elizabeth Harrell ,,2023-12-26,BR,Utah,Education,Organic Search
CUST009905,Shawn Stevens,lee09@example.com,19-05-2024,Singapore,Florida,Technology,organic
CUST004896,Jennifer Tucker,thomas20@example.net,2025-06-25,UAE,Connecticut,Retail,Referral
CUST002292,Paige Brown,courtney13@example.net,2025-07-20,France,,Finance,Email
CUST006455,Jose Roach,emartin@example.com,2024-06-07,  singapore  ,New Mexico,Retail,Affliate
CUST000382,Christina Brewer PhD,steinmaria@example.com,2025-02-25,germany,,,Display Ads
CUST008678,Billy Villanueva,wdunn@example.org,01/29/2025,United States,Hawaii,Manufacturing,Email
CUST002329,  SEAN MCMILLAN  ,gtucker@example.org,17-10-2024,United Arab Emirates,Mississippi,Real Estate,Display
CUST005798,Jacob Peters,angelaandrade@example.net,11-09-2023,United Arab Emirates,Oregon,Manufacturing,REFERRAL
CUST008789,Maureen Lynch,hcastro@example.org,2023-07-06,france,Alaska,Finance,Email
CUST008108,Joshua Vazquez,pattersonjodi@example.net,10/11/2023,DE,Texas,Hospitality,PAID SEARCH
CUST005691,Katherine Olson,erinarmstrong@example.org,2024-12-26,France,Missouri,Logistics,E-mail
CUST005892,  Jon Peters  ,zjefferson@example.com,2025-08-28,DE,Mississippi,Education,Organic Search
CUST008772,  Erik Case  ,michaelthompson@example.org,2025-11-21,canada,Virginia,Finance,Facebook Ads
CUST005899,Debbie Adams,campbellkristen@example.com,05/28/2025,United States,West Virginia,Education,E-mail
CUST004936,  Michael Scott  ,aguilarbryce@example.net,2025-04-16,FR,,Media,PAID SEARCH
CUST003778,Jessica Hickman,whitegina@example.org,22-12-2025,United Arab Emirates,,,AFFILIATE
CUST007564,Tommy Kelley,lisa66@example.net,2024-09-22,United States,California,Hospitality,social media
CUST009236,Todd Jones,sarakramer@example.org,05/05/2024,germany,North Carolina,Healthcare,display
CUST000787,Amber Gomez,nhuber@example.org,2024-02-27,Germany,Virginia,Media,Email Marketing
CUST002722,Cheryl Martin,phillipmartin@example.com,2025-05-02,AUS,Florida,Retail,Organic Search
CUST002138,Kevin Gutierrez,davidcampbell@example.net,2024-11-29,  United Arab Emirates  ,Connecticut,Hospitality,Affliate
CUST002569,Teresa Hicks,monica51@example.net,2026-01-28,INDIA,Kansas,Logistics,Banner
CUST006682,Denise Brown,tina16@example.org,2024-12-11,US,,Technology,Referral
CUST001179,  Andrea Jones  ,spencerbrewer@example.com,24 Sep 2025,BR,Connecticut,Hospitality,  Google Ads  
CUST005639,Alexander Burton,nrodriguez@example.net,,england,Minnesota,,Paid Search
CUST004718,Walter Higgins Jr.,zachary86@example.net,2024-09-15,US,Delaware,Healthcare,Display
CUST003729,Aaron Meyers,tgilbert@example.com,06/29/2026,CA ,Connecticut,Education,PPC
CUST003846,Andrew Schaefer,peter98@example.com,2024-06-16,INDIA,Idaho,Manufacturing,Affiliate
CUST005221,Michael Lawrence,jessicahobbs@example.net,2023-05-23,Brazil,Oregon,Media,Instagram
CUST007190,George Neal,zacharyharris@example.org,2023-11-07,france,Iowa,,Email
CUST008017,Gabrielle Wells,robert05@example.com,2026-04-23,BR,Florida,,PAID SEARCH
CUST003833,Tammy Taylor,robertzamora@example.org,2023-11-12,canada,,Manufacturing,Affliate
CUST004491,Krystal Moody,taylorjoseph@example.com,04/22/2026,IN,Illinois,Healthcare,display
CUST003887,Barry Lewis,,2026-06-20,UK,Ohio,Hospitality,social
CUST000328,Andre Juarez,antonio38@example.com,2025-03-02,germany,Hawaii,,Referral
CUST001937,  Taylor Smith  ,deannacruz@example.net,05/07/2023,CA ,North Carolina,Healthcare,Affliate
CUST007127,Kelly Taylor,gregory30@example.org,2026-05-13,AUS,Hawaii,Education,Display Ads
CUST003208,Jeffrey Wallace,hudsongwendolyn@example.com,05/21/2023,brazil,Tennessee,Logistics,email
CUST006010,Elizabeth Montes,johnwarner@example.net,06-04-2024,U.K.,Montana,Finance,organic
CUST008191,Kimberly Moore,evanskathleen@example.net,2023-11-17,  U.A.E  ,Kentucky,Education,ORGANIC
CUST009157,Tyler Lloyd,xjohnson@example.net,,Canada,West Virginia,Real Estate,Paid-Search
CUST003793,Robert Lyons,robert77@example.com,2023-12-08,DE,Wyoming,,social
CUST000115,Jennifer Miller,melissa86@example.com,08/21/2025,CA ,South Dakota,Finance,Paid Search
CUST009541,Anne Koch,nicholashernandez@example.org,2024-02-18,U.K.,Wisconsin,Real Estate,Display
CUST002781,Jason Torres,heathersteele@example.net,2023-07-25,brazil,,Real Estate,Referal
CUST001539,Tiffany Romero,angela88@example.org,2025-01-08,U.A.E,Arkansas,Manufacturing,Facebook Ads
CUST003575,  Lisa Ford  ,ymartin@example.com,18-10-2024,SG,New Mexico,Retail,REFERRAL
CUST007072,Eric Scott,carneyglenda@example.net,2023-03-08,United Arab Emirates,,Technology,PPC
CUST006789,  Leah Davis  ,thomasbenjamin@example.org,2024-12-06,Germany,Michigan,Education,Instagram
CUST004611,Stacy Baker,donald07@example.net,2026-03-29,singapore,Montana,Technology,affiliate
CUST001323,John Wall,hmyers@example.com,2023-03-22,Canada,,Education,display
CUST006884,Ronald Dickson,bookerjohn@example.com,2024-12-20,US,Georgia,Finance,AFFILIATE
CUST003889,Brandon Dominguez,waynemcknight@example.org,2025-10-20,INDIA,Colorado,Technology,Affliate
CUST001509,Tracy Welch,christopher85@example.com,30-01-2023,brazil,,,organic
CUST004073,Benjamin Wilkinson,jenniferprice@example.com,2026-04-30,india,Rhode Island,Education,Banner
CUST001865,  Robin Rivera  ,alison98@example.net,2023-11-14,singapore,Louisiana,Hospitality,Display Ads
CUST002170,Amy Johnson,barnesluke@example.net,11-01-2026,Canada,Colorado,Education,ORGANIC
CUST004731,Sarah Mills,paula13@example.com,06/14/2023,singapore,Alaska,Hospitality,DISPLAY
CUST000221,BRENT ROBERTS,alin@example.org,01/19/2023,Singapore,Hawaii,Real Estate,display
CUST006848,Mary Lindsey,qmayer@example.net,11 Jul 2026,UK,Hawaii,Logistics,SOCIAL
CUST003000,William Paul,matthew34@example.com,10/28/2024,  INDIA  ,Utah,Healthcare,Display Ads
CUST003921,Wesley Browning,judithmason@example.org,2026-06-17,SG,Missouri,Logistics,referral
CUST003213,Tamara Pugh,david71@example.com,03/17/2024,  U.K.  ,Michigan,Hospitality,SOCIAL
CUST008179,Karen Lane,rachel18@example.net,12/16/2025,AUS,Minnesota,Retail,Referral
CUST006889,Karen Miller,hernandezchristian@example.org,2023-08-07,United States,Oklahoma,Hospitality,SEO
CUST008497,Richard Fleming,timothy08@example.org,11/29/2023,canada,Michigan,Manufacturing,referral
CUST003098,Jennifer Rodriguez,leslie49@example.org,26-11-2025,canada,Missouri,Media,display
CUST006666,Anthony Harrison,guerradebra@example.org,10/24/2023,France,North Dakota,Finance,EMAIL
CUST001852,Elizabeth Sanchez,lesterrebecca@example.com,2025-05-10,brazil,New York,,  Organic  
CUST006850,Robert Bailey,beckjean@example.com,2025-10-27,Australia,Mississippi,Hospitality,Paid Search
CUST000047,Robert Perez,kellerraymond@example.com,2026-06-20,DE,California,Technology,Organic Search
CUST001146,Mary Gonzales MD,tsmith@example.org,10-05-2026,FR,Delaware,Finance,ORGANIC
CUST009059,Cody Young,tonya99@example.com,2024-10-31,SG,Minnesota,Healthcare,PAID SEARCH
CUST007563,Kevin Campbell,jeremy34@example.net,03 Dec 2024,singapore,Georgia,Technology,Organic
CUST003771,Alexis Barnes,kimrichard@example.org,08/02/2024,Singapore,Hawaii,Healthcare,Affiliate
CUST000718,Taylor Berry,robert44@example.org,2025-11-07,United Kingdom,Arizona,Logistics,Referral
CUST001495,Stephen Parks,ronald40@example.net,06/24/2026,australia,Louisiana,Healthcare,PAID SEARCH
CUST003111,Kyle Smith,nriley@example.org,2026-04-03,UK,Iowa,Retail,referral
CUST008788,Jason Chen,howardjames@example.com,07/07/2023, India,Maryland,Logistics,Affiliate
CUST007895,  Stephen Brown  ,nataliedavis@example.com,07-06-2024,DE,Oklahoma,Finance,display
CUST000590,Jesse Chavez,blopez@example.org,12-02-2024,SG,Arkansas,Media,Email
CUST008715,James Hughes,patrickshelby@example.org,12/01/2023,germany,,,Social
CUST009696,Michael Wagner,wardcarolyn@example.com,27-09-2023,france,Maryland,Finance,Organic
CUST007164,Rhonda Noble,wrightalexander@example.net,2023-09-14,Australia,Massachusetts,Logistics,SOCIAL
CUST005997,Victoria Moore,erica68@example.net,11/05/2023,Germany,Arizona,Media,Email
CUST001069,Tammy Fitzgerald,timdorsey@example.com,22-05-2025,singapore,South Dakota,,Paid Search
CUST007150,Carlos Ponce,kelly72@example.net,24-08-2023,Australia,Idaho,Finance,  social  
CUST001532,Micheal Nunez,julianeal@example.org,18-07-2026,brazil,Rhode Island,,  Referal  
CUST003054,Natalie Murphy,pamela03@example.com,2023-12-25,United States,Illinois,Logistics,paid search
CUST004645,Mr. John Allen MD,wbennett@example.com,15-08-2024,U.K.,Maryland,,  Organic  
CUST006649,Nancy Jones,blake44@example.com,03/18/2023,Germany,North Carolina,Technology,Instagram
CUST002024,Robert Bowers,wgarza@example.net,11-03-2024,FR,Utah,Hospitality,AFFILIATE
CUST005971,Melissa Lucero,samuelhamilton@example.com,2023-02-06, India,South Dakota,,PPC
CUST008145,Amber Sanders,woodsalexis@example.net,12/22/2025, India,Oregon,Healthcare,PPC
CUST004403,Alexander Lewis,phillipwade@example.org,2024-08-04,singapore,New Mexico,Retail,E-mail
CUST005715,Anthony Nichols,jamesobrien@example.net,2025-01-28,Singapore,Idaho,Retail,Banner
CUST006007,  Frank Ward  ,nelsoncraig@example.org,05/31/2025,SG,Texas,Finance,Display Ads
CUST008608,Stephanie Crosby,ygriffith@example.net,2024-05-20,Brazil,Tennessee,Media,Facebook Ads
CUST008677,ROBERT KELLEY,isingh@example.com,09-12-2023,singapore,Maine,Healthcare,DISPLAY
CUST001684,Isabel Smith,douglas76@example.net,2024-11-24,UAE,Ohio,Media,referral
CUST005690,William Cooper,stephen68@example.net,19-12-2025,FR,Oregon,Retail,social
CUST008623,  Jeffrey White  ,mitchell22@example.com,2026-07-10,UK,California,Real Estate,AFFILIATE
CUST008139,Danielle Duncan,seth01@example.com,2026-06-21, India,Utah,Technology,Affliate
CUST002586,Peggy Young,egriffith@example.net,12-01-2026,india,Mississippi,Logistics,Facebook Ads
CUST005793,Brenda Bowen,matthewrios@example.org,2023-01-17,United Arab Emirates,Hawaii,Logistics,Banner
CUST004849,Robin Joseph,zgonzales@example.com,07-06-2025,Canada,Maine,Technology,REFERRAL
CUST002363,Eric Ponce,hammondjeff@example.com,12/28/2025,UAE,North Dakota,Hospitality,DISPLAY
CUST008077,Deborah Wilson,russellkelly@example.net,2023-07-22,United Arab Emirates,West Virginia,,Email
CUST005774,Kellie Aguilar,omiller@example.net,12/08/2023,BR,Colorado,Logistics,Display Ads
CUST004623,Rebecca Miller,masondavid@example.org,25-04-2026,U.K.,,Technology,Display Ads
CUST006153,Mary Lawson,zyoung@example.org,2023-06-24,IN,Rhode Island,Hospitality,referral
CUST008547,  Jessica Johnson  ,,18-11-2024,Singapore,,Technology,SEO
CUST001266,Sabrina Cole,rubiojohnny@example.com,13-02-2026,  France  ,Maine,Media,ORGANIC
CUST005420,Gregory Trujillo,murphycassidy@example.org,16 Oct 2023,Australia,,,Email Marketing
CUST007739,Brian Anderson,walter21@example.com,,SG,West Virginia,Manufacturing,DISPLAY
CUST002353,Brian Solomon ,,2023-06-15,FR,Delaware,Technology,DISPLAY
CUST009618,Monique Perkins DDS,diamondstone@example.org,2024-09-08,INDIA,Tennessee,Education,Display Ads
CUST005404,Ryan Stevens,barbara41@example.org,2025-04-05,france,,Real Estate,REFERRAL
CUST006259,Stephen Avila,uevans@example.org,2024-05-01,France,Oklahoma,Technology,referral
CUST003661,Douglas Roberts,tmarshall@example.net,2025-03-07,UK,Missouri,Education,DISPLAY
CUST008195,Katherine Lopez,tamarahopkins@example.org,2024-08-01,Australia,North Dakota,Real Estate,Referral
CUST002098,Kelly Perry,tmoore@example.net,2023-02-08,CA ,New Jersey,Manufacturing,display
CUST002616,  Daniel Hamilton  ,sharpjohn@example.com,20-05-2025,DE,Colorado,Manufacturing,Google Ads
CUST000181,Tracy Bishop,pyoung@example.com,25-01-2023,australia,New Mexico,Retail,  Facebook Ads  
CUST000402,David Jones,kristin00@example.com,2023-06-07,USA,New Hampshire,Media,Email
CUST002908,Kenneth Adams,nbrewer@example.org,11/12/2023,U.A.E,North Dakota,Real Estate,EMAIL
CUST008365,Brenda Forbes,fmorse@example.org,2026-04-11,INDIA,Nevada,Real Estate,display
CUST004764,Shelby Smith,wriley@example.net,2025-11-04,DE,Missouri,Hospitality,Paid-Search
CUST008430,Matthew Hartman,coxjoe@example.com,2025-10-05,BR,New Hampshire,Technology,paid search
CUST006372,Lawrence Gaines,jacobsalinas@example.com,01/11/2025,australia,Minnesota,Healthcare,  Referal  
CUST009789,Vanessa Martinez,sharonwright@example.org,28-03-2025,  SG  ,Utah,Real Estate,  Email Marketing  
CUST002524,Monique Castaneda,daniel71@example.com,2023-11-07,United states,Pennsylvania,Finance,paid search
CUST005010,Amanda Curtis,catherine49@example.org,2024-11-15,U.S.A,Michigan,Real Estate,Paid-Search
CUST003300,Wendy Vance,reynoldstravis@example.net,2023-07-14,Germany,Utah,Real Estate,email
CUST003215,Brandon Patel,wongmckenzie@example.com,2023-12-09,australia,North Dakota,Healthcare,REFERRAL
CUST006993,  KIMBERLY MAHONEY  ,johnroberts@example.org,14-03-2023,INDIA,Delaware,Manufacturing,social
CUST001005,Vanessa Cuevas,ejohns@example.org,11-11-2023,UAE,Georgia,Logistics,organic
CUST006047,David Lawson,richardpatterson@example.org,05 May 2026,singapore,Maine,Hospitality,Instagram
CUST000412,Jaclyn Griffin,scott43@example.com,2024-07-13,UAE,,Education,REFERRAL
CUST008451,  Deborah Pierce  ,ejones@example.org,09 Apr 2026,germany,Nebraska,Hospitality,Organic Search
CUST000901,Carl Leach,alexandraphillips@example.org,2026-05-29,canada,Oklahoma,Real Estate,SOCIAL
CUST006094,Samuel Rodriguez,melissaperry@example.com,02/05/2025,BR,Missouri,,email
CUST005703,Jeff Hughes,owentravis@example.com,05/01/2024,BR,Kansas,Logistics,Referral
CUST009249,Ryan Blair,elopez@example.net,23-06-2025,SG,Oklahoma,Retail,  Affliate  
CUST005761,Charles Hicks,shelley85@example.org,19-02-2026,australia,Washington,Education,ORGANIC
CUST009727,  Rita Medina  ,mendezdiane@example.com,07-08-2025,USA,California,Finance,Social
CUST000792,Elizabeth Kemp,laurenchandler@example.com,2024-07-08,SG,Michigan,Media,SOCIAL
CUST000531,Maria Jenkins,bradleyberry@example.org,2024-05-20,france,Florida,Education,REFERRAL
CUST002355,Kristin Flores,michaelmontes@example.com,2025-10-12,AUS,West Virginia,Technology,Referral
CUST009876,Christie Hale,robinjohnson@example.org,2026-01-11,singapore,Wyoming,Real Estate,social media
CUST001959,Tiffany Coleman,qramirez@example.net,07/05/2023, India,Indiana,Logistics,Email
CUST002515,Ryan Meyers,larryburns@example.org,13-05-2023,US,Florida,Hospitality,E-mail
CUST006141,Margaret Cooper,chavezmatthew@example.org,04/13/2026,france,Kentucky,Technology,Organic
CUST004887,Joseph Cunningham,lawrencealexis@example.net,2026-04-12,germany,Missouri,Manufacturing,Google Ads
CUST002599,Andrew Rodriguez,floressarah@example.net,2024-04-29,U.S.A,Colorado,Finance,Display Ads
CUST009214,Shawn Gonzalez,connienavarro@example.com,2023-12-19,india,Wyoming,Real Estate,  Email  
CUST001109,Jeffrey Hernandez,hsanchez@example.org,11/01/2023,germany,Montana,Media,Email
CUST002852,Christopher Wolfe,arellanopatrick@example.net,25 Nov 2024,France,Nevada,Logistics,Organic
CUST008996,Edward Gibson,lopezdana@example.net,01 Apr 2023,U.S.A,North Dakota,Technology,Organic Search
CUST002439,Kimberly Knapp,kristinaharrison@example.org,2025-10-28,BR,Michigan,Media,organic
CUST006131,Veronica Avila,simmonsgregory@example.com,2023-12-12,U.A.E,Rhode Island,Logistics,Facebook Ads
CUST000133,  Stephen Taylor  ,vwatson@example.net,,india,Ohio,Retail,Referral
CUST007010,Robert Lopez,collinsmatthew@example.com,03-11-2023,BR,Nebraska,,paid search
CUST006069,Victor Owens,guzmanthomas@example.org,01-02-2026,Canada,Oregon,Education,Social
CUST009948,Colleen Campbell MD,margaretrobbins@example.org,2024-09-19,AUS,Connecticut,Finance,ORGANIC
CUST007942,Bruce Moore,vphelps@example.com,09/02/2025,IN,Idaho,Retail,E-mail
CUST009383,Tammy Franklin,christopherturner@example.com,2026-02-09,germany,Colorado,Education,Google Ads
CUST002868,Mark Adams,hansonbriana@example.org,16 Nov 2024,CA ,Indiana,Real Estate,paid search
CUST000620,Andrew Kelly,josephpreston@example.org,30-11-2023,France,Iowa,Logistics,paid search
CUST001016,Rachel House,wilsonmichael@example.net,2025-12-12,UK,Illinois,Media,Paid Search
CUST004799,Christopher Brown,webbkeith@example.com,2026-02-28,SG,Oregon,Finance,Affliate
CUST001552,Brittney Moore,kfloyd@example.net,2024-09-02,brazil,Texas,Manufacturing,Organic
CUST007571,  Marissa Edwards  ,james86@example.net,2026-04-08,  IN  ,Maine,Finance,Affliate
CUST007580,Lisa Barton,daniel75@example.com,06/21/2024,BR,,Real Estate,PAID SEARCH
CUST001953,Morgan Gonzalez,jamesphillips@example.org,25-01-2023,england,Texas,Finance,Email Marketing
CUST006820,Christina Coleman,mariabailey@example.org,2025-08-24,CA ,Vermont,Technology,Banner
CUST002568,James Neal,hudsonglen@example.net,2024-01-12,canada,Wisconsin,Education,Banner
CUST008322,Sean Graham,qdiaz@example.org,03-05-2023,   India  ,Maine,Healthcare,Social
CUST005584,  Michael Bennett  ,fpark@example.net,2026-04-04,INDIA,Colorado,Education,SOCIAL
CUST000475,  Peter Walker  ,michael48@example.net,,BR,Mississippi,Logistics,Google Ads
CUST003050,Amanda Mcknight,garciaalex@example.com,29-07-2023,U.A.E,Pennsylvania,Finance,Google Ads
CUST009366,Michael Ellis,amy57@example.com,11-07-2025, India,,,Display
CUST000660,Rebecca Higgins ,,2023-08-14,Germany,Mississippi,Finance,organic
CUST008434,Tracy Delgado ,,2024-06-12,singapore,Alabama,Technology,REFERRAL
CUST006289,Rebecca Diaz,glennjeremy@example.org,2024-01-21,australia,Idaho,,Organic Search
CUST000728,Anne Schmidt,stephanie69@example.net,2026-01-02,United Arab Emirates,,Retail,SOCIAL
CUST006345,David Rivas,dana44@example.com,01/04/2026,U.S.A,,Manufacturing,Partner
CUST007288,Larry Marshall,avilaerica@example.com,06/02/2025,brazil,Texas,Technology,PAID SEARCH
CUST005236,Alexis Smith,clarkpatrick@example.com,05/20/2025,Germany,Vermont,Retail,paid search
CUST009995,Christopher Spencer ,,,england,Idaho,Finance,REFERRAL
CUST008047,Ryan Rodriguez,alexandertaylor@example.com,2024-07-14,US,Oregon,Education,affiliate
CUST003443,Sabrina Brown,fosterjames@example.org,2023-03-28,australia,,Manufacturing,Email
CUST007745,Shane Clark,morrisonadrienne@example.org,2023-04-27,Canada,Iowa,Healthcare,Display Ads
CUST002802,Jason Smith,ballnicole@example.com,2024-03-20,india,Delaware,Healthcare,display
CUST009775,Patricia Mayo,tonyabrown@example.org,08/16/2024, India,Texas,Finance,SEO
CUST006024,Mary Johnson,christinaschneider@example.com,2025-08-12,U.S.A,Idaho,Real Estate,Display
CUST001458,Ashley Wood,janicethompson@example.org,2026-04-24,DE,Colorado,Hospitality,organic
CUST000770,Daniel Pennington,robinvillanueva@example.com,2025-10-24, India,Arizona,Logistics,organic
CUST001303,Mr. Patrick Mcpherson MD,leestephanie@example.net,15 Dec 2023,canada,Connecticut,Hospitality,Email Marketing
CUST003307,Rebekah Allen,haustin@example.com,10/01/2025,brazil,Louisiana,Logistics,Social
CUST008631,Micheal Butler,jeffreyramos@example.com,2024-06-03,france,South Dakota,Logistics,SEO
CUST005766,Jacqueline Murphy,mlewis@example.com,2026-01-25,australia,,Manufacturing,Referral
CUST000250,  Angie Caldwell  ,tinawoods@example.org,12/06/2025,United States,,Retail,organic
CUST009971,  Lisa Boone  ,eshaffer@example.com,,U.S.A,,Healthcare,Social
CUST004198,Charles Gilbert,davidcourtney@example.net,2023-10-26, India,Wisconsin,Media,email
CUST000610,Steve Miller PhD,wardjulia@example.com,22-12-2025,AUS,Mississippi,Hospitality,social media
CUST009119,Riley Ochoa,hmartinez@example.com,2024-12-07,INDIA,,Finance,social
CUST005585,David Vaughn,cdelacruz@example.com,05/28/2026,India,,,Referral
CUST000735,Zachary Hammond,jonathan14@example.org,21 Oct 2024,SG,,Retail,SEO
CUST005878,Lori Newton,dominiquepowers@example.com,2025-01-31,france,Montana,Technology,EMAIL
CUST001522,David Morrison,laurakaufman@example.net,28 Oct 2023,BR,Tennessee,Education,Facebook Ads
CUST003614,Ann Roth,sarah90@example.com,2025-01-04,Canada,South Dakota,,AFFILIATE
CUST003468,JULIE MASON,oscott@example.com,2024-02-05,Australia,,Technology,SEO
CUST009472,Alicia Hebert,uchen@example.com,02 Jun 2026,U.K.,Louisiana,Media,email
CUST007673,  Mary Cooke  ,wilsonangela@example.net,2023-11-23,India,Oregon,Logistics,affiliate
CUST005207,Mr. Daniel Mendoza,smithbryan@example.org,2024-01-30,singapore,Wisconsin,Finance,social media
CUST008663,Devin Nash,oalexander@example.com,2024-11-07,United Arab Emirates,,Manufacturing,SEO
CUST005865,Ashley Moody,dorothybruce@example.net,2025-06-10,U.K.,Idaho,Retail,Email Marketing
CUST007366,David Shelton,andrea02@example.net,2025-12-04,brazil,California,Manufacturing,Facebook Ads
CUST003781,Kevin Clark,cheryl76@example.net,2025-05-12,India,New Mexico,Logistics,Display
CUST003298,Kyle Stewart,danielmartinez@example.com,,United States,Ohio,Logistics,referral
CUST008949,Steven Stuart,tiffanywalker@example.org,04/13/2023,AUS,,Hospitality,Organic Search
CUST000860,Brian Lewis,scott49@example.org,2023-11-09,australia,New York,Finance,SOCIAL
CUST000285,Denise Madden,shawheidi@example.com,02/18/2026,US,Idaho,Real Estate,EMAIL
CUST005786,Anthony Harris MD,andersonjulia@example.org,03/21/2026,  Australia  ,Missouri,Real Estate,Affliate
CUST007972,Peter Keller,hgolden@example.net,23-01-2024,U.K.,Utah,Education,E-mail
CUST008828,Caroline Price,wstewart@example.com,16-07-2025,canada,Montana,Technology,Display
CUST004527,William Wagner,kevin66@example.com,04 Mar 2023,United Arab Emirates,Rhode Island,Real Estate,referral
CUST000081,Kyle Beard,blackjames@example.org,2024-03-08,U.K.,Washington,,EMAIL
CUST002314,Patricia Stark,znichols@example.net,2024-04-13,germany,,Healthcare,DISPLAY
CUST003266,Craig King,brent20@example.org,01/18/2023,india,Wyoming,Finance,DISPLAY
CUST004290,BRIAN MORGAN,reyesbobby@example.net,2026-02-13,U.A.E,Michigan,Finance,Social
CUST009795,ISAAC TORRES,rogersluis@example.net,2025-08-26,  canada  ,Missouri,Finance,Referal
CUST006980,Jamie Paul,jkelly@example.com,2023-06-10,SG,Tennessee,Education,AFFILIATE
CUST000783,Shaun Meyer DDS,robert82@example.com,2025-07-27,Singapore,,Healthcare,AFFILIATE
CUST009747,Angela Murray,andradewilliam@example.com,27-04-2025,Australia,Vermont,Education,Referral
CUST000138,  Ronald Spencer  ,lisahall@example.org,2026-04-26,england,Rhode Island,Education,REFERRAL
CUST001561,Grant Medina,hmclean@example.com,03/21/2026,Germany,Florida,Education,Social
CUST000734,  Cathy Rodriguez  ,jonowens@example.org,04/23/2025,CA ,South Dakota,Hospitality,email
CUST002690,Charles Munoz,patriciareynolds@example.net,2024-08-23,U.K.,New Mexico,,Paid-Search
CUST006856,Thomas Wiggins,tjones@example.com,21-03-2024,UAE,,Finance,  social media  
CUST005043,  Cheyenne Jones  ,oburns@example.com,31 Jul 2024,BR,,Media,affiliate
CUST000736,Zachary Scott,gregory17@example.org,15-06-2025,United States,South Carolina,Real Estate,Organic Search
CUST003607,Ryan Jones,,10-08-2025,IN,,Logistics,ORGANIC
CUST009065,Aaron Morgan,bmay@example.org,26-05-2023,Australia,Alaska,Media,AFFILIATE
CUST008518,Tasha Lee,,22 Dec 2024,CA ,Colorado,Media,SOCIAL
CUST006267,  David Stark  ,nhurley@example.org,,United states,,Logistics,Display
CUST009760,Sean Kemp II,helenburns@example.com,2026-01-20,  canada  ,Iowa,Retail,Email Marketing
CUST005119,Tammy Fields,fthompson@example.net,04-07-2023,U.K.,Tennessee,Manufacturing,SOCIAL
CUST001406,Michael Boyd,mckenzieguerrero@example.net,04/28/2023,U.K.,Arizona,Media,SEO
CUST001754,  Diana Hawkins  ,mmoore@example.net,29 Oct 2023,france,Kentucky,Education,Paid-Search
CUST005771,Michelle Bennett,mphillips@example.com,2025-07-28,Brazil,Arkansas,,REFERRAL
CUST008461,Brian White,spencemichael@example.net,2024-05-15,Australia,,Media,Referal
CUST007838,Shawn Adams,harrisoneric@example.org,01/18/2024,canada,Tennessee,,Display
CUST007584,Vanessa Gonzalez,lhogan@example.com,14 Feb 2023,Canada,Illinois,Media,Facebook Ads
CUST002769,Cynthia Deleon,conleyantonio@example.org,2023-03-08,BR,New Mexico,,Organic
CUST009067,  Jessica Graham  ,jeffreylittle@example.org,2025-06-29,  U.A.E  ,Louisiana,Real Estate,display
CUST003331,Linda Thompson,johnreyes@example.com,05/25/2023,United Kingdom,Nevada,Manufacturing,ORGANIC
CUST001899,  Matthew Potts  ,,31-03-2024,Germany,Kentucky,Manufacturing,ORGANIC
CUST001837,Derrick Buck,timothy23@example.net,09 Mar 2023,germany,,Technology,Partner
CUST002955,Angela Cardenas,cameronkaitlyn@example.com,,FR,North Carolina,Hospitality,PPC
CUST003667,Debra Carter,matthew96@example.com,30-05-2026,brazil,Louisiana,Manufacturing,social
CUST004776,Sarah Gray,pattybell@example.org,2023-06-12,Germany,South Dakota,Finance,PAID SEARCH
CUST003514,Kenneth Hickman,piercewilliam@example.com,2026-07-13,Brazil,Louisiana,Finance,Email Marketing
CUST006793,Christopher Maynard,pjohnson@example.com,2024-07-03,  United Arab Emirates  ,Wisconsin,Real Estate,Organic Search
CUST002142,Ryan Bautista,timothy12@example.com,2024-09-09,Brazil,New Jersey,Media,PPC
CUST001947,Brent Scott,rmartinez@example.net,06-02-2024,Singapore,Pennsylvania,Real Estate,Banner
CUST004186,Phillip Gonzalez,davismike@example.org,10/22/2024,Singapore,Idaho,Retail,Email
CUST004017,Connie Robinson,meganperry@example.net,2025-02-16,UAE,Texas,,Partner
CUST008464,Jose Ball,claireraymond@example.org,2023-03-05,Germany,,Finance,affiliate
CUST004196,Emily Fox,torresstephanie@example.com,,Australia,South Carolina,Healthcare,Partner
CUST006314,Adam Thomas,miranda63@example.com,04/03/2025,U.K.,California,Retail,REFERRAL
CUST009217,Eric Flores,crawfordkenneth@example.org,,INDIA,Delaware,Logistics,REFERRAL
CUST005665,Troy Phillips,twalter@example.net,2023-01-30,AUS,Louisiana,Education,Instagram
CUST005830,Patrick Becker,smithadam@example.com,2023-04-15,France,California,Technology,Organic
CUST006139,Peter Rodriguez,joneal@example.net,02/22/2026,AUS,New Hampshire,Real Estate,referral
CUST005762,Pamela Adams,qwarren@example.com,2026-03-03,england,Maryland,Finance,Google Ads
CUST001583,  Mrs. Maria Price DDS  ,jessica50@example.org,19 Sep 2023,France,Kansas,Logistics,Affiliate
CUST002717,Terry Macias,christineramirez@example.net,,UK,Oregon,Hospitality,Social
CUST004344,John Daugherty,gabrielleanderson@example.org,08/25/2023,france,,Logistics,referral
CUST000746,Joseph Flowers,blevy@example.org,03/04/2023,SG,,Healthcare,Display Ads
CUST004524,Mike Nunez,,2023-06-07,canada,Alaska,Real Estate,DISPLAY
CUST001685,Victoria Martinez,jared66@example.com,07 May 2024,brazil,,Manufacturing,Organic
CUST005604,Kevin Reese,chelsea44@example.com,,Australia,New Jersey,Education,email
CUST008346,James Parker,julian49@example.net,10/11/2023,U.A.E,Massachusetts,Media,PPC
CUST006363,Dylan Griffin,jfuller@example.org,15 Sep 2025,United States,South Dakota,Media,Referal
CUST004107,Miss Laura Davis,qwalker@example.org,09/16/2023,Singapore,Missouri,Media,DISPLAY
CUST009018,Elizabeth Wagner,youngbenjamin@example.org,07/23/2026,United Arab Emirates,New Hampshire,Education,E-mail
CUST007121,  Mercedes Andrews  ,kclark@example.org,2023-06-19,brazil,South Dakota,Finance,PAID SEARCH
CUST007981,Steven Goodwin,dylanibarra@example.net,2026-02-25,india,Wyoming,Real Estate,Google Ads
CUST004167,Rebecca Villa,michelle88@example.org,06/08/2025,Germany,Arkansas,Hospitality,Email
CUST000922,Justin Tucker,kristen08@example.com,2025-05-30, India,,Education,DISPLAY
CUST009628,Jeffrey Li,jamessims@example.com,2023-05-02,UAE,West Virginia,Hospitality,Organic Search
CUST007620,Penny Jones,brianlittle@example.net,2024-08-27, India,Nebraska,,email
CUST008088,Stacy Hudson,sarah94@example.com,2023-12-19,england,Florida,Education,Email
CUST001573,Erin Ellis,kaylaandrews@example.com,02/15/2025,US,Virginia,Finance,email
CUST004057,Randall Lopez,robertsonnathan@example.com,07/29/2025, India,Alaska,Manufacturing,DISPLAY
CUST005059,Juan Farmer,danielwilliams@example.org,18-06-2024,india,New Mexico,,Referral
CUST005354,Raymond Garcia,ortizcourtney@example.net,2023-09-05,United Kingdom,,Education,REFERRAL
CUST009036,Jessica Sanchez,troytaylor@example.org,31-01-2023,brazil,Nevada,Finance,social
CUST007474,Janice Patel,irobertson@example.org,2023-11-18,brazil,Illinois,Manufacturing,Affiliate
CUST004517,Margaret Hammond,janicewest@example.com,06-02-2025,singapore,Georgia,Education,Email Marketing
CUST006765,  Mary Wagner  ,tkim@example.com,15-08-2023,australia,Washington,Hospitality,E-mail
CUST003910,Eugene Berg,christinewilson@example.net,, India,Nebraska,Media,SEO
CUST005432,Mrs. Nicole Terry,ubrown@example.net,2023-11-06,United Kingdom,,Healthcare,  display  
CUST000361,Jacob Brady,jessica10@example.com,2025-04-11,US,Nevada,Logistics,Google Ads
CUST005628,Nicholas Campbell,lewisamanda@example.org,23-07-2024,United states,South Dakota,,E-mail
CUST007158,Veronica Braun,ybell@example.net,06-06-2026,Canada,,Manufacturing,Email
CUST005942,Gary Mcclure,wglenn@example.net,11/24/2025,canada,Virginia,Retail,Paid Search
CUST008446,Rachel Davis,brenda46@example.org,2025-07-01,U.K.,,,Banner
CUST001893,Suzanne Lynch,sandradavenport@example.org,,United States,New Hampshire,Manufacturing,EMAIL
CUST004091,Susan Bowen,dawn69@example.org,03-11-2025,US,Texas,Media,PAID SEARCH
CUST004979,Isabella Duffy,sarah98@example.org,20-01-2023,england,Oregon,Logistics,SEO
CUST008661,Tina Gonzalez,terri97@example.org,2024-02-21,brazil,,Real Estate,organic
CUST002068,Amanda Martinez,rachel25@example.com,2026-01-26,INDIA,Louisiana,Real Estate,Email
CUST003494,Bridget Cook,,2025-06-27,Canada,South Dakota,Healthcare,SEO
CUST007610,Jordan Foster,mmonroe@example.org,05 Oct 2024,  SG  ,,Logistics,Banner
CUST006985,Scott Lawson,michaelmckee@example.org,12/29/2023,CA ,,Media,Banner
CUST003576,Stuart Goodwin,jeffrey80@example.org,03-04-2024,Australia,South Carolina,Real Estate,Banner
CUST001117,Rebecca Martinez,baileydelgado@example.org,2025-09-25,CA ,Oklahoma,Real Estate,Partner
CUST004049,Robert Bernard,martinezpeter@example.org,02/27/2023,Australia,Wyoming,Retail,  PPC  
CUST001546,Joy Smith,fguzman@example.net,2025-04-10,france,,Real Estate,ORGANIC
CUST002740,Jeffrey Brown,dana58@example.net,2023-12-02,FR,,Finance,affiliate
CUST009956,CHRISTINE SHIELDS,georgeschroeder@example.net,08/24/2025,United states,,,Email
CUST001845,John Bradford,michelleflowers@example.net,03/02/2024,india,Louisiana,Manufacturing,Facebook Ads
CUST005092,  Kimberly Alvarez  ,leeadrian@example.org,2024-02-13,Canada,Tennessee,Manufacturing,Email
CUST008090,Susan Wu,afigueroa@example.com,31-01-2024,Singapore,,Education,Instagram
CUST001617,Victoria Miller,marqueztodd@example.net,2023-01-02,United States,,Retail,EMAIL
CUST001190,Mary Cantu,mccormickmichelle@example.org,2023-11-13,FR,Wyoming,Healthcare,organic
CUST005985,Ashley Gray,guzmancarl@example.com,2025-06-09,India,,Retail,Referral
CUST000346,Michael Smith,lisa62@example.com,09/23/2023,BR,California,,SEO
CUST005742,John Murphy,deniselopez@example.net,11 Aug 2023,India,Wyoming,Technology,Facebook Ads
CUST007201,Michael Gallagher,candrade@example.org,2023-12-05,germany,,Manufacturing,Email
CUST000938,Debbie Romero,williamsdebra@example.org,2025-09-22,United States,New Hampshire,Education,Facebook Ads
CUST008831,John Anderson,greenrobert@example.com,11-12-2024,brazil,Georgia,Education,Referral
CUST004958,Tanner Hawkins,ftucker@example.com,11/09/2025,CA ,Kentucky,Media,EMAIL
CUST006575,Debbie Hall ,,2023-06-22,U.A.E,Wisconsin,Healthcare,Banner
CUST003224,Melissa Nguyen DVM,romankathryn@example.com,2026-04-19,INDIA,,Logistics,AFFILIATE
CUST001895,Daryl Walker,aallen@example.com,2026-07-08,Germany,Arkansas,Logistics,social
CUST009092,Jennifer Howell,brownamy@example.org,2025-02-08,Brazil,Maine,Manufacturing,Email
CUST001064,John Chavez,ehart@example.org,31-03-2024,DE,Michigan,Hospitality,Referral
CUST002551,Rachel Miller,susanpatel@example.net,2026-07-20,SG,,Hospitality,Banner
CUST003289,Nancy Clark DVM,timothy46@example.com,2025-09-27,DE,Missouri,Retail,referral
CUST003950,Shannon Cannon,johncooke@example.net,2023-04-21,AUS,New Mexico,Healthcare,E-mail
CUST004769,John Golden,phillipmiller@example.org,2024-04-17,Germany,Kansas,Hospitality,Organic Search
CUST005096,Heather Roberson,alexander19@example.org,2026-05-31,Singapore,,Media,  REFERRAL  
CUST002386,  Keith Hull  ,mark40@example.net,2024-05-29,Australia,Texas,Media,Instagram
CUST000096,Samantha Jones,lauralarson@example.net,2023-06-12,INDIA,,Real Estate,social
CUST002183,Amy Evans,yolandarodriguez@example.net,2024-09-20,DE,Kansas,Logistics,SOCIAL
CUST002928,Christian Snow,jordan89@example.net,2024-12-23,canada,New Mexico,Finance,PAID SEARCH
CUST009106,MORGAN SWANSON,ericajones@example.net,2024-11-14,Germany,Utah,Real Estate,Referral
CUST001113,Patrick Bauer,patrickcooke@example.net,25 May 2023,france,Nevada,Finance,EMAIL
CUST002648,Rose Kaiser,christopherochoa@example.com,2024-07-31,U.A.E,Maryland,Technology,SOCIAL
CUST003676,Tina Hill MD,klinetimothy@example.net,2025-08-26,BR,Missouri,,Display Ads
CUST004978,Susan Hampton,mrogers@example.com,,australia,Illinois,Healthcare,Affiliate
CUST005549,Mr. Justin Grant,michael39@example.org,2023-09-18,canada,,Hospitality,Referral
CUST006370,Heather Mitchell,jgreen@example.net,2024-01-04,Singapore,Maine,Real Estate,DISPLAY
CUST007878,Michael Cox,lhartman@example.org,03/05/2024,CA ,Washington,Education,  Organic Search  
CUST007086,John Jacobs,bshannon@example.com,15-12-2025,UK,Alaska,Retail,ORGANIC
CUST001346,Jennifer Brown,aguilarsharon@example.com,2026-02-01,U.K.,Tennessee,Media,Display
CUST004960,  Gary Boyle  ,kevinwallace@example.com,29 Jul 2023,SG,West Virginia,,social media
CUST002197,  Crystal Carlson  ,uclark@example.org,2025-05-04,india,Nebraska,Technology,  Referral  
CUST003689,Dennis Baker,snyderpamela@example.com,08-04-2024,CA ,South Dakota,Manufacturing,Organic Search
CUST009023,Ruben Mccoy,johnwilson@example.net,2023-09-08,AUS,California,Logistics,Referral
CUST004151,Linda Dean,bgonzalez@example.net,2025-10-14,brazil,,Retail,Organic Search
CUST006424,  Tina Ramirez  ,yodermichael@example.org,2024-05-04,france,Wyoming,Logistics,ORGANIC
CUST009372,Jodi Moore,jackpark@example.com,2024-11-03,  AUS  ,,Real Estate,Email
CUST006221,Carla Lowe,lisa82@example.net,2025-12-13,singapore,,Finance,display
CUST009582,Crystal Garcia,daniellucas@example.com,2025-03-22,SG,Utah,Retail,Display
CUST000215,Caroline David,georgeweber@example.net,2024-08-08,france,Michigan,,ORGANIC
CUST001115,Rachel Moreno,stonebrenda@example.net,07-07-2023,USA,Tennessee,Real Estate,REFERRAL
CUST002595,Brenda Oconnor,aguilarkevin@example.com,24-12-2023,australia,New Mexico,Manufacturing,Paid Search
CUST009533,Leonard Thompson,probertson@example.net,2024-06-26,UAE,Delaware,Healthcare,Social
CUST002549,Emily Wagner,webstersteven@example.net,08/19/2025,USA,Alabama,Finance,Instagram
CUST003517,Karen Morgan,nicholas35@example.org,2026-05-07,singapore,Alaska,,DISPLAY
CUST002554,Shawn Evans,eclark@example.com,2023-10-30,U.A.E,Vermont,Real Estate,Facebook Ads
CUST005245,Kathleen Porter,evansangela@example.org,2023-11-01,INDIA,Missouri,Finance,paid search
CUST003024,Sharon Sanchez,gregory73@example.com,20-04-2025,U.S.A,Montana,Retail,EMAIL
CUST008358,Dr. Zachary Gomez II,emily17@example.org,06/12/2024,Singapore,Alaska,Manufacturing,Banner
CUST008394,  Elizabeth Olson  ,campbellemily@example.org,2023-05-10,U.S.A,Vermont,,Organic Search
CUST009367,Alexander Jones,kristopher75@example.org,2026-04-05,United States,,Education,Partner
CUST004335,David Velasquez,kimberly94@example.net,2023-11-24,brazil,Alaska,Technology,Social
CUST006074,Victoria Vazquez,hcontreras@example.com,08/31/2025,FR,Indiana,Media,Organic Search
CUST007195,Jason Davis,romerowilliam@example.com,2026-03-28,AUS,Kentucky,Education,organic
CUST000986,Kelly Young,parsonschristine@example.org,2026-02-05,Canada,,,Organic
CUST004649,  Chelsea Shah  ,harriserika@example.org,2025-10-18,australia,Maryland,Media,Referal
CUST008991,David Hopkins,obarber@example.net,30-09-2024,BR,Virginia,Manufacturing,email
CUST001820,Robert Scott,jgibson@example.net,,United Kingdom,Louisiana,Real Estate,email
CUST007134,JOSHUA GREEN,,2026-06-19,canada,New York,Real Estate,Organic Search
CUST005616,Lisa Fisher,bishoprichard@example.com,04-07-2025,france,Louisiana,Retail,Partner
CUST001645,Christopher Lee,maryjohnson@example.com,07/21/2023,france,Washington,Media,Organic Search
CUST007340,Melissa Klein,sheilahart@example.org,21-12-2024,germany,Nevada,Education,AFFILIATE
CUST006004,  Michelle Jones  ,smithtanya@example.net,2023-10-15,  USA  ,,Manufacturing,PAID SEARCH
CUST001281,Kelly Allen,rstanley@example.com,08-01-2023,FR,Wyoming,Media,ORGANIC
CUST002672,Laura Roberts,wesley30@example.org,2024-05-11,SG,Maryland,Hospitality,organic
CUST008241,  Adam Juarez  ,sarahbarnes@example.org,2024-04-17,SG,,,Referal
CUST001255,Steven Davis,nkirk@example.com,26 Jul 2025,France,Connecticut,Technology,  social media  
CUST008583,James Rogers,montesjoyce@example.com,2025-10-13,england,,,E-mail
CUST000436,Francisco Taylor,rioswhitney@example.com,12/23/2025,singapore,Nebraska,Real Estate,SOCIAL
CUST003264,Joe Strickland,mejiamichael@example.net,09/08/2023,India,North Carolina,Education,PAID SEARCH
CUST000367,Vicki Finley,wileymichelle@example.com,,Australia,Massachusetts,Education,PPC
CUST009350,Victoria Harris,vnguyen@example.com,2024-11-11,IN,,Technology,organic
CUST006935,Daniel Reynolds,hallmary@example.com,30-05-2023, India,Arkansas,Education,EMAIL
CUST002844,Derrick Reyes,benjamin18@example.com,2024-05-28,FR,North Carolina,Finance,Paid Search
CUST002945,Caitlin Lucas,garysnow@example.org,,germany,,Healthcare,affiliate
CUST003145,Paul Henderson,ylowe@example.org,14-02-2025,singapore,North Carolina,Retail,EMAIL
CUST003875,Teresa Norris,jocelynbates@example.com,16-07-2023,CA ,Georgia,Healthcare,Display Ads
CUST003184,Justin Nash,lucasromero@example.net,03/08/2025,US,Indiana,Finance,Display Ads
CUST007338,  Wayne Holden  ,amandagonzalez@example.com,10/24/2025,CA ,Pennsylvania,Education,ORGANIC
CUST007917,  Lisa Jensen  ,fordheather@example.com,21 Jul 2026,germany,,Education,display
CUST002764,Angela Crawford,josephpatterson@example.com,,AUS,,Media,  organic  
CUST001700,Tracy Potts,nicole15@example.org,2024-01-13,AUS,Idaho,Technology,Google Ads
CUST004573,Karen Jones,murrayelizabeth@example.com,25-09-2024,U.S.A,Ohio,,Facebook Ads
CUST005225,  Paul Garcia  ,todd18@example.org,2023-05-16,Canada,Georgia,Manufacturing,Paid Search
CUST006639,David Santana,sandrayoung@example.org,2025-07-05,India,Minnesota,Technology,REFERRAL
CUST007606,Catherine Brooks,starkstephanie@example.net,2023-05-18,brazil,New Mexico,Education,  organic  
CUST003144,Dorothy Hull,paulking@example.net,2024-05-20,United states,Indiana,,EMAIL
CUST003002,Paul Frye,kingmichael@example.com,16-04-2024,germany,Washington,Logistics,Paid Search
CUST008696,Cassandra Rodriguez,stephanie76@example.com,2025-01-11,france,,Hospitality,affiliate
CUST007591,  Katrina Ross  ,christine22@example.org,2025-07-29,U.A.E,West Virginia,Finance,Instagram
CUST001696,Christopher Turner,rachelhernandez@example.com,2025-12-12,BR,,Technology,Referral
CUST009404,Lisa Jackson,hharris@example.net,07/23/2023,UK,,Hospitality,SEO
CUST002237,Thomas Romero,hespinoza@example.org,2024-06-13,BR,Oklahoma,Manufacturing,  Organic Search  
CUST005650,Gina White,cassandrastone@example.org,2025-11-11,FR,Utah,Manufacturing,Affliate
CUST001003,Craig Thompson,renee02@example.com,2023-11-18,DE,Tennessee,Retail,Google Ads
CUST006412,Jorge Sanford,rmarquez@example.com,2023-06-25,Australia,West Virginia,Healthcare,PAID SEARCH
CUST009130,Allen Webster,talexander@example.net,2026-02-27,england,Colorado,Manufacturing,Google Ads
CUST008865,Jose Sharp,dtanner@example.net,05/11/2025,CA ,Illinois,Healthcare,social
CUST001658,Jerome Gonzalez,ypowell@example.org,06-11-2025,brazil,New York,Finance,social
CUST005841,  Bryan Franklin  ,emma68@example.org,18-10-2024,Brazil,,Manufacturing,Referal
CUST009195,Lisa Meyer,davidreeves@example.org,,brazil,,,Google Ads
CUST005339,Nicholas Henry,michelle20@example.net,03-10-2025,United Kingdom,Massachusetts,Hospitality,email
CUST001648,James Perez,morgankaren@example.net,20 May 2026,singapore,Kentucky,Education,Email
CUST000979,Monica Hill,braunheather@example.net,2023-06-26,USA,,Real Estate,SOCIAL
CUST002726,Benjamin Stevens,joshua10@example.com,2024-05-19,Germany,Idaho,Retail,SEO
CUST007235,Kathleen Peterson,morrisondwayne@example.com,25-03-2023, India,Florida,Real Estate,Social
CUST002674,Jacob Jones,wcortez@example.net,12-11-2025,DE,Oklahoma,Media,organic
CUST004204,David Hebert DDS,breanna57@example.net,2023-09-02,FR,Montana,Technology,organic
CUST007303,  Pamela Parks  ,cooperjennifer@example.net,12/20/2025,brazil,Utah,Hospitality,AFFILIATE
CUST006849,Jason Wilcox,matthewcooper@example.org,2025-01-26,Canada,Arkansas,Finance,Facebook Ads
CUST006034,Michael Mann,jeffjenkins@example.org,2023-01-19,brazil,Arizona,,PAID SEARCH
CUST000352,Chelsea Myers,bowerslaura@example.org,2025-10-21,UK,New York,Healthcare,  E-mail  
CUST003824,Donald Giles,richbill@example.org,2025-05-13,CA ,Georgia,Hospitality,Email
CUST002212,  Jennifer Baker MD  ,ujones@example.org,2025-07-29,FR,Hawaii,Hospitality,SEO
CUST004554,Shannon Gardner,justinreeves@example.net,2025-02-22,SG,,Retail,paid search
CUST003324,Anna Stephens,kelly24@example.net,2025-08-25,Singapore,Louisiana,Finance,ORGANIC
CUST006903,Jose Avila,quinnann@example.net,2023-01-17,Singapore,Hawaii,Logistics,REFERRAL
CUST002755,Michael Reeves,alex95@example.org,07/14/2023,singapore,New Jersey,Logistics,Email
CUST008769,Scott Haynes,reneegonzalez@example.net,2024-03-31,BR,Nevada,Technology,social
CUST007798,Michelle Stone,larsontrevor@example.net,2026-02-03,Germany,Oklahoma,Media,organic
CUST003343,  Andrew Vargas  ,joshua88@example.com,2026-03-06,UAE,Indiana,Healthcare,Referral
CUST009009,  Susan Patterson  ,kaylathomas@example.org,31-05-2023,AUS,West Virginia,Logistics,display
CUST004952,Kimberly Gonzales,ugarcia@example.org,2023-11-09,United Kingdom,Minnesota,,display
CUST002918,Vincent Harris,qbrown@example.net,02-04-2026,IN,Maine,,Instagram
CUST000143,Mason Johnson,bboone@example.net,2024-11-06,germany,Connecticut,Hospitality,referral
CUST005570,Manuel Mayo,campbelljoseph@example.com,29-05-2025,SG,Alabama,Hospitality,Facebook Ads
CUST002211,Justin Gonzalez Jr.,scott04@example.com,2024-04-24,BR,Florida,Finance,email
CUST000334,Laura Patel,mariopadilla@example.com,2025-09-03,england,Oregon,Education,DISPLAY
CUST009054,Karen Fischer,tina57@example.net,2023-02-25,  United states  ,Kansas,Real Estate,referral
CUST006788,Amanda Arroyo,ptorres@example.net,31-05-2024,FR,Oregon,Finance,SOCIAL
CUST005498,Dawn Booker,bmiller@example.org,2023-05-04,england,Missouri,Education,Organic
CUST007572,Sarah Barker,contrerasnicole@example.com,2026-06-26,india,Connecticut,Real Estate,Referral
CUST007595,Jonathan Ramirez,ebutler@example.net,2026-03-06,Canada,Alaska,Technology,  AFFILIATE  
CUST005515,  Brittney Mcdonald  ,gilmorebeth@example.org,11/14/2023,singapore,,Education,SOCIAL
CUST003355,Kimberly Savage,lpatterson@example.com,,France,Maryland,Finance,SOCIAL
CUST008763,Angela Williams,james40@example.com,2024-10-20,United Arab Emirates,Iowa,Retail,organic
CUST006855,William Hayes,wilsonjeremy@example.org,2025-12-07,USA,Idaho,Media,Referral
CUST007933,Ricky Meyers,hannah37@example.net,2024-04-17,AUS,Massachusetts,,E-mail
CUST007133,Tamara Rivera,wmitchell@example.org,2025-01-09,Singapore,South Carolina,Manufacturing,DISPLAY
CUST001815,Diana Harper,kaylazamora@example.org,2024-02-25,BR,Wyoming,,Affliate
CUST001181,  Pamela Newman  ,andersonkayla@example.com,2025-07-27,UAE,Georgia,Healthcare,EMAIL
CUST001402,Tom Duncan,dmeyer@example.com,2025-12-27,canada,Delaware,Manufacturing,affiliate
CUST009565,Jennifer Medina,williamcooke@example.org,13-01-2025,singapore,Alaska,Technology,referral
CUST001579,  Katie Lane  ,martinjason@example.com,25-07-2023,Singapore,West Virginia,Healthcare,referral
CUST002906,Jesse Taylor,wilkinsonrussell@example.org,28-09-2025,Brazil,Alabama,Media,Affiliate
CUST003582,Meghan Hernandez,danielpage@example.com,2023-04-07,Germany,Idaho,Technology,Social
CUST009118,Andrew Lam,,2025-09-02,US,Delaware,Technology,EMAIL
CUST007146,Nathan Gates,rhondastephens@example.net,06-02-2025,U.A.E,Wyoming,Finance,Display
CUST000952,Mario Hanson,zhall@example.com,06/09/2023,brazil,Ohio,Media,Email Marketing
CUST002036,Chad Smith,reesetravis@example.net,02-04-2026,Germany,New Mexico,Logistics,paid search
CUST007879,Adrienne Hickman,wyatt39@example.net,2024-06-08,France,Texas,Technology,Referral
CUST006466,  Nancy Torres  ,scottmooney@example.com,2024-10-31,FR,Illinois,Logistics,DISPLAY
CUST000788,Catherine Thompson,evanwilson@example.com,03/09/2023,United Arab Emirates,Oregon,Hospitality,PAID SEARCH
CUST004951,Brittany Hernandez,charlenewalker@example.org,2023-05-09,U.S.A,Minnesota,Manufacturing,Email Marketing
CUST009375,Marc Todd,ballchristian@example.net,2023-03-05,Australia,,Manufacturing,paid search
CUST004650,Kelly Rogers,marshalldouglas@example.com,2024-02-18,Singapore,Alaska,Media,Referal
CUST003500,Debbie Boyd,johnadams@example.org,2024-09-02,US,Connecticut,Hospitality,email
CUST004819,Micheal Martin,hurstwesley@example.net,05-07-2026,australia,New Jersey,Education,Display Ads
CUST009935,Grace Herrera,richardrodriguez@example.net,17-08-2025,United Arab Emirates,Maryland,Healthcare,Affliate
CUST005929,Zachary Duran,guerrajessica@example.org,2026-01-22,BR,South Carolina,Retail,Affliate
CUST008473,Shawn Richards,whitakercraig@example.net,2025-08-15,singapore,New York,Real Estate,REFERRAL
CUST007026,Tony Estes,,07-11-2023,Australia,South Carolina,,EMAIL
CUST005127,Stephanie Green,debra71@example.net,2023-05-21,UK,Virginia,Manufacturing,Paid Search
CUST001319,Marie Cook,shortariana@example.net,07/23/2024,BR,Michigan,Hospitality,ORGANIC
CUST003155,Andrew Fowler,weekszachary@example.com,18-04-2026,  U.K.  ,,Hospitality,Google Ads
CUST008249,Samantha Walters,brettgonzales@example.net,01-07-2023,U.K.,Minnesota,Hospitality,REFERRAL
CUST009037,Tiffany Smith,cbates@example.org,05/01/2024,United States,California,Media,affiliate
CUST000190,Brian Stein,chenbailey@example.net,2025-12-21,germany,Georgia,Manufacturing,Organic
CUST002284,Emily Gillespie,holly12@example.org,14 Jan 2023,CA ,Colorado,Education,Email Marketing
CUST004141,Jonathan Smith,burnscarl@example.org,2023-10-14, India,,Hospitality,EMAIL
CUST003613,Janice Sanchez,russellwilliam@example.net,2023-01-10,SG,Ohio,Logistics,referral
CUST001287,Eric Kane,thomasnancy@example.net,,U.A.E,Delaware,Hospitality,PPC
CUST000339,Sheila Boone,simonstephen@example.net,2023-12-02,United States,Vermont,Real Estate,  Google Ads  
CUST007135,Michael Sherman,nkramer@example.org,11/05/2023,U.A.E,Oregon,Real Estate,Referal
CUST001429,Dana Smith,xluna@example.net,28-07-2026,CA ,Virginia,Media,social
CUST001526,Sandra Hardy,coxjennifer@example.net,2023-11-09,DE,South Dakota,Media,AFFILIATE
CUST006205,James Bishop,brandon80@example.com,07/09/2024,england,Vermont,,affiliate
CUST000316,Jeffrey Horton,carlos01@example.org,2025-01-03,SG,Michigan,Hospitality,Display Ads
CUST002943,Terry Mills ,,2023-02-16,australia,Florida,Manufacturing,Affiliate
CUST007470,Jennifer Evans,williamvalentine@example.net,2026-03-26,Germany,Oregon,Logistics,affiliate
CUST001443,Andrea Fields,michaelsmith@example.org,04/09/2025,india,Louisiana,,REFERRAL
CUST007211,  Adam Ayala  ,kdiaz@example.net,06/26/2025,Canada,New York,Logistics,paid search
CUST002705,Angela Bradshaw,ceaton@example.com,2023-08-31,  BR  ,Utah,Retail,E-mail
CUST009227,Andrew Tyler,alexandrashepherd@example.com,2024-01-16,UAE,,Logistics,Organic Search
CUST007698,  Mitchell Bryant  ,trevor36@example.net,01/11/2026,singapore,California,,Referal
CUST009909,Lisa Butler,randyschaefer@example.org,2024-10-02,Canada,Virginia,Retail,Social
CUST003609,Mary Mason,elizabeth69@example.com,2023-01-02,england,New Jersey,Healthcare,Partner
CUST000432,Courtney Franklin,jennifer46@example.com,2026-04-10,INDIA,Minnesota,Technology,Organic
CUST005002,STACY OLSON,michaelsmith@example.org,2026-01-03,australia,,Education,email
CUST002845,Gregory Harmon,morrismary@example.com,01/11/2026,AUS,Louisiana,Media,referral
CUST002723,Joshua Reed,daviddecker@example.com,2024-09-01,  INDIA  ,Wisconsin,Finance,Banner
CUST007658,Olivia Parker,gchase@example.net,2025-11-15,India,,Finance,PAID SEARCH
CUST008194,Samantha Chambers,mercerwendy@example.org,2023-01-04,  australia  ,West Virginia,Media,EMAIL
CUST002384,Erik Hill,uwilliams@example.com,2025-11-04,Brazil,Oregon,Technology,Organic Search
CUST003186,  Janice Waller  ,ymercer@example.com,,Singapore,Utah,Manufacturing,EMAIL
CUST004164,Robert Smith,william49@example.net,08-04-2026,FR,Delaware,Media,Display Ads
CUST005369,Kathleen Fox,joanne07@example.net,2024-07-23,england,South Carolina,Retail,EMAIL
CUST007341,Nicole Bass,sherylsullivan@example.com,2026-02-03,Brazil,Washington,Education,SOCIAL
CUST008841,Julie Hughes,emmacruz@example.net,25-07-2024,Brazil,Connecticut,Manufacturing,Paid Search
CUST001567,William Brooks,gforbes@example.com,03/30/2026,BR,Ohio,Media,Display
CUST003928,  William Richards  ,anthony99@example.org,2024-09-10,brazil,Nebraska,Finance,AFFILIATE
CUST005211,Laura Turner,benjamin11@example.net,29-10-2024,germany,Georgia,Hospitality,display
CUST001311,Kevin Miller,antoniofitzpatrick@example.org,2023-07-26,FR,Utah,Media,Paid Search
CUST002529,John Smith,rwhite@example.org,,United states,Massachusetts,Media,Email
CUST003673,Thomas Nelson,jrobbins@example.org,31-12-2024,United States,West Virginia,Retail,Display Ads
CUST009463,Lisa Campbell,crawfordsamuel@example.com,03-10-2025,AUS,Washington,Real Estate,  Paid Search  
CUST009726,Courtney Hill,taylormichael@example.org,2025-10-13,United States,,Technology,Email Marketing
CUST005346,Megan Baker,ferrellalexis@example.net,31-03-2025,canada,Mississippi,,social
CUST002663,Darrell West,gcastro@example.org,2025-08-20,UK,Idaho,Healthcare,Organic Search
CUST000353,David Little,ricetiffany@example.com,2025-12-05,  United States  ,Massachusetts,,Email
CUST002235,Ms. Kayla Williams,garymartinez@example.org,2023-01-19,Canada,Alabama,Manufacturing,Partner
CUST009393,Brett Jackson,grobinson@example.org,20-06-2025,india,Kentucky,Media,E-mail
CUST004041,Cynthia Coleman,joseph95@example.org,2025-10-03,india,Montana,Media,Display
,Cynthia Wells,evansjared@example.com,2024-02-22,UAE,,Education,Banner
CUST005610,Johnny Stevens,ghoward@example.org,2024-07-31,AUS,Oregon,Technology,ORGANIC
CUST003325,William Johnson,john50@example.net,2025-01-16,Singapore,Rhode Island,,E-mail
CUST002310,LISA KELLER,gomezrenee@example.org,03/23/2024,DE,North Dakota,Manufacturing,AFFILIATE
CUST003728,Charles Dougherty,zacharywillis@example.com,2024-03-06,Australia,Connecticut,Finance,Affiliate
CUST007049,Christopher Galloway,kimberly93@example.net,2025-03-21,AUS,Georgia,Media,REFERRAL
CUST000386,James Barnes,crystalpham@example.org,2025-04-03,  Australia  ,,Education,Banner
CUST002301,  Colleen Walker  ,melissa10@example.net,2025-08-11,india,,Media,EMAIL
CUST009783,David Bishop,hunteranthony@example.com,2023-04-20,IN,,,PAID SEARCH
CUST005755,Mr. David Hurst,raymondamanda@example.com,2023-08-10,Singapore,New Hampshire,Logistics,  Affliate  
CUST000075,Raymond Jefferson,hoganashlee@example.org,2025-03-27,United Arab Emirates,Minnesota,Technology,PAID SEARCH
CUST008509,Edwin Parker,emilylawrence@example.org,2023-05-15,USA,Oregon,Finance,Organic
CUST005034,Justin Thomas,fcortez@example.org,2023-10-23,  United states  ,Ohio,,Referal
CUST001469,Joanna Welch,,2023-11-22,United Kingdom,Georgia,Retail,email
CUST001455,Erin Bartlett,wesley09@example.com,2025-08-28,Australia,Arizona,Education,  Display  
CUST009340,Ethan Smith,udeleon@example.com,03/14/2026,Canada,Texas,Education,paid search
CUST003088,Alexis Olsen,susan75@example.net,2023-09-17,UAE,Oregon,Healthcare,DISPLAY
CUST004022,James Mueller,barry55@example.org,03/02/2025,germany,Oregon,Real Estate,Organic Search
CUST001307,Adam Ho,stevenhernandez@example.com,06/08/2025,France,South Carolina,Retail,  Affiliate  
CUST003811,Victoria Goodman,marie25@example.org,2023-12-02,Brazil,Missouri,Logistics,Affliate
CUST008616,Cynthia Smith,mwilliams@example.net,2023-02-26,U.S.A,,,referral
CUST001372,IAN LITTLE ,,13-08-2024,france,Louisiana,Manufacturing,  Referral  
CUST007261,Ashley Rodriguez,hernandezkelly@example.com,2025-05-09,SG,Alabama,Technology,Affliate
CUST001473,Mary Valenzuela,,2023-06-29,  U.A.E  ,Nebraska,Finance,Affiliate
CUST005175,Dawn Chen,timothy76@example.org,21-12-2023,  Canada  ,Wyoming,Retail,Social
CUST007354,Frank Mcdaniel,danielstark@example.org,06-06-2025,Germany,Nevada,Logistics,E-mail
CUST002433,Anthony David,reneenavarro@example.net,2025-12-22,england,Wyoming,Healthcare,Instagram
CUST002792,Jacob Davies,susannelson@example.net,14-01-2025,DE,North Carolina,Retail,Organic Search
CUST008479,Katherine Jenkins,dtaylor@example.com,18-06-2025,france,,,Organic Search
CUST009209,Rachel Torres,kingjoseph@example.net,06/21/2026,UAE,Arkansas,Education,Organic
CUST004858,Shelly Wright,yjohnson@example.net,2023-06-08,DE,Idaho,Media,social media
CUST004574,Robert Gonzales,jgaines@example.com,14 Dec 2025,United states,Illinois,Hospitality,Affliate
CUST000985,Taylor Pittman,danielallen@example.com,26-03-2026,DE,Arkansas,Media,Affiliate
CUST000263,Cameron Irwin,avilatiffany@example.com,01/12/2024,DE,Utah,Hospitality,AFFILIATE
CUST007226,Shane Clark,stanleyvalenzuela@example.net,2026-07-24,Singapore,West Virginia,Education,Paid-Search
CUST000430,Scott Chan,mercedesholland@example.net,2023-03-15,india,Indiana,Hospitality,Referal
CUST006111,NICOLAS PETERSON,jmorris@example.net,2024-05-29,United Arab Emirates,Oregon,Technology,Referal
CUST007824,Colleen Park ,,12/12/2023,DE,Louisiana,Hospitality,Email Marketing
CUST001793,Ryan Gonzalez,ywright@example.net,2024-06-24,canada,Tennessee,Media,email
CUST004116,Tiffany Moon,fhill@example.org,2024-01-27,US,Hawaii,Finance,email
CUST000401,Blake Reed ,,,france,Alabama,Technology,SEO
CUST002707,Jamie Walker,royscott@example.net,15-06-2023,United states,Louisiana,Technology,REFERRAL
CUST006693,Brandon Hoffman,stevenkemp@example.net,27-05-2024,Canada,Oklahoma,Education,referral
CUST000807,Anthony Flores,michaelbrown@example.com,03/03/2024,  germany  ,Nebraska,Technology,Facebook Ads
CUST005606,Antonio Cook,kwilcox@example.net,01/18/2026,U.K.,New Mexico,Manufacturing,social
CUST000343,Tyler Harris,nicoleturner@example.com,29-06-2023,India,Colorado,Logistics,  organic  
CUST004450,Justin Miller,sallen@example.com,11-03-2023,France,Nevada,Finance,referral
CUST003975,Amy Daniels,,22-01-2023, India,Indiana,Hospitality,email
CUST009035,Victor Smith,jessica38@example.org,02/06/2023,australia,,Manufacturing,referral
CUST004906,Sandra Fleming,aliciaallen@example.net,2025-01-29,australia,South Dakota,Healthcare,Affliate
CUST004434,Angelica Foster,jellis@example.com,2025-01-18,FR,Maine,Manufacturing,social
CUST008244,Deborah Grant DDS,thomas75@example.net,,SG,Indiana,Healthcare,DISPLAY
CUST003133,Jennifer Reyes,michele20@example.com,,Canada,Wyoming,Hospitality,social
CUST006938,Kristina Richards,stephaniewilliams@example.com,2024-09-20,Germany,Delaware,Retail,Partner
CUST003643,JOEL MURRAY,michael31@example.org,09-08-2024,Brazil,Ohio,Technology,social media
CUST006539,Sarah Adams,shawn18@example.net,2023-09-17,brazil,Arkansas,Media,Referal
CUST007178,George Rose,vward@example.net,26-04-2025,United States,Massachusetts,Technology,Referal
CUST009024,Emma Dillon,freystephen@example.org,,india,Nebraska,Logistics,Email
CUST006592,TRACY HOFFMAN,,2024-05-09,United Arab Emirates,,Education,Facebook Ads
CUST008753,Devin Barnett,munozchristine@example.net,2025-02-19,DE,Louisiana,Hospitality,Instagram
CUST001856,Eric Hunter,gaydustin@example.net,2025-07-05,UK,Oklahoma,,organic
CUST006187,Cynthia Grant,jenny20@example.org,27 Dec 2024,CA ,Alabama,Real Estate,paid search
CUST004389,Danielle Torres,lindsay06@example.org,2026-01-05,BR,Missouri,Technology,ORGANIC
CUST001759,Shannon Clark,dcortez@example.com,12-03-2026,  canada  ,Rhode Island,Healthcare,PPC
CUST001384,Mary Meyer,joseph94@example.org,2024-11-25,australia,Michigan,Hospitality,Facebook Ads
CUST003425,Destiny Mullins,molinachristina@example.org,2023-07-26,AUS,,Education,AFFILIATE
CUST006128,Stephanie Morris,washingtonrobert@example.net,2025-02-22,United Arab Emirates,,Finance,Banner
CUST008519,Daniel Roberts,lawrencereyes@example.com,08/03/2024,U.K.,Massachusetts,Retail,social media
CUST008268,Diane Best,gpruitt@example.net,2023-07-23,UK,Colorado,,affiliate
CUST000639,Ethan Delacruz,lopezvincent@example.com,2023-11-11,AUS,Oklahoma,Real Estate,Partner
CUST009486,Alexis Davis,brownnicholas@example.net,2024-08-24,U.K.,Utah,Manufacturing,EMAIL
CUST006192,  Donald Sharp  ,danielleanderson@example.org,01/09/2025,CA ,,Healthcare,  referral  
CUST008137,Angela Gonzalez,bwilliamson@example.org,06/18/2024,FR,Colorado,Real Estate,E-mail
CUST005330,Cynthia Russell,veronicajensen@example.org,2025-06-10,singapore,,Finance,Organic
CUST003420,Allison Harrell,ryan43@example.org,2023-12-16,Singapore,Connecticut,Education,Partner
CUST008006,Stephen Matthews,andrew44@example.org,09/21/2025,AUS,Nevada,Technology,Affiliate
CUST008887,Brandon Garza,whitney49@example.com,18 Mar 2025,BR,Minnesota,Real Estate,Google Ads
CUST000814,Carrie Torres,walkermelissa@example.org,2023-07-25,INDIA,Vermont,Logistics,  Social  
CUST003546,Kristi Mitchell,vchan@example.org,2023-02-23,Canada,Connecticut,Logistics,Display Ads
CUST003842,Joshua Smith,angelafreeman@example.org,2026-01-28,SG,,Real Estate,Referal
CUST005920,Kyle Mooney,flynnjanice@example.net,13-03-2025,Singapore,New York,Logistics,REFERRAL
CUST009462,Christian Gutierrez,katherinemontgomery@example.net,2026-02-10,Brazil,,Education,PAID SEARCH
CUST004255,  Evan Wheeler  ,kdominguez@example.net,2024-04-12,australia,Delaware,Media,PPC
CUST000747,Richard Williams,lewisdesiree@example.net,2023-06-19,UAE,New Jersey,Retail,Paid-Search
CUST003036,Joel Johnson,crawfordjared@example.org,2023-05-12,CA ,Missouri,Hospitality,affiliate
CUST000957,Lisa Morales,henrysarah@example.com,30-07-2025,AUS,Nevada,Manufacturing,DISPLAY
CUST005663,Michael Johnson,danielcohen@example.org,11/03/2023,  United Kingdom  ,Alabama,Manufacturing,Instagram
CUST002081,Jillian Stewart,moyerjoseph@example.org,23 Dec 2025,UK,Vermont,Retail,paid search
CUST008240,Lisa Downs,benjamin51@example.com,02-04-2023,USA,,Logistics,Referal
CUST009418,Hannah Williams,rebeccabrown@example.com,2026-04-07,  UK  ,Florida,Real Estate,Google Ads
CUST002007,Jesus Flores,corythompson@example.org,2023-07-21,UAE,Kentucky,Retail,Organic
CUST008051,Kristina Rosales,michael79@example.org,2023-08-04,United Arab Emirates,Idaho,Education,Display Ads
CUST007987,Nicholas Romero,nicoleclark@example.net,2026-04-28,Brazil,Tennessee,Healthcare,Affiliate
CUST009649,Angie Pennington,nicolethompson@example.net,2025-12-02,singapore,North Carolina,Education,SOCIAL
CUST004161,Tyler Gordon,monicadiaz@example.com,09/21/2024,  BR  ,Utah,Hospitality,Referal
CUST006994,Robert Harrell,hking@example.com,2026-03-29,India,Wisconsin,Hospitality,  Google Ads  
CUST007347,Sierra Chambers,vevans@example.com,13-08-2025,U.K.,,Finance,Referal
CUST005898,Rebecca Wilson,kross@example.org,2024-01-05,United states,New York,Media,SOCIAL
CUST000987,Calvin Villegas,bennettpamela@example.net,2025-01-09,United Arab Emirates,California,Technology,  PAID SEARCH  
CUST006885,Peggy Barton,awhite@example.net,10/26/2023,Australia,Rhode Island,,Banner
CUST008716,Linda Fisher,jacquelinebrewer@example.org,2023-05-08,USA,Missouri,Media,email
CUST008654,Alexandria Pierce,alvarezsharon@example.net,2025-01-20,france,North Carolina,Manufacturing,Google Ads
CUST003510,Matthew Wilson,hfleming@example.net,2024-10-16,  singapore  ,California,Technology,Paid-Search
CUST009407,  Dillon Thomas  ,marydavis@example.net,2024-11-16,england,Illinois,Media,referral
CUST007507,Mathew Garcia,lopezaaron@example.com,14 Jun 2025,australia,New Jersey,Finance,AFFILIATE
CUST004031,Marie Rangel,xvargas@example.org,2025-07-04, India,Nevada,Media,social
CUST004684,James Simon,katiemeyer@example.org,01/29/2023,brazil,Alabama,Healthcare,paid search
CUST008256,Brian Wu,juliastewart@example.net,2025-03-25,United Arab Emirates,Colorado,,social media
CUST004016,Michelle Miles,williamsmaria@example.org,2026-07-08,BR,,Healthcare,Organic Search
CUST006499,Jonathan Mcdonald,melvinlawson@example.com,2025-06-01,U.S.A,Louisiana,,Referral
CUST005218,Chad Mcguire,ejohnston@example.com,26-11-2023,IN,Hawaii,Retail,Email
CUST008870,Jaime Torres,moorelisa@example.org,2025-03-26,SG,Mississippi,Logistics,PPC
CUST002543,Vincent Schaefer,tylerlaura@example.org,18 Apr 2026,singapore,,Education,Facebook Ads
CUST006595,Margaret Lamb,teresascott@example.org,2025-10-22,France,Minnesota,Manufacturing,  Banner  
CUST000443,Curtis Ortiz,tthomas@example.org,2026-04-22,IN,Wyoming,Healthcare,Referal
CUST001555,Jeffery Long,zsmith@example.org,08/26/2025,Australia,Nebraska,Real Estate,Facebook Ads
CUST007915,Tyler Christian,harveytravis@example.net,2024-07-17,INDIA,Pennsylvania,Logistics,ORGANIC
CUST007184,Rick Hensley,karen32@example.com,2026-06-18,UAE,Virginia,Media,Organic
CUST005857,Paul Jensen,daniel61@example.net,08-05-2024,CA ,Nebraska,Retail,Affliate
CUST009412,Christine Pollard,clayrobert@example.net,12 Aug 2025,  Canada  ,Utah,Retail,display
CUST006796,Ms. Mary Gomez,john67@example.org,10-06-2024,canada,Arkansas,Manufacturing,affiliate
CUST009040,  Steve Johnson  ,markcole@example.org,2024-12-30,brazil,New York,Technology,  Instagram  
CUST007270,Amanda Alexander ,,2024-01-31,BR,Illinois,Logistics,social
CUST008336,Ronald Nelson,leachkyle@example.net,2023-12-11,BR,,Manufacturing,EMAIL
CUST001572,Ronald Smith,marcushernandez@example.org,2025-09-02,france,Pennsylvania,Hospitality,Organic Search
CUST002081,Jillian Stewart,moyerjoseph@example.org,23 Dec 2025,UK,Vermont,Retail,paid search
CUST008646,Amanda Logan,brownsarah@example.com,2025-07-28,U.K.,Nebraska,,Referral
CUST004348,Daniel Herrera,christinaday@example.org,2024-12-06,BR,,,Paid-Search
CUST004477,Matthew Mclean,shirley60@example.net,2023-11-05,FR,Delaware,Media,Paid Search
CUST003399,Rose Collins,curtisfranklin@example.com,2024-02-13,U.K.,Oregon,Technology,SEO
CUST006459,Danny Hill,batesjessica@example.com,22-07-2023,Brazil,Pennsylvania,Finance,referral
CUST008228,Lauren Rush,,12/03/2024,DE,New Mexico,Retail,Referral
CUST006504,Renee Terrell,sgallagher@example.com,08-01-2026,UAE,Vermont,Technology,Email Marketing
CUST007681,Brittany Mitchell,michaelmcgee@example.org,,CA ,Delaware,,Organic
CUST008913,Justin Spencer,emily97@example.net,2024-01-24,france,South Carolina,Hospitality,email
CUST005375,Mr. Samuel Daniels,xrosario@example.net,14 Jan 2023,brazil,Michigan,Technology,organic
CUST009112,Adam Olson,hillmarisa@example.com,,United states,Maine,Healthcare,AFFILIATE
CUST006757,Jason Rowland,clayscott@example.com,2023-04-01,Brazil,,Hospitality,AFFILIATE
CUST001018,Debbie Carrillo,lynn66@example.net,2023-12-16,FR,Wisconsin,Media,DISPLAY
CUST007782,Travis Bowers,,08-04-2025,France,Alabama,Media,Social
CUST003739,Noah Gomez,cramos@example.com,18-06-2023,FR,Rhode Island,Retail,Affliate
CUST006832,Laura Mitchell,ralphchapman@example.net,22 Jun 2026,Germany,Missouri,Media,Paid Search
CUST000008,Daniel Adams,lynchgeorge@example.net,2023-01-24,  US  ,Kansas,Media,AFFILIATE
CUST001878,Joel Phelps,dawngraves@example.org,2025-12-29,  brazil  ,,Education,DISPLAY
CUST002165,Alyssa Pratt,cody81@example.org,10/15/2024,Singapore,Mississippi,Healthcare,Affiliate
CUST004836,Erica Dickson ,,12-05-2025,IN,Nevada,Technology,social media
CUST002127,Grant Newton,mrandolph@example.net,2026-05-14,UK,West Virginia,Education,E-mail
CUST005860,Frank Johnson,manuel24@example.org,11/15/2025,england,Oklahoma,,Partner
CUST005485,Aaron Parker,matthewwelch@example.com,27-06-2025,UK,Nebraska,Real Estate,E-mail
CUST006468,Dr. Jessica Lynn,joan18@example.com,2024-09-16,United Arab Emirates,Ohio,Healthcare,organic
CUST005779,Whitney Schmidt,,21-02-2023,singapore,Wisconsin,Hospitality,paid search
CUST005560,Destiny Terrell DVM,scottsamuel@example.org,2023-06-06,France,Arizona,Media,SEO
CUST008741,Leah Sanchez,breannapadilla@example.net,02/10/2026,U.A.E,Michigan,Real Estate,Affiliate
CUST005021,Christopher Bailey,crodriguez@example.com,2025-12-15,brazil,Pennsylvania,Logistics,display
CUST002222,Ryan Lawson,crivers@example.com,2024-06-15,India,,Retail,Instagram
CUST000548,James Joyce,jennifer90@example.org,, India,South Dakota,,DISPLAY
CUST006880,  Molly Wall  ,butlerjacob@example.net,2023-01-29,brazil,,Hospitality,Email
CUST005859,Michael Crawford,lmosley@example.org,17-04-2024,france,Alabama,Education,Instagram
CUST008852,  Ann Castillo  ,timothy98@example.net,24-11-2024,Singapore,Alabama,Media,Instagram
CUST007583,Reginald French,jasonpacheco@example.org,2026-03-19,UK,Missouri,Retail,Social
CUST002988,Patricia Johnson,rogerfarrell@example.com,2026-07-24,CA ,West Virginia,Technology,Paid Search
CUST007163,Stacey Lopez,rjackson@example.com,2023-07-05,france,Utah,,Email
CUST000053,Cameron Fisher,lbyrd@example.net,07-04-2025,France,,Education,Banner
CUST001248,Nicholas Powell,zachary63@example.org,2023-10-03,australia,,Technology,Referral
CUST000238,Timothy Pope,keith98@example.com,20-08-2023,United Kingdom,Montana,,affiliate
CUST002300,Joe Scott,burtondoris@example.net,2024-01-24,Australia,Vermont,Logistics,ORGANIC
CUST008452,Lee Cabrera Jr.,rowedonna@example.org,2023-06-05,Germany,Delaware,Education,paid search
CUST004192,  Charlene Lopez  ,egraham@example.com,2026-06-12,Singapore,Georgia,Manufacturing,Referal
CUST001521,Micheal Gonzalez,kellykline@example.org,2023-07-21,France,,,Affiliate
CUST008920,Matthew Ayers,ifrost@example.net,2026-01-19,CA ,Washington,Real Estate,referral
CUST007505,Karen Rice,christy84@example.com,09/02/2025,  U.K.  ,Alabama,Technology,referral
CUST006103,Lydia Estrada,ortegaanthony@example.net,06/16/2023,Singapore,Wisconsin,,Display
CUST000971,Steven Chambers,speters@example.net,2025-10-31,CA ,New York,Logistics,SEO
,Joan Brown,,2024-04-18,UAE,Kansas,,ORGANIC
CUST003836,Karen Sanchez,richard15@example.com,2024-03-19,france,Oklahoma,Healthcare,Paid-Search
CUST000953,Michael Ramos,,2026-02-24,Canada,South Dakota,Education,PPC
CUST000818,Christine Santana,ellenjohnson@example.org,02-05-2024,england,West Virginia,Finance,Email
CUST000191,Aaron Gomez,qlopez@example.org,2025-11-01,england,North Dakota,Manufacturing,PPC
CUST001752,Andrew Perez,ssmith@example.org,2023-10-12,  australia  ,Pennsylvania,Education,social
CUST001019,Kaitlyn Hunt,michelleperez@example.net,2024-05-30,United states,West Virginia,Retail,Affiliate
CUST006351,Jason Sherman,michael38@example.net,2024-10-24,DE,Idaho,Retail,AFFILIATE
CUST005801,Jennifer Price,alejandro47@example.com,07/18/2023,brazil,,Real Estate,Partner
CUST007424,Ian Flores,qcampbell@example.net,,U.A.E,Maine,,Instagram
CUST006842,Julie Barnes,hamiltonandrew@example.org,2025-12-28,U.S.A,North Carolina,Hospitality,Partner
CUST009781,Matthew Moore,samanthagarner@example.org,2023-01-08,U.K.,Mississippi,Retail,paid search
CUST003506,Robin Walker,olivialambert@example.com,12/14/2023,United Kingdom,,Manufacturing,SEO
CUST004859,GREGORY DIAZ,lmcbride@example.com,10/23/2024,CA ,Vermont,Real Estate,Display Ads
CUST000503,Michele Cherry,elucas@example.net,22-03-2025,U.S.A,Utah,Technology,REFERRAL
CUST007539,Christine Campbell,ujames@example.net,07/19/2023,germany,Iowa,,Instagram
CUST006513,Oscar Nunez,tharper@example.org,24-01-2025,brazil,,Healthcare,Email Marketing
CUST000682,Nicole Thornton,jennifer46@example.org,2025-10-27,germany,New York,Healthcare,Banner
CUST001733,Riley Hale,tammyharrington@example.net,2023-01-28,INDIA,Iowa,Manufacturing,Organic
CUST007795,Scott Dickerson,youngjoshua@example.org,2023-12-23,United states,,Technology,Display Ads
CUST002954,Ms. Michele Jones,,2026-06-15,brazil,Illinois,Education,Affliate
CUST009694,Eric Gomez,haroldgonzalez@example.org,2023-07-04,USA,,Real Estate,PPC
CUST009619,Eric Cochran,alopez@example.net,2024-11-23,Australia,,Logistics,  AFFILIATE  
CUST004520,Christina Davidson,toddgutierrez@example.com,2026-05-16,australia,California,Logistics,Instagram
CUST004146,Chelsea Camacho,latoyahartman@example.com,31-03-2024,India,Kansas,,DISPLAY
CUST006301,Toni Mcintosh,nealjaime@example.net,09-09-2023,england,South Carolina,Finance,Email
CUST001485,  Patrick Willis II  ,katrinawood@example.com,2024-03-06,brazil,North Carolina,Hospitality,EMAIL
CUST000128,Elizabeth Harrell,mcdonaldcharles@example.org,2023-12-26,BR,Utah,Education,Organic Search
CUST009459,John Smith,xsmith@example.com,2024-10-05,UAE,West Virginia,Logistics,AFFILIATE
CUST005130,Michelle Walker,emily27@example.org,15-01-2026,INDIA,New Jersey,Hospitality,email
CUST006441,Jose Sanders MD,qweaver@example.net,01/05/2025,United states,Oregon,Finance,E-mail
CUST006102,Amanda Ruiz,caseychristina@example.com,2026-03-16,canada,South Carolina,Finance,Referal
CUST003188,Matthew Henderson,kimberlythomas@example.com,02/13/2026,germany,Ohio,Retail,Partner
CUST003881,Nancy Mitchell,alec29@example.org,2024-06-29, India,,Hospitality,Organic
CUST006613,Ryan Murphy,cescobar@example.org,21-04-2024,U.A.E,Michigan,Finance,Organic Search
CUST002328,Natalie Nicholson,harveyphilip@example.org,04/04/2023,UK,,Finance,PPC
CUST001871,Felicia Wood,joe76@example.net,09-07-2023,FR,Indiana,Logistics,Affiliate
CUST008103,  Linda Gilbert  ,juanrichards@example.com,09 Jan 2025,U.A.E,Georgia,Real Estate,AFFILIATE
CUST001285,Paige Collins,grios@example.org,2023-03-26,australia,Florida,Real Estate,Email Marketing
CUST002552,Matthew Edwards,sanchezronald@example.net,2024-05-21,U.A.E,,Retail,Organic
CUST005042,Margaret Ellis,brandy29@example.com,2026-05-16,INDIA,Louisiana,Real Estate,EMAIL
CUST003587,Mrs. Linda Clarke,ryandurham@example.net,30 Jan 2024,Australia,Maryland,Logistics,Partner
CUST003555,Philip Weaver,ruizandrew@example.org,14 Apr 2024,england,Vermont,Logistics,REFERRAL
CUST004215,Thomas Manning,doyletravis@example.org,2024-10-03,canada,Mississippi,Logistics,SEO
CUST008979,Benjamin Simon,grossdanielle@example.net,05/31/2023,U.S.A,Tennessee,Manufacturing,Referral
CUST007556,Jose Lane,danielleclark@example.net,2023-02-21,CA ,Tennessee,Logistics,Paid-Search
CUST007916,Keith White,brookeking@example.com,12/30/2025,Germany,Tennessee,Media,Google Ads
CUST009419,Susan Cline,michellehill@example.net,2023-08-01, India,,Hospitality,Social
CUST006235,Michele Miller,jesuskennedy@example.com,08/05/2025,AUS,,Manufacturing,SOCIAL
CUST000110,Jill Washington,andrea86@example.com,2026-07-04,CA ,Massachusetts,,Referral
CUST009994,RUSSELL LAWSON,loridavis@example.org,2023-12-21,Singapore,South Carolina,Logistics,Display
CUST006334,Eric Olsen,cstewart@example.org,01-03-2026,IN,,Media,Affliate
CUST006546,Crystal Pham,davenporthenry@example.com,2025-11-03,canada,Nevada,Real Estate,SOCIAL
CUST008134,Gloria Navarro,denisenixon@example.net,22 Jul 2023,UAE,West Virginia,Logistics,paid search
CUST006590,Deborah Jones,jillian35@example.com,2026-05-08,UAE,,Real Estate,Referal
CUST000557,Kelli Smith,,03/27/2025,United Arab Emirates,West Virginia,Retail,PAID SEARCH
CUST009454,Brenda Johnson,hestermelissa@example.net,20-01-2025,CA ,,Retail,referral
CUST009311,April Sims,chelseygarrett@example.com,2025-02-02,AUS,,Real Estate,referral
CUST001102,Elizabeth Briggs,vickiekelley@example.com,2024-02-05,France,Nevada,Media,Organic Search
CUST004875,  Sheryl Bullock  ,xgallegos@example.com,2025-04-11,United States,,Healthcare,DISPLAY
CUST005647,  Mr. Gregory Glass MD  ,marypatrick@example.net,07/05/2024,United Kingdom,Kansas,Manufacturing,Organic
CUST002241,Rachel Johnson,jessicavang@example.com,02/15/2025,Australia,Wisconsin,Hospitality,Referral
CUST008502,Benjamin Mills,thompsonnathan@example.org,2024-01-10,BR,South Carolina,Retail,referral
CUST007695,Patrick Stevens,bobbyturner@example.com,03/08/2024,United States,,Hospitality,E-mail
CUST007499,Linda Rivera,sandersdaniel@example.com,11-08-2025,CA ,Montana,Real Estate,Organic
CUST009353,  Rachael Harris  ,tamara56@example.com,2024-04-02,CA ,Illinois,Media,AFFILIATE
CUST009782,CHRISTINA TAYLOR,terrancehorton@example.net,09/03/2025,BR,,Hospitality,Referal
CUST004315,Nicole Reeves,holly38@example.net,24-09-2023,U.S.A,Connecticut,Real Estate,social
CUST003709,Jerry Fleming,brownemma@example.com,2025-11-10,AUS,New Jersey,Finance,PAID SEARCH
CUST000713,Jeff Smith,pbradford@example.net,08-12-2023,USA,North Carolina,Manufacturing,REFERRAL
CUST004528,Justin Reynolds,frazierannette@example.com,16-06-2026,  england  ,Indiana,Hospitality,Banner
CUST004105,Deborah Richards,millermichelle@example.net,2026-07-08,australia,Montana,Technology,SEO
CUST005994,Mitchell Johnson,patricia74@example.org,2024-11-29,Brazil,Colorado,Real Estate,display
CUST001221,Michael Hunter,natalie09@example.net,2023-11-27,France,Arkansas,Healthcare,Display
CUST003354,Gary Griffin,susan25@example.org,2025-08-30,germany,Utah,Technology,E-mail
CUST008765,Lauren Clarke,josephsullivan@example.org,2023-01-10,France,Iowa,Finance,affiliate
CUST008557,Kellie Lynn,brooke45@example.net,2023-08-10,australia,New Mexico,Manufacturing,SEO
CUST009955,Michelle Smith,nsmith@example.net,2024-08-03,United Kingdom,Arizona,Education,Email Marketing
CUST008709,Catherine Glenn,paulwilliams@example.net,2023-02-26,england,Vermont,Finance,paid search
CUST009841,Daniel Adams,nlarson@example.org,02/01/2025,germany,New Hampshire,Healthcare,ORGANIC
CUST002016,Holly Cruz,dylancunningham@example.com,2025-09-01,australia,Alaska,Technology,Facebook Ads
CUST002807,Elizabeth Stanley,kennethsandoval@example.com,2026-02-03,IN,Indiana,Healthcare,display
CUST006417,David Vasquez,bryan82@example.com,2023-08-04,Germany,Nevada,Healthcare,PPC
CUST009972,Brooke Ryan,jennifer78@example.org,12/15/2023,US,,Hospitality,Email
CUST007907,Donna Kelly,fernandezgregory@example.net,2024-08-25,Brazil,Louisiana,Technology,  PAID SEARCH  
CUST002188,Alfred Bradley,ebruce@example.net,2024-10-09,australia,New Mexico,Finance,Display Ads
CUST006914,Peter Patterson Jr.,chrissantos@example.com,2026-03-17,  USA  ,Maine,Finance,email
CUST005313,  Justin Schmidt  ,angelica09@example.net,2026-03-25,england,Minnesota,Logistics,DISPLAY
CUST003940,Joan Crane,blakenelson@example.net,05/31/2025,  U.K.  ,Maryland,,Social
CUST005429,Cassandra Hernandez,cheryl76@example.com,24-07-2025,U.A.E,,Technology,  social media  
CUST002834,Timothy Jordan,tiffany24@example.org,2025-12-29,India,,Real Estate,Social
CUST000675,Justin Walsh,davidsonhannah@example.com,12-05-2025,USA,,Real Estate,Referal
CUST009012,Jasmine Cooper,cbrooks@example.com,2024-10-28,Singapore,New Jersey,Logistics,  Display  
CUST008624,Catherine Mccoy,fturner@example.net,2025-01-11,SG,Connecticut,Manufacturing,DISPLAY
CUST001547,JOHN CAMPBELL,joseph83@example.com,2023-05-28,australia,Louisiana,Manufacturing,social media
CUST002730,Darlene Garcia,jacquelinezamora@example.com,01/05/2026,France,Delaware,Education,Instagram
CUST005165,Jonathan Stewart,austinpollard@example.org,2025-01-30,  SG  ,,Retail,Display
CUST005870,Shawn Hernandez,jacob67@example.com,17 May 2026,France,New York,Healthcare,PPC
CUST008506,  Robert Roy  ,joshuali@example.org,2026-02-11,canada,Illinois,Education,Email Marketing
CUST009805,Tara Mccoy,christianmatthews@example.com,04/28/2026,canada,Wyoming,Education,SOCIAL
CUST002989,Nicholas Richards,darrylmacdonald@example.com,2025-11-05,   India  ,Missouri,Healthcare,AFFILIATE
CUST009019,Jacob Newman,ufrank@example.org,27-06-2025,CA ,,Hospitality,E-mail
CUST008253,Leslie Torres,cummingsanthony@example.net,03-03-2026,brazil,,Retail,Facebook Ads
CUST006340,Joseph Cole,hramirez@example.org,24 Jan 2024,BR,Idaho,Manufacturing,organic
CUST006059,Debra Kim,williamtaylor@example.org,2025-02-20,england,,Hospitality,Organic Search
CUST000683,Jacqueline Gallegos,javier42@example.org,2025-03-17,United states,Mississippi,Logistics,Organic Search
CUST001891,Randy Simon,gibsonjennifer@example.net,25-05-2023,brazil,,,Instagram
CUST003485,LISA JONES,brandonmcdonald@example.com,05/25/2026,england,Hawaii,,email
CUST008492,Michael Davis,nicoleodonnell@example.org,2023-04-02,  U.A.E  ,New Jersey,Hospitality,Display Ads
CUST006387,Lisa Mahoney,qguerrero@example.net,2026-01-10,germany,Virginia,Education,  social  
CUST001153,Christina Mccarthy,hayneswayne@example.org,05 Apr 2024,Canada,Illinois,Media,Affliate
CUST000890,Lauren Bonilla,robertjones@example.com,2024-10-02,singapore,Utah,Finance,Referal
CUST007143,  Tammy Jones  ,andrew68@example.com,29-04-2025,canada,New Hampshire,Manufacturing,Affiliate
CUST009528,Natalie Li,brendan43@example.com,11-06-2023,Australia,Texas,Healthcare,SEO
CUST007128,Karen Cherry,toddescobar@example.com,2023-02-04,   India  ,Hawaii,Real Estate,Instagram
CUST005958,Laura Stevens,matthewherrera@example.net,2025-12-06,U.A.E,Idaho,Healthcare,Display Ads
CUST008837,  Tammy George  ,maria91@example.org,25 Feb 2026,Singapore,Minnesota,,E-mail
CUST005983,Craig Garcia PhD,kentmaurice@example.net,24-06-2023,Australia,Michigan,,Affliate
CUST000527,Matthew Diaz,blacknicholas@example.org,03/07/2023,UK,North Dakota,Media,Email Marketing
CUST001821,Jennifer Baker,ffuller@example.net,2025-03-23,india,Connecticut,Technology,paid search
CUST005327,Elizabeth Baker,lmorales@example.net,09/18/2025,Brazil,Idaho,Media,Banner
CUST006147,Stephanie Heath,sarahnichols@example.net,2026-05-05,Germany,Texas,Media,Referal
CUST005938,Rebecca Newman,lmaynard@example.net,2025-01-11,U.A.E,Iowa,Hospitality,Partner
CUST005113,Michaela Robles,brandon09@example.org,2025-06-01,brazil,New Mexico,Technology,SEO
CUST006065,JAMES CARROLL,nunezkayla@example.com,,SG,Ohio,Education,PPC
CUST002733,Brandon Clark,,04-06-2023,CA ,Kansas,Manufacturing,Affiliate
CUST003954,Dr. Antonio Ortiz,bjenkins@example.org,2024-08-23,BR,Ohio,Media,Paid Search
CUST004004,Jeffrey Andrews,jonathan73@example.net,07-01-2025,U.K.,Iowa,Real Estate,PAID SEARCH
CUST000055,Jeremy Lewis,yleon@example.net,2025-10-17,CA ,Hawaii,Healthcare,DISPLAY
CUST007657,Jason Crawford,dianecrawford@example.com,02/21/2025,INDIA,,Healthcare,email
CUST006685,Rebecca Clark,christopher63@example.com,2024-04-08,england,New York,Hospitality,display
CUST008242,Stephanie Jones,benjamin91@example.com,01 May 2026,DE,Connecticut,Media,SEO
CUST000767,John Barnes,jeffrey49@example.org,10/07/2025,U.A.E,South Dakota,Technology,  E-mail  
CUST009993,Kevin Fields,obrown@example.net,2025-10-05,Singapore,Arkansas,Manufacturing,AFFILIATE
CUST003623,Paul Gordon,jclark@example.org,17-10-2025, India,Washington,Healthcare,Facebook Ads
CUST002071,Gina Martin,cohensabrina@example.org,2024-11-28,U.A.E,,,referral
CUST003757,Latoya Brown,ucox@example.com,08-08-2024,australia,North Carolina,Technology,Email
CUST008569,Sarah Walker,wmedina@example.com,06-01-2025,USA,,Real Estate,  Paid-Search  
CUST008168,Melissa Simpson,scottlisa@example.com,13-06-2025,   India  ,Tennessee,Finance,Email Marketing
CUST008929,Tammy Anderson MD,whunt@example.org,2024-05-18,france,Nebraska,Finance,PAID SEARCH
CUST000595,William Wright,gonzalezjill@example.org,08 Jan 2024,India,North Dakota,Manufacturing,Google Ads
CUST008541,Valerie Thomas,caitlin33@example.net,2026-03-17,Singapore,Oregon,Logistics,display
CUST002856,Michael Wilson,fernandezjennifer@example.net,2023-07-28,BR,South Dakota,Logistics,Organic
CUST001249,Kathy Welch,ocameron@example.com,2023-01-22,singapore,Oklahoma,,Facebook Ads
CUST000551,Heather Foster,aprilmclaughlin@example.org,27-11-2023,India,Colorado,Real Estate,Affiliate
CUST005426,Gloria Stone ,,12/01/2023,USA,South Carolina,,DISPLAY
CUST004438,  Debra Smith  ,olsonbridget@example.com,2025-01-24,germany,Minnesota,Logistics,EMAIL
CUST008207,Sarah Barker,melissa69@example.org,17-04-2025,France,Vermont,Hospitality,display
CUST002993,Kristen Vance,vhoward@example.org,2026-07-06,U.A.E,Connecticut,Technology,email
CUST001300,Gabriela Henry,veronica47@example.com,30-12-2024,United Arab Emirates,Mississippi,Real Estate,organic
CUST004035,Lauren Herman,pattersonedward@example.org,17-06-2026,SG,Maine,Healthcare,DISPLAY
CUST007609,Brian Walker,sarahbrown@example.org,2024-08-26,brazil,Louisiana,Media,Banner
CUST002878,Wayne Ortiz ,,2023-12-28,FR,,Finance,SOCIAL
CUST006591,  Erin Mueller  ,anne83@example.net,2025-08-13,Brazil,Nevada,Education,SEO
CUST006712,Tanya Benson,wilcoxlinda@example.com,2025-09-13,FR,Massachusetts,Media,Affliate
CUST000936,  Jorge Collins  ,katherine20@example.org,16-05-2025,Germany,Ohio,Logistics,Banner
CUST007439,James Ponce,vkim@example.net,2025-10-10,Germany,Utah,Retail,EMAIL
CUST008739,Victoria Wright,amysmith@example.net,10 Nov 2023,Australia,New Mexico,Finance,Display
CUST001756,Megan Carrillo,jackwilliams@example.org,08 Jul 2026,australia,West Virginia,Logistics,affiliate
CUST004874,  Jason Turner  ,prestonsusan@example.org,2025-03-22,U.S.A,Hawaii,,Display
CUST005775,Kelsey Castillo,,2026-07-20,Germany,North Dakota,Finance,Organic Search
CUST007513,Chad Anderson,,2024-01-14,DE,Maryland,,display
CUST008900,Melissa Zimmerman,uclark@example.com,19-09-2023,singapore,,Retail,Affliate
CUST007883,Kelly Edwards,eric29@example.org,,Australia,South Carolina,Real Estate,referral
CUST009837,  Bruce Simon  ,hernandezjonathan@example.com,2026-07-03,Australia,,Retail,Referal
CUST007892,Amy Cruz,rcarey@example.com,2025-11-03,Brazil,Michigan,Education,Affliate
CUST008106,Michael Perry,wilsonstephanie@example.net,2025-09-08,FR,Nevada,Retail,Social
CUST008846,Joseph Campbell,gtate@example.com,,United States,,Retail,affiliate
CUST006528,Jessica Washington,margaretalvarez@example.net,2024-02-21,france,Kansas,Media,paid search
CUST003004,Michael Chapman,ulawrence@example.org,14 Jan 2024,FR,California,Finance,ORGANIC
CUST008035,Amanda Strickland,mperkins@example.org,23-03-2023,UK,Virginia,Real Estate,PPC
CUST005367,Theresa Griffith,ycantu@example.net,07-02-2025,U.S.A,Indiana,Manufacturing,SOCIAL
CUST004314,Virginia Watkins,brittneywashington@example.com,2026-02-01,Germany,Wisconsin,Logistics,Affiliate
CUST000418,Justin Arnold,april09@example.net,2025-12-25,  FR  ,North Dakota,Healthcare,Affiliate
CUST005975,Leonard Taylor,davismaria@example.com,,U.S.A,,Finance,Display
CUST005083,Zachary Brown,bnguyen@example.org,2025-01-03,FR,Hawaii,Hospitality,SOCIAL
CUST006482,Kelly Gibbs,michaelmartinez@example.com,2023-04-27,United States,Indiana,Logistics,PPC
CUST002858,Brent Medina,ann52@example.com,2023-01-23,SG,Kansas,Education,Display
CUST009232,Sara Ford,bryantmatthew@example.com,2024-09-22,UAE,North Dakota,,Paid-Search
CUST008323,Miguel Mayer,newmanjason@example.com,2023-08-15,singapore,Louisiana,Manufacturing,SEO
CUST007126,  Casey Cook  ,vperez@example.org,01/24/2023,BR,,,Display
CUST000848,Kathy Evans,james64@example.net,2026-06-28, India,North Carolina,Hospitality,Affiliate
CUST009342,Darryl Walker,jeffrey29@example.org,06/12/2023,germany,Connecticut,Finance,Email
CUST003912,Christine Page,,2023-12-25,AUS,Illinois,Retail,Referal
CUST007692,Kylie Owens,bward@example.org,05/05/2026,U.A.E,Hawaii,Retail,Display
CUST001890,Michael Hodge,alyssa89@example.net,2023-04-23,Australia,South Carolina,Retail,referral
CUST002204,David Casey,lauren62@example.net,,Brazil,,Technology,  ORGANIC  
CUST009785,Brian Carter,bestsylvia@example.com,16-12-2023,Singapore,Tennessee,Media,Affliate
CUST001023,Jeffery Goodwin,mark09@example.org,2025-03-19,Germany,,Finance,Affiliate
CUST000873,Crystal Davis,sgonzalez@example.org,2024-11-26,U.S.A,Arkansas,Manufacturing,paid search
CUST000226,Jonathan Duran,marcia99@example.org,2024-11-18,USA,Florida,,email
CUST009765,Sara Torres ,,19-12-2023,SG,West Virginia,Healthcare,ORGANIC
CUST006119,Christopher Lawson,mmoore@example.org,2024-10-11,UAE,,Real Estate,Email
CUST005566,Jennifer Huynh,emmaalvarez@example.com,14-11-2023,canada,Nebraska,Real Estate,Google Ads
CUST003977,Stacy Robertson,michael12@example.com,07 Dec 2025,SG,,Manufacturing,  Display  
CUST004622,Luis Lewis,erica60@example.com,2025-10-14,AUS,Massachusetts,Healthcare,AFFILIATE
CUST006324,Aaron Barker,brownjason@example.com,2023-12-08,SG,South Dakota,Technology,Organic Search
CUST000948,Charles Bowers,twilliams@example.com,2025-08-01,france,Indiana,Logistics,Display Ads
CUST006392,Taylor Miller,tsherman@example.net,2024-07-21,U.K.,Massachusetts,Education,social
CUST003702,  Gregory Leonard  ,wiserenee@example.net,2023-02-10,canada,Hawaii,,social
CUST007720,Tara Carson,hamiltonantonio@example.net,2023-11-23, India,Indiana,,Organic
CUST006155,Ross Jensen,christopherprince@example.net,2024-05-15,brazil,Delaware,Retail,social media
CUST004451,Bobby Howard,zzimmerman@example.com,06/16/2024,U.K.,Alabama,Healthcare,Affliate
CUST008260,Joseph Mays,michaelcharles@example.org,09-03-2025,BR,Hawaii,Finance,Banner
CUST001698,Mary Thomas,cdavis@example.org,05/18/2026,india,Missouri,Finance,organic
CUST000722,Susan Stevenson,lwood@example.com,2024-08-01,UK,Vermont,,Display
CUST004242,Amanda Miles,jenningsjennifer@example.net,29-03-2025,UAE,Colorado,Finance,organic
CUST003093,Jennifer Castro,briana80@example.org,07-11-2024,United States,Minnesota,Manufacturing,PAID SEARCH
CUST004512,Daisy Hill,,16-11-2024,Singapore,Virginia,Hospitality,affiliate
CUST006537,Amanda Barrett,samantha00@example.org,02-12-2023,SG,,Real Estate,Social
CUST002214,  Janice Goodwin  ,murraymichael@example.net,19 Aug 2025,IN,Hawaii,Real Estate,ORGANIC
CUST000172,Matthew Williams,hritter@example.net,2023-09-17,UK,South Carolina,Real Estate,social media
CUST006582,Stacey Thompson,williamsdavid@example.net,06/25/2023,France,Oregon,Logistics,Instagram
CUST003677,Andrew Smith,anita17@example.org,2025-11-05,france,Massachusetts,Manufacturing,EMAIL
CUST007283,Karen Neal,melissa13@example.net,2024-08-22,germany,,Manufacturing,Instagram
CUST004823,John Moore,trandouglas@example.net,2023-12-11,england,Delaware,Finance,Social
CUST008248,  Wendy Henry  ,tracy19@example.net,2024-05-18,AUS,Ohio,Hospitality,PAID SEARCH
CUST002857,Diane Walker,gonzalezmelissa@example.org,2025-01-21,brazil,Missouri,Real Estate,SOCIAL
CUST008642,Herbert Davis,rclark@example.org,2026-01-05,France,,,referral
CUST001998,Susan Rangel,peterlynch@example.com,05/24/2024,canada,,Hospitality,Referal
CUST003398,Craig Patel,michelle34@example.org,2024-09-23,germany,,Technology,Affliate
CUST009181,Jennifer Johnson,jamesjones@example.net,01-01-2025,canada,Missouri,Manufacturing,Organic Search
CUST009162,  Kristin Hicks  ,joe24@example.com,2023-03-23,India,,Hospitality,Email
CUST008329,Alan Patrick,carrillodawn@example.org,2024-11-28,U.K.,Mississippi,Finance,Display
CUST006583,Carol Meyer,michaelford@example.net,2023-02-23,brazil,Illinois,,Partner
CUST001897,Mary Crawford,amandatran@example.org,19-07-2025,USA,Kansas,Manufacturing,SEO
CUST008367,Michael Little,travispeterson@example.org,06/05/2026,india,,Hospitality,SEO
CUST002303,Kayla Sanchez,oliviawilson@example.com,2024-08-13,Singapore,Montana,Healthcare,Facebook Ads
CUST005821,William Shah,jamesle@example.org,2025-06-24,  FR  ,Illinois,Technology,E-mail
CUST001933,John Hill,kingryan@example.org,08/21/2023,singapore,Arkansas,Technology,paid search
CUST008637,Gina Duncan,grossmegan@example.net,2023-03-03,U.A.E,Oregon,Technology,organic
CUST007767,Judy Figueroa,seth49@example.net,08/20/2023,BR,Delaware,Technology,ORGANIC
CUST001828,Joe Martin,samantharamirez@example.org,2025-07-01,Brazil,Kansas,Retail,  social  
CUST002886,Daniel Rivera,spencerjames@example.com,11/12/2025,USA,Virginia,Hospitality,Partner
CUST004781,Donna Hatfield,melindahernandez@example.org,2024-03-26,brazil,Nevada,Retail,Banner
CUST005386,Matthew Wallace,umorrison@example.org,15-10-2024,U.K.,Maryland,Education,Referal
CUST007057,Gregory Harper,michelle24@example.net,10/17/2025,  INDIA  ,Wisconsin,Hospitality,SEO
CUST008282,Joseph Green,joel94@example.com,11-12-2023,  United states  ,Nebraska,Hospitality,Email Marketing
CUST000795,Pamela Gonzalez,ryansean@example.net,11/20/2023,BR,Colorado,Hospitality,SOCIAL
CUST007946,Valerie Franklin,traceyjones@example.org,,Canada,Texas,Education,referral
CUST009827,Andrew Garza,mcculloughchristopher@example.net,2026-04-20,U.A.E,Kentucky,Retail,Instagram
CUST005402,Jennifer Riley,michaelleah@example.com,2023-09-15,AUS,Delaware,Hospitality,Banner
CUST002049,Brian Robertson,ricky53@example.net,15-09-2024,SG,Wisconsin,Retail,referral
CUST006967,Nicholas Cook,jonathanford@example.net,2024-10-12,United Arab Emirates,Connecticut,Healthcare,DISPLAY
CUST006758,  Jessica Cooper  ,erica78@example.com,2026-05-21,singapore,,Real Estate,DISPLAY
CUST009222,Adam Johnson,daniel49@example.org,02-03-2026,Canada,Tennessee,Manufacturing,Instagram
CUST009522,Amy Sanchez,danielle39@example.org,22-10-2023,FR,Delaware,Real Estate,Affiliate
CUST008232,Melissa Russo,shannonscott@example.com,2025-04-29,India,,Technology,E-mail
CUST007063,Raymond Carlson,curtis59@example.org,04/24/2023,BR,Wyoming,Education,Referral
CUST000944,Mallory Barajas,adennis@example.org,2025-07-16,U.K.,,Retail,Facebook Ads
CUST003601,Mrs. Brittany Woodard PhD,stacey64@example.org,16-09-2024,canada,,Education,ORGANIC
CUST000666,Joshua Harvey,brandonhernandez@example.net,2023-07-12,U.S.A,,Manufacturing,AFFILIATE
CUST004012,Joshua Clark,robert46@example.com,24 Jul 2023,United Kingdom,Alabama,Technology,EMAIL
CUST000453,  Amber Wilson  ,jjames@example.com,,singapore,New Mexico,Retail,Referral
CUST001149,Natalie Petersen,danielrodriguez@example.org,09/11/2025,UAE,Florida,Media,PPC
CUST000337,Jenna Thomas,courtney67@example.org,2023-04-11,germany,South Dakota,Healthcare,Organic Search
CUST004931,Jack Patel,uburns@example.net,08-05-2026,FR,Alabama,Education,ORGANIC
CUST006330,STEPHANIE CAMERON ,,2025-01-23,Singapore,Maryland,Technology,Referal
CUST007674,  Alexander Graves  ,smithshawn@example.net,02/27/2024,singapore,Alaska,Technology,affiliate
CUST008544,Misty Rose,timothystewart@example.net,2024-02-19,australia,Minnesota,Logistics,Email Marketing
CUST008817,James Washington,justin70@example.org,2025-10-02,canada,Oklahoma,Real Estate,email
CUST004589,Gavin Hooper ,,11/26/2023,Singapore,,Logistics,display
CUST007395,Sharon Lopez,alexrobinson@example.net,2024-10-02,Brazil,,Media,display
CUST005648,Patricia Clark,lanemichael@example.net,2025-11-02, India,North Carolina,Media,Google Ads
CUST002184,Pedro Greene,yolandamarks@example.net,2025-05-22,Brazil,Nebraska,Retail,Facebook Ads
CUST005365,Kayla Flores,kayla88@example.net,10-04-2026,United Arab Emirates,Indiana,Finance,E-mail
CUST002509,Thomas Turner,david90@example.com,2023-09-30,Australia,New Mexico,Hospitality,referral
CUST002090,Jacqueline Hall,charlesyoung@example.net,2026-01-16,AUS,,Healthcare,Display Ads
CUST004820,Rebecca Byrd,kbenton@example.net,2026-04-21,UAE,Connecticut,Logistics,Partner
CUST004795,Leslie Moore,jo03@example.org,2025-04-15,Australia,Alaska,Finance,E-mail
CUST006781,Kyle Hess,kclark@example.com,23-05-2025,singapore,Massachusetts,Education,AFFILIATE
CUST000359,Tim Wilson,parkerjudith@example.net,29-10-2024,FR,Idaho,Manufacturing,PAID SEARCH
CUST000618,Duane Smith ,,2025-05-17,U.K.,Iowa,Media,PPC
CUST009514,Hannah May,stephen21@example.net,2023-03-26,england,Oklahoma,Finance,affiliate
CUST001614,Jessica Jackson,oblake@example.net,11/07/2023,India,Connecticut,Finance,Banner
CUST006877,Robert Becker,laurenromero@example.org,2025-10-18,US,Hawaii,Logistics,social
CUST007927,Carrie Humphrey,hornadam@example.net,2023-05-04,United Arab Emirates,Ohio,Hospitality,Referal
CUST005638,Gregory Peck,robert51@example.org,2025-02-14,France,Arkansas,Finance,social
CUST006703,Timothy Hughes,rhawkins@example.com,15-07-2024,Brazil,Maryland,Manufacturing,Referral
CUST009718,  Russell Lam  ,cmendez@example.org,2023-11-20,AUS,Florida,Education,Affiliate
CUST004715,April Sullivan,tracy43@example.net,2024-04-02,england,Nebraska,Retail,Organic
CUST004562,Lucas Evans,vjennings@example.org,2026-01-09,INDIA,Tennessee,Retail,social media
CUST009627,Shawn Owens,williamsmichael@example.net,2024-05-27,INDIA,Iowa,,  Organic  
CUST005461,Lauren Leon ,,04/04/2024,singapore,Wisconsin,Hospitality,display
CUST004174,Autumn Rivera,matthewjohnson@example.org,2025-03-28,Singapore,Wyoming,Retail,SEO
CUST009612,Douglas Smith,washingtonjake@example.org,12/15/2025,brazil,New Jersey,Media,paid search
CUST001703,Leslie Frey,melissa38@example.com,05-10-2023,CA ,North Dakota,Manufacturing,PPC
CUST006084,Andrew Williamson,cellis@example.com,06/28/2023,UK,Alabama,Hospitality,Display Ads
CUST002650,Logan Tapia,psmith@example.com,2023-05-25,singapore,Georgia,Finance,Google Ads
CUST008969,Karen Howard,jasonramos@example.net,17-03-2025,Singapore,Iowa,Education,social
CUST008068,Jeffrey Richardson DDS,chelseaanderson@example.net,2025-05-12,U.A.E,Washington,Manufacturing,PAID SEARCH
CUST003755,Randy Greer,norrisanthony@example.net,2026-01-05,SG,Kentucky,Logistics,display
CUST003832,David Hayes,tammy34@example.org,2024-03-25,U.K.,Delaware,Finance,Google Ads
CUST009953,Eugene Duncan,katherine64@example.net,2024-08-15,australia,Washington,Education,social
CUST000474,Evelyn Saunders,xmoran@example.net,24-12-2023,France,New Hampshire,Retail,Affiliate
CUST007601,David Smith,angel96@example.org,06/24/2024,Canada,Rhode Island,Media,Display
CUST005817,  Timothy Bennett  ,toddlopez@example.org,2023-05-19,germany,,Hospitality,organic
CUST003493,Renee Miller,richardskristine@example.net,2025-08-14,United Arab Emirates,,Retail,DISPLAY
CUST002415,Eric Hickman,jenniferwalker@example.org,11/30/2024,canada,Alaska,Retail,REFERRAL
CUST003663,Danielle Morton,mcneilsandra@example.com,30-08-2023,U.K.,New Jersey,Hospitality,SEO
CUST007935,Amanda Smith,sandra67@example.org,03-07-2024,FR,Iowa,Logistics,email
CUST002027,Pamela Aguirre,,2024-09-21,United Arab Emirates,,Logistics,  referral  
CUST009623,Manuel Washington,umorgan@example.com,,U.K.,Mississippi,Media,Organic Search
CUST003535,Linda Weeks,hjones@example.org,2024-05-14,UAE,Nebraska,Logistics,Email Marketing
CUST009773,Patricia Hansen,grichards@example.org,2025-12-16,France,New Mexico,Retail,AFFILIATE
CUST008672,Devon Moyer,gjohnson@example.net,2023-12-02,Brazil,South Carolina,Real Estate,Organic
CUST006362,Andrew Stevens,devonsmith@example.com,15-07-2026,CA ,Michigan,Healthcare,Display Ads
CUST002638,  Tiffany Chase  ,tonya97@example.com,2026-04-23,australia,Ohio,Hospitality,display
CUST008295,Michael Gould,iwest@example.org,2025-08-22,Australia,,Finance,E-mail
CUST001479,Matthew Kramer,wallerkyle@example.org,2025-04-11,india,,Hospitality,SOCIAL
CUST001516,Joanna Bradshaw,ricardosmith@example.com,11-07-2025,BR,Wisconsin,Real Estate,Referral
CUST007548,Stephanie Jones,anthonybaker@example.com,11-03-2023,Canada,Florida,Retail,AFFILIATE
CUST008935,Holly Rodriguez,,2024-04-22,germany,,Hospitality,Referral
CUST006612,Angela Dominguez,johnsonkeith@example.com,2026-02-25,UK,Michigan,Education,PPC
CUST000054,Joshua Smith,jason99@example.net,2025-09-19,United States,Massachusetts,Technology,Banner
CUST009180,William Hood,xdaniels@example.net,03/18/2025,BR,Arkansas,Retail,affiliate
CUST009934,Emily Ruiz,david10@example.com,2023-01-29,CA ,Montana,,Display Ads
CUST008261,  Dennis Gonzalez  ,ibell@example.org,2025-09-14,germany,Arkansas,Retail,AFFILIATE
CUST003619,Stephen Wolf,dakota45@example.com,2023-08-21,United states,Rhode Island,Hospitality,Partner
CUST005197,Christine Clayton,teresa05@example.org,2025-09-07,australia,Oregon,Education,Referal
CUST009886,Heather Williams,nicholas34@example.com,,U.S.A,New Hampshire,Finance,ORGANIC
CUST002775,  Ryan Smith  ,matthew78@example.com,2024-05-09,United Arab Emirates,Alaska,Manufacturing,Affiliate
CUST004430,James Rodriguez,mgreen@example.com,,U.A.E,Rhode Island,Finance,Referral
CUST007818,Olivia Fisher,brandon04@example.net,2023-04-06,france,Virginia,Healthcare,display
CUST003344,Victoria Stevenson,hestrada@example.com,2023-07-26,US,Nevada,Technology,paid search
CUST008687,Brittney Allen ,,14-01-2026,INDIA,North Carolina,,REFERRAL
CUST005488,James Maldonado,fward@example.net,06-01-2026,United Kingdom,Maryland,Healthcare,Banner
CUST001240,Madison Park,cowanlinda@example.org,12/13/2024,germany,,Education,Display Ads
CUST000785,Jennifer Cooper,,2026-07-28,Germany,New Jersey,Hospitality,affiliate
CUST005270,Amy Norman,tinabennett@example.com,2025-02-06,United Kingdom,,Real Estate,affiliate
CUST005255,  David Glenn  ,morrisanthony@example.com,16-01-2024,Brazil,Nevada,Healthcare,EMAIL
CUST005234,Mr. Andrew Skinner,davisnicole@example.com,03/24/2024,United Kingdom,Oregon,Media,AFFILIATE
CUST008127,Mary Johnson,brian44@example.org,2024-02-16,germany,,Hospitality,referral
CUST006690,Angel Lee,john59@example.com,14 Jan 2025,IN,North Carolina,,Display Ads
CUST005680,Corey Lamb,christophersolis@example.org,05-04-2024,canada,Missouri,Technology,referral
CUST001975,Derrick Perez,mike05@example.com,2025-02-14,india,Hawaii,Retail,Social
CUST006564,John Jones,tuckeraudrey@example.com,07/11/2024,CA ,Tennessee,Healthcare,Facebook Ads
CUST003581,Richard Hall,robbinsjoseph@example.net,14-02-2025,CA ,Arkansas,Technology,Social
CUST006604,Ricky Perry,,05/29/2025,SG,Oregon,Hospitality,display
CUST001107,Richard Garrison,bclements@example.net,07/16/2026,  CA   ,Hawaii,Logistics,PAID SEARCH
CUST009143,Louis Johnson,aprilmoore@example.org,2024-02-29,U.A.E,Utah,Technology,Affliate
CUST003128,Clinton Wallace,,27-10-2024,USA,New York,Logistics,Instagram
CUST002123,John Clark,,2024-12-20,Singapore,Montana,Retail,ORGANIC
CUST003236,Katherine Thomas,joseph50@example.org,03/11/2023,DE,Oklahoma,Finance,Organic
CUST006189,Charles Griffin Jr.,lindseymadison@example.net,2023-07-19,  U.A.E  ,,Logistics,DISPLAY
CUST000640,Alison Wright,matthew62@example.org,2023-09-21,United Arab Emirates,Minnesota,Real Estate,Facebook Ads
CUST002871,John Harper ,,2025-07-16,U.K.,Montana,Healthcare,EMAIL
CUST003383,Jared Spence,alvin91@example.com,14-07-2026,  UAE  ,Virginia,Real Estate,social
CUST008950,Jennifer Graves MD,nguyenspencer@example.org,2026-04-05,US,North Carolina,Media,Social
CUST003664,Benjamin Tucker,desireeedwards@example.com,2026-06-02,germany,Rhode Island,Technology,Email
CUST009071,David Gonzales,xtucker@example.com,22-11-2024,India,Oklahoma,Logistics,social media
CUST008423,Amber Johnson,jamesknapp@example.com,04-12-2023,australia,New Jersey,Retail,REFERRAL
CUST004060,Brian Olsen,campbellanthony@example.net,2025-05-12,CA ,New York,Logistics,Affiliate
CUST004652,Barbara Summers,lisa76@example.org,08 Mar 2026,U.A.E,Connecticut,Retail,REFERRAL
CUST009753,Craig Compton,wintersalexander@example.org,2026-03-15,CA ,Hawaii,Retail,ORGANIC
CUST004929,Paul Jackson,michealhenderson@example.net,,United Kingdom,Kansas,Media,DISPLAY
CUST004111,Mrs. Sarah Brewer,robyn79@example.org,2026-04-26,singapore,Hawaii,Finance,Display
CUST000099,Laura Sampson,barbara27@example.net,04/06/2026,Australia,Tennessee,,PAID SEARCH
CUST001431,Maria Cook,davisgary@example.com,2026-06-14,US,Pennsylvania,Finance,Partner
CUST009443,Heather Riley,,,brazil,Minnesota,,Google Ads
CUST002693,Melissa Acevedo,thomaslane@example.net,2025-08-27,france,Colorado,Retail,Instagram
CUST001888,Donald Harris Jr.,townsendcrystal@example.net,04/18/2026,FR,,Education,SOCIAL
CUST005102,Anthony Stone,corey59@example.org,2025-08-02,United States,Kansas,Media,Email
CUST006541,Ashley Santiago,friedmanjoseph@example.com,08-04-2025,AUS,,Media,  Referal  
CUST007103,Tiffany Kelly,fconway@example.net,2023-01-29,CA ,Washington,Logistics,SOCIAL
CUST002901,John Robinson DVM,gtanner@example.net,2023-06-13,France,Arizona,Real Estate,Social
CUST003652,Edward Roth,erose@example.org,18-01-2025,brazil,Illinois,Education,Facebook Ads
CUST002061,Melissa Alexander,sandra38@example.com,2026-04-29,DE,New Hampshire,Logistics,SEO
CUST006406,Michael Monroe,ashleymeyer@example.net,,USA,Indiana,Education,Email
CUST000295,Erin Walters,whenry@example.net,2026-05-25,DE,,Logistics,referral
CUST008412,Jeffrey Holmes,margaretlong@example.net,2025-08-25,U.K.,Oklahoma,Technology,EMAIL
CUST006092,Mr. David Mcintyre,mary83@example.com,04/30/2024,canada,Nevada,Education,referral
CUST002354,Joseph Kelly Jr.,millerjessica@example.com,,Brazil,Colorado,Finance,E-mail
CUST000160,Carl Patel,vincentwhitaker@example.com,29-03-2025,australia,California,Hospitality,Paid Search
CUST001237,Jack Turner,wayne17@example.net,09/06/2023,United Arab Emirates,New Jersey,Education,referral
CUST007778,Brian Payne,michael22@example.net,02/28/2023,UAE,Louisiana,Logistics,affiliate
CUST007502,Christopher Lewis,courtney47@example.net,2024-02-22,SG,Montana,Healthcare,Banner
CUST006839,Tina Ali,jeremyharrell@example.net,2023-03-04,FR,Arizona,Finance,Referal
CUST000910,Jessica Garrett,christophercarrillo@example.org,2024-12-12,Canada,New Mexico,Hospitality,Affliate
CUST007448,April Duke,fharper@example.com,2024-11-14,canada,Tennessee,Media,DISPLAY
CUST007867,  Mark Obrien  ,sphillips@example.net,2025-07-22,india,Florida,Healthcare,SOCIAL
CUST007013,Gilbert Lewis,joseph88@example.org,2024-03-20,UAE,New York,Logistics,organic
CUST009750,Vanessa Wilson,jacksonarthur@example.org,2023-11-12,FR,Oregon,Education,SOCIAL
CUST008513,Scott Walker,jennifer87@example.com,2023-06-07,SG,Nebraska,Logistics,Organic
CUST003809,Casey Miller,christineblackwell@example.com,08/11/2023,france,South Carolina,Technology,Referral
CUST000015,Martin Rodriguez,amoore@example.net,2023-01-31,USA,Washington,Hospitality,Facebook Ads
CUST009978,Mary Willis,chudson@example.com,08/23/2023,UK,North Dakota,Media,social
CUST003465,Brian Clark,dowens@example.net,25-06-2023,United Kingdom,Arkansas,Media,Email
CUST009639,  Julie Miller  ,clarkangela@example.org,16-11-2024,france,Delaware,Real Estate,Referral
CUST003476,Robert Hoover II,david55@example.net,2023-03-07,  australia  ,Michigan,Hospitality,Affiliate
CUST004559,Kathleen Johnson,moraleswilliam@example.org,2024-02-11,france,Nevada,Technology,SEO
CUST009080,David Richardson,barberamy@example.net,2025-07-06,BR,Oklahoma,Education,  social media  
CUST001693,Timothy Stewart,lowekristin@example.org,2023-11-27,United Kingdom,,Logistics,Organic
CUST003700,Kimberly Hunter,joneskrista@example.org,14 Sep 2024,France,Iowa,Real Estate,organic
CUST003874,Angela Wilson,nancy41@example.net,2023-01-07,brazil,,Media,Email
CUST001720,Perry Jordan,vsmith@example.net,2024-02-23,  CA   ,Colorado,Manufacturing,  SOCIAL  
CUST004073,Benjamin Wilkinson ,,2026-04-30,india,Rhode Island,Education,Banner
CUST008844,Allison Snyder,ahall@example.net,02-12-2024,Germany,Massachusetts,Manufacturing,Partner
CUST005978,Cindy Hernandez,brianahoover@example.net,16-10-2023,UAE,Arizona,Technology,social
CUST004970,  Tina Baker  ,bbrown@example.org,12 Dec 2025,singapore,,Logistics,SOCIAL
CUST004563,Diane Nunez,latoya19@example.net,17-02-2023,US,Louisiana,Healthcare,Banner
CUST009111,Kevin Hernandez,michaelhensley@example.org,12/10/2025,Singapore,New Hampshire,,PAID SEARCH
CUST005038,John Hernandez,jamiejohnson@example.net,2023-04-24,Germany,Idaho,Finance,Organic Search
CUST009075,Michelle Murray,pam28@example.com,03-12-2024,Australia,Alabama,Logistics,Google Ads
CUST008484,Jennifer Garcia,hparsons@example.net,02/11/2026,IN,Mississippi,Logistics,organic
CUST000234,Erik Hernandez,roberthampton@example.com,2023-08-06,Singapore,West Virginia,Finance,referral
CUST003482,Michael Gomez,krystaltucker@example.org,2024-12-04,CA ,Mississippi,Real Estate,Affliate
CUST008019,Darrell Turner,deleonamy@example.com,29-05-2026,UAE,Oregon,Real Estate,Affliate
CUST001305,Hannah Rivera,rlandry@example.com,2026-07-16,USA,Illinois,Logistics,Email Marketing
CUST002272,Brenda Wells,lisa13@example.net,26 Jun 2023,IN,Wyoming,Hospitality,Display Ads
CUST007741,Stacey Mcgrath,khawkins@example.net,25 Mar 2023,SG,,Manufacturing,ORGANIC
CUST006431,Crystal Werner,,2026-02-16,singapore,Kentucky,Finance,E-mail
CUST006930,Catherine Bolton,michaelsims@example.org,2023-07-27,singapore,Tennessee,Hospitality,AFFILIATE
CUST003132,Alison Russell,lesliebenjamin@example.net,,germany,Florida,Real Estate,Display
CUST006514,SAMANTHA CLARK,curtisbryce@example.org,2023-04-24,Brazil,,Logistics,EMAIL
CUST002026,RONALD SMITH,gstokes@example.net,2026-04-14, India,Utah,Logistics,Organic Search
CUST003395,  Angela Jackson  ,zrivera@example.net,2025-07-15,United Arab Emirates,Delaware,Real Estate,affiliate
CUST009678,Brandon Rivera,johnsonkevin@example.org,12-06-2024,australia,,Hospitality,SOCIAL
CUST005338,Taylor Wright,davisnicole@example.com,02-02-2024,DE,Montana,Logistics,SEO
CUST006773,Carmen Hughes,rojasjose@example.com,2026-01-13,U.A.E,Mississippi,Healthcare,Banner
CUST002977,Sheila Kelly,tdiaz@example.org,2024-08-08, India,Rhode Island,Retail,  Partner  
CUST000526,Michael Boyd,mary49@example.net,2023-10-12,Brazil,Oregon,Media,Email
CUST007536,Michael Edwards,robertopitts@example.org,2025-11-03,FR,,,EMAIL
CUST001081,Ricky Bennett,sarah75@example.net,2024-03-20,BR,Nevada,Real Estate,referral
CUST003444,Erin Alvarez,geraldcampbell@example.org,17-05-2026,Brazil,North Dakota,Media,E-mail
CUST000306,Robert Long,frederickjames@example.net,26-01-2023,USA,Idaho,Real Estate,Organic Search
CUST006972,Oscar Ford,andrademelissa@example.net,2024-04-27,AUS,Alaska,Technology,referral
CUST004686,Paul Parker,jennatorres@example.net,07 Jan 2025,singapore,Missouri,Media,Organic Search
CUST008866,Kyle Hood,patrick80@example.net,2025-11-27,  Australia  ,North Dakota,Real Estate,social media
CUST008673,Cynthia Myers,randolphscott@example.com,18 Sep 2025,  U.A.E  ,Alabama,Education,Partner
CUST005443,Nicole Ray,bjohnson@example.org,2023-02-22,singapore,South Dakota,Retail,Organic Search
CUST005472,Paul Parker,mistysnyder@example.com,2026-05-20,UK,North Dakota,Retail,AFFILIATE
CUST007525,  Michael Perez  ,josephprice@example.net,22-12-2023,SG,Wyoming,Finance,Email
CUST003788,Sandra Burgess,choitina@example.org,20 Oct 2023,United Arab Emirates,Nebraska,Healthcare,ORGANIC
,David Contreras,zparker@example.net,05/03/2025,AUS,North Carolina,Manufacturing,Paid Search
CUST006306,Miss Tiffany Simmons,jose87@example.com,07-04-2026,INDIA,Wisconsin,,ORGANIC
CUST000391,Ryan Bruce,joelstewart@example.net,2025-07-17,India,Vermont,Logistics,Display
CUST001468,  Deanna Gonzales  ,burnsbeth@example.com,2026-01-05,CA ,Wyoming,Education,Email Marketing
CUST001126,Joseph Sutton,ojones@example.org,24-05-2024,brazil,Mississippi,Logistics,Banner
CUST005459,  Madison Ward  ,denise62@example.com,2025-01-27,BR,South Dakota,Logistics,PPC
CUST001985,Shane Lopez,jenniferwood@example.net,2025-11-13,Singapore,Utah,Hospitality,E-mail
CUST001934,Sandra Goodman,james14@example.org,2026-05-07,USA,,Media,Organic
CUST002105,Kenneth Bradley,joycekeith@example.org,2025-03-18,United States,Washington,Logistics,affiliate
CUST007801,Joel Huynh,ycarter@example.com,02-08-2024,U.A.E,,Technology,Social
CUST009398,Jennifer Wilcox,james59@example.net,2023-10-10,FR,Texas,Retail,Paid Search
CUST002395,Eric Johnson,hunter12@example.org,24-06-2023,brazil,Hawaii,Healthcare,Social
CUST004248,Caitlin Johnson,tiffanygreer@example.net,,Canada,Missouri,Healthcare,Referral
CUST005621,Mark Ross,mmontgomery@example.org,,SG,Arizona,,Instagram
CUST001283,Savannah Neal ,,02/27/2023,canada,Texas,Retail,Email
CUST000828,Natalie Stafford,calvinhester@example.com,09-10-2025,U.A.E,Illinois,Education,Google Ads
CUST008717,Craig George,smoore@example.net,03-10-2023,germany,Florida,Manufacturing,REFERRAL
CUST009458,Sean Sanders,steven05@example.com,2024-10-03,Canada,Virginia,,Paid-Search
CUST002070,DAVID LYNN,kristine33@example.net,06/23/2024,CA ,Oregon,Real Estate,Email
CUST008598,Sean Sullivan,jessicapeterson@example.org,2024-12-02,france,Arkansas,Retail,social
CUST003341,Tanner Russo ,,2025-02-06,  U.A.E  ,Rhode Island,Manufacturing,Affiliate
CUST006845,Justin Young,,2026-01-22,  United Kingdom  ,,Manufacturing,affiliate
CUST002437,Kimberly Blair,deckerthomas@example.net,07/16/2024,australia,,,Email
CUST008093,Michelle Elliott MD,martindavid@example.net,15-03-2024,england,Pennsylvania,,email
CUST008111,  Stephanie Torres  ,harrisnicholas@example.org,2026-03-30,australia,Texas,Retail,Referral
CUST004909,Jason Calhoun,mollynguyen@example.net,2024-08-30,US,Maine,Healthcare,EMAIL
CUST005263,Rhonda Watts,igarza@example.net,10-03-2024,U.A.E,Alaska,Real Estate,PPC
CUST002745,Taylor Sullivan,seth86@example.org,2025-08-19,BR,Pennsylvania,Manufacturing,Referral
CUST004461,James Knapp,zwalton@example.com,2026-02-12,France,New Mexico,Retail,Email
CUST007186,Tara Cooper,zmartin@example.net,2025-03-03,  Canada  ,,,REFERRAL
CUST003902,Olivia Berry,nheath@example.org,2023-12-16,  canada  ,Nevada,Hospitality,  Organic  
CUST003009,  Anne Gilbert  ,umccoy@example.com,2024-10-28,USA,Maryland,Retail,  Organic Search  
CUST006717,  Gina Reed  ,bmiller@example.net,,germany,Virginia,Technology,Email
CUST004050,Jennifer Smith,kyleboyd@example.com,2025-11-23,Brazil,Montana,Healthcare,email
CUST001351,John Harrington,andrewbrown@example.org,2024-06-25,FR,Ohio,Education,Email
CUST006460,Bobby Mccullough,christopher66@example.org,15-09-2023,IN,New Mexico,Education,display
CUST008705,Victoria Gomez,crawforddavid@example.net,04-08-2025,brazil,Massachusetts,Logistics,social
CUST008855,John Vega,gwilliams@example.org,22 Sep 2024,Brazil,West Virginia,Hospitality,Paid Search
CUST009796,Charles Spencer,wsmith@example.com,2023-04-26,CA ,Wyoming,Finance,Referal
CUST004780,Brandi Collins,brandtrobert@example.net,, India,New York,Finance,SEO
CUST009869,Brandon Estrada,stephanie95@example.net,2023-03-01,U.S.A,Louisiana,Technology,SOCIAL
CUST008008,  Frank Adkins MD  ,ryanlewis@example.com,2024-12-10,germany,Rhode Island,Media,SEO
CUST007147,Allen Jones MD,thompsonchristopher@example.org,2024-12-27,INDIA,Montana,Finance,Affliate
CUST004642,Matthew Wright,lbrown@example.net,2023-05-23,india,Alaska,Hospitality,referral
CUST008882,Robert Jordan ,,2024-02-15,FR,Iowa,Real Estate,DISPLAY
CUST007655,Vanessa Wilson,jeremyberger@example.com,2023-06-01,DE,West Virginia,Retail,Affiliate
CUST000067,  Michael Yates  ,marycalhoun@example.net,2026-02-23,AUS,Ohio,Education,social media
CUST001951,Jonathan Perez,aaron55@example.com,2025-06-25,brazil,Oklahoma,Logistics,organic
CUST005159,Joshua Stanley,boonelee@example.net,28-04-2023,Canada,Massachusetts,Healthcare,Affliate
CUST005812,Antonio Willis,tbradley@example.org,20-09-2025,FR,Michigan,Education,Banner
CUST002421,  Brooke Lambert  ,arthurwright@example.com,2025-07-07,BR,New Jersey,Hospitality,Banner
CUST002692,Cynthia Brown,kimberly34@example.org,07/29/2025,U.S.A,,Media,  Paid Search  
CUST004331,Arthur Sparks,michaelvalencia@example.net,10/05/2023,FR,New Hampshire,Education,Display
CUST003356,Rachel Soto,zacharyroberts@example.org,2025-10-11,Canada,Wisconsin,Hospitality,REFERRAL
CUST000646,Sylvia Stewart,whitemary@example.org,2023-08-24,Germany,Washington,Media,email
CUST002348,Cathy Ross,marcuscase@example.net,2024-02-05,BR,Missouri,Real Estate,E-mail
CUST009859,Jamie Cortez,ehall@example.net,,United Arab Emirates,Oklahoma,Healthcare,social
CUST005919,Stephanie Glenn,elizabeth30@example.com,20-04-2024,INDIA,,Healthcare,Email Marketing
CUST009331,  Carla Brown  ,wilsonlori@example.com,15-11-2023,U.A.E,North Dakota,Education,Instagram
CUST000542,Melissa Stewart,daniel69@example.com,2025-05-27,DE,Kentucky,Hospitality,Paid Search
CUST009506,Paula Morris,gregorygrant@example.net,2025-03-25,United Kingdom,,Technology,Display
CUST005392,Ann Schmidt,banderson@example.com,17-06-2025,AUS,,Retail,SOCIAL
CUST008499,Randy Fox,sbrown@example.net,06/26/2024,Singapore,Maryland,Real Estate,EMAIL
CUST007085,Rhonda Ellis,bakerstanley@example.org,2024-08-09,CA ,Minnesota,Real Estate,AFFILIATE
CUST005405,Laura Bond,bramos@example.net,04/03/2024,USA,Illinois,Retail,Organic Search
CUST000130,Jacob Curry,brenda51@example.net,29-08-2023,canada,Iowa,Hospitality,referral
CUST008588,Hannah Taylor,justin32@example.net,2026-05-02,United Arab Emirates,Tennessee,Education,social media
CUST007024,Thomas Walsh ,,2025-09-08,brazil,,Real Estate,ORGANIC
CUST001930,Sandra Smith,petersonsergio@example.org,2025-10-23,australia,Washington,Healthcare,paid search
CUST004423,Craig Fuentes,bauermichelle@example.net,2024-07-27,BR,Maine,Healthcare,email
CUST008915,  Juan Walter  ,sheltonallison@example.org,,SG,,,Paid-Search
CUST003764,Cody Miller,sarahvega@example.com,2024-09-06,United states,Massachusetts,,Referal
CUST000308,Andrea Abbott,ichambers@example.net,2023-09-03,UAE,Maryland,Logistics,Paid Search
CUST007885,Andrew Phillips,ymahoney@example.net,02/14/2023,United Kingdom,Delaware,Healthcare,Referal
CUST007636,Kendra Richardson,john99@example.org,2023-09-23,france,Illinois,Logistics,social media
CUST004592,Shane Lewis,laurenrice@example.com,2024-01-23,SG,Idaho,Retail,Banner
CUST007441,Willie Johnson,shane47@example.net,,Brazil,Wisconsin,Real Estate,Banner
CUST003081,Julie Allen,sarasmith@example.org,16-03-2026,INDIA,,Media,Banner
CUST008577,Richard Lowery,kirbykaren@example.org,2025-09-10,Germany,Virginia,Finance,Referal
CUST002701,Juan Ray,antoniothompson@example.org,,US,Nevada,Education,social media
CUST008775,Carolyn Washington,rodriguezerika@example.com,14-01-2025,SG,Nevada,Healthcare,SOCIAL
CUST004494,Jeffrey Cooper,csanders@example.org,2024-10-18,india,New Hampshire,Manufacturing,E-mail
CUST009631,Deanna Watson,allison73@example.net,07 Aug 2025,DE,Nebraska,Education,Display
CUST007091,SUSAN LOVE,jeremysimpson@example.org,2023-12-29,United States,Maryland,Retail,paid search
CUST007820,James Munoz,cervantesbobby@example.org,2023-09-17,United Kingdom,,Finance,Banner
CUST001186,Matthew Perez,tmcdaniel@example.org,2025-12-02,United Kingdom,New York,Healthcare,E-mail
CUST006869,  Ryan Cain  ,,,CA ,New Jersey,Education,Email Marketing
CUST002581,Alyssa Cross,yhernandez@example.com,2023-08-04,Germany,Oregon,Education,Organic Search
CUST002811,Phillip Norris,belljeffrey@example.com,2025-09-26,Australia,Kentucky,Finance,Google Ads
CUST000162,Michelle Butler,sullivantammy@example.org,15-07-2025,Australia,South Carolina,Finance,Email
CUST009527,ROBERT FIELDS,christiegarcia@example.org,2025-11-26,USA,Colorado,Technology,display
CUST005810,Dustin Johnson,heatherschroeder@example.org,26-05-2026,canada,Alabama,Technology,Organic
CUST007660,Henry Gross,abigailsmith@example.org,2023-10-31,U.K.,Louisiana,Finance,Email
CUST009129,Luis Ross,deleonjonathan@example.org,2025-12-12,Germany,Rhode Island,Healthcare,Email Marketing
CUST005136,Stacey Dalton,,2023-02-19,australia,Oregon,Technology,email
CUST009559,Tanya Petty,kanedavid@example.com,2025-05-29,U.A.E,Kentucky,Healthcare,PPC
CUST002025,Matthew Davis ,,05-09-2023,U.K.,South Dakota,Healthcare,social
CUST007582,James French,ryanperry@example.com,09/14/2024,Brazil,New Mexico,Media,SOCIAL
CUST003122,Dustin Hernandez,james00@example.net,26-06-2024,United Kingdom,Kansas,Media,Facebook Ads
CUST004023,  Robert Cochran  ,martharay@example.net,22-09-2024,Singapore,New Hampshire,Logistics,Google Ads
CUST004756,Dr. Christopher Mcclain,cynthiajohnson@example.net,05-06-2025,FR,Oklahoma,Hospitality,email
CUST006023,Mr. Eric Baker,qhowe@example.org,,brazil,Oregon,Education,E-mail
CUST001950,  Monica Howe  ,nmontoya@example.com,30 Mar 2025,Singapore,Michigan,Finance,email
CUST006165,Kenneth Erickson,marc37@example.net,12/06/2023,germany,Illinois,Retail,Banner
CUST004666,Amanda Wright,qdavis@example.com,2023-10-31,australia,Alabama,Retail,AFFILIATE
CUST009352,Justin King,youngbreanna@example.org,25-11-2025,UAE,Utah,Technology,Facebook Ads
CUST005657,James Green,timothy73@example.net,2024-11-09,Canada,Hawaii,Logistics,ORGANIC
CUST001592,  Karen Goodman  ,davidrobertson@example.org,29-11-2023,Canada,Iowa,Manufacturing,E-mail
CUST002702,Aimee Silva,jacobroach@example.net,2024-05-08,Brazil,Nebraska,Logistics,Paid Search
CUST005288,Timothy Madden,carlos69@example.net,08-10-2025,Australia,Indiana,Manufacturing,Instagram
CUST002530,Jeremy Torres,marie35@example.net,05 Feb 2024,SG,Iowa,Logistics,display
CUST002082,Rebekah Campbell,johnsonmichael@example.com,09/28/2024,england,Missouri,Education,E-mail
CUST007551,John Johnson,kayla81@example.org,2024-12-26,United Arab Emirates,New Mexico,Finance,Organic
CUST004144,Joseph Mack,,18-05-2023,UAE,Maine,Manufacturing,referral
CUST005692,Janice Walker,terricurtis@example.net,2025-11-19,CA ,New Mexico,Retail,paid search
CUST006022,Isabel Dean,john52@example.org,03-11-2024,INDIA,Connecticut,Retail,Referal
CUST001847,Mrs. Donna Rice,zbyrd@example.net,18-10-2025, India,Ohio,Technology,Email
CUST006598,Brent Li,derekhernandez@example.com,2025-01-23,BR,Kentucky,Media,AFFILIATE
CUST007353,Tanya Allen,rachel02@example.com,2023-05-19,USA,,Technology,email
CUST001269,Michelle Lewis,rachel81@example.com,08/19/2023,CA ,Maine,Real Estate,SEO
CUST006655,John Foley,paulpalmer@example.net,,AUS,Illinois,Finance,Instagram
CUST003231,Abigail Romero,john69@example.net,08/08/2023,AUS,,Logistics,PPC
CUST005891,Amy Ryan,mjohnson@example.net,20-07-2026,INDIA,Arkansas,Retail,email
CUST006003,Autumn Hill,brian18@example.org,27-04-2026,canada,Kansas,,E-mail
CUST000997,Rachel Peterson,dneal@example.net,2023-02-10,AUS,Vermont,Education,Partner
CUST000045,Tim Patton,vpham@example.org,2024-07-15,India,Louisiana,Hospitality,Referal
CUST005453,  Joshua Mcdowell  ,kristeningram@example.com,17-06-2025,canada,Utah,Real Estate,Email
CUST006924,Robert Snyder,manningelizabeth@example.org,2025-10-28,Australia,Nevada,,Organic Search
CUST004463,Jonathan Mclaughlin,,2024-03-16,CA ,,Hospitality,SOCIAL
CUST007753,Heidi Smith,harrisonamy@example.org,10-05-2024,Brazil,Arkansas,Manufacturing,  Display Ads  
CUST006825,Alejandra Smith,hooddaniel@example.com,2026-04-22,france,Kentucky,Technology,PPC
CUST008453,Natasha Oliver,pturner@example.com,2023-05-26,BR,,Healthcare,Organic Search
CUST007841,Joshua Gallagher,michael35@example.com,2024-03-16,United Kingdom,South Dakota,Education,display
CUST002861,Donald Castillo,boyererika@example.net,2024-06-22,UAE,Wyoming,Education,SEO
CUST006443,Whitney Humphrey,,04/05/2023,United Kingdom,Arizona,Media,Organic Search
CUST002624,Stephen Crawford,rebecca73@example.com,25-12-2023,SG,South Dakota,Hospitality,PAID SEARCH
CUST006163,  Kevin Morrow  ,shermanjason@example.org,2026-06-24,DE,Alabama,,Banner
CUST004669,Paige Webster,gmcdaniel@example.com,2023-08-07,SG,Colorado,Logistics,paid search
CUST006763,Jason Gonzalez ,,21-03-2023,Germany,Illinois,Technology,affiliate
CUST003327,George Fritz,salazarbarbara@example.org,03-10-2024,INDIA,Maryland,Finance,PAID SEARCH
CUST000600,Christopher Davis,sarah00@example.com,02/28/2024,United Kingdom,Tennessee,Education,Instagram
CUST008901,Ashley Barrera MD,danielmorse@example.net,2023-02-07,India,North Carolina,Healthcare,Referral
CUST008612,Jorge Cruz,stephenmorgan@example.org,2024-01-24,CA ,South Carolina,,REFERRAL
CUST005399,Charlene Collins,afields@example.org,2025-04-28,Singapore,,Hospitality,Organic
CUST009439,Lawrence Martinez,erickelly@example.net,2025-04-26,AUS,California,Healthcare,Paid-Search
CUST009425,Daniel Garrett,kristy12@example.net,25 Mar 2023,canada,Pennsylvania,,PAID SEARCH
CUST002205,Gabrielle Roberts,sandersmatthew@example.net,2024-01-26, India,Minnesota,Media,email
CUST001813,Lisa Brown,sarah49@example.net,22-11-2024,CA ,Iowa,Real Estate,paid search
CUST006316,Danielle Jones,brownlarry@example.com,13-10-2025,Australia,Louisiana,Retail,Email
CUST008468,Kim Dixon,christianatkins@example.org,2023-05-03,Singapore,Alaska,Real Estate,  Social  
CUST000706,Lauren Carr DDS,melissabrown@example.net,27-06-2025,US,Arkansas,Retail,paid search
CUST003843,Francis Macias,cindy85@example.net,2025-01-19,brazil,,Hospitality,PAID SEARCH
CUST008306,Maria Aguilar,melissahopkins@example.org,2026-03-26,SG,South Dakota,,AFFILIATE
CUST007665,  Hector Patterson  ,seth23@example.net,2025-08-28,United Kingdom,Nevada,Healthcare,referral
CUST006125,  Emily Simmons  ,tracifletcher@example.org,2025-02-14,U.A.E,California,Logistics,E-mail
CUST004014,Thomas Martinez,simmonsjacob@example.org,26-05-2023,canada,Michigan,Media,Partner
CUST003229,Tammy Pena,asoto@example.com,2025-09-16,Canada,Indiana,Healthcare,EMAIL
CUST000142,Jonathan Dougherty,acostaregina@example.net,12-08-2025,United states,North Dakota,Logistics,AFFILIATE
CUST006160,Lisa Flores,aguilarrandall@example.net,2024-12-27,UAE,Minnesota,Technology,PPC
CUST007936,Patricia Hess,garciatanya@example.org,12-03-2026,  BR  ,Connecticut,Real Estate,Organic Search
CUST008097,Alexandria Estrada,mary56@example.net,2023-06-20,germany,Maine,Logistics,ORGANIC
CUST001566,Brenda May,ffoster@example.org,2026-02-27,FR,North Dakota,Media,Email
CUST003766,Michael Lopez,johnolson@example.org,2023-11-09,Canada,Maine,Education,Email
CUST003989,Brandon Evans,jwright@example.net,15-03-2023,canada,Minnesota,,Social
CUST002413,Samuel Bailey,crystal65@example.com,02/05/2023,DE,New Mexico,Technology,organic
CUST009846,Jacob Prince,benjaminfitzgerald@example.com,2023-06-02,FR,Connecticut,Hospitality,referral
CUST003532,  Heather Peterson  ,williamtyler@example.org,09-10-2024,germany,,Real Estate,PPC
CUST008297,Michael Martin,charlesalison@example.com,08/12/2024,Brazil,Maine,Retail,PPC
CUST003305,Phillip Day,porterronald@example.com,2024-08-21,Singapore,Minnesota,Logistics,Partner
CUST007437,Angela Porter,elizabethdiaz@example.com,2025-09-14,australia,Iowa,Manufacturing,Organic
CUST009825,Paul Vance,mooremonique@example.com,06-11-2023,Singapore,Maryland,Manufacturing,organic
CUST000750,Summer Hoover ,,,United States,California,Manufacturing,paid search
CUST002330,Stephen Novak,zskinner@example.com,23 Dec 2023,canada,,Education,referral
CUST003890,Scott Castro,christinesampson@example.org,2023-06-15,U.A.E,Oklahoma,Logistics,paid search
CUST002863,Luke Morgan,barbarafisher@example.com,2025-05-08,germany,Missouri,,REFERRAL
CUST007372,Eric Reed,shaun46@example.net,06/07/2024,  USA  ,Maine,Education,Email Marketing
CUST005666,Andrew Gray,eddie31@example.com,2026-06-08,CA ,New York,Finance,PAID SEARCH
CUST005716,  Shelly Anderson  ,michael48@example.net,2024-08-18,BR,,Hospitality,ORGANIC
CUST004193,Jennifer Hill,scottdeborah@example.org,02-04-2025,england,Wyoming,Education,REFERRAL
CUST002516,Nicholas Robinson,jacquelineatkins@example.net,10/31/2025,brazil,Arkansas,Media,AFFILIATE
CUST003565,Jacob Bowen,ecrawford@example.net,01-05-2024,IN,,Real Estate,Email
CUST000085,Corey Wilson,jamesrodgers@example.com,2026-03-02,brazil,Washington,Education,  AFFILIATE  
CUST006846,Tyler Lane,waltervargas@example.net,2024-06-01,USA,Connecticut,Healthcare,Google Ads
CUST009911,Megan Gentry,youngmatthew@example.org,2023-06-15,India,Indiana,Healthcare,E-mail
CUST004106,Timothy Waters,margaret90@example.com,2023-12-21,Singapore,South Dakota,Education,organic
CUST001340,Alexander Moyer,harrislisa@example.org,28-01-2026,france,Mississippi,Logistics,SOCIAL
CUST004870,Erin Pena,paynejoseph@example.org,2025-04-04,Canada,Indiana,Manufacturing,Email
CUST005482,Carlos Mccann,collinsmartha@example.com,2024-12-15,USA,Missouri,Healthcare,Google Ads
CUST007307,Dr. Kelly Murphy,debrajohnson@example.org,2024-06-04,India,,Hospitality,Display
CUST000277,Dennis Hunt,zowens@example.net,21-12-2025,UAE,,Healthcare,Affliate
CUST001409,Shannon Curry,hamiltontravis@example.net,04/10/2025,U.K.,Indiana,Healthcare,organic
CUST001373,Kristen Ashley,xwhite@example.com,26-05-2023,U.A.E,Kentucky,Logistics,DISPLAY
CUST003845,Casey Taylor,robinmills@example.net,2026-01-12,Canada,Missouri,Healthcare,display
CUST003995,Robert Mcdonald,omarbennett@example.net,07/11/2023,singapore,West Virginia,Technology,Facebook Ads
CUST008283,Carol Ross,mwise@example.com,04/10/2025,United States,Connecticut,Media,Email
CUST006910,Aimee Oliver,davisdonald@example.org,03/04/2025,Brazil,,Healthcare,referral
CUST001907,Jennifer Jackson,vayala@example.net,2023-11-25,SG,California,Technology,  Display Ads  
CUST002700,Ashley Martin,eric85@example.org,2024-07-19,Australia,Maine,Finance,Partner
CUST007388,Felicia Fernandez,matthewfowler@example.org,,england,Georgia,Media,referral
CUST001824,Lacey Smith,tiffany44@example.com,25 Oct 2024,United States,Kansas,Retail,Instagram
CUST005421,Christopher Castro,keyjacqueline@example.org,2024-05-27,INDIA,South Carolina,Real Estate,Referral
CUST008185,Bryan Santiago,halexander@example.com,09-05-2026,BR,Illinois,Hospitality,PAID SEARCH
CUST007371,Colleen Reeves,espinozadeborah@example.net,,United states,,Retail,E-mail
CUST001427,Patrick Turner,qharris@example.net,2024-07-29,US,Oregon,Retail,PPC
CUST005089,Edward Shaffer,virginia46@example.com,2024-08-07,FR,,Technology,display
CUST004462,Janice Callahan,ckaufman@example.net,2023-10-08,  brazil  ,Minnesota,Technology,ORGANIC
CUST002072,Miranda Randolph,robincooper@example.org,2023-02-02,CA ,Oregon,Media,E-mail
CUST007514,Emily Knapp,alexis46@example.net,12/09/2024,DE,California,Healthcare,Organic Search
CUST000999,Thomas Fowler DDS,phanson@example.com,2023-02-03,United States,West Virginia,Media,referral
CUST007503,Roy Roberts,bradley85@example.com,17 Jan 2025,germany,Kentucky,Retail,social media
CUST003109,Mr. Aaron Lucas,jeannewong@example.com,2023-12-11,UK,Connecticut,Education,REFERRAL
CUST009952,Steven Miller,kingholly@example.net,09/02/2023,brazil,,Technology,Organic Search
CUST002289,  Megan Schneider  ,elizabethcalderon@example.org,2024-04-20,france,Alabama,Finance,AFFILIATE
CUST002715,  Aaron Goodman  ,karen02@example.org,06/04/2026,england,Ohio,Education,PAID SEARCH
CUST001343,Laura Martinez,craig73@example.org,2023-03-25,India,,Technology,Referal
CUST008109,Eric Le,,2025-08-10,United Arab Emirates,Maryland,Finance,  Paid Search  
CUST002147,Jesse Wright,vmarquez@example.org,07-04-2025,DE,Arkansas,Real Estate,email
CUST000168,Mark Hogan,bellcharles@example.com,27-03-2024,Canada,,Technology,email
CUST008689,Nicholas Garcia,debbie79@example.net,2024-03-12, India,Texas,Media,PPC
CUST005846,Andrew Taylor,alexandra05@example.com,16-07-2024,INDIA,Rhode Island,Media,Organic
CUST006420,  DAVID COOK  ,jamesmorales@example.net,2023-05-03,Brazil,,Logistics,EMAIL
CUST003162,Gregory Murphy,amywright@example.org,02/14/2026,germany,Kansas,Finance,REFERRAL
CUST006912,Danielle Reynolds,tball@example.com,2025-12-21,SG,Minnesota,Real Estate,Email Marketing
CUST000220,Bianca Wood,floressteven@example.com,07/05/2023,Canada,New Hampshire,Real Estate,Organic
CUST002482,  Christina Perez  ,coryfernandez@example.net,2024-01-14,UAE,Washington,Retail,SOCIAL
CUST001569,Sarah Miller ,,2026-02-07,Canada,Wyoming,Logistics,paid search
CUST006470,Aimee Griffith,garretttran@example.com,2024-01-25,UAE,North Carolina,Real Estate,Affliate
CUST003731,Brandi Mcguire,nguyenmary@example.org,2025-05-07,UAE,New Jersey,Healthcare,SOCIAL
CUST001538,Sarah Logan,judithcox@example.org,2025-08-29,SG,Montana,,PAID SEARCH
CUST005961,Sabrina Davis,reedleroy@example.org,10/09/2025,US,Idaho,Hospitality,PPC
CUST006955,Christopher Hill,joe65@example.com,2024-01-16,germany,Oregon,Healthcare,Referral
CUST008498,Joshua Cantrell,shepardkristina@example.com,17-05-2024,singapore,Ohio,Technology,ORGANIC
CUST008045,Cassandra Nelson,amandadelacruz@example.org,2023-08-07,BR,,Hospitality,PPC
CUST006947,Natalie Bush,halljacob@example.com,07-02-2024,BR,Iowa,Finance,organic
CUST005746,Juan Chan,ireed@example.org,06 Jul 2024,canada,New York,Logistics,affiliate
CUST008389,Kendra Keller,craigmartin@example.net,23-06-2025,Brazil,,Manufacturing,E-mail
CUST005261,John Walker,dmckay@example.com,2024-07-28,Australia,,,EMAIL
CUST009339,Laura Rodriguez,bennettlisa@example.com,2026-05-23,BR,Maine,Media,organic
CUST007990,Bailey Wilson,jamesstewart@example.net,11/03/2025,UAE,North Dakota,Finance,Email
CUST008303,Matthew Frazier,kjennings@example.com,2024-04-14,england,Virginia,Technology,AFFILIATE
CUST006658,  Karen Morrison  ,mjones@example.com,12/30/2024,U.K.,South Carolina,Manufacturing,Paid-Search
CUST006836,Patrick Campbell,,2025-04-15,australia,Texas,Finance,REFERRAL
CUST004466,  Brenda Smith  ,mcdanielangela@example.net,,Singapore,Arizona,Education,Referral
CUST003684,Mrs. Mary Bowers,contreraskara@example.org,2023-01-01,  India  ,Massachusetts,Education,social
CUST004890,Daniel Stevenson,tammy78@example.net,11 Apr 2024,UAE,Wyoming,Media,Referral
CUST007688,Elizabeth Meadows,johnstonrobin@example.org,11/10/2024,UK,Tennessee,,Facebook Ads
CUST007461,  Ashley Blackburn  ,middletonsamantha@example.net,01-06-2026,CA ,New Mexico,Manufacturing,Facebook Ads
CUST000927,Adriana Davenport,gpeterson@example.org,10/18/2024,UAE,Colorado,Media,social media
CUST001816,Cheryl Parks,james79@example.net,2025-01-02,USA,Idaho,Healthcare,REFERRAL
CUST005275,Tracy Allen DDS,,2026-01-30,UAE,Nevada,Logistics,Paid-Search
CUST006934,Laura Clarke,masonsalazar@example.net,2023-08-15,Germany,Texas,Media,Paid-Search
CUST000798,Stephen Figueroa,slara@example.org,2024-07-15,United States,Washington,Hospitality,social
CUST001299,Donna Perez,karirowe@example.org,09-10-2024,U.S.A,Maryland,,Social
CUST003260,Ashley Smith,feliciawilson@example.net,,Australia,New Jersey,Healthcare,Partner
CUST009255,Wendy Harrison,devans@example.com,2025-12-07,U.K.,Florida,Logistics,Organic
CUST007106,Meghan Ellis,cranegary@example.net,2024-02-02,DE,North Dakota,Logistics,Paid-Search
CUST003281,  James Wilson  ,shawnjimenez@example.org,11-01-2023,US,New Hampshire,Logistics,display
CUST004472,Jonathan Watson,michael96@example.org,,CA ,Michigan,Hospitality,Email
CUST007244,Mark Spencer,brobinson@example.net,16 Aug 2024,singapore,Kansas,Technology,ORGANIC
CUST003321,  Michael Martinez  ,jasminevillegas@example.net,28-12-2023,BR,Idaho,Technology,DISPLAY
CUST003318,Brandy Ramirez,hartkara@example.net,2024-04-03,Brazil,Idaho,Media,Instagram
CUST001360,Amy Mccullough,nramirez@example.org,02/07/2023,Australia,North Dakota,Healthcare,  Affiliate  
CUST001762,Keith Moore,richardsondebbie@example.com,2023-08-15,France,West Virginia,Real Estate,social
CUST004895,SAMANTHA REYNOLDS,kburch@example.net,29-06-2023,SG,Arkansas,Logistics,EMAIL
CUST002060,Maria Campbell,ggarrett@example.com,2025-02-06,France,Wisconsin,Retail,Organic
CUST003735,Kimberly Morales,christopherwallace@example.net,05-07-2025,United Arab Emirates,Pennsylvania,Education,AFFILIATE
CUST009679,Mary Garcia,jocelynhill@example.net,06-09-2023,UAE,Connecticut,Hospitality,Email
CUST006772,Lisa Ford,forbeslisa@example.com,05/15/2023,singapore,Mississippi,Technology,Referral
CUST006426,  Michael Harvey  ,onorris@example.net,09-02-2026,DE,New York,Finance,Organic
CUST003780,  Todd Ford  ,blancharderika@example.org,2024-06-06,UAE,Arizona,Retail,display
CUST004577,Caleb Shea,lori56@example.com,2025-06-04,CA ,Vermont,Media,organic
CUST005576,  Julia Hooper  ,vcharles@example.net,2025-01-02,australia,Indiana,Manufacturing,SOCIAL
CUST004320,  Marilyn Flores  ,jasmine05@example.org,2024-03-14,UAE,,Finance,organic
CUST000673,Kathleen Morton,jeanettekrause@example.org,2023-12-21,brazil,Delaware,Education,DISPLAY
CUST007982,Brian Clark,sarahlewis@example.com,20 Jun 2025,england,Nevada,Education,E-mail
CUST007111,Joe Phillips,michealwilliams@example.com,2024-09-19,IN,New Jersey,Manufacturing,Paid-Search
CUST007594,Theresa Smith,jkey@example.com,2025-01-20,United Arab Emirates,,Media,Affliate
CUST004072,Michael Mason,sharpdavid@example.net,21-06-2025,  Canada  ,New Mexico,Retail,paid search
CUST009586,Michael Macias,wallkimberly@example.net,2026-06-27,United Arab Emirates,Mississippi,Media,Referal
CUST003142,Jason Robinson,melindabowers@example.net,2026-05-03,Canada,Nevada,Media,Display Ads
CUST008773,Shirley Pearson,thomas61@example.com,01/11/2025,SG,Kentucky,Finance,Referral
CUST009238,Erika Myers,phamdaniel@example.net,27 Aug 2025,germany,Maryland,Technology,REFERRAL
CUST002797,Miranda Thomas,murphyjames@example.com,2023-01-04,FR,Wyoming,Healthcare,Partner
CUST003478,Lee Price,millermichael@example.net,,Germany,Alaska,Education,Affiliate
CUST005855,Kara Jennings,cooperjerry@example.com,2025-04-11,U.A.E,Delaware,Finance,Social
CUST004222,Bradley Martinez,john12@example.com,02-08-2025,SG,Nevada,Technology,Email
CUST003115,Melissa Garcia,santiagoterri@example.com,09 Mar 2023,Australia,Nebraska,Education,SOCIAL
CUST001961,Shelly Wilson,rachelhall@example.net,2024-06-26,U.K.,Ohio,Hospitality,REFERRAL
CUST001616,Sharon Ramirez,rebecca85@example.com,2026-05-12,United Kingdom,Texas,Technology,Referal
CUST001597,Adam Castillo,jacob96@example.com,2024-01-12,BR,Indiana,Media,E-mail
CUST004673,Jason Smith,lee61@example.org,2024-11-23,INDIA,Iowa,Hospitality,AFFILIATE
CUST004718,Walter Higgins Jr.,zachary86@example.net,2024-09-15,US,Delaware,Healthcare,Display
CUST000768,Susan Lane,christophervincent@example.com,2026-07-30,United states,Indiana,Technology,Referral
CUST005326,Kyle Wolfe,megan52@example.com,13-01-2024,Germany,Michigan,Finance,Referal
CUST000660,Rebecca Higgins,davisjasmin@example.net,2023-08-14,Germany,Mississippi,Finance,organic
CUST007175,Tracy Bradford,matthewwolfe@example.com,29-01-2026,IN,Mississippi,Logistics,EMAIL
CUST004957,Nicole Morgan,santosluke@example.org,2025-09-19,england,Connecticut,Technology,DISPLAY
CUST005614,Jennifer Powell,lauracannon@example.com,2025-01-29,INDIA,Indiana,Technology,ORGANIC
CUST002683,Julie Ward,karen78@example.net,22 Aug 2025,United States,Wisconsin,Finance,Partner
CUST003573,Matthew Farley,pluna@example.net,2024-09-13,canada,Nevada,Logistics,Partner
CUST008815,Alex Sanchez,shannon68@example.net,10/22/2024,U.S.A,Rhode Island,Finance,Google Ads
CUST000278,ERICA HARRIS,robert93@example.net,2023-06-21,CA ,Georgia,Finance,REFERRAL
CUST008102,James West,brownashley@example.com,12/21/2024,UAE,New Jersey,,Banner
CUST004356,Tracey Jones,james84@example.org,2025-04-25,United Arab Emirates,Arkansas,Media,AFFILIATE
CUST004379,Holly Gonzalez,elizabeth56@example.org,2025-04-11,england,Delaware,Technology,Organic Search
CUST004052,Christopher Jimenez,sunderwood@example.org,16 Jun 2026,United Arab Emirates,Hawaii,Education,Referal
CUST009377,Timothy Clark,angela77@example.org,2024-11-30,brazil,Louisiana,Media,PAID SEARCH
CUST001974,Nathaniel Hill,richardhart@example.org,2025-06-04,United Arab Emirates,Nebraska,Manufacturing,ORGANIC
CUST006619,  Matthew Thomas  ,ashley08@example.net,11/29/2024,CA ,Ohio,Education,Referal
CUST004552,  Mark Hurst  ,esmith@example.org,23-04-2023,UAE,Ohio,Finance,referral
CUST006465,Veronica Walsh,martinezdeborah@example.net,2026-03-18,  DE  ,Nevada,Technology,PPC
CUST003859,Rachel Sutton,,17 Jun 2025,U.K.,Arizona,Logistics,Organic Search
CUST003736,David Scott,leah88@example.org,04/02/2026,United Arab Emirates,Virginia,Hospitality,display
CUST002936,Elizabeth Rocha,wharris@example.com,30-03-2026,France,Wisconsin,Logistics,Organic
CUST004396,Stephanie Garcia,hphillips@example.net,01/02/2026,  singapore  ,Montana,Manufacturing,  E-mail  
CUST006581,Ann Gonzalez,robert02@example.net,2026-04-30,england,Mississippi,Finance,Email
CUST007651,Devon Holmes ,,22 May 2026,england,,Logistics,EMAIL
CUST004535,  Natasha Miller  ,bairdmolly@example.com,2023-01-29,england,,Logistics,affiliate
CUST006121,Walter Rodriguez,glee@example.org,06-06-2025,  France  ,Texas,Finance,REFERRAL
CUST002452,  Jamie Romero  ,charles53@example.net,2024-04-11,U.K.,New Hampshire,Retail,Banner
CUST001838,Kiara Gonzalez,wernermichael@example.org,,Singapore,Colorado,Retail,affiliate
CUST004375,Charles Davis,jamiejones@example.com,02-01-2025,BR,Kentucky,Media,social
CUST000656,James Torres,steven64@example.net,2025-08-01,USA,Arkansas,Logistics,email
CUST001059,Amy Braun,davidthompson@example.net,2023-03-15,Singapore,Indiana,Logistics,email
CUST008925,Adam Jensen,dawn41@example.com,04-09-2023,U.A.E,Illinois,Healthcare,EMAIL
CUST008746,Chelsea Wright,anthony59@example.net,2024-11-16,AUS,West Virginia,Real Estate,Organic Search
CUST002143,Brian Peters,robleswillie@example.org,31 Mar 2026,SG,,,social
CUST008470,DESTINY SKINNER,noblemary@example.net,2023-02-13,singapore,Wisconsin,Finance,referral
CUST007853,Karen Anderson,stephanie85@example.com,24 May 2025,singapore,Kansas,Logistics,Organic Search
CUST001901,Timothy Collins,joneseric@example.org,2024-01-01,U.A.E,Alabama,Logistics,Display
CUST002294,Angel Hughes,browntamara@example.net,2025-03-03,India,Oregon,Real Estate,Referral
CUST007090,Jose Garcia,harrisstephanie@example.net,20-09-2025,Brazil,Indiana,Education,Organic
CUST001192,Diana Davis,huntercruz@example.com,27-09-2023,FR,,Retail,Paid Search
CUST009549,Robert Burke,matthewwall@example.net,2023-06-02,UAE,Louisiana,Retail,social media
CUST001695,Daniel Pittman,cindy59@example.com,20-01-2025,australia,New Mexico,,affiliate
CUST000427,Anthony Ward,joshuacolon@example.net,2025-03-30,australia,Montana,Finance,Banner
CUST007710,Mark Patterson,oscarwalker@example.org,2024-01-01,USA,Georgia,Logistics,  affiliate  
CUST005883,Michael Gill,belltheresa@example.com,02/09/2025,brazil,,Real Estate,AFFILIATE
CUST009379,Joseph Mckenzie,zbaker@example.org,22 Jul 2023,United States,Delaware,Real Estate,email
CUST009058,Larry Mcgee,matthewstracy@example.org,2025-06-24,CA ,California,Hospitality,organic
CUST003016,Christine Singh,davidfarrell@example.com,02/12/2024,U.S.A,Arizona,Media,Affliate
CUST001710,Benjamin Brooks,ashleyyoung@example.org,2026-03-29,Brazil,California,Healthcare,Google Ads
CUST007263,Diana Smith,eking@example.org,09/26/2023,U.S.A,Tennessee,Hospitality,PAID SEARCH
CUST008121,Kenneth Conway,samantha78@example.org,02/02/2023,  Brazil  ,Oklahoma,Media,SEO
CUST005889,Alexander Steele,ramirezmargaret@example.com,03/24/2025,SG,Tennessee,Hospitality,Google Ads
CUST009438,Brandon Ramirez,hollymedina@example.org,01/21/2023,United Arab Emirates,Maryland,,paid search
CUST003670,  Sherri Sherman  ,christina99@example.org,06 Jan 2024,U.A.E,,Logistics,Referal
CUST004997,Bradley Kennedy,ballen@example.net,24-09-2025,england,Illinois,Finance,social
CUST007642,Russell Hartman,zmitchell@example.net,05 Jul 2024,United Arab Emirates,Alabama,Retail,Display Ads
CUST009721,Christine Willis,douglasmichael@example.com,2024-02-03,BR,New York,Logistics,Affliate
CUST008410,Mrs. Cynthia Thompson,,17-08-2025,France,Ohio,Manufacturing,social media
CUST007241,Christina Simon,crystaldurham@example.com,2025-03-06,United Kingdom,Tennessee,Media,EMAIL
CUST006365,Martin Miller,christianbrown@example.com,2024-04-27,U.S.A,,Media,Paid Search
CUST004310,Elizabeth Mata,itucker@example.org,08-02-2025,france,Arizona,Retail,Partner
CUST002956,Kevin Flores,grantkevin@example.net,2024-09-18,singapore,Rhode Island,Hospitality,Banner
CUST003695,Joel Hill,dylanharrington@example.net,2023-10-23,United States,California,Media,PPC
CUST004464,Frank Lopez,scox@example.net,2026-03-24,U.A.E,South Carolina,Manufacturing,social
CUST008669,Karen Ortiz,thomasholmes@example.org,2024-07-08,UK,Illinois,Finance,Social
CUST003416,Edward Lopez,riverawendy@example.net,01/16/2023,FR,Alaska,Education,email
CUST007894,Joshua White,hmyers@example.com,09-07-2024,FR,,Healthcare,Email
CUST002283,Amy Park,cynthiasullivan@example.net,2024-03-24,BR,Mississippi,Technology,Partner
CUST002744,Carrie Kane,fischeramanda@example.com,09/06/2023,UK,Washington,Media,  ORGANIC  
CUST008112,Douglas Medina,jsullivan@example.com,2024-07-12,UAE,Connecticut,Hospitality,EMAIL
CUST000729,  Derek Garcia  ,rmurray@example.net,2025-09-20,india,Kansas,Real Estate,EMAIL
CUST001633,Denise Simpson,johnperez@example.net,16-04-2026,United States,,Retail,Email
CUST004046,  Connor Juarez  ,shawn69@example.org,2024-01-13,India,Rhode Island,,Email Marketing
CUST008206,Dr. Jody Scott,stephenhester@example.com,2024-08-21, India,,Logistics,Email Marketing
CUST007466,Ashley Henson,wcook@example.org,2025-09-20,United Arab Emirates,,Healthcare,Instagram
CUST006208,Mark Moore,gregory23@example.net,02/25/2026,brazil,,Media,Email
CUST001024,Troy Rivera,nbaird@example.com,2025-10-05,Germany,California,Media,ORGANIC
CUST004704,Deborah Osborne,,22-05-2023,BR,,Education,ORGANIC
CUST006158,Patrick Holt,ybraun@example.org,05/04/2026,INDIA,Illinois,Media,Facebook Ads
CUST008628,MORGAN WEAVER,ewilliams@example.org,01/07/2025,United Kingdom,,Finance,Organic
CUST001783,Jesse Wilson,dorothy09@example.com,2026-04-29,SG,Michigan,Education,Display
CUST009996,Lori Graves,patriciaflores@example.org,,AUS,Nevada,Healthcare,SEO
CUST009307,James Donovan,bennettjeff@example.net,2023-12-29,SG,Louisiana,Technology,  SEO  
CUST002390,Dakota Sanchez,nbullock@example.com,2024-07-03,australia,New Jersey,Media,email
CUST007549,Monica Mason,steven70@example.org,2025-09-13,DE,Nebraska,Media,social media
CUST001954,Luke Johnson,michaelsherman@example.com,13-07-2025,canada,Utah,Education,affiliate
CUST008537,Nancy Summers,,2024-02-04,Australia,Tennessee,Education,Banner
CUST000033,Steve Sanchez,harveyrobert@example.net,2024-10-16,France,Oregon,Finance,social
CUST003936,Mariah Griffin,kevin94@example.net,10/19/2024,AUS,Wisconsin,,E-mail
CUST005098,Shelley Tran ,,2023-08-14,USA,Louisiana,Real Estate,Facebook Ads
CUST005814,Stephanie Horton,ricky76@example.com,10/16/2024,brazil,Arkansas,Finance,Affliate
CUST000373,Judy Adkins,wagnerdana@example.com,2025-12-26,germany,California,Media,  Display Ads  
CUST008850,Angel Gonzales,samuel03@example.org,2025-10-14, India,Arizona,Manufacturing,ORGANIC
CUST003743,Susan Williams,humphreydonna@example.org,05 Nov 2023,FR,Idaho,Finance,EMAIL
CUST006317,Ashley Rosario,jenniferguerra@example.net,2024-05-05,Germany,Maine,Real Estate,Organic Search
CUST009279,Jessica Wolfe,thomas51@example.net,24-09-2024,United Kingdom,Alabama,Media,Email
CUST003099,Jonathan Lamb,martinfranklin@example.com,2024-08-06,USA,Arkansas,Hospitality,AFFILIATE
CUST004605,Jeffery Doyle,bwilson@example.com,03-11-2025,U.S.A,Rhode Island,Logistics,Email
CUST002249,Kimberly Grant,kennedywanda@example.net,2025-08-27,singapore,Tennessee,,  ORGANIC  
CUST008107,Raymond Williams,justinbolton@example.org,2026-02-22,U.K.,Indiana,,affiliate
CUST000861,Melissa Rodriguez,pwells@example.com,2025-06-21,USA,Georgia,Logistics,Referal
CUST005704,Jason Porter,carrieharris@example.com,31 Aug 2025,INDIA,North Dakota,,organic
CUST001535,Samuel Edwards,nicholas72@example.net,09 May 2024,  Germany  ,New Mexico,Healthcare,affiliate
CUST007310,Heather Contreras,zsantana@example.org,12/09/2024,Singapore,,Retail,SOCIAL
CUST002593,Anthony Good,katherinecarter@example.org,14-11-2023,India,Idaho,Media,E-mail
CUST002205,Gabrielle Roberts ,,2024-01-26, India,Minnesota,Media,email
CUST000490,Rebecca Roberts,housepaul@example.net,2025-07-10,Singapore,,Hospitality,AFFILIATE
CUST000134,Patrick Moore,fpena@example.net,2025-05-10,australia,Nebraska,Media,Organic Search
CUST002109,  Colleen Morton  ,john09@example.com,2024-02-03,U.A.E,Kentucky,Manufacturing,E-mail
CUST008883,Sheena West,ebonyhenderson@example.org,08-05-2023,Brazil,North Carolina,Education,AFFILIATE
CUST004312,Jacqueline Jones,jlevy@example.com,2023-08-12,germany,,Hospitality,Display Ads
CUST008074,Timothy Brown,lorithomas@example.net,2025-01-23,canada,,,Display Ads
CUST002149,Allison Cunningham,michaelvillarreal@example.net,2025-11-27,US,,Education,Organic Search
CUST003604,Patrick Daniel,cheryl41@example.net,09/24/2024,United states,Virginia,Media,Organic Search
CUST007757,Abigail Russell,mary76@example.com,07/16/2026,FR,New Hampshire,,Affiliate
CUST005785,Daniel Garcia,candice86@example.org,07/10/2023,U.K.,Florida,Hospitality,Affiliate
CUST004885,Barbara Reese,melissa39@example.org,2024-08-23,Germany,Maryland,Technology,DISPLAY
CUST006665,Courtney Fitzgerald,udoyle@example.net,10-02-2023,Australia,California,Education,Organic
CUST000364,April Trevino,sanchezthomas@example.com,2023-03-05,germany,Georgia,Finance,Banner
CUST004892,William Fisher,michael02@example.net,14-04-2023,United States,Missouri,Healthcare,display
CUST006973,Jonathan Adams,josemcdonald@example.net,21 Mar 2023,Australia,Alaska,Media,  E-mail  
CUST009821,Lisa Hunt,carlroberts@example.com,,U.A.E,Illinois,Hospitality,ORGANIC
CUST009469,Brandon Moore,katherine21@example.org,22-03-2026,Singapore,Ohio,Real Estate,social media
CUST006689,Sara Pierce,sextonmargaret@example.org,2024-09-02,england,Connecticut,Retail,Email Marketing
CUST005036,Casey Faulkner,,2024-01-17,CA ,Mississippi,Healthcare,email
CUST002490,Sergio Andrews,taylorshane@example.com,06/02/2025,Australia,South Carolina,Retail,social
CUST008840,Colleen Gonzalez,brandyfrench@example.org,06 Jul 2024,  canada  ,,Technology,Email
CUST001004,Ashley Boyle,stephen55@example.net,2026-07-08,CA ,Hawaii,Real Estate,organic
CUST002525,Robert Duncan,jordanboone@example.net,2026-03-19,AUS,Indiana,Media,SOCIAL
CUST007191,Deborah Wright,michaelmitchell@example.com,2026-04-09,australia,Oregon,Finance,social
CUST008146,Joshua Graham,joseph59@example.org,2025-12-13,France,Louisiana,Technology,PAID SEARCH
CUST001920,Travis Chapman ,,31 Dec 2024,FR,Montana,Real Estate,Organic
CUST009365,Robert Wade,stewartkiara@example.net,2023-12-08,Germany,Montana,Retail,  organic  
CUST008676,Desiree Cunningham,xbright@example.org,21-06-2024,FR,New Hampshire,Retail,Organic
CUST007896,Kristin Brock,pjohnson@example.com,14-09-2023,FR,Colorado,,Email Marketing
CUST007171,Gary Ortega,julie48@example.com,12-03-2023,france,California,Media,Paid-Search
CUST004963,Stephen Jimenez,valerie05@example.org,2025-10-10,U.K.,Delaware,,Referal
CUST003330,Samantha Jones,lucasflores@example.com,2026-06-06,SG,Idaho,Logistics,SEO
CUST008435,William Brown,sotoantonio@example.org,2023-01-08,  U.A.E  ,New Mexico,Hospitality,Display
CUST007342,Diane Nunez,obriennicole@example.com,2023-01-01,  canada  ,Colorado,Manufacturing,AFFILIATE
CUST009790,Kayla Cox,scott39@example.net,2023-02-28,Australia,,Healthcare,Banner
CUST006082,Emily Caldwell,williamstammy@example.com,2024-08-31,United Kingdom,Texas,Education,Organic Search
CUST009395,Donald Arroyo PhD,ashleycummings@example.net,2023-08-07,DE,Washington,Healthcare,Affiliate
CUST004835,Michaela Case,stephaniewashington@example.org,2025-09-15,FR,Arkansas,Retail,SEO
CUST008132,Kathryn Jones ,,03/08/2025,U.K.,New Jersey,,social media
CUST001020,David Matthews,dsharp@example.com,2025-01-25,AUS,Colorado,Education,display
CUST001226,Donald Johnson,stacythomas@example.org,2023-07-07,BR,Massachusetts,,SEO
CUST003373,  Jason Ross  ,,2025-10-01,U.A.E,Michigan,Media,E-mail
CUST004933,Elizabeth Murray,uadams@example.com,2025-10-15,France,West Virginia,,referral
CUST008645,Kimberly Guerrero ,,2025-04-01,Australia,,Logistics,ORGANIC
CUST009937,Laura Baker,alexander01@example.org,2023-09-08,France,Wyoming,Logistics,EMAIL
CUST004465,Kathleen Taylor,dferrell@example.com,2026-04-16,Brazil,Maryland,,display
CUST003285,Samantha Williams,jeffrios@example.net,01-08-2025,CA ,Wisconsin,Manufacturing,Social
CUST004364,Eduardo Colon,qbrown@example.net,2024-04-04,USA,Oklahoma,Healthcare,  Instagram  
CUST002493,  John Hubbard  ,thenderson@example.org,2025-11-06, India,Wisconsin,Retail,PAID SEARCH
CUST009712,Cynthia Walsh,shelbysmith@example.org,2024-11-16,CA ,Vermont,Real Estate,Display
CUST007202,Thomas Carter,osmith@example.com,2025-08-12,India,Oklahoma,Technology,Affliate
CUST009226,Casey Young,frenchjasmine@example.org,2024-01-13,DE,North Carolina,Technology,Affliate
CUST001713,Nathan Davis,omoody@example.org,2025-08-25,Australia,Arkansas,Healthcare,Banner
CUST007329,David Gutierrez,mark56@example.com,2026-02-06,United Kingdom,Iowa,Real Estate,Email Marketing
CUST006430,Tiffany Ayala,omeyers@example.org,30-09-2023,australia,Kansas,Manufacturing,email
CUST008488,JAMES CRAWFORD,deborahhernandez@example.com,,SG,Hawaii,Finance,Email
CUST007785,Franklin Allen,nicholas08@example.net,2025-03-23,Singapore,North Dakota,Retail,REFERRAL
CUST001849,Carol Hodge,lindaclark@example.net,27-09-2024,brazil,Mississippi,Technology,Affiliate
CUST004722,Patricia Smith,jonesbethany@example.org,10 Oct 2024,AUS,Arizona,Healthcare,Instagram
CUST008690,Sarah Martin,kimberlywilson@example.com,11-05-2024,United Arab Emirates,,Media,E-mail
CUST000485,Mallory Page,anna99@example.net,2026-04-07,germany,Virginia,Technology,Organic
CUST001521,Micheal Gonzalez,kellykline@example.org,2023-07-21,France,,,Affiliate
CUST008375,Dr. Lydia Hampton MD,oryan@example.net,2024-03-02,brazil,Vermont,Logistics,paid search
CUST005067,  Katie Morales  ,michael47@example.net,29 Dec 2023,France,Arkansas,,Instagram
CUST000685,Gerald Webb,kimberly21@example.net,2025-02-25,UAE,,Healthcare,PPC
CUST001769,Christina Adams,sylvia33@example.net,07/16/2024,india,New Hampshire,Media,SOCIAL
CUST006181,Jonathan Baker,brianjones@example.net,12-01-2023,DE,Minnesota,Education,Affliate
CUST005277,Lori Clay,rhill@example.org,12/07/2025,U.A.E,New Mexico,Media,Banner
CUST002051,Jennifer Hurley,rachelholmes@example.org,03/22/2026,canada,Alabama,Manufacturing,organic
CUST000755,Christopher Hobbs,,07/25/2023,U.K.,Virginia,Real Estate,email
CUST003362,Douglas Fuller,richard96@example.net,2025-01-05,AUS,West Virginia,Technology,affiliate
CUST003633,  Diana Kim  ,redwards@example.com,2026-05-17,BR,,Finance,Organic
CUST001439,Jacqueline Santos,kellycohen@example.net,2024-11-25,Brazil,Virginia,Real Estate,Display Ads
CUST001446,Robert Matthews,xrivera@example.net,2023-03-20,U.A.E,Rhode Island,Hospitality,Affliate
CUST004238,Alexandra Levy,scott12@example.com,2025-01-25,france,Virginia,Hospitality,Referral
CUST007392,Elizabeth Hughes,shelbyfletcher@example.com,2023-08-21,england,New York,Logistics,referral
CUST009057,Lisa Hahn,htaylor@example.com,2023-02-05,  UK  ,Alaska,Healthcare,SEO
CUST002232,Brandon Daniel,lpage@example.com,2024-05-30,IN,Florida,Manufacturing,Instagram
CUST008012,William Underwood,jamesdickson@example.com,2025-09-11,IN,,Healthcare,social media
CUST005107,Stephen Allen,shermanalexander@example.com,2025-11-12,USA,Ohio,,Display
CUST003745,Michael Jones,adrianmcneil@example.com,2025-03-04,Canada,Louisiana,Logistics,Banner
CUST006656,Richard Vazquez,jeffreyfreeman@example.net,07/31/2026,BR,,Real Estate,Partner
CUST002780,Katie Murphy,erica06@example.com,21-06-2023,Australia,Wisconsin,Logistics,Banner
CUST003045,Courtney Murphy,johnsonstephanie@example.org,15-06-2024,France,Hawaii,Media,E-mail
CUST008061,Kathryn Phillips,lisachase@example.net,22-08-2023,singapore,Ohio,Manufacturing,Referral
CUST008022,Natalie Castro,stevenhale@example.com,26 Nov 2025, India,Indiana,Finance,DISPLAY
CUST002162,Kaylee Garza,brandi19@example.com,2024-02-16,Singapore,Alabama,Technology,E-mail
CUST000546,Jordan Hartman,martintamara@example.org,12-09-2025,U.S.A,Colorado,Retail,Organic Search
CUST009982,David Hutchinson,woodtodd@example.net,2025-07-05,brazil,New Mexico,Education,EMAIL
CUST001497,Kim Foster ,,,India,Georgia,Logistics,Display
CUST002233,Sandra Wong,pmartin@example.org,2023-04-23,australia,Oregon,Media,DISPLAY
CUST001397,Lauren Anthony,ymitchell@example.com,01-07-2026,Germany,,Logistics,social
CUST008467,Lauren Hayes,scottclaire@example.net,03-12-2023,france,Utah,Healthcare,AFFILIATE
CUST008897,Janet Foster,daniellozano@example.com,16-09-2025,SG,New Mexico,Retail,social media
CUST001025,Chelsea Rodriguez,tfowler@example.org,2023-07-15,SG,,Retail,Affliate
CUST005687,Karen Clayton,awilson@example.com,2023-11-15,singapore,Wisconsin,Manufacturing,Affliate
CUST008056,Christopher Rodriguez,julieray@example.org,2023-09-01,Singapore,California,Real Estate,Email Marketing
CUST005661,Stephanie Miller,aperry@example.com,15 Oct 2023,UAE,New Mexico,Education,Display
CUST005839,Francisco Jefferson,donaldrussell@example.org,2025-07-25,Australia,,Education,referral
CUST000384,Jeffery Gomez,joshuagriffin@example.org,2025-12-07,SG,Arizona,,Partner
CUST005526,Jennifer Coleman,carol79@example.org,2026-08-01,france,Oregon,Real Estate,PAID SEARCH
CUST007189,Amanda Cantrell,kwalters@example.org,2023-08-04,AUS,Hawaii,Media,Display
CUST005926,Amy Romero,vgriffin@example.com,2024-07-22,CA ,Alabama,Retail,Paid-Search
CUST004273,Melissa Jones,troy09@example.org,2023-08-25,  US  ,New Jersey,Finance,Referral
CUST006524,Tammy Williams,philip09@example.net,2023-04-02,Australia,Maryland,Education,referral
CUST007714,James Brown,trevor39@example.org,2024-06-15,france,,Logistics,social
CUST004927,Karen Baker,tlong@example.com,02-06-2026,BR,Rhode Island,,DISPLAY
CUST009835,Melissa Wells,george20@example.com,10/09/2023,france,Colorado,Manufacturing,Instagram
CUST006558,Debbie Edwards,keithwood@example.org,25-04-2025,canada,,Retail,Social
CUST004719,Christopher Lewis,taylorbrittany@example.org,10/24/2025,france,,Retail,Affliate
CUST007017,Melanie Pitts,averyrichard@example.net,30-05-2023,INDIA,North Carolina,,Organic Search
CUST007750,Stephen Richards,martinronald@example.net,2026-03-30,United Arab Emirates,Oklahoma,Media,Organic
CUST000859,Emily Collier,vshaffer@example.org,2023-05-19,germany,Nevada,Finance,  Referal  
CUST004020,Edward Gomez,idavis@example.org,2023-01-07,SG,Mississippi,Real Estate,E-mail
CUST008128,Jared May,harrisadam@example.org,2026-06-05,CA ,Massachusetts,Education,  Partner  
CUST002307,Sonya Salinas,stephengomez@example.org,2024-01-18,  United Kingdom  ,California,Real Estate,Affliate
CUST009027,Robert Mckinney,leonard42@example.net,2023-04-03,Singapore,South Dakota,Media,email
CUST002711,Angie Jacobson,shortjeffrey@example.net,2023-09-10,germany,Arkansas,Real Estate,Instagram
CUST001499,Amanda Nguyen,thomastiffany@example.net,2026-01-23,Singapore,Connecticut,Education,Email Marketing
CUST003611,Amanda Williams,kathy61@example.org,2024-01-04,france,Washington,Technology,EMAIL
CUST003577,Amber Shaffer,sarah04@example.org,2024-04-13,Australia,,Finance,Organic
CUST006543,Charles Foster,xherrera@example.com,2023-02-12,UK,Massachusetts,Media,E-mail
CUST001448,Robert Thomas,thomassmith@example.org,15-04-2025,UK,Arkansas,Media,E-mail
CUST007062,John Powell,jerrynorman@example.net,2026-03-08,United Kingdom,Pennsylvania,Retail,Social
CUST007819,Samantha Baker,jeffrey45@example.com,12/17/2023,Singapore,Maryland,Retail,Affliate
CUST001706,WILLIAM WEBER,turnerjames@example.com,2024-05-18,UK,Missouri,Media,ORGANIC
CUST007162,Erica Anderson,matthewwright@example.net,01/06/2026,singapore,Delaware,Healthcare,Organic
CUST002708,Jessica Allen,fernandezsusan@example.org,02/20/2023,AUS,,Education,PAID SEARCH
CUST008982,Abigail Banks,nguyenkimberly@example.org,11/01/2024,brazil,Connecticut,Education,Facebook Ads
CUST006401,Andrew Bryant,steven86@example.com,2026-01-22,AUS,,Retail,Affiliate
CUST009161,Melanie Page,mendezjohn@example.net,01/25/2024,Germany,,Technology,Organic
CUST009860,Amanda Wilson,beasleyjimmy@example.org,06/17/2024,brazil,Wyoming,,Google Ads
CUST001689,Brian Pearson,rebecca96@example.org,2025-11-11,Singapore,Illinois,Finance,Facebook Ads
CUST005995,Krystal Wood,simsjimmy@example.net,2026-05-26,Germany,,Media,Paid Search
